2025-11-25 15:13:26.262 +08:00 [arswebapiservice001] [Information] SkyApm.InstrumentStartup : Initializing ...
2025-11-25 15:13:26.301 +08:00 [arswebapiservice001] [Information] SkyApm.Service.RegisterService : Loaded instrument service [SkyApm.Service.RegisterService].
2025-11-25 15:13:26.301 +08:00 [arswebapiservice001] [Information] SkyApm.Service.LogReportService : Loaded instrument service [SkyApm.Service.LogReportService].
2025-11-25 15:13:26.301 +08:00 [arswebapiservice001] [Information] SkyApm.Service.PingService : Loaded instrument service [SkyApm.Service.PingService].
2025-11-25 15:13:26.301 +08:00 [arswebapiservice001] [Information] SkyApm.Service.SegmentReportService : Loaded instrument service [SkyApm.Service.SegmentReportService].
2025-11-25 15:13:26.303 +08:00 [arswebapiservice001] [Information] SkyApm.Service.CLRStatsService : Loaded instrument service [SkyApm.Service.CLRStatsService].
2025-11-25 15:13:26.303 +08:00 [arswebapiservice001] [Information] SkyApm.Sampling.SimpleCountSamplingInterceptor : Loaded instrument service [SkyApm.Sampling.SimpleCountSamplingInterceptor].
2025-11-25 15:13:26.303 +08:00 [arswebapiservice001] [Information] SkyApm.Transport.Grpc.ConnectService : Loaded instrument service [SkyApm.Transport.Grpc.ConnectService].
2025-11-25 15:13:26.336 +08:00 [arswebapiservice001] [Information] SkyApm.Transport.Grpc.ConnectionManager : Connected server[172.20.64.1:11800].
2025-11-25 15:13:26.341 +08:00 [arswebapiservice001] [Information] SkyApm.Diagnostics.TracingDiagnosticProcessorObserver : Loaded diagnostic listener [HttpHandlerDiagnosticListener].
2025-11-25 15:13:26.341 +08:00 [arswebapiservice001] [Information] SkyApm.InstrumentStartup : Started SkyAPM .NET Core Agent.
2025-11-25 15:13:26.647 +08:00 [arswebapiservice001] [Information] SkyApm.Diagnostics.TracingDiagnosticProcessorObserver : Loaded diagnostic listener [Microsoft.EntityFrameworkCore].
2025-11-25 15:13:26.894 +08:00 [arswebapiservice001] [Information] SkyApm.Diagnostics.TracingDiagnosticProcessorObserver : Loaded diagnostic listener [Grpc.Net.Client].
2025-11-25 15:13:27.015 +08:00 [arswebapiservice001] [Error] SkyApm.Transport.Grpc.V8.ServiceRegister : Report service instance properties fail.
Grpc.Core.RpcException: Status(StatusCode="Unavailable", Detail="Error connecting to subchannel.", DebugException="System.Net.Sockets.SocketException: 向一个无法连接的网络尝试了一个套接字操作。")
 ---> System.Net.Sockets.SocketException (10051): 向一个无法连接的网络尝试了一个套接字操作。
   at System.Net.Sockets.Socket.AwaitableSocketAsyncEventArgs.CreateException(SocketError error, Boolean forAsyncThrow)
   at System.Net.Sockets.Socket.AwaitableSocketAsyncEventArgs.ConnectAsync(Socket socket)
   at System.Net.Sockets.Socket.ConnectAsync(EndPoint remoteEP, CancellationToken cancellationToken)
   at Grpc.Net.Client.Balancer.Internal.SocketConnectivitySubchannelTransport.OnConnect(Socket socket, DnsEndPoint endpoint, CancellationToken cancellationToken)
   at Grpc.Net.Client.Balancer.Internal.SocketConnectivitySubchannelTransport.TryConnectAsync(ConnectContext context, Int32 attempt)
   at System.Runtime.CompilerServices.AsyncMethodBuilderCore.Start[TStateMachine](TStateMachine& stateMachine)
   at Grpc.Net.Client.Balancer.Internal.SocketConnectivitySubchannelTransport.TryConnectAsync(ConnectContext context, Int32 attempt)
   at Grpc.Net.Client.Balancer.Subchannel.ConnectTransportAsync()
   at System.Runtime.CompilerServices.AsyncMethodBuilderCore.Start[TStateMachine](TStateMachine& stateMachine)
   at Grpc.Net.Client.Balancer.Subchannel.ConnectTransportAsync()
   at System.Threading.Tasks.Task`1.InnerInvoke()
   at System.Threading.Tasks.Task.ExecuteWithThreadLocal(Task& currentTaskSlot, Thread threadPoolThread)
   at System.Threading.ThreadPoolWorkQueue.Dispatch()
   at System.Threading.PortableThreadPool.WorkerThread.WorkerThreadStart()
--- End of stack trace from previous location ---
   at Grpc.Net.Client.Balancer.Internal.SocketConnectivitySubchannelTransport.TryConnectAsync(ConnectContext context, Int32 attempt)
   --- End of inner exception stack trace ---
   at Grpc.Net.Client.Balancer.Internal.ConnectionManager.PickAsync(PickContext context, Boolean waitForReady, CancellationToken cancellationToken)
   at Grpc.Net.Client.Balancer.Internal.BalancerHttpHandler.SendAsync(HttpRequestMessage request, CancellationToken cancellationToken)
   at System.Net.Http.HttpMessageInvoker.<SendAsync>g__SendAsyncWithTelemetry|6_0(HttpMessageHandler handler, HttpRequestMessage request, CancellationToken cancellationToken)
   at Grpc.Net.Client.Internal.GrpcCall`2.RunCall(HttpRequestMessage request, Nullable`1 timeout)
   at Grpc.Net.Client.Internal.GrpcCall`2.GetResponseHeadersCoreAsync()
   at SkyApm.Transport.Grpc.V8.ServiceRegister.<>c__DisplayClass9_0.<<ReportInstancePropertiesAsync>b__0>d.MoveNext()
--- End of stack trace from previous location ---
   at SkyApm.Transport.Grpc.Common.Call.Execute[T](Func`1 task, Func`1 errCallback, Func`1 errMessage)
2025-11-25 15:13:27.016 +08:00 [arswebapiservice001] [Warning] SkyApm.Transport.Grpc.ConnectionManager : Connection state changed. Status(StatusCode="Unavailable", Detail="Error connecting to subchannel.", DebugException="System.Net.Sockets.SocketException: 向一个无法连接的网络尝试了一个套接字操作。")
2025-11-25 15:13:41.304 +08:00 [arswebapiservice001] [Information] SkyApm.Transport.Grpc.ConnectionManager : Shutdown connection[172.20.64.1:11800].
2025-11-25 15:13:41.305 +08:00 [arswebapiservice001] [Information] SkyApm.Transport.Grpc.ConnectionManager : Connected server[172.20.64.1:11800].
2025-11-25 15:13:54.913 +08:00 [arswebapiservice001] [Information] SkyApm.Diagnostics.TracingDiagnosticProcessorObserver : Loaded diagnostic listener [Ars.EFCoreOperationLog].
2025-11-25 15:13:56.316 +08:00 [arswebapiservice001] [Error] SkyApm.Transport.Grpc.V8.ServiceRegister : Report service instance properties fail.
Grpc.Core.RpcException: Status(StatusCode="Unavailable", Detail="Error connecting to subchannel.", DebugException="System.Net.Sockets.SocketException: 向一个无法连接的网络尝试了一个套接字操作。")
 ---> System.Net.Sockets.SocketException (10051): 向一个无法连接的网络尝试了一个套接字操作。
   at System.Net.Sockets.Socket.AwaitableSocketAsyncEventArgs.ThrowException(SocketError error, CancellationToken cancellationToken)
   at System.Net.Sockets.Socket.AwaitableSocketAsyncEventArgs.System.Threading.Tasks.Sources.IValueTaskSource.GetResult(Int16 token)
   at System.Net.Sockets.Socket.<ConnectAsync>g__WaitForConnectWithCancellation|285_0(AwaitableSocketAsyncEventArgs saea, ValueTask connectTask, CancellationToken cancellationToken)
   at Grpc.Net.Client.Balancer.Internal.SocketConnectivitySubchannelTransport.TryConnectAsync(ConnectContext context, Int32 attempt)
   --- End of inner exception stack trace ---
   at Grpc.Net.Client.Balancer.Internal.ConnectionManager.PickAsync(PickContext context, Boolean waitForReady, CancellationToken cancellationToken)
   at Grpc.Net.Client.Balancer.Internal.BalancerHttpHandler.SendAsync(HttpRequestMessage request, CancellationToken cancellationToken)
   at System.Net.Http.HttpMessageInvoker.<SendAsync>g__SendAsyncWithTelemetry|6_0(HttpMessageHandler handler, HttpRequestMessage request, CancellationToken cancellationToken)
   at Grpc.Net.Client.Internal.GrpcCall`2.RunCall(HttpRequestMessage request, Nullable`1 timeout)
   at Grpc.Net.Client.Internal.GrpcCall`2.GetResponseHeadersCoreAsync()
   at SkyApm.Transport.Grpc.V8.ServiceRegister.<>c__DisplayClass9_0.<<ReportInstancePropertiesAsync>b__0>d.MoveNext()
--- End of stack trace from previous location ---
   at SkyApm.Transport.Grpc.Common.Call.Execute[T](Func`1 task, Func`1 errCallback, Func`1 errMessage)
2025-11-25 15:13:56.316 +08:00 [arswebapiservice001] [Warning] SkyApm.Transport.Grpc.ConnectionManager : Connection state changed. Status(StatusCode="Unavailable", Detail="Error connecting to subchannel.", DebugException="System.Net.Sockets.SocketException: 向一个无法连接的网络尝试了一个套接字操作。")
2025-11-25 15:14:11.308 +08:00 [arswebapiservice001] [Information] SkyApm.Transport.Grpc.ConnectionManager : Shutdown connection[172.20.64.1:11800].
2025-11-25 15:14:11.309 +08:00 [arswebapiservice001] [Information] SkyApm.Transport.Grpc.ConnectionManager : Connected server[172.20.64.1:11800].
2025-11-25 15:14:26.306 +08:00 [arswebapiservice001] [Error] SkyApm.Transport.Grpc.V8.ServiceRegister : Report service instance properties fail.
Grpc.Core.RpcException: Status(StatusCode="Unavailable", Detail="Error connecting to subchannel.", DebugException="System.Net.Sockets.SocketException: 向一个无法连接的网络尝试了一个套接字操作。")
 ---> System.Net.Sockets.SocketException (10051): 向一个无法连接的网络尝试了一个套接字操作。
   at System.Net.Sockets.Socket.AwaitableSocketAsyncEventArgs.ThrowException(SocketError error, CancellationToken cancellationToken)
   at System.Net.Sockets.Socket.AwaitableSocketAsyncEventArgs.System.Threading.Tasks.Sources.IValueTaskSource.GetResult(Int16 token)
   at System.Net.Sockets.Socket.<ConnectAsync>g__WaitForConnectWithCancellation|285_0(AwaitableSocketAsyncEventArgs saea, ValueTask connectTask, CancellationToken cancellationToken)
   at Grpc.Net.Client.Balancer.Internal.SocketConnectivitySubchannelTransport.TryConnectAsync(ConnectContext context, Int32 attempt)
   --- End of inner exception stack trace ---
   at Grpc.Net.Client.Balancer.Internal.ConnectionManager.PickAsync(PickContext context, Boolean waitForReady, CancellationToken cancellationToken)
   at Grpc.Net.Client.Balancer.Internal.BalancerHttpHandler.SendAsync(HttpRequestMessage request, CancellationToken cancellationToken)
   at System.Net.Http.HttpMessageInvoker.<SendAsync>g__SendAsyncWithTelemetry|6_0(HttpMessageHandler handler, HttpRequestMessage request, CancellationToken cancellationToken)
   at Grpc.Net.Client.Internal.GrpcCall`2.RunCall(HttpRequestMessage request, Nullable`1 timeout)
   at Grpc.Net.Client.Internal.GrpcCall`2.GetResponseHeadersCoreAsync()
   at SkyApm.Transport.Grpc.V8.ServiceRegister.<>c__DisplayClass9_0.<<ReportInstancePropertiesAsync>b__0>d.MoveNext()
--- End of stack trace from previous location ---
   at SkyApm.Transport.Grpc.Common.Call.Execute[T](Func`1 task, Func`1 errCallback, Func`1 errMessage)
2025-11-25 15:14:26.306 +08:00 [arswebapiservice001] [Warning] SkyApm.Transport.Grpc.ConnectionManager : Connection state changed. Status(StatusCode="Unavailable", Detail="Error connecting to subchannel.", DebugException="System.Net.Sockets.SocketException: 向一个无法连接的网络尝试了一个套接字操作。")
2025-11-25 15:14:41.312 +08:00 [arswebapiservice001] [Information] SkyApm.Transport.Grpc.ConnectionManager : Shutdown connection[172.20.64.1:11800].
2025-11-25 15:14:41.312 +08:00 [arswebapiservice001] [Information] SkyApm.Transport.Grpc.ConnectionManager : Connected server[172.20.64.1:11800].
2025-11-25 15:14:56.323 +08:00 [arswebapiservice001] [Error] SkyApm.Transport.Grpc.V8.ServiceRegister : Report service instance properties fail.
Grpc.Core.RpcException: Status(StatusCode="Unavailable", Detail="Error connecting to subchannel.", DebugException="System.Net.Sockets.SocketException: 向一个无法连接的网络尝试了一个套接字操作。")
 ---> System.Net.Sockets.SocketException (10051): 向一个无法连接的网络尝试了一个套接字操作。
   at System.Net.Sockets.Socket.AwaitableSocketAsyncEventArgs.ThrowException(SocketError error, CancellationToken cancellationToken)
   at System.Net.Sockets.Socket.AwaitableSocketAsyncEventArgs.System.Threading.Tasks.Sources.IValueTaskSource.GetResult(Int16 token)
   at System.Net.Sockets.Socket.<ConnectAsync>g__WaitForConnectWithCancellation|285_0(AwaitableSocketAsyncEventArgs saea, ValueTask connectTask, CancellationToken cancellationToken)
   at Grpc.Net.Client.Balancer.Internal.SocketConnectivitySubchannelTransport.TryConnectAsync(ConnectContext context, Int32 attempt)
   --- End of inner exception stack trace ---
   at Grpc.Net.Client.Balancer.Internal.ConnectionManager.PickAsync(PickContext context, Boolean waitForReady, CancellationToken cancellationToken)
   at Grpc.Net.Client.Balancer.Internal.BalancerHttpHandler.SendAsync(HttpRequestMessage request, CancellationToken cancellationToken)
   at System.Net.Http.HttpMessageInvoker.<SendAsync>g__SendAsyncWithTelemetry|6_0(HttpMessageHandler handler, HttpRequestMessage request, CancellationToken cancellationToken)
   at Grpc.Net.Client.Internal.GrpcCall`2.RunCall(HttpRequestMessage request, Nullable`1 timeout)
   at Grpc.Net.Client.Internal.GrpcCall`2.GetResponseHeadersCoreAsync()
   at SkyApm.Transport.Grpc.V8.ServiceRegister.<>c__DisplayClass9_0.<<ReportInstancePropertiesAsync>b__0>d.MoveNext()
--- End of stack trace from previous location ---
   at SkyApm.Transport.Grpc.Common.Call.Execute[T](Func`1 task, Func`1 errCallback, Func`1 errMessage)
2025-11-25 15:14:56.323 +08:00 [arswebapiservice001] [Warning] SkyApm.Transport.Grpc.ConnectionManager : Connection state changed. Status(StatusCode="Unavailable", Detail="Error connecting to subchannel.", DebugException="System.Net.Sockets.SocketException: 向一个无法连接的网络尝试了一个套接字操作。")
2025-11-25 15:40:36.820 +08:00 [arswebapiservice001] [Information] SkyApm.InstrumentStartup : Initializing ...
2025-11-25 15:40:36.856 +08:00 [arswebapiservice001] [Information] SkyApm.Service.RegisterService : Loaded instrument service [SkyApm.Service.RegisterService].
2025-11-25 15:40:36.856 +08:00 [arswebapiservice001] [Information] SkyApm.Service.LogReportService : Loaded instrument service [SkyApm.Service.LogReportService].
2025-11-25 15:40:36.856 +08:00 [arswebapiservice001] [Information] SkyApm.Service.PingService : Loaded instrument service [SkyApm.Service.PingService].
2025-11-25 15:40:36.857 +08:00 [arswebapiservice001] [Information] SkyApm.Service.SegmentReportService : Loaded instrument service [SkyApm.Service.SegmentReportService].
2025-11-25 15:40:36.857 +08:00 [arswebapiservice001] [Information] SkyApm.Service.CLRStatsService : Loaded instrument service [SkyApm.Service.CLRStatsService].
2025-11-25 15:40:36.857 +08:00 [arswebapiservice001] [Information] SkyApm.Sampling.SimpleCountSamplingInterceptor : Loaded instrument service [SkyApm.Sampling.SimpleCountSamplingInterceptor].
2025-11-25 15:40:36.857 +08:00 [arswebapiservice001] [Information] SkyApm.Transport.Grpc.ConnectService : Loaded instrument service [SkyApm.Transport.Grpc.ConnectService].
2025-11-25 15:40:36.887 +08:00 [arswebapiservice001] [Information] SkyApm.Transport.Grpc.ConnectionManager : Connected server[172.20.64.1:11800].
2025-11-25 15:40:36.895 +08:00 [arswebapiservice001] [Information] SkyApm.Diagnostics.TracingDiagnosticProcessorObserver : Loaded diagnostic listener [HttpHandlerDiagnosticListener].
2025-11-25 15:40:36.895 +08:00 [arswebapiservice001] [Information] SkyApm.InstrumentStartup : Started SkyAPM .NET Core Agent.
2025-11-25 15:40:37.118 +08:00 [arswebapiservice001] [Information] SkyApm.Diagnostics.TracingDiagnosticProcessorObserver : Loaded diagnostic listener [Microsoft.EntityFrameworkCore].
2025-11-25 15:40:37.410 +08:00 [arswebapiservice001] [Information] SkyApm.Diagnostics.TracingDiagnosticProcessorObserver : Loaded diagnostic listener [Grpc.Net.Client].
2025-11-25 15:40:37.497 +08:00 [arswebapiservice001] [Error] SkyApm.Transport.Grpc.V8.ServiceRegister : Report service instance properties fail.
Grpc.Core.RpcException: Status(StatusCode="Unavailable", Detail="Error connecting to subchannel.", DebugException="System.Net.Sockets.SocketException: 向一个无法连接的网络尝试了一个套接字操作。")
 ---> System.Net.Sockets.SocketException (10051): 向一个无法连接的网络尝试了一个套接字操作。
   at System.Net.Sockets.Socket.AwaitableSocketAsyncEventArgs.ThrowException(SocketError error, CancellationToken cancellationToken)
   at System.Net.Sockets.Socket.AwaitableSocketAsyncEventArgs.System.Threading.Tasks.Sources.IValueTaskSource.GetResult(Int16 token)
   at System.Net.Sockets.Socket.<ConnectAsync>g__WaitForConnectWithCancellation|285_0(AwaitableSocketAsyncEventArgs saea, ValueTask connectTask, CancellationToken cancellationToken)
   at Grpc.Net.Client.Balancer.Internal.SocketConnectivitySubchannelTransport.TryConnectAsync(ConnectContext context, Int32 attempt)
   --- End of inner exception stack trace ---
   at Grpc.Net.Client.Balancer.Internal.ConnectionManager.PickAsync(PickContext context, Boolean waitForReady, CancellationToken cancellationToken)
   at Grpc.Net.Client.Balancer.Internal.BalancerHttpHandler.SendAsync(HttpRequestMessage request, CancellationToken cancellationToken)
   at System.Net.Http.HttpMessageInvoker.<SendAsync>g__SendAsyncWithTelemetry|6_0(HttpMessageHandler handler, HttpRequestMessage request, CancellationToken cancellationToken)
   at Grpc.Net.Client.Internal.GrpcCall`2.RunCall(HttpRequestMessage request, Nullable`1 timeout)
   at Grpc.Net.Client.Internal.GrpcCall`2.GetResponseHeadersCoreAsync()
   at SkyApm.Transport.Grpc.V8.ServiceRegister.<>c__DisplayClass9_0.<<ReportInstancePropertiesAsync>b__0>d.MoveNext()
--- End of stack trace from previous location ---
   at SkyApm.Transport.Grpc.Common.Call.Execute[T](Func`1 task, Func`1 errCallback, Func`1 errMessage)
2025-11-25 15:40:37.498 +08:00 [arswebapiservice001] [Warning] SkyApm.Transport.Grpc.ConnectionManager : Connection state changed. Status(StatusCode="Unavailable", Detail="Error connecting to subchannel.", DebugException="System.Net.Sockets.SocketException: 向一个无法连接的网络尝试了一个套接字操作。")
2025-11-25 15:40:51.861 +08:00 [arswebapiservice001] [Information] SkyApm.Transport.Grpc.ConnectionManager : Shutdown connection[172.20.64.1:11800].
2025-11-25 15:40:51.861 +08:00 [arswebapiservice001] [Information] SkyApm.Transport.Grpc.ConnectionManager : Connected server[172.20.64.1:11800].
2025-11-25 15:41:06.873 +08:00 [arswebapiservice001] [Error] SkyApm.Transport.Grpc.V8.ServiceRegister : Report service instance properties fail.
Grpc.Core.RpcException: Status(StatusCode="Unavailable", Detail="Error connecting to subchannel.", DebugException="System.Net.Sockets.SocketException: 向一个无法连接的网络尝试了一个套接字操作。")
 ---> System.Net.Sockets.SocketException (10051): 向一个无法连接的网络尝试了一个套接字操作。
   at System.Net.Sockets.Socket.AwaitableSocketAsyncEventArgs.ThrowException(SocketError error, CancellationToken cancellationToken)
   at System.Net.Sockets.Socket.AwaitableSocketAsyncEventArgs.System.Threading.Tasks.Sources.IValueTaskSource.GetResult(Int16 token)
   at System.Net.Sockets.Socket.<ConnectAsync>g__WaitForConnectWithCancellation|285_0(AwaitableSocketAsyncEventArgs saea, ValueTask connectTask, CancellationToken cancellationToken)
   at Grpc.Net.Client.Balancer.Internal.SocketConnectivitySubchannelTransport.TryConnectAsync(ConnectContext context, Int32 attempt)
   --- End of inner exception stack trace ---
   at Grpc.Net.Client.Balancer.Internal.ConnectionManager.PickAsync(PickContext context, Boolean waitForReady, CancellationToken cancellationToken)
   at Grpc.Net.Client.Balancer.Internal.BalancerHttpHandler.SendAsync(HttpRequestMessage request, CancellationToken cancellationToken)
   at System.Net.Http.HttpMessageInvoker.<SendAsync>g__SendAsyncWithTelemetry|6_0(HttpMessageHandler handler, HttpRequestMessage request, CancellationToken cancellationToken)
   at Grpc.Net.Client.Internal.GrpcCall`2.RunCall(HttpRequestMessage request, Nullable`1 timeout)
   at Grpc.Net.Client.Internal.GrpcCall`2.GetResponseHeadersCoreAsync()
   at SkyApm.Transport.Grpc.V8.ServiceRegister.<>c__DisplayClass9_0.<<ReportInstancePropertiesAsync>b__0>d.MoveNext()
--- End of stack trace from previous location ---
   at SkyApm.Transport.Grpc.Common.Call.Execute[T](Func`1 task, Func`1 errCallback, Func`1 errMessage)
2025-11-25 15:41:06.874 +08:00 [arswebapiservice001] [Warning] SkyApm.Transport.Grpc.ConnectionManager : Connection state changed. Status(StatusCode="Unavailable", Detail="Error connecting to subchannel.", DebugException="System.Net.Sockets.SocketException: 向一个无法连接的网络尝试了一个套接字操作。")
2025-11-25 15:41:57.413 +08:00 [arswebapiservice001] [Information] SkyApm.Transport.Grpc.ConnectionManager : Shutdown connection[172.20.64.1:11800].
2025-11-25 15:41:57.415 +08:00 [arswebapiservice001] [Information] SkyApm.Transport.Grpc.ConnectionManager : Connected server[172.20.64.1:11800].
2025-11-25 15:42:37.205 +08:00 [arswebapiservice001] [Error] SkyApm.Transport.Grpc.V8.ServiceRegister : Report service instance properties fail.
Grpc.Core.RpcException: Status(StatusCode="Unavailable", Detail="Error connecting to subchannel.", DebugException="System.Net.Sockets.SocketException: 向一个无法连接的网络尝试了一个套接字操作。")
 ---> System.Net.Sockets.SocketException (10051): 向一个无法连接的网络尝试了一个套接字操作。
   at System.Net.Sockets.Socket.AwaitableSocketAsyncEventArgs.ThrowException(SocketError error, CancellationToken cancellationToken)
   at System.Net.Sockets.Socket.AwaitableSocketAsyncEventArgs.System.Threading.Tasks.Sources.IValueTaskSource.GetResult(Int16 token)
   at System.Net.Sockets.Socket.<ConnectAsync>g__WaitForConnectWithCancellation|285_0(AwaitableSocketAsyncEventArgs saea, ValueTask connectTask, CancellationToken cancellationToken)
   at Grpc.Net.Client.Balancer.Internal.SocketConnectivitySubchannelTransport.TryConnectAsync(ConnectContext context, Int32 attempt)
   --- End of inner exception stack trace ---
   at Grpc.Net.Client.Balancer.Internal.ConnectionManager.PickAsync(PickContext context, Boolean waitForReady, CancellationToken cancellationToken)
   at Grpc.Net.Client.Balancer.Internal.BalancerHttpHandler.SendAsync(HttpRequestMessage request, CancellationToken cancellationToken)
   at System.Net.Http.HttpMessageInvoker.<SendAsync>g__SendAsyncWithTelemetry|6_0(HttpMessageHandler handler, HttpRequestMessage request, CancellationToken cancellationToken)
   at Grpc.Net.Client.Internal.GrpcCall`2.RunCall(HttpRequestMessage request, Nullable`1 timeout)
   at Grpc.Net.Client.Internal.GrpcCall`2.GetResponseHeadersCoreAsync()
   at SkyApm.Transport.Grpc.V8.ServiceRegister.<>c__DisplayClass9_0.<<ReportInstancePropertiesAsync>b__0>d.MoveNext()
--- End of stack trace from previous location ---
   at SkyApm.Transport.Grpc.Common.Call.Execute[T](Func`1 task, Func`1 errCallback, Func`1 errMessage)
2025-11-25 15:42:37.205 +08:00 [arswebapiservice001] [Warning] SkyApm.Transport.Grpc.ConnectionManager : Connection state changed. Status(StatusCode="Unavailable", Detail="Error connecting to subchannel.", DebugException="System.Net.Sockets.SocketException: 向一个无法连接的网络尝试了一个套接字操作。")
2025-11-25 15:42:37.241 +08:00 [arswebapiservice001] [Error] SkyApm.Transport.Grpc.V8.ServiceRegister : Report service instance properties fail.
Grpc.Core.RpcException: Status(StatusCode="Unavailable", Detail="Error connecting to subchannel.", DebugException="System.Net.Sockets.SocketException: 向一个无法连接的网络尝试了一个套接字操作。")
 ---> System.Net.Sockets.SocketException (10051): 向一个无法连接的网络尝试了一个套接字操作。
   at System.Net.Sockets.Socket.AwaitableSocketAsyncEventArgs.ThrowException(SocketError error, CancellationToken cancellationToken)
   at System.Net.Sockets.Socket.AwaitableSocketAsyncEventArgs.System.Threading.Tasks.Sources.IValueTaskSource.GetResult(Int16 token)
   at System.Net.Sockets.Socket.<ConnectAsync>g__WaitForConnectWithCancellation|285_0(AwaitableSocketAsyncEventArgs saea, ValueTask connectTask, CancellationToken cancellationToken)
   at Grpc.Net.Client.Balancer.Internal.SocketConnectivitySubchannelTransport.TryConnectAsync(ConnectContext context, Int32 attempt)
   --- End of inner exception stack trace ---
   at Grpc.Net.Client.Balancer.Internal.ConnectionManager.PickAsync(PickContext context, Boolean waitForReady, CancellationToken cancellationToken)
   at Grpc.Net.Client.Balancer.Internal.BalancerHttpHandler.SendAsync(HttpRequestMessage request, CancellationToken cancellationToken)
   at System.Net.Http.HttpMessageInvoker.<SendAsync>g__SendAsyncWithTelemetry|6_0(HttpMessageHandler handler, HttpRequestMessage request, CancellationToken cancellationToken)
   at Grpc.Net.Client.Internal.GrpcCall`2.RunCall(HttpRequestMessage request, Nullable`1 timeout)
   at SkyApm.Transport.Grpc.V8.ServiceRegister.<>c__DisplayClass9_0.<<ReportInstancePropertiesAsync>b__0>d.MoveNext()
--- End of stack trace from previous location ---
   at SkyApm.Transport.Grpc.Common.Call.Execute[T](Func`1 task, Func`1 errCallback, Func`1 errMessage)
2025-11-25 15:42:58.530 +08:00 [arswebapiservice001] [Information] SkyApm.Transport.Grpc.ConnectionManager : Shutdown connection[172.20.64.1:11800].
2025-11-25 15:42:58.532 +08:00 [arswebapiservice001] [Information] SkyApm.Transport.Grpc.ConnectionManager : Connected server[172.20.64.1:11800].
2025-11-25 16:00:29.154 +08:00 [arswebapiservice001] [Information] SkyApm.InstrumentStartup : Initializing ...
2025-11-25 16:00:29.187 +08:00 [arswebapiservice001] [Information] SkyApm.Service.RegisterService : Loaded instrument service [SkyApm.Service.RegisterService].
2025-11-25 16:00:29.187 +08:00 [arswebapiservice001] [Information] SkyApm.Service.LogReportService : Loaded instrument service [SkyApm.Service.LogReportService].
2025-11-25 16:00:29.187 +08:00 [arswebapiservice001] [Information] SkyApm.Service.PingService : Loaded instrument service [SkyApm.Service.PingService].
2025-11-25 16:00:29.188 +08:00 [arswebapiservice001] [Information] SkyApm.Service.SegmentReportService : Loaded instrument service [SkyApm.Service.SegmentReportService].
2025-11-25 16:00:29.188 +08:00 [arswebapiservice001] [Information] SkyApm.Service.CLRStatsService : Loaded instrument service [SkyApm.Service.CLRStatsService].
2025-11-25 16:00:29.188 +08:00 [arswebapiservice001] [Information] SkyApm.Sampling.SimpleCountSamplingInterceptor : Loaded instrument service [SkyApm.Sampling.SimpleCountSamplingInterceptor].
2025-11-25 16:00:29.188 +08:00 [arswebapiservice001] [Information] SkyApm.Transport.Grpc.ConnectService : Loaded instrument service [SkyApm.Transport.Grpc.ConnectService].
2025-11-25 16:00:29.224 +08:00 [arswebapiservice001] [Information] SkyApm.Transport.Grpc.ConnectionManager : Connected server[172.20.64.1:11800].
2025-11-25 16:00:29.230 +08:00 [arswebapiservice001] [Information] SkyApm.Diagnostics.TracingDiagnosticProcessorObserver : Loaded diagnostic listener [HttpHandlerDiagnosticListener].
2025-11-25 16:00:29.230 +08:00 [arswebapiservice001] [Information] SkyApm.InstrumentStartup : Started SkyAPM .NET Core Agent.
2025-11-25 16:00:29.484 +08:00 [arswebapiservice001] [Information] SkyApm.Diagnostics.TracingDiagnosticProcessorObserver : Loaded diagnostic listener [Microsoft.EntityFrameworkCore].
2025-11-25 16:00:29.745 +08:00 [arswebapiservice001] [Information] SkyApm.Diagnostics.TracingDiagnosticProcessorObserver : Loaded diagnostic listener [Grpc.Net.Client].
2025-11-25 16:00:29.787 +08:00 [arswebapiservice001] [Error] SkyApm.Transport.Grpc.V8.ServiceRegister : Report service instance properties fail.
Grpc.Core.RpcException: Status(StatusCode="Unavailable", Detail="Error connecting to subchannel.", DebugException="System.Net.Sockets.SocketException: 向一个无法连接的网络尝试了一个套接字操作。")
 ---> System.Net.Sockets.SocketException (10051): 向一个无法连接的网络尝试了一个套接字操作。
   at System.Net.Sockets.Socket.AwaitableSocketAsyncEventArgs.ThrowException(SocketError error, CancellationToken cancellationToken)
   at System.Net.Sockets.Socket.AwaitableSocketAsyncEventArgs.System.Threading.Tasks.Sources.IValueTaskSource.GetResult(Int16 token)
   at System.Net.Sockets.Socket.<ConnectAsync>g__WaitForConnectWithCancellation|285_0(AwaitableSocketAsyncEventArgs saea, ValueTask connectTask, CancellationToken cancellationToken)
   at Grpc.Net.Client.Balancer.Internal.SocketConnectivitySubchannelTransport.TryConnectAsync(ConnectContext context, Int32 attempt)
   --- End of inner exception stack trace ---
   at Grpc.Net.Client.Balancer.Internal.ConnectionManager.PickAsync(PickContext context, Boolean waitForReady, CancellationToken cancellationToken)
   at Grpc.Net.Client.Balancer.Internal.BalancerHttpHandler.SendAsync(HttpRequestMessage request, CancellationToken cancellationToken)
   at System.Net.Http.HttpMessageInvoker.<SendAsync>g__SendAsyncWithTelemetry|6_0(HttpMessageHandler handler, HttpRequestMessage request, CancellationToken cancellationToken)
   at Grpc.Net.Client.Internal.GrpcCall`2.RunCall(HttpRequestMessage request, Nullable`1 timeout)
   at Grpc.Net.Client.Internal.GrpcCall`2.GetResponseHeadersCoreAsync()
   at SkyApm.Transport.Grpc.V8.ServiceRegister.<>c__DisplayClass9_0.<<ReportInstancePropertiesAsync>b__0>d.MoveNext()
--- End of stack trace from previous location ---
   at SkyApm.Transport.Grpc.Common.Call.Execute[T](Func`1 task, Func`1 errCallback, Func`1 errMessage)
2025-11-25 16:00:29.788 +08:00 [arswebapiservice001] [Warning] SkyApm.Transport.Grpc.ConnectionManager : Connection state changed. Status(StatusCode="Unavailable", Detail="Error connecting to subchannel.", DebugException="System.Net.Sockets.SocketException: 向一个无法连接的网络尝试了一个套接字操作。")
2025-11-25 16:00:49.760 +08:00 [arswebapiservice001] [Information] SkyApm.Transport.Grpc.ConnectionManager : Shutdown connection[172.20.64.1:11800].
2025-11-25 16:00:49.761 +08:00 [arswebapiservice001] [Information] SkyApm.Transport.Grpc.ConnectionManager : Connected server[172.20.64.1:11800].
2025-11-25 16:00:57.403 +08:00 [arswebapiservice001] [Information] SkyApm.Diagnostics.TracingDiagnosticProcessorObserver : Loaded diagnostic listener [Ars.EFCoreOperationLog].
2025-11-25 16:00:59.206 +08:00 [arswebapiservice001] [Error] SkyApm.Transport.Grpc.V8.ServiceRegister : Report service instance properties fail.
Grpc.Core.RpcException: Status(StatusCode="Unavailable", Detail="Error connecting to subchannel.", DebugException="System.Net.Sockets.SocketException: 向一个无法连接的网络尝试了一个套接字操作。")
 ---> System.Net.Sockets.SocketException (10051): 向一个无法连接的网络尝试了一个套接字操作。
   at System.Net.Sockets.Socket.AwaitableSocketAsyncEventArgs.ThrowException(SocketError error, CancellationToken cancellationToken)
   at System.Net.Sockets.Socket.AwaitableSocketAsyncEventArgs.System.Threading.Tasks.Sources.IValueTaskSource.GetResult(Int16 token)
   at System.Net.Sockets.Socket.<ConnectAsync>g__WaitForConnectWithCancellation|285_0(AwaitableSocketAsyncEventArgs saea, ValueTask connectTask, CancellationToken cancellationToken)
   at Grpc.Net.Client.Balancer.Internal.SocketConnectivitySubchannelTransport.TryConnectAsync(ConnectContext context, Int32 attempt)
   --- End of inner exception stack trace ---
   at Grpc.Net.Client.Balancer.Internal.ConnectionManager.PickAsync(PickContext context, Boolean waitForReady, CancellationToken cancellationToken)
   at Grpc.Net.Client.Balancer.Internal.BalancerHttpHandler.SendAsync(HttpRequestMessage request, CancellationToken cancellationToken)
   at System.Net.Http.HttpMessageInvoker.<SendAsync>g__SendAsyncWithTelemetry|6_0(HttpMessageHandler handler, HttpRequestMessage request, CancellationToken cancellationToken)
   at Grpc.Net.Client.Internal.GrpcCall`2.RunCall(HttpRequestMessage request, Nullable`1 timeout)
   at Grpc.Net.Client.Internal.GrpcCall`2.GetResponseHeadersCoreAsync()
   at SkyApm.Transport.Grpc.V8.ServiceRegister.<>c__DisplayClass9_0.<<ReportInstancePropertiesAsync>b__0>d.MoveNext()
--- End of stack trace from previous location ---
   at SkyApm.Transport.Grpc.Common.Call.Execute[T](Func`1 task, Func`1 errCallback, Func`1 errMessage)
2025-11-25 16:00:59.206 +08:00 [arswebapiservice001] [Warning] SkyApm.Transport.Grpc.ConnectionManager : Connection state changed. Status(StatusCode="Unavailable", Detail="Error connecting to subchannel.", DebugException="System.Net.Sockets.SocketException: 向一个无法连接的网络尝试了一个套接字操作。")
2025-11-25 16:30:55.937 +08:00 [arswebapiservice001] [Information] SkyApm.InstrumentStartup : Initializing ...
2025-11-25 16:30:55.971 +08:00 [arswebapiservice001] [Information] SkyApm.Service.RegisterService : Loaded instrument service [SkyApm.Service.RegisterService].
2025-11-25 16:30:55.971 +08:00 [arswebapiservice001] [Information] SkyApm.Service.LogReportService : Loaded instrument service [SkyApm.Service.LogReportService].
2025-11-25 16:30:55.971 +08:00 [arswebapiservice001] [Information] SkyApm.Service.PingService : Loaded instrument service [SkyApm.Service.PingService].
2025-11-25 16:30:55.971 +08:00 [arswebapiservice001] [Information] SkyApm.Service.SegmentReportService : Loaded instrument service [SkyApm.Service.SegmentReportService].
2025-11-25 16:30:55.971 +08:00 [arswebapiservice001] [Information] SkyApm.Service.CLRStatsService : Loaded instrument service [SkyApm.Service.CLRStatsService].
2025-11-25 16:30:55.971 +08:00 [arswebapiservice001] [Information] SkyApm.Sampling.SimpleCountSamplingInterceptor : Loaded instrument service [SkyApm.Sampling.SimpleCountSamplingInterceptor].
2025-11-25 16:30:55.971 +08:00 [arswebapiservice001] [Information] SkyApm.Transport.Grpc.ConnectService : Loaded instrument service [SkyApm.Transport.Grpc.ConnectService].
2025-11-25 16:30:56.003 +08:00 [arswebapiservice001] [Information] SkyApm.Transport.Grpc.ConnectionManager : Connected server[172.20.64.1:11800].
2025-11-25 16:30:56.007 +08:00 [arswebapiservice001] [Information] SkyApm.Diagnostics.TracingDiagnosticProcessorObserver : Loaded diagnostic listener [HttpHandlerDiagnosticListener].
2025-11-25 16:30:56.007 +08:00 [arswebapiservice001] [Information] SkyApm.InstrumentStartup : Started SkyAPM .NET Core Agent.
2025-11-25 16:30:56.182 +08:00 [arswebapiservice001] [Information] SkyApm.Diagnostics.TracingDiagnosticProcessorObserver : Loaded diagnostic listener [Microsoft.EntityFrameworkCore].
2025-11-25 16:30:56.534 +08:00 [arswebapiservice001] [Information] SkyApm.Diagnostics.TracingDiagnosticProcessorObserver : Loaded diagnostic listener [Grpc.Net.Client].
2025-11-25 16:30:56.579 +08:00 [arswebapiservice001] [Error] SkyApm.Transport.Grpc.V8.ServiceRegister : Report service instance properties fail.
Grpc.Core.RpcException: Status(StatusCode="Unavailable", Detail="Error connecting to subchannel.", DebugException="System.Net.Sockets.SocketException: 向一个无法连接的网络尝试了一个套接字操作。")
 ---> System.Net.Sockets.SocketException (10051): 向一个无法连接的网络尝试了一个套接字操作。
   at System.Net.Sockets.Socket.AwaitableSocketAsyncEventArgs.ThrowException(SocketError error, CancellationToken cancellationToken)
   at System.Net.Sockets.Socket.AwaitableSocketAsyncEventArgs.System.Threading.Tasks.Sources.IValueTaskSource.GetResult(Int16 token)
   at System.Net.Sockets.Socket.<ConnectAsync>g__WaitForConnectWithCancellation|285_0(AwaitableSocketAsyncEventArgs saea, ValueTask connectTask, CancellationToken cancellationToken)
   at Grpc.Net.Client.Balancer.Internal.SocketConnectivitySubchannelTransport.TryConnectAsync(ConnectContext context, Int32 attempt)
   --- End of inner exception stack trace ---
   at Grpc.Net.Client.Balancer.Internal.ConnectionManager.PickAsync(PickContext context, Boolean waitForReady, CancellationToken cancellationToken)
   at Grpc.Net.Client.Balancer.Internal.BalancerHttpHandler.SendAsync(HttpRequestMessage request, CancellationToken cancellationToken)
   at System.Net.Http.HttpMessageInvoker.<SendAsync>g__SendAsyncWithTelemetry|6_0(HttpMessageHandler handler, HttpRequestMessage request, CancellationToken cancellationToken)
   at Grpc.Net.Client.Internal.GrpcCall`2.RunCall(HttpRequestMessage request, Nullable`1 timeout)
   at Grpc.Net.Client.Internal.GrpcCall`2.GetResponseHeadersCoreAsync()
   at SkyApm.Transport.Grpc.V8.ServiceRegister.<>c__DisplayClass9_0.<<ReportInstancePropertiesAsync>b__0>d.MoveNext()
--- End of stack trace from previous location ---
   at SkyApm.Transport.Grpc.Common.Call.Execute[T](Func`1 task, Func`1 errCallback, Func`1 errMessage)
2025-11-25 16:30:56.580 +08:00 [arswebapiservice001] [Warning] SkyApm.Transport.Grpc.ConnectionManager : Connection state changed. Status(StatusCode="Unavailable", Detail="Error connecting to subchannel.", DebugException="System.Net.Sockets.SocketException: 向一个无法连接的网络尝试了一个套接字操作。")
2025-11-25 16:31:10.971 +08:00 [arswebapiservice001] [Information] SkyApm.Transport.Grpc.ConnectionManager : Shutdown connection[172.20.64.1:11800].
2025-11-25 16:31:10.971 +08:00 [arswebapiservice001] [Information] SkyApm.Transport.Grpc.ConnectionManager : Connected server[172.20.64.1:11800].
2025-11-25 16:31:25.977 +08:00 [arswebapiservice001] [Error] SkyApm.Transport.Grpc.V8.ServiceRegister : Report service instance properties fail.
Grpc.Core.RpcException: Status(StatusCode="Unavailable", Detail="Error connecting to subchannel.", DebugException="System.Net.Sockets.SocketException: 向一个无法连接的网络尝试了一个套接字操作。")
 ---> System.Net.Sockets.SocketException (10051): 向一个无法连接的网络尝试了一个套接字操作。
   at System.Net.Sockets.Socket.AwaitableSocketAsyncEventArgs.ThrowException(SocketError error, CancellationToken cancellationToken)
   at System.Net.Sockets.Socket.AwaitableSocketAsyncEventArgs.System.Threading.Tasks.Sources.IValueTaskSource.GetResult(Int16 token)
   at System.Net.Sockets.Socket.<ConnectAsync>g__WaitForConnectWithCancellation|285_0(AwaitableSocketAsyncEventArgs saea, ValueTask connectTask, CancellationToken cancellationToken)
   at Grpc.Net.Client.Balancer.Internal.SocketConnectivitySubchannelTransport.TryConnectAsync(ConnectContext context, Int32 attempt)
   --- End of inner exception stack trace ---
   at Grpc.Net.Client.Balancer.Internal.ConnectionManager.PickAsync(PickContext context, Boolean waitForReady, CancellationToken cancellationToken)
   at Grpc.Net.Client.Balancer.Internal.BalancerHttpHandler.SendAsync(HttpRequestMessage request, CancellationToken cancellationToken)
   at System.Net.Http.HttpMessageInvoker.<SendAsync>g__SendAsyncWithTelemetry|6_0(HttpMessageHandler handler, HttpRequestMessage request, CancellationToken cancellationToken)
   at Grpc.Net.Client.Internal.GrpcCall`2.RunCall(HttpRequestMessage request, Nullable`1 timeout)
   at Grpc.Net.Client.Internal.GrpcCall`2.GetResponseHeadersCoreAsync()
   at SkyApm.Transport.Grpc.V8.ServiceRegister.<>c__DisplayClass9_0.<<ReportInstancePropertiesAsync>b__0>d.MoveNext()
--- End of stack trace from previous location ---
   at SkyApm.Transport.Grpc.Common.Call.Execute[T](Func`1 task, Func`1 errCallback, Func`1 errMessage)
2025-11-25 16:31:25.977 +08:00 [arswebapiservice001] [Warning] SkyApm.Transport.Grpc.ConnectionManager : Connection state changed. Status(StatusCode="Unavailable", Detail="Error connecting to subchannel.", DebugException="System.Net.Sockets.SocketException: 向一个无法连接的网络尝试了一个套接字操作。")
2025-11-25 16:31:40.968 +08:00 [arswebapiservice001] [Information] SkyApm.Transport.Grpc.ConnectionManager : Shutdown connection[172.20.64.1:11800].
2025-11-25 16:31:40.969 +08:00 [arswebapiservice001] [Information] SkyApm.Transport.Grpc.ConnectionManager : Connected server[172.20.64.1:11800].
2025-11-25 16:31:55.975 +08:00 [arswebapiservice001] [Error] SkyApm.Transport.Grpc.V8.ServiceRegister : Report service instance properties fail.
Grpc.Core.RpcException: Status(StatusCode="Unavailable", Detail="Error connecting to subchannel.", DebugException="System.Net.Sockets.SocketException: 向一个无法连接的网络尝试了一个套接字操作。")
 ---> System.Net.Sockets.SocketException (10051): 向一个无法连接的网络尝试了一个套接字操作。
   at System.Net.Sockets.Socket.AwaitableSocketAsyncEventArgs.ThrowException(SocketError error, CancellationToken cancellationToken)
   at System.Net.Sockets.Socket.AwaitableSocketAsyncEventArgs.System.Threading.Tasks.Sources.IValueTaskSource.GetResult(Int16 token)
   at System.Net.Sockets.Socket.<ConnectAsync>g__WaitForConnectWithCancellation|285_0(AwaitableSocketAsyncEventArgs saea, ValueTask connectTask, CancellationToken cancellationToken)
   at Grpc.Net.Client.Balancer.Internal.SocketConnectivitySubchannelTransport.TryConnectAsync(ConnectContext context, Int32 attempt)
   --- End of inner exception stack trace ---
   at Grpc.Net.Client.Balancer.Internal.ConnectionManager.PickAsync(PickContext context, Boolean waitForReady, CancellationToken cancellationToken)
   at Grpc.Net.Client.Balancer.Internal.BalancerHttpHandler.SendAsync(HttpRequestMessage request, CancellationToken cancellationToken)
   at System.Net.Http.HttpMessageInvoker.<SendAsync>g__SendAsyncWithTelemetry|6_0(HttpMessageHandler handler, HttpRequestMessage request, CancellationToken cancellationToken)
   at Grpc.Net.Client.Internal.GrpcCall`2.RunCall(HttpRequestMessage request, Nullable`1 timeout)
   at Grpc.Net.Client.Internal.GrpcCall`2.GetResponseHeadersCoreAsync()
   at SkyApm.Transport.Grpc.V8.ServiceRegister.<>c__DisplayClass9_0.<<ReportInstancePropertiesAsync>b__0>d.MoveNext()
--- End of stack trace from previous location ---
   at SkyApm.Transport.Grpc.Common.Call.Execute[T](Func`1 task, Func`1 errCallback, Func`1 errMessage)
2025-11-25 16:31:55.975 +08:00 [arswebapiservice001] [Warning] SkyApm.Transport.Grpc.ConnectionManager : Connection state changed. Status(StatusCode="Unavailable", Detail="Error connecting to subchannel.", DebugException="System.Net.Sockets.SocketException: 向一个无法连接的网络尝试了一个套接字操作。")
2025-11-25 16:32:10.964 +08:00 [arswebapiservice001] [Information] SkyApm.Transport.Grpc.ConnectionManager : Shutdown connection[172.20.64.1:11800].
2025-11-25 16:32:10.964 +08:00 [arswebapiservice001] [Information] SkyApm.Transport.Grpc.ConnectionManager : Connected server[172.20.64.1:11800].
2025-11-25 16:32:36.351 +08:00 [arswebapiservice001] [Error] SkyApm.Transport.Grpc.V8.ServiceRegister : Report service instance properties fail.
Grpc.Core.RpcException: Status(StatusCode="Unavailable", Detail="Error connecting to subchannel.", DebugException="System.Net.Sockets.SocketException: 向一个无法连接的网络尝试了一个套接字操作。")
 ---> System.Net.Sockets.SocketException (10051): 向一个无法连接的网络尝试了一个套接字操作。
   at System.Net.Sockets.Socket.AwaitableSocketAsyncEventArgs.CreateException(SocketError error, Boolean forAsyncThrow)
   at System.Net.Sockets.Socket.AwaitableSocketAsyncEventArgs.ConnectAsync(Socket socket)
   at System.Net.Sockets.Socket.ConnectAsync(EndPoint remoteEP, CancellationToken cancellationToken)
   at Grpc.Net.Client.Balancer.Internal.SocketConnectivitySubchannelTransport.OnConnect(Socket socket, DnsEndPoint endpoint, CancellationToken cancellationToken)
   at Grpc.Net.Client.Balancer.Internal.SocketConnectivitySubchannelTransport.TryConnectAsync(ConnectContext context, Int32 attempt)
   at System.Runtime.CompilerServices.AsyncMethodBuilderCore.Start[TStateMachine](TStateMachine& stateMachine)
   at Grpc.Net.Client.Balancer.Internal.SocketConnectivitySubchannelTransport.TryConnectAsync(ConnectContext context, Int32 attempt)
   at Grpc.Net.Client.Balancer.Subchannel.ConnectTransportAsync()
   at System.Runtime.CompilerServices.AsyncMethodBuilderCore.Start[TStateMachine](TStateMachine& stateMachine)
   at Grpc.Net.Client.Balancer.Subchannel.ConnectTransportAsync()
   at System.Threading.Tasks.Task`1.InnerInvoke()
   at System.Threading.Tasks.Task.ExecuteWithThreadLocal(Task& currentTaskSlot, Thread threadPoolThread)
   at System.Threading.ThreadPoolWorkQueue.Dispatch()
   at System.Threading.PortableThreadPool.WorkerThread.WorkerThreadStart()
--- End of stack trace from previous location ---
   at Grpc.Net.Client.Balancer.Internal.SocketConnectivitySubchannelTransport.TryConnectAsync(ConnectContext context, Int32 attempt)
   --- End of inner exception stack trace ---
   at Grpc.Net.Client.Balancer.Internal.ConnectionManager.PickAsync(PickContext context, Boolean waitForReady, CancellationToken cancellationToken)
   at Grpc.Net.Client.Balancer.Internal.BalancerHttpHandler.SendAsync(HttpRequestMessage request, CancellationToken cancellationToken)
   at System.Net.Http.HttpMessageInvoker.<SendAsync>g__SendAsyncWithTelemetry|6_0(HttpMessageHandler handler, HttpRequestMessage request, CancellationToken cancellationToken)
   at Grpc.Net.Client.Internal.GrpcCall`2.RunCall(HttpRequestMessage request, Nullable`1 timeout)
   at Grpc.Net.Client.Internal.GrpcCall`2.GetResponseHeadersCoreAsync()
   at SkyApm.Transport.Grpc.V8.ServiceRegister.<>c__DisplayClass9_0.<<ReportInstancePropertiesAsync>b__0>d.MoveNext()
--- End of stack trace from previous location ---
   at SkyApm.Transport.Grpc.Common.Call.Execute[T](Func`1 task, Func`1 errCallback, Func`1 errMessage)
2025-11-25 16:32:36.670 +08:00 [arswebapiservice001] [Warning] SkyApm.Transport.Grpc.ConnectionManager : Connection state changed. Status(StatusCode="Unavailable", Detail="Error connecting to subchannel.", DebugException="System.Net.Sockets.SocketException: 向一个无法连接的网络尝试了一个套接字操作。")
2025-11-25 16:32:42.507 +08:00 [arswebapiservice001] [Information] SkyApm.Transport.Grpc.ConnectionManager : Shutdown connection[172.20.64.1:11800].
2025-11-25 16:32:42.508 +08:00 [arswebapiservice001] [Information] SkyApm.Transport.Grpc.ConnectionManager : Connected server[172.20.64.1:11800].
2025-11-25 16:32:56.587 +08:00 [arswebapiservice001] [Error] SkyApm.Transport.Grpc.V8.ServiceRegister : Report service instance properties fail.
Grpc.Core.RpcException: Status(StatusCode="Unavailable", Detail="Error connecting to subchannel.", DebugException="System.Net.Sockets.SocketException: 向一个无法连接的网络尝试了一个套接字操作。")
 ---> System.Net.Sockets.SocketException (10051): 向一个无法连接的网络尝试了一个套接字操作。
   at System.Net.Sockets.Socket.AwaitableSocketAsyncEventArgs.ThrowException(SocketError error, CancellationToken cancellationToken)
   at System.Net.Sockets.Socket.AwaitableSocketAsyncEventArgs.System.Threading.Tasks.Sources.IValueTaskSource.GetResult(Int16 token)
   at System.Net.Sockets.Socket.<ConnectAsync>g__WaitForConnectWithCancellation|285_0(AwaitableSocketAsyncEventArgs saea, ValueTask connectTask, CancellationToken cancellationToken)
   at Grpc.Net.Client.Balancer.Internal.SocketConnectivitySubchannelTransport.TryConnectAsync(ConnectContext context, Int32 attempt)
   --- End of inner exception stack trace ---
   at Grpc.Net.Client.Balancer.Internal.ConnectionManager.PickAsync(PickContext context, Boolean waitForReady, CancellationToken cancellationToken)
   at Grpc.Net.Client.Balancer.Internal.BalancerHttpHandler.SendAsync(HttpRequestMessage request, CancellationToken cancellationToken)
   at System.Net.Http.HttpMessageInvoker.<SendAsync>g__SendAsyncWithTelemetry|6_0(HttpMessageHandler handler, HttpRequestMessage request, CancellationToken cancellationToken)
   at Grpc.Net.Client.Internal.GrpcCall`2.RunCall(HttpRequestMessage request, Nullable`1 timeout)
   at Grpc.Net.Client.Internal.GrpcCall`2.GetResponseHeadersCoreAsync()
   at SkyApm.Transport.Grpc.V8.ServiceRegister.<>c__DisplayClass9_0.<<ReportInstancePropertiesAsync>b__0>d.MoveNext()
--- End of stack trace from previous location ---
   at SkyApm.Transport.Grpc.Common.Call.Execute[T](Func`1 task, Func`1 errCallback, Func`1 errMessage)
2025-11-25 16:32:56.587 +08:00 [arswebapiservice001] [Warning] SkyApm.Transport.Grpc.ConnectionManager : Connection state changed. Status(StatusCode="Unavailable", Detail="Error connecting to subchannel.", DebugException="System.Net.Sockets.SocketException: 向一个无法连接的网络尝试了一个套接字操作。")
2025-11-25 16:33:21.553 +08:00 [arswebapiservice001] [Information] SkyApm.Transport.Grpc.ConnectionManager : Shutdown connection[172.20.64.1:11800].
2025-11-25 16:33:21.555 +08:00 [arswebapiservice001] [Information] SkyApm.Transport.Grpc.ConnectionManager : Connected server[172.20.64.1:11800].
2025-11-25 16:33:25.981 +08:00 [arswebapiservice001] [Error] SkyApm.Transport.Grpc.V8.ServiceRegister : Report service instance properties fail.
Grpc.Core.RpcException: Status(StatusCode="Unavailable", Detail="Error connecting to subchannel.", DebugException="System.Net.Sockets.SocketException: 向一个无法连接的网络尝试了一个套接字操作。")
 ---> System.Net.Sockets.SocketException (10051): 向一个无法连接的网络尝试了一个套接字操作。
   at System.Net.Sockets.Socket.AwaitableSocketAsyncEventArgs.System.Threading.Tasks.Sources.IValueTaskSource.GetResult(Int16 token)
   at System.Net.Sockets.Socket.<ConnectAsync>g__WaitForConnectWithCancellation|285_0(AwaitableSocketAsyncEventArgs saea, ValueTask connectTask, CancellationToken cancellationToken)
   at Grpc.Net.Client.Balancer.Internal.SocketConnectivitySubchannelTransport.TryConnectAsync(ConnectContext context, Int32 attempt)
   --- End of inner exception stack trace ---
   at Grpc.Net.Client.Balancer.Internal.ConnectionManager.PickAsync(PickContext context, Boolean waitForReady, CancellationToken cancellationToken)
   at Grpc.Net.Client.Balancer.Internal.BalancerHttpHandler.SendAsync(HttpRequestMessage request, CancellationToken cancellationToken)
   at System.Net.Http.HttpMessageInvoker.<SendAsync>g__SendAsyncWithTelemetry|6_0(HttpMessageHandler handler, HttpRequestMessage request, CancellationToken cancellationToken)
   at Grpc.Net.Client.Internal.GrpcCall`2.RunCall(HttpRequestMessage request, Nullable`1 timeout)
   at Grpc.Net.Client.Internal.GrpcCall`2.GetResponseHeadersCoreAsync()
   at SkyApm.Transport.Grpc.V8.ServiceRegister.<>c__DisplayClass9_0.<<ReportInstancePropertiesAsync>b__0>d.MoveNext()
--- End of stack trace from previous location ---
   at SkyApm.Transport.Grpc.Common.Call.Execute[T](Func`1 task, Func`1 errCallback, Func`1 errMessage)
2025-11-25 16:33:25.981 +08:00 [arswebapiservice001] [Warning] SkyApm.Transport.Grpc.ConnectionManager : Connection state changed. Status(StatusCode="Unavailable", Detail="Error connecting to subchannel.", DebugException="System.Net.Sockets.SocketException: 向一个无法连接的网络尝试了一个套接字操作。")
2025-11-25 16:33:40.974 +08:00 [arswebapiservice001] [Information] SkyApm.Transport.Grpc.ConnectionManager : Shutdown connection[172.20.64.1:11800].
2025-11-25 16:33:40.974 +08:00 [arswebapiservice001] [Information] SkyApm.Transport.Grpc.ConnectionManager : Connected server[172.20.64.1:11800].
2025-11-25 16:33:59.732 +08:00 [arswebapiservice001] [Error] SkyApm.Transport.Grpc.V8.ServiceRegister : Report service instance properties fail.
Grpc.Core.RpcException: Status(StatusCode="Unavailable", Detail="Error connecting to subchannel.", DebugException="System.Net.Sockets.SocketException: 向一个无法连接的网络尝试了一个套接字操作。")
 ---> System.Net.Sockets.SocketException (10051): 向一个无法连接的网络尝试了一个套接字操作。
   at System.Net.Sockets.Socket.AwaitableSocketAsyncEventArgs.System.Threading.Tasks.Sources.IValueTaskSource.GetResult(Int16 token)
   at System.Net.Sockets.Socket.<ConnectAsync>g__WaitForConnectWithCancellation|285_0(AwaitableSocketAsyncEventArgs saea, ValueTask connectTask, CancellationToken cancellationToken)
   at Grpc.Net.Client.Balancer.Internal.SocketConnectivitySubchannelTransport.TryConnectAsync(ConnectContext context, Int32 attempt)
   --- End of inner exception stack trace ---
   at Grpc.Net.Client.Balancer.Internal.ConnectionManager.PickAsync(PickContext context, Boolean waitForReady, CancellationToken cancellationToken)
   at Grpc.Net.Client.Balancer.Internal.BalancerHttpHandler.SendAsync(HttpRequestMessage request, CancellationToken cancellationToken)
   at System.Net.Http.HttpMessageInvoker.<SendAsync>g__SendAsyncWithTelemetry|6_0(HttpMessageHandler handler, HttpRequestMessage request, CancellationToken cancellationToken)
   at Grpc.Net.Client.Internal.GrpcCall`2.RunCall(HttpRequestMessage request, Nullable`1 timeout)
   at Grpc.Net.Client.Internal.GrpcCall`2.GetResponseHeadersCoreAsync()
   at SkyApm.Transport.Grpc.V8.ServiceRegister.<>c__DisplayClass9_0.<<ReportInstancePropertiesAsync>b__0>d.MoveNext()
--- End of stack trace from previous location ---
   at SkyApm.Transport.Grpc.Common.Call.Execute[T](Func`1 task, Func`1 errCallback, Func`1 errMessage)
2025-11-25 16:33:59.732 +08:00 [arswebapiservice001] [Warning] SkyApm.Transport.Grpc.ConnectionManager : Connection state changed. Status(StatusCode="Unavailable", Detail="Error connecting to subchannel.", DebugException="System.Net.Sockets.SocketException: 向一个无法连接的网络尝试了一个套接字操作。")
2025-11-25 16:34:21.977 +08:00 [arswebapiservice001] [Information] SkyApm.Transport.Grpc.ConnectionManager : Shutdown connection[172.20.64.1:11800].
2025-11-25 16:34:25.995 +08:00 [arswebapiservice001] [Information] SkyApm.Transport.Grpc.ConnectionManager : Connected server[172.20.64.1:11800].
2025-11-25 16:34:27.794 +08:00 [arswebapiservice001] [Error] SkyApm.Transport.Grpc.V8.ServiceRegister : Report service instance properties fail.
Grpc.Core.RpcException: Status(StatusCode="Unavailable", Detail="Error connecting to subchannel.", DebugException="System.Net.Sockets.SocketException: 向一个无法连接的网络尝试了一个套接字操作。")
 ---> System.Net.Sockets.SocketException (10051): 向一个无法连接的网络尝试了一个套接字操作。
   at System.Net.Sockets.Socket.AwaitableSocketAsyncEventArgs.System.Threading.Tasks.Sources.IValueTaskSource.GetResult(Int16 token)
   at System.Net.Sockets.Socket.<ConnectAsync>g__WaitForConnectWithCancellation|285_0(AwaitableSocketAsyncEventArgs saea, ValueTask connectTask, CancellationToken cancellationToken)
   at Grpc.Net.Client.Balancer.Internal.SocketConnectivitySubchannelTransport.TryConnectAsync(ConnectContext context, Int32 attempt)
   --- End of inner exception stack trace ---
   at Grpc.Net.Client.Balancer.Internal.ConnectionManager.PickAsync(PickContext context, Boolean waitForReady, CancellationToken cancellationToken)
   at Grpc.Net.Client.Balancer.Internal.BalancerHttpHandler.SendAsync(HttpRequestMessage request, CancellationToken cancellationToken)
   at System.Net.Http.HttpMessageInvoker.<SendAsync>g__SendAsyncWithTelemetry|6_0(HttpMessageHandler handler, HttpRequestMessage request, CancellationToken cancellationToken)
   at Grpc.Net.Client.Internal.GrpcCall`2.RunCall(HttpRequestMessage request, Nullable`1 timeout)
   at Grpc.Net.Client.Internal.GrpcCall`2.GetResponseHeadersCoreAsync()
   at SkyApm.Transport.Grpc.V8.ServiceRegister.<>c__DisplayClass9_0.<<ReportInstancePropertiesAsync>b__0>d.MoveNext()
--- End of stack trace from previous location ---
   at SkyApm.Transport.Grpc.Common.Call.Execute[T](Func`1 task, Func`1 errCallback, Func`1 errMessage)
2025-11-25 16:34:27.795 +08:00 [arswebapiservice001] [Warning] SkyApm.Transport.Grpc.ConnectionManager : Connection state changed. Status(StatusCode="Unavailable", Detail="Error connecting to subchannel.", DebugException="System.Net.Sockets.SocketException: 向一个无法连接的网络尝试了一个套接字操作。")
2025-11-25 16:34:27.796 +08:00 [arswebapiservice001] [Error] SkyApm.Transport.Grpc.V8.ServiceRegister : Report service instance properties fail.
Grpc.Core.RpcException: Status(StatusCode="Unavailable", Detail="Error connecting to subchannel.", DebugException="System.Net.Sockets.SocketException: 向一个无法连接的网络尝试了一个套接字操作。")
 ---> System.Net.Sockets.SocketException (10051): 向一个无法连接的网络尝试了一个套接字操作。
   at System.Net.Sockets.Socket.AwaitableSocketAsyncEventArgs.System.Threading.Tasks.Sources.IValueTaskSource.GetResult(Int16 token)
   at System.Net.Sockets.Socket.<ConnectAsync>g__WaitForConnectWithCancellation|285_0(AwaitableSocketAsyncEventArgs saea, ValueTask connectTask, CancellationToken cancellationToken)
   at Grpc.Net.Client.Balancer.Internal.SocketConnectivitySubchannelTransport.TryConnectAsync(ConnectContext context, Int32 attempt)
   --- End of inner exception stack trace ---
   at Grpc.Net.Client.Balancer.Internal.ConnectionManager.PickAsync(PickContext context, Boolean waitForReady, CancellationToken cancellationToken)
   at Grpc.Net.Client.Balancer.Internal.BalancerHttpHandler.SendAsync(HttpRequestMessage request, CancellationToken cancellationToken)
   at System.Net.Http.HttpMessageInvoker.<SendAsync>g__SendAsyncWithTelemetry|6_0(HttpMessageHandler handler, HttpRequestMessage request, CancellationToken cancellationToken)
   at Grpc.Net.Client.Internal.GrpcCall`2.RunCall(HttpRequestMessage request, Nullable`1 timeout)
   at Grpc.Net.Client.Internal.GrpcCall`2.GetResponseHeadersCoreAsync()
   at SkyApm.Transport.Grpc.V8.ServiceRegister.<>c__DisplayClass9_0.<<ReportInstancePropertiesAsync>b__0>d.MoveNext()
--- End of stack trace from previous location ---
   at SkyApm.Transport.Grpc.Common.Call.Execute[T](Func`1 task, Func`1 errCallback, Func`1 errMessage)
2025-11-25 16:34:41.057 +08:00 [arswebapiservice001] [Information] SkyApm.Transport.Grpc.ConnectionManager : Shutdown connection[172.20.64.1:11800].
2025-11-25 16:34:41.058 +08:00 [arswebapiservice001] [Information] SkyApm.Transport.Grpc.ConnectionManager : Connected server[172.20.64.1:11800].
2025-11-25 16:34:58.786 +08:00 [arswebapiservice001] [Error] SkyApm.Transport.Grpc.V8.ServiceRegister : Report service instance properties fail.
Grpc.Core.RpcException: Status(StatusCode="Unavailable", Detail="Error connecting to subchannel.", DebugException="System.Net.Sockets.SocketException: 向一个无法连接的网络尝试了一个套接字操作。")
 ---> System.Net.Sockets.SocketException (10051): 向一个无法连接的网络尝试了一个套接字操作。
   at System.Net.Sockets.Socket.AwaitableSocketAsyncEventArgs.System.Threading.Tasks.Sources.IValueTaskSource.GetResult(Int16 token)
   at System.Net.Sockets.Socket.<ConnectAsync>g__WaitForConnectWithCancellation|285_0(AwaitableSocketAsyncEventArgs saea, ValueTask connectTask, CancellationToken cancellationToken)
   at Grpc.Net.Client.Balancer.Internal.SocketConnectivitySubchannelTransport.TryConnectAsync(ConnectContext context, Int32 attempt)
   --- End of inner exception stack trace ---
   at Grpc.Net.Client.Balancer.Internal.ConnectionManager.PickAsync(PickContext context, Boolean waitForReady, CancellationToken cancellationToken)
   at Grpc.Net.Client.Balancer.Internal.BalancerHttpHandler.SendAsync(HttpRequestMessage request, CancellationToken cancellationToken)
   at System.Net.Http.HttpMessageInvoker.<SendAsync>g__SendAsyncWithTelemetry|6_0(HttpMessageHandler handler, HttpRequestMessage request, CancellationToken cancellationToken)
   at Grpc.Net.Client.Internal.GrpcCall`2.RunCall(HttpRequestMessage request, Nullable`1 timeout)
   at Grpc.Net.Client.Internal.GrpcCall`2.GetResponseHeadersCoreAsync()
   at SkyApm.Transport.Grpc.V8.ServiceRegister.<>c__DisplayClass9_0.<<ReportInstancePropertiesAsync>b__0>d.MoveNext()
--- End of stack trace from previous location ---
   at SkyApm.Transport.Grpc.Common.Call.Execute[T](Func`1 task, Func`1 errCallback, Func`1 errMessage)
2025-11-25 16:34:58.786 +08:00 [arswebapiservice001] [Warning] SkyApm.Transport.Grpc.ConnectionManager : Connection state changed. Status(StatusCode="Unavailable", Detail="Error connecting to subchannel.", DebugException="System.Net.Sockets.SocketException: 向一个无法连接的网络尝试了一个套接字操作。")
2025-11-25 16:34:59.663 +08:00 [arswebapiservice001] [Information] SkyApm.Diagnostics.TracingDiagnosticProcessorObserver : Loaded diagnostic listener [Ars.EFCoreOperationLog].
2025-11-25 16:35:10.972 +08:00 [arswebapiservice001] [Information] SkyApm.Transport.Grpc.ConnectionManager : Shutdown connection[172.20.64.1:11800].
2025-11-25 16:35:10.973 +08:00 [arswebapiservice001] [Information] SkyApm.Transport.Grpc.ConnectionManager : Connected server[172.20.64.1:11800].
2025-11-25 16:35:25.978 +08:00 [arswebapiservice001] [Error] SkyApm.Transport.Grpc.V8.ServiceRegister : Report service instance properties fail.
Grpc.Core.RpcException: Status(StatusCode="Unavailable", Detail="Error connecting to subchannel.", DebugException="System.Net.Sockets.SocketException: 向一个无法连接的网络尝试了一个套接字操作。")
 ---> System.Net.Sockets.SocketException (10051): 向一个无法连接的网络尝试了一个套接字操作。
   at System.Net.Sockets.Socket.AwaitableSocketAsyncEventArgs.System.Threading.Tasks.Sources.IValueTaskSource.GetResult(Int16 token)
   at System.Net.Sockets.Socket.<ConnectAsync>g__WaitForConnectWithCancellation|285_0(AwaitableSocketAsyncEventArgs saea, ValueTask connectTask, CancellationToken cancellationToken)
   at Grpc.Net.Client.Balancer.Internal.SocketConnectivitySubchannelTransport.TryConnectAsync(ConnectContext context, Int32 attempt)
   --- End of inner exception stack trace ---
   at Grpc.Net.Client.Balancer.Internal.ConnectionManager.PickAsync(PickContext context, Boolean waitForReady, CancellationToken cancellationToken)
   at Grpc.Net.Client.Balancer.Internal.BalancerHttpHandler.SendAsync(HttpRequestMessage request, CancellationToken cancellationToken)
   at System.Net.Http.HttpMessageInvoker.<SendAsync>g__SendAsyncWithTelemetry|6_0(HttpMessageHandler handler, HttpRequestMessage request, CancellationToken cancellationToken)
   at Grpc.Net.Client.Internal.GrpcCall`2.RunCall(HttpRequestMessage request, Nullable`1 timeout)
   at Grpc.Net.Client.Internal.GrpcCall`2.GetResponseHeadersCoreAsync()
   at SkyApm.Transport.Grpc.V8.ServiceRegister.<>c__DisplayClass9_0.<<ReportInstancePropertiesAsync>b__0>d.MoveNext()
--- End of stack trace from previous location ---
   at SkyApm.Transport.Grpc.Common.Call.Execute[T](Func`1 task, Func`1 errCallback, Func`1 errMessage)
2025-11-25 16:35:25.978 +08:00 [arswebapiservice001] [Warning] SkyApm.Transport.Grpc.ConnectionManager : Connection state changed. Status(StatusCode="Unavailable", Detail="Error connecting to subchannel.", DebugException="System.Net.Sockets.SocketException: 向一个无法连接的网络尝试了一个套接字操作。")
2025-11-25 16:35:40.966 +08:00 [arswebapiservice001] [Information] SkyApm.Transport.Grpc.ConnectionManager : Shutdown connection[172.20.64.1:11800].
2025-11-25 16:35:40.966 +08:00 [arswebapiservice001] [Information] SkyApm.Transport.Grpc.ConnectionManager : Connected server[172.20.64.1:11800].
2025-11-25 16:35:55.987 +08:00 [arswebapiservice001] [Error] SkyApm.Transport.Grpc.V8.ServiceRegister : Report service instance properties fail.
Grpc.Core.RpcException: Status(StatusCode="Unavailable", Detail="Error connecting to subchannel.", DebugException="System.Net.Sockets.SocketException: 向一个无法连接的网络尝试了一个套接字操作。")
 ---> System.Net.Sockets.SocketException (10051): 向一个无法连接的网络尝试了一个套接字操作。
   at System.Net.Sockets.Socket.AwaitableSocketAsyncEventArgs.System.Threading.Tasks.Sources.IValueTaskSource.GetResult(Int16 token)
   at System.Net.Sockets.Socket.<ConnectAsync>g__WaitForConnectWithCancellation|285_0(AwaitableSocketAsyncEventArgs saea, ValueTask connectTask, CancellationToken cancellationToken)
   at Grpc.Net.Client.Balancer.Internal.SocketConnectivitySubchannelTransport.TryConnectAsync(ConnectContext context, Int32 attempt)
   --- End of inner exception stack trace ---
   at Grpc.Net.Client.Balancer.Internal.ConnectionManager.PickAsync(PickContext context, Boolean waitForReady, CancellationToken cancellationToken)
   at Grpc.Net.Client.Balancer.Internal.BalancerHttpHandler.SendAsync(HttpRequestMessage request, CancellationToken cancellationToken)
   at System.Net.Http.HttpMessageInvoker.<SendAsync>g__SendAsyncWithTelemetry|6_0(HttpMessageHandler handler, HttpRequestMessage request, CancellationToken cancellationToken)
   at Grpc.Net.Client.Internal.GrpcCall`2.RunCall(HttpRequestMessage request, Nullable`1 timeout)
   at Grpc.Net.Client.Internal.GrpcCall`2.GetResponseHeadersCoreAsync()
   at SkyApm.Transport.Grpc.V8.ServiceRegister.<>c__DisplayClass9_0.<<ReportInstancePropertiesAsync>b__0>d.MoveNext()
--- End of stack trace from previous location ---
   at SkyApm.Transport.Grpc.Common.Call.Execute[T](Func`1 task, Func`1 errCallback, Func`1 errMessage)
2025-11-25 16:35:55.987 +08:00 [arswebapiservice001] [Warning] SkyApm.Transport.Grpc.ConnectionManager : Connection state changed. Status(StatusCode="Unavailable", Detail="Error connecting to subchannel.", DebugException="System.Net.Sockets.SocketException: 向一个无法连接的网络尝试了一个套接字操作。")
2025-11-25 16:36:10.978 +08:00 [arswebapiservice001] [Information] SkyApm.Transport.Grpc.ConnectionManager : Shutdown connection[172.20.64.1:11800].
2025-11-25 16:36:10.978 +08:00 [arswebapiservice001] [Information] SkyApm.Transport.Grpc.ConnectionManager : Connected server[172.20.64.1:11800].
2025-11-25 16:36:25.979 +08:00 [arswebapiservice001] [Error] SkyApm.Transport.Grpc.V8.ServiceRegister : Report service instance properties fail.
Grpc.Core.RpcException: Status(StatusCode="Unavailable", Detail="Error connecting to subchannel.", DebugException="System.Net.Sockets.SocketException: 向一个无法连接的网络尝试了一个套接字操作。")
 ---> System.Net.Sockets.SocketException (10051): 向一个无法连接的网络尝试了一个套接字操作。
   at System.Net.Sockets.Socket.AwaitableSocketAsyncEventArgs.System.Threading.Tasks.Sources.IValueTaskSource.GetResult(Int16 token)
   at System.Net.Sockets.Socket.<ConnectAsync>g__WaitForConnectWithCancellation|285_0(AwaitableSocketAsyncEventArgs saea, ValueTask connectTask, CancellationToken cancellationToken)
   at Grpc.Net.Client.Balancer.Internal.SocketConnectivitySubchannelTransport.TryConnectAsync(ConnectContext context, Int32 attempt)
   --- End of inner exception stack trace ---
   at Grpc.Net.Client.Balancer.Internal.ConnectionManager.PickAsync(PickContext context, Boolean waitForReady, CancellationToken cancellationToken)
   at Grpc.Net.Client.Balancer.Internal.BalancerHttpHandler.SendAsync(HttpRequestMessage request, CancellationToken cancellationToken)
   at System.Net.Http.HttpMessageInvoker.<SendAsync>g__SendAsyncWithTelemetry|6_0(HttpMessageHandler handler, HttpRequestMessage request, CancellationToken cancellationToken)
   at Grpc.Net.Client.Internal.GrpcCall`2.RunCall(HttpRequestMessage request, Nullable`1 timeout)
   at Grpc.Net.Client.Internal.GrpcCall`2.GetResponseHeadersCoreAsync()
   at SkyApm.Transport.Grpc.V8.ServiceRegister.<>c__DisplayClass9_0.<<ReportInstancePropertiesAsync>b__0>d.MoveNext()
--- End of stack trace from previous location ---
   at SkyApm.Transport.Grpc.Common.Call.Execute[T](Func`1 task, Func`1 errCallback, Func`1 errMessage)
2025-11-25 16:36:25.979 +08:00 [arswebapiservice001] [Warning] SkyApm.Transport.Grpc.ConnectionManager : Connection state changed. Status(StatusCode="Unavailable", Detail="Error connecting to subchannel.", DebugException="System.Net.Sockets.SocketException: 向一个无法连接的网络尝试了一个套接字操作。")
2025-11-25 16:36:40.973 +08:00 [arswebapiservice001] [Information] SkyApm.Transport.Grpc.ConnectionManager : Shutdown connection[172.20.64.1:11800].
2025-11-25 16:36:40.973 +08:00 [arswebapiservice001] [Information] SkyApm.Transport.Grpc.ConnectionManager : Connected server[172.20.64.1:11800].
2025-11-25 16:36:55.972 +08:00 [arswebapiservice001] [Error] SkyApm.Transport.Grpc.V8.ServiceRegister : Report service instance properties fail.
Grpc.Core.RpcException: Status(StatusCode="Unavailable", Detail="Error connecting to subchannel.", DebugException="System.Net.Sockets.SocketException: 向一个无法连接的网络尝试了一个套接字操作。")
 ---> System.Net.Sockets.SocketException (10051): 向一个无法连接的网络尝试了一个套接字操作。
   at System.Net.Sockets.Socket.AwaitableSocketAsyncEventArgs.System.Threading.Tasks.Sources.IValueTaskSource.GetResult(Int16 token)
   at System.Net.Sockets.Socket.<ConnectAsync>g__WaitForConnectWithCancellation|285_0(AwaitableSocketAsyncEventArgs saea, ValueTask connectTask, CancellationToken cancellationToken)
   at Grpc.Net.Client.Balancer.Internal.SocketConnectivitySubchannelTransport.TryConnectAsync(ConnectContext context, Int32 attempt)
   --- End of inner exception stack trace ---
   at Grpc.Net.Client.Balancer.Internal.ConnectionManager.PickAsync(PickContext context, Boolean waitForReady, CancellationToken cancellationToken)
   at Grpc.Net.Client.Balancer.Internal.BalancerHttpHandler.SendAsync(HttpRequestMessage request, CancellationToken cancellationToken)
   at System.Net.Http.HttpMessageInvoker.<SendAsync>g__SendAsyncWithTelemetry|6_0(HttpMessageHandler handler, HttpRequestMessage request, CancellationToken cancellationToken)
   at Grpc.Net.Client.Internal.GrpcCall`2.RunCall(HttpRequestMessage request, Nullable`1 timeout)
   at Grpc.Net.Client.Internal.GrpcCall`2.GetResponseHeadersCoreAsync()
   at SkyApm.Transport.Grpc.V8.ServiceRegister.<>c__DisplayClass9_0.<<ReportInstancePropertiesAsync>b__0>d.MoveNext()
--- End of stack trace from previous location ---
   at SkyApm.Transport.Grpc.Common.Call.Execute[T](Func`1 task, Func`1 errCallback, Func`1 errMessage)
2025-11-25 16:36:55.973 +08:00 [arswebapiservice001] [Warning] SkyApm.Transport.Grpc.ConnectionManager : Connection state changed. Status(StatusCode="Unavailable", Detail="Error connecting to subchannel.", DebugException="System.Net.Sockets.SocketException: 向一个无法连接的网络尝试了一个套接字操作。")
2025-11-25 16:37:10.974 +08:00 [arswebapiservice001] [Information] SkyApm.Transport.Grpc.ConnectionManager : Shutdown connection[172.20.64.1:11800].
2025-11-25 16:37:10.974 +08:00 [arswebapiservice001] [Information] SkyApm.Transport.Grpc.ConnectionManager : Connected server[172.20.64.1:11800].
2025-11-25 16:37:25.971 +08:00 [arswebapiservice001] [Error] SkyApm.Transport.Grpc.V8.ServiceRegister : Report service instance properties fail.
Grpc.Core.RpcException: Status(StatusCode="Unavailable", Detail="Error connecting to subchannel.", DebugException="System.Net.Sockets.SocketException: 向一个无法连接的网络尝试了一个套接字操作。")
 ---> System.Net.Sockets.SocketException (10051): 向一个无法连接的网络尝试了一个套接字操作。
   at System.Net.Sockets.Socket.AwaitableSocketAsyncEventArgs.System.Threading.Tasks.Sources.IValueTaskSource.GetResult(Int16 token)
   at System.Net.Sockets.Socket.<ConnectAsync>g__WaitForConnectWithCancellation|285_0(AwaitableSocketAsyncEventArgs saea, ValueTask connectTask, CancellationToken cancellationToken)
   at Grpc.Net.Client.Balancer.Internal.SocketConnectivitySubchannelTransport.TryConnectAsync(ConnectContext context, Int32 attempt)
   --- End of inner exception stack trace ---
   at Grpc.Net.Client.Balancer.Internal.ConnectionManager.PickAsync(PickContext context, Boolean waitForReady, CancellationToken cancellationToken)
   at Grpc.Net.Client.Balancer.Internal.BalancerHttpHandler.SendAsync(HttpRequestMessage request, CancellationToken cancellationToken)
   at System.Net.Http.HttpMessageInvoker.<SendAsync>g__SendAsyncWithTelemetry|6_0(HttpMessageHandler handler, HttpRequestMessage request, CancellationToken cancellationToken)
   at Grpc.Net.Client.Internal.GrpcCall`2.RunCall(HttpRequestMessage request, Nullable`1 timeout)
   at Grpc.Net.Client.Internal.GrpcCall`2.GetResponseHeadersCoreAsync()
   at SkyApm.Transport.Grpc.V8.ServiceRegister.<>c__DisplayClass9_0.<<ReportInstancePropertiesAsync>b__0>d.MoveNext()
--- End of stack trace from previous location ---
   at SkyApm.Transport.Grpc.Common.Call.Execute[T](Func`1 task, Func`1 errCallback, Func`1 errMessage)
2025-11-25 16:37:25.971 +08:00 [arswebapiservice001] [Warning] SkyApm.Transport.Grpc.ConnectionManager : Connection state changed. Status(StatusCode="Unavailable", Detail="Error connecting to subchannel.", DebugException="System.Net.Sockets.SocketException: 向一个无法连接的网络尝试了一个套接字操作。")
2025-11-25 16:37:40.967 +08:00 [arswebapiservice001] [Information] SkyApm.Transport.Grpc.ConnectionManager : Shutdown connection[172.20.64.1:11800].
2025-11-25 16:37:40.968 +08:00 [arswebapiservice001] [Information] SkyApm.Transport.Grpc.ConnectionManager : Connected server[172.20.64.1:11800].
2025-11-25 16:37:55.973 +08:00 [arswebapiservice001] [Error] SkyApm.Transport.Grpc.V8.ServiceRegister : Report service instance properties fail.
Grpc.Core.RpcException: Status(StatusCode="Unavailable", Detail="Error connecting to subchannel.", DebugException="System.Net.Sockets.SocketException: 向一个无法连接的网络尝试了一个套接字操作。")
 ---> System.Net.Sockets.SocketException (10051): 向一个无法连接的网络尝试了一个套接字操作。
   at System.Net.Sockets.Socket.AwaitableSocketAsyncEventArgs.System.Threading.Tasks.Sources.IValueTaskSource.GetResult(Int16 token)
   at System.Net.Sockets.Socket.<ConnectAsync>g__WaitForConnectWithCancellation|285_0(AwaitableSocketAsyncEventArgs saea, ValueTask connectTask, CancellationToken cancellationToken)
   at Grpc.Net.Client.Balancer.Internal.SocketConnectivitySubchannelTransport.TryConnectAsync(ConnectContext context, Int32 attempt)
   --- End of inner exception stack trace ---
   at Grpc.Net.Client.Balancer.Internal.ConnectionManager.PickAsync(PickContext context, Boolean waitForReady, CancellationToken cancellationToken)
   at Grpc.Net.Client.Balancer.Internal.BalancerHttpHandler.SendAsync(HttpRequestMessage request, CancellationToken cancellationToken)
   at System.Net.Http.HttpMessageInvoker.<SendAsync>g__SendAsyncWithTelemetry|6_0(HttpMessageHandler handler, HttpRequestMessage request, CancellationToken cancellationToken)
   at Grpc.Net.Client.Internal.GrpcCall`2.RunCall(HttpRequestMessage request, Nullable`1 timeout)
   at Grpc.Net.Client.Internal.GrpcCall`2.GetResponseHeadersCoreAsync()
   at SkyApm.Transport.Grpc.V8.ServiceRegister.<>c__DisplayClass9_0.<<ReportInstancePropertiesAsync>b__0>d.MoveNext()
--- End of stack trace from previous location ---
   at SkyApm.Transport.Grpc.Common.Call.Execute[T](Func`1 task, Func`1 errCallback, Func`1 errMessage)
2025-11-25 16:37:55.973 +08:00 [arswebapiservice001] [Warning] SkyApm.Transport.Grpc.ConnectionManager : Connection state changed. Status(StatusCode="Unavailable", Detail="Error connecting to subchannel.", DebugException="System.Net.Sockets.SocketException: 向一个无法连接的网络尝试了一个套接字操作。")
2025-11-25 16:38:10.971 +08:00 [arswebapiservice001] [Information] SkyApm.Transport.Grpc.ConnectionManager : Shutdown connection[172.20.64.1:11800].
2025-11-25 16:38:10.972 +08:00 [arswebapiservice001] [Information] SkyApm.Transport.Grpc.ConnectionManager : Connected server[172.20.64.1:11800].
2025-11-25 16:38:25.984 +08:00 [arswebapiservice001] [Error] SkyApm.Transport.Grpc.V8.ServiceRegister : Report service instance properties fail.
Grpc.Core.RpcException: Status(StatusCode="Unavailable", Detail="Error connecting to subchannel.", DebugException="System.Net.Sockets.SocketException: 向一个无法连接的网络尝试了一个套接字操作。")
 ---> System.Net.Sockets.SocketException (10051): 向一个无法连接的网络尝试了一个套接字操作。
   at System.Net.Sockets.Socket.AwaitableSocketAsyncEventArgs.System.Threading.Tasks.Sources.IValueTaskSource.GetResult(Int16 token)
   at System.Net.Sockets.Socket.<ConnectAsync>g__WaitForConnectWithCancellation|285_0(AwaitableSocketAsyncEventArgs saea, ValueTask connectTask, CancellationToken cancellationToken)
   at Grpc.Net.Client.Balancer.Internal.SocketConnectivitySubchannelTransport.TryConnectAsync(ConnectContext context, Int32 attempt)
   --- End of inner exception stack trace ---
   at Grpc.Net.Client.Balancer.Internal.ConnectionManager.PickAsync(PickContext context, Boolean waitForReady, CancellationToken cancellationToken)
   at Grpc.Net.Client.Balancer.Internal.BalancerHttpHandler.SendAsync(HttpRequestMessage request, CancellationToken cancellationToken)
   at System.Net.Http.HttpMessageInvoker.<SendAsync>g__SendAsyncWithTelemetry|6_0(HttpMessageHandler handler, HttpRequestMessage request, CancellationToken cancellationToken)
   at Grpc.Net.Client.Internal.GrpcCall`2.RunCall(HttpRequestMessage request, Nullable`1 timeout)
   at Grpc.Net.Client.Internal.GrpcCall`2.GetResponseHeadersCoreAsync()
   at SkyApm.Transport.Grpc.V8.ServiceRegister.<>c__DisplayClass9_0.<<ReportInstancePropertiesAsync>b__0>d.MoveNext()
--- End of stack trace from previous location ---
   at SkyApm.Transport.Grpc.Common.Call.Execute[T](Func`1 task, Func`1 errCallback, Func`1 errMessage)
2025-11-25 16:38:25.984 +08:00 [arswebapiservice001] [Warning] SkyApm.Transport.Grpc.ConnectionManager : Connection state changed. Status(StatusCode="Unavailable", Detail="Error connecting to subchannel.", DebugException="System.Net.Sockets.SocketException: 向一个无法连接的网络尝试了一个套接字操作。")
2025-11-25 16:38:40.975 +08:00 [arswebapiservice001] [Information] SkyApm.Transport.Grpc.ConnectionManager : Shutdown connection[172.20.64.1:11800].
2025-11-25 16:38:40.976 +08:00 [arswebapiservice001] [Information] SkyApm.Transport.Grpc.ConnectionManager : Connected server[172.20.64.1:11800].
2025-11-25 16:38:55.978 +08:00 [arswebapiservice001] [Error] SkyApm.Transport.Grpc.V8.ServiceRegister : Report service instance properties fail.
Grpc.Core.RpcException: Status(StatusCode="Unavailable", Detail="Error connecting to subchannel.", DebugException="System.Net.Sockets.SocketException: 向一个无法连接的网络尝试了一个套接字操作。")
 ---> System.Net.Sockets.SocketException (10051): 向一个无法连接的网络尝试了一个套接字操作。
   at System.Net.Sockets.Socket.AwaitableSocketAsyncEventArgs.System.Threading.Tasks.Sources.IValueTaskSource.GetResult(Int16 token)
   at System.Net.Sockets.Socket.<ConnectAsync>g__WaitForConnectWithCancellation|285_0(AwaitableSocketAsyncEventArgs saea, ValueTask connectTask, CancellationToken cancellationToken)
   at Grpc.Net.Client.Balancer.Internal.SocketConnectivitySubchannelTransport.TryConnectAsync(ConnectContext context, Int32 attempt)
   --- End of inner exception stack trace ---
   at Grpc.Net.Client.Balancer.Internal.ConnectionManager.PickAsync(PickContext context, Boolean waitForReady, CancellationToken cancellationToken)
   at Grpc.Net.Client.Balancer.Internal.BalancerHttpHandler.SendAsync(HttpRequestMessage request, CancellationToken cancellationToken)
   at System.Net.Http.HttpMessageInvoker.<SendAsync>g__SendAsyncWithTelemetry|6_0(HttpMessageHandler handler, HttpRequestMessage request, CancellationToken cancellationToken)
   at Grpc.Net.Client.Internal.GrpcCall`2.RunCall(HttpRequestMessage request, Nullable`1 timeout)
   at Grpc.Net.Client.Internal.GrpcCall`2.GetResponseHeadersCoreAsync()
   at SkyApm.Transport.Grpc.V8.ServiceRegister.<>c__DisplayClass9_0.<<ReportInstancePropertiesAsync>b__0>d.MoveNext()
--- End of stack trace from previous location ---
   at SkyApm.Transport.Grpc.Common.Call.Execute[T](Func`1 task, Func`1 errCallback, Func`1 errMessage)
2025-11-25 16:38:55.979 +08:00 [arswebapiservice001] [Warning] SkyApm.Transport.Grpc.ConnectionManager : Connection state changed. Status(StatusCode="Unavailable", Detail="Error connecting to subchannel.", DebugException="System.Net.Sockets.SocketException: 向一个无法连接的网络尝试了一个套接字操作。")
2025-11-25 16:39:10.968 +08:00 [arswebapiservice001] [Information] SkyApm.Transport.Grpc.ConnectionManager : Shutdown connection[172.20.64.1:11800].
2025-11-25 16:39:10.969 +08:00 [arswebapiservice001] [Information] SkyApm.Transport.Grpc.ConnectionManager : Connected server[172.20.64.1:11800].
2025-11-25 16:39:25.973 +08:00 [arswebapiservice001] [Error] SkyApm.Transport.Grpc.V8.ServiceRegister : Report service instance properties fail.
Grpc.Core.RpcException: Status(StatusCode="Unavailable", Detail="Error connecting to subchannel.", DebugException="System.Net.Sockets.SocketException: 向一个无法连接的网络尝试了一个套接字操作。")
 ---> System.Net.Sockets.SocketException (10051): 向一个无法连接的网络尝试了一个套接字操作。
   at System.Net.Sockets.Socket.AwaitableSocketAsyncEventArgs.System.Threading.Tasks.Sources.IValueTaskSource.GetResult(Int16 token)
   at System.Net.Sockets.Socket.<ConnectAsync>g__WaitForConnectWithCancellation|285_0(AwaitableSocketAsyncEventArgs saea, ValueTask connectTask, CancellationToken cancellationToken)
   at Grpc.Net.Client.Balancer.Internal.SocketConnectivitySubchannelTransport.TryConnectAsync(ConnectContext context, Int32 attempt)
   --- End of inner exception stack trace ---
   at Grpc.Net.Client.Balancer.Internal.ConnectionManager.PickAsync(PickContext context, Boolean waitForReady, CancellationToken cancellationToken)
   at Grpc.Net.Client.Balancer.Internal.BalancerHttpHandler.SendAsync(HttpRequestMessage request, CancellationToken cancellationToken)
   at System.Net.Http.HttpMessageInvoker.<SendAsync>g__SendAsyncWithTelemetry|6_0(HttpMessageHandler handler, HttpRequestMessage request, CancellationToken cancellationToken)
   at Grpc.Net.Client.Internal.GrpcCall`2.RunCall(HttpRequestMessage request, Nullable`1 timeout)
   at Grpc.Net.Client.Internal.GrpcCall`2.GetResponseHeadersCoreAsync()
   at SkyApm.Transport.Grpc.V8.ServiceRegister.<>c__DisplayClass9_0.<<ReportInstancePropertiesAsync>b__0>d.MoveNext()
--- End of stack trace from previous location ---
   at SkyApm.Transport.Grpc.Common.Call.Execute[T](Func`1 task, Func`1 errCallback, Func`1 errMessage)
2025-11-25 16:39:25.973 +08:00 [arswebapiservice001] [Warning] SkyApm.Transport.Grpc.ConnectionManager : Connection state changed. Status(StatusCode="Unavailable", Detail="Error connecting to subchannel.", DebugException="System.Net.Sockets.SocketException: 向一个无法连接的网络尝试了一个套接字操作。")
2025-11-25 16:39:40.970 +08:00 [arswebapiservice001] [Information] SkyApm.Transport.Grpc.ConnectionManager : Shutdown connection[172.20.64.1:11800].
2025-11-25 16:39:40.970 +08:00 [arswebapiservice001] [Information] SkyApm.Transport.Grpc.ConnectionManager : Connected server[172.20.64.1:11800].
2025-11-25 16:39:55.980 +08:00 [arswebapiservice001] [Error] SkyApm.Transport.Grpc.V8.ServiceRegister : Report service instance properties fail.
Grpc.Core.RpcException: Status(StatusCode="Unavailable", Detail="Error connecting to subchannel.", DebugException="System.Net.Sockets.SocketException: 向一个无法连接的网络尝试了一个套接字操作。")
 ---> System.Net.Sockets.SocketException (10051): 向一个无法连接的网络尝试了一个套接字操作。
   at System.Net.Sockets.Socket.AwaitableSocketAsyncEventArgs.System.Threading.Tasks.Sources.IValueTaskSource.GetResult(Int16 token)
   at System.Net.Sockets.Socket.<ConnectAsync>g__WaitForConnectWithCancellation|285_0(AwaitableSocketAsyncEventArgs saea, ValueTask connectTask, CancellationToken cancellationToken)
   at Grpc.Net.Client.Balancer.Internal.SocketConnectivitySubchannelTransport.TryConnectAsync(ConnectContext context, Int32 attempt)
   --- End of inner exception stack trace ---
   at Grpc.Net.Client.Balancer.Internal.ConnectionManager.PickAsync(PickContext context, Boolean waitForReady, CancellationToken cancellationToken)
   at Grpc.Net.Client.Balancer.Internal.BalancerHttpHandler.SendAsync(HttpRequestMessage request, CancellationToken cancellationToken)
   at System.Net.Http.HttpMessageInvoker.<SendAsync>g__SendAsyncWithTelemetry|6_0(HttpMessageHandler handler, HttpRequestMessage request, CancellationToken cancellationToken)
   at Grpc.Net.Client.Internal.GrpcCall`2.RunCall(HttpRequestMessage request, Nullable`1 timeout)
   at Grpc.Net.Client.Internal.GrpcCall`2.GetResponseHeadersCoreAsync()
   at SkyApm.Transport.Grpc.V8.ServiceRegister.<>c__DisplayClass9_0.<<ReportInstancePropertiesAsync>b__0>d.MoveNext()
--- End of stack trace from previous location ---
   at SkyApm.Transport.Grpc.Common.Call.Execute[T](Func`1 task, Func`1 errCallback, Func`1 errMessage)
2025-11-25 16:39:55.980 +08:00 [arswebapiservice001] [Warning] SkyApm.Transport.Grpc.ConnectionManager : Connection state changed. Status(StatusCode="Unavailable", Detail="Error connecting to subchannel.", DebugException="System.Net.Sockets.SocketException: 向一个无法连接的网络尝试了一个套接字操作。")
2025-11-25 16:40:10.974 +08:00 [arswebapiservice001] [Information] SkyApm.Transport.Grpc.ConnectionManager : Shutdown connection[172.20.64.1:11800].
2025-11-25 16:40:10.974 +08:00 [arswebapiservice001] [Information] SkyApm.Transport.Grpc.ConnectionManager : Connected server[172.20.64.1:11800].
2025-11-25 16:40:25.978 +08:00 [arswebapiservice001] [Error] SkyApm.Transport.Grpc.V8.ServiceRegister : Report service instance properties fail.
Grpc.Core.RpcException: Status(StatusCode="Unavailable", Detail="Error connecting to subchannel.", DebugException="System.Net.Sockets.SocketException: 向一个无法连接的网络尝试了一个套接字操作。")
 ---> System.Net.Sockets.SocketException (10051): 向一个无法连接的网络尝试了一个套接字操作。
   at System.Net.Sockets.Socket.AwaitableSocketAsyncEventArgs.System.Threading.Tasks.Sources.IValueTaskSource.GetResult(Int16 token)
   at System.Net.Sockets.Socket.<ConnectAsync>g__WaitForConnectWithCancellation|285_0(AwaitableSocketAsyncEventArgs saea, ValueTask connectTask, CancellationToken cancellationToken)
   at Grpc.Net.Client.Balancer.Internal.SocketConnectivitySubchannelTransport.TryConnectAsync(ConnectContext context, Int32 attempt)
   --- End of inner exception stack trace ---
   at Grpc.Net.Client.Balancer.Internal.ConnectionManager.PickAsync(PickContext context, Boolean waitForReady, CancellationToken cancellationToken)
   at Grpc.Net.Client.Balancer.Internal.BalancerHttpHandler.SendAsync(HttpRequestMessage request, CancellationToken cancellationToken)
   at System.Net.Http.HttpMessageInvoker.<SendAsync>g__SendAsyncWithTelemetry|6_0(HttpMessageHandler handler, HttpRequestMessage request, CancellationToken cancellationToken)
   at Grpc.Net.Client.Internal.GrpcCall`2.RunCall(HttpRequestMessage request, Nullable`1 timeout)
   at Grpc.Net.Client.Internal.GrpcCall`2.GetResponseHeadersCoreAsync()
   at SkyApm.Transport.Grpc.V8.ServiceRegister.<>c__DisplayClass9_0.<<ReportInstancePropertiesAsync>b__0>d.MoveNext()
--- End of stack trace from previous location ---
   at SkyApm.Transport.Grpc.Common.Call.Execute[T](Func`1 task, Func`1 errCallback, Func`1 errMessage)
2025-11-25 16:40:25.978 +08:00 [arswebapiservice001] [Warning] SkyApm.Transport.Grpc.ConnectionManager : Connection state changed. Status(StatusCode="Unavailable", Detail="Error connecting to subchannel.", DebugException="System.Net.Sockets.SocketException: 向一个无法连接的网络尝试了一个套接字操作。")
2025-11-25 16:40:40.966 +08:00 [arswebapiservice001] [Information] SkyApm.Transport.Grpc.ConnectionManager : Shutdown connection[172.20.64.1:11800].
2025-11-25 16:40:40.966 +08:00 [arswebapiservice001] [Information] SkyApm.Transport.Grpc.ConnectionManager : Connected server[172.20.64.1:11800].
2025-11-25 16:40:55.984 +08:00 [arswebapiservice001] [Error] SkyApm.Transport.Grpc.V8.ServiceRegister : Report service instance properties fail.
Grpc.Core.RpcException: Status(StatusCode="Unavailable", Detail="Error connecting to subchannel.", DebugException="System.Net.Sockets.SocketException: 向一个无法连接的网络尝试了一个套接字操作。")
 ---> System.Net.Sockets.SocketException (10051): 向一个无法连接的网络尝试了一个套接字操作。
   at System.Net.Sockets.Socket.AwaitableSocketAsyncEventArgs.CreateException(SocketError error, Boolean forAsyncThrow)
   at System.Net.Sockets.Socket.AwaitableSocketAsyncEventArgs.ConnectAsync(Socket socket)
   at System.Net.Sockets.Socket.ConnectAsync(EndPoint remoteEP, CancellationToken cancellationToken)
   at Grpc.Net.Client.Balancer.Internal.SocketConnectivitySubchannelTransport.TryConnectAsync(ConnectContext context, Int32 attempt)
   at System.Runtime.CompilerServices.AsyncMethodBuilderCore.Start[TStateMachine](TStateMachine& stateMachine)
   at Grpc.Net.Client.Balancer.Subchannel.ConnectTransportAsync()
   at System.Runtime.CompilerServices.AsyncMethodBuilderCore.Start[TStateMachine](TStateMachine& stateMachine)
   at Grpc.Net.Client.Balancer.Subchannel.ConnectTransportAsync()
   at System.Threading.Tasks.Task`1.InnerInvoke()
   at System.Threading.Tasks.Task.ExecuteWithThreadLocal(Task& currentTaskSlot, Thread threadPoolThread)
   at System.Threading.ThreadPoolWorkQueue.Dispatch()
   at System.Threading.PortableThreadPool.WorkerThread.WorkerThreadStart()
--- End of stack trace from previous location ---
   at Grpc.Net.Client.Balancer.Internal.SocketConnectivitySubchannelTransport.TryConnectAsync(ConnectContext context, Int32 attempt)
   --- End of inner exception stack trace ---
   at Grpc.Net.Client.Balancer.Internal.ConnectionManager.PickAsync(PickContext context, Boolean waitForReady, CancellationToken cancellationToken)
   at Grpc.Net.Client.Balancer.Internal.BalancerHttpHandler.SendAsync(HttpRequestMessage request, CancellationToken cancellationToken)
   at System.Net.Http.HttpMessageInvoker.<SendAsync>g__SendAsyncWithTelemetry|6_0(HttpMessageHandler handler, HttpRequestMessage request, CancellationToken cancellationToken)
   at Grpc.Net.Client.Internal.GrpcCall`2.RunCall(HttpRequestMessage request, Nullable`1 timeout)
   at Grpc.Net.Client.Internal.GrpcCall`2.GetResponseHeadersCoreAsync()
   at SkyApm.Transport.Grpc.V8.ServiceRegister.<>c__DisplayClass9_0.<<ReportInstancePropertiesAsync>b__0>d.MoveNext()
--- End of stack trace from previous location ---
   at SkyApm.Transport.Grpc.Common.Call.Execute[T](Func`1 task, Func`1 errCallback, Func`1 errMessage)
2025-11-25 16:40:55.984 +08:00 [arswebapiservice001] [Warning] SkyApm.Transport.Grpc.ConnectionManager : Connection state changed. Status(StatusCode="Unavailable", Detail="Error connecting to subchannel.", DebugException="System.Net.Sockets.SocketException: 向一个无法连接的网络尝试了一个套接字操作。")
2025-11-25 16:41:10.972 +08:00 [arswebapiservice001] [Information] SkyApm.Transport.Grpc.ConnectionManager : Shutdown connection[172.20.64.1:11800].
2025-11-25 16:41:10.973 +08:00 [arswebapiservice001] [Information] SkyApm.Transport.Grpc.ConnectionManager : Connected server[172.20.64.1:11800].
2025-11-25 16:41:25.976 +08:00 [arswebapiservice001] [Error] SkyApm.Transport.Grpc.V8.ServiceRegister : Report service instance properties fail.
Grpc.Core.RpcException: Status(StatusCode="Unavailable", Detail="Error connecting to subchannel.", DebugException="System.Net.Sockets.SocketException: 向一个无法连接的网络尝试了一个套接字操作。")
 ---> System.Net.Sockets.SocketException (10051): 向一个无法连接的网络尝试了一个套接字操作。
   at System.Net.Sockets.Socket.AwaitableSocketAsyncEventArgs.System.Threading.Tasks.Sources.IValueTaskSource.GetResult(Int16 token)
   at System.Net.Sockets.Socket.<ConnectAsync>g__WaitForConnectWithCancellation|285_0(AwaitableSocketAsyncEventArgs saea, ValueTask connectTask, CancellationToken cancellationToken)
   at Grpc.Net.Client.Balancer.Internal.SocketConnectivitySubchannelTransport.TryConnectAsync(ConnectContext context, Int32 attempt)
   --- End of inner exception stack trace ---
   at Grpc.Net.Client.Balancer.Internal.ConnectionManager.PickAsync(PickContext context, Boolean waitForReady, CancellationToken cancellationToken)
   at Grpc.Net.Client.Balancer.Internal.BalancerHttpHandler.SendAsync(HttpRequestMessage request, CancellationToken cancellationToken)
   at System.Net.Http.HttpMessageInvoker.<SendAsync>g__SendAsyncWithTelemetry|6_0(HttpMessageHandler handler, HttpRequestMessage request, CancellationToken cancellationToken)
   at Grpc.Net.Client.Internal.GrpcCall`2.RunCall(HttpRequestMessage request, Nullable`1 timeout)
   at Grpc.Net.Client.Internal.GrpcCall`2.GetResponseHeadersCoreAsync()
   at SkyApm.Transport.Grpc.V8.ServiceRegister.<>c__DisplayClass9_0.<<ReportInstancePropertiesAsync>b__0>d.MoveNext()
--- End of stack trace from previous location ---
   at SkyApm.Transport.Grpc.Common.Call.Execute[T](Func`1 task, Func`1 errCallback, Func`1 errMessage)
2025-11-25 16:41:25.976 +08:00 [arswebapiservice001] [Warning] SkyApm.Transport.Grpc.ConnectionManager : Connection state changed. Status(StatusCode="Unavailable", Detail="Error connecting to subchannel.", DebugException="System.Net.Sockets.SocketException: 向一个无法连接的网络尝试了一个套接字操作。")
2025-11-25 16:41:40.979 +08:00 [arswebapiservice001] [Information] SkyApm.Transport.Grpc.ConnectionManager : Shutdown connection[172.20.64.1:11800].
2025-11-25 16:41:40.979 +08:00 [arswebapiservice001] [Information] SkyApm.Transport.Grpc.ConnectionManager : Connected server[172.20.64.1:11800].
2025-11-25 16:41:55.984 +08:00 [arswebapiservice001] [Error] SkyApm.Transport.Grpc.V8.ServiceRegister : Report service instance properties fail.
Grpc.Core.RpcException: Status(StatusCode="Unavailable", Detail="Error connecting to subchannel.", DebugException="System.Net.Sockets.SocketException: 向一个无法连接的网络尝试了一个套接字操作。")
 ---> System.Net.Sockets.SocketException (10051): 向一个无法连接的网络尝试了一个套接字操作。
   at System.Net.Sockets.Socket.AwaitableSocketAsyncEventArgs.System.Threading.Tasks.Sources.IValueTaskSource.GetResult(Int16 token)
   at System.Net.Sockets.Socket.<ConnectAsync>g__WaitForConnectWithCancellation|285_0(AwaitableSocketAsyncEventArgs saea, ValueTask connectTask, CancellationToken cancellationToken)
   at Grpc.Net.Client.Balancer.Internal.SocketConnectivitySubchannelTransport.TryConnectAsync(ConnectContext context, Int32 attempt)
   --- End of inner exception stack trace ---
   at Grpc.Net.Client.Balancer.Internal.ConnectionManager.PickAsync(PickContext context, Boolean waitForReady, CancellationToken cancellationToken)
   at Grpc.Net.Client.Balancer.Internal.BalancerHttpHandler.SendAsync(HttpRequestMessage request, CancellationToken cancellationToken)
   at System.Net.Http.HttpMessageInvoker.<SendAsync>g__SendAsyncWithTelemetry|6_0(HttpMessageHandler handler, HttpRequestMessage request, CancellationToken cancellationToken)
   at Grpc.Net.Client.Internal.GrpcCall`2.RunCall(HttpRequestMessage request, Nullable`1 timeout)
   at Grpc.Net.Client.Internal.GrpcCall`2.GetResponseHeadersCoreAsync()
   at SkyApm.Transport.Grpc.V8.ServiceRegister.<>c__DisplayClass9_0.<<ReportInstancePropertiesAsync>b__0>d.MoveNext()
--- End of stack trace from previous location ---
   at SkyApm.Transport.Grpc.Common.Call.Execute[T](Func`1 task, Func`1 errCallback, Func`1 errMessage)
2025-11-25 16:41:55.984 +08:00 [arswebapiservice001] [Warning] SkyApm.Transport.Grpc.ConnectionManager : Connection state changed. Status(StatusCode="Unavailable", Detail="Error connecting to subchannel.", DebugException="System.Net.Sockets.SocketException: 向一个无法连接的网络尝试了一个套接字操作。")
2025-11-25 16:42:10.972 +08:00 [arswebapiservice001] [Information] SkyApm.Transport.Grpc.ConnectionManager : Shutdown connection[172.20.64.1:11800].
2025-11-25 16:42:10.973 +08:00 [arswebapiservice001] [Information] SkyApm.Transport.Grpc.ConnectionManager : Connected server[172.20.64.1:11800].
2025-11-25 16:42:25.985 +08:00 [arswebapiservice001] [Error] SkyApm.Transport.Grpc.V8.ServiceRegister : Report service instance properties fail.
Grpc.Core.RpcException: Status(StatusCode="Unavailable", Detail="Error connecting to subchannel.", DebugException="System.Net.Sockets.SocketException: 向一个无法连接的网络尝试了一个套接字操作。")
 ---> System.Net.Sockets.SocketException (10051): 向一个无法连接的网络尝试了一个套接字操作。
   at System.Net.Sockets.Socket.AwaitableSocketAsyncEventArgs.System.Threading.Tasks.Sources.IValueTaskSource.GetResult(Int16 token)
   at System.Net.Sockets.Socket.<ConnectAsync>g__WaitForConnectWithCancellation|285_0(AwaitableSocketAsyncEventArgs saea, ValueTask connectTask, CancellationToken cancellationToken)
   at Grpc.Net.Client.Balancer.Internal.SocketConnectivitySubchannelTransport.TryConnectAsync(ConnectContext context, Int32 attempt)
   --- End of inner exception stack trace ---
   at Grpc.Net.Client.Balancer.Internal.ConnectionManager.PickAsync(PickContext context, Boolean waitForReady, CancellationToken cancellationToken)
   at Grpc.Net.Client.Balancer.Internal.BalancerHttpHandler.SendAsync(HttpRequestMessage request, CancellationToken cancellationToken)
   at System.Net.Http.HttpMessageInvoker.<SendAsync>g__SendAsyncWithTelemetry|6_0(HttpMessageHandler handler, HttpRequestMessage request, CancellationToken cancellationToken)
   at Grpc.Net.Client.Internal.GrpcCall`2.RunCall(HttpRequestMessage request, Nullable`1 timeout)
   at Grpc.Net.Client.Internal.GrpcCall`2.GetResponseHeadersCoreAsync()
   at SkyApm.Transport.Grpc.V8.ServiceRegister.<>c__DisplayClass9_0.<<ReportInstancePropertiesAsync>b__0>d.MoveNext()
--- End of stack trace from previous location ---
   at SkyApm.Transport.Grpc.Common.Call.Execute[T](Func`1 task, Func`1 errCallback, Func`1 errMessage)
2025-11-25 16:42:25.985 +08:00 [arswebapiservice001] [Warning] SkyApm.Transport.Grpc.ConnectionManager : Connection state changed. Status(StatusCode="Unavailable", Detail="Error connecting to subchannel.", DebugException="System.Net.Sockets.SocketException: 向一个无法连接的网络尝试了一个套接字操作。")
2025-11-25 16:42:40.976 +08:00 [arswebapiservice001] [Information] SkyApm.Transport.Grpc.ConnectionManager : Shutdown connection[172.20.64.1:11800].
2025-11-25 16:42:40.976 +08:00 [arswebapiservice001] [Information] SkyApm.Transport.Grpc.ConnectionManager : Connected server[172.20.64.1:11800].
2025-11-25 16:42:55.976 +08:00 [arswebapiservice001] [Error] SkyApm.Transport.Grpc.V8.ServiceRegister : Report service instance properties fail.
Grpc.Core.RpcException: Status(StatusCode="Unavailable", Detail="Error connecting to subchannel.", DebugException="System.Net.Sockets.SocketException: 向一个无法连接的网络尝试了一个套接字操作。")
 ---> System.Net.Sockets.SocketException (10051): 向一个无法连接的网络尝试了一个套接字操作。
   at System.Net.Sockets.Socket.AwaitableSocketAsyncEventArgs.System.Threading.Tasks.Sources.IValueTaskSource.GetResult(Int16 token)
   at System.Net.Sockets.Socket.<ConnectAsync>g__WaitForConnectWithCancellation|285_0(AwaitableSocketAsyncEventArgs saea, ValueTask connectTask, CancellationToken cancellationToken)
   at Grpc.Net.Client.Balancer.Internal.SocketConnectivitySubchannelTransport.TryConnectAsync(ConnectContext context, Int32 attempt)
   --- End of inner exception stack trace ---
   at Grpc.Net.Client.Balancer.Internal.ConnectionManager.PickAsync(PickContext context, Boolean waitForReady, CancellationToken cancellationToken)
   at Grpc.Net.Client.Balancer.Internal.BalancerHttpHandler.SendAsync(HttpRequestMessage request, CancellationToken cancellationToken)
   at System.Net.Http.HttpMessageInvoker.<SendAsync>g__SendAsyncWithTelemetry|6_0(HttpMessageHandler handler, HttpRequestMessage request, CancellationToken cancellationToken)
   at Grpc.Net.Client.Internal.GrpcCall`2.RunCall(HttpRequestMessage request, Nullable`1 timeout)
   at Grpc.Net.Client.Internal.GrpcCall`2.GetResponseHeadersCoreAsync()
   at SkyApm.Transport.Grpc.V8.ServiceRegister.<>c__DisplayClass9_0.<<ReportInstancePropertiesAsync>b__0>d.MoveNext()
--- End of stack trace from previous location ---
   at SkyApm.Transport.Grpc.Common.Call.Execute[T](Func`1 task, Func`1 errCallback, Func`1 errMessage)
2025-11-25 16:42:55.976 +08:00 [arswebapiservice001] [Warning] SkyApm.Transport.Grpc.ConnectionManager : Connection state changed. Status(StatusCode="Unavailable", Detail="Error connecting to subchannel.", DebugException="System.Net.Sockets.SocketException: 向一个无法连接的网络尝试了一个套接字操作。")
2025-11-25 16:43:10.965 +08:00 [arswebapiservice001] [Information] SkyApm.Transport.Grpc.ConnectionManager : Shutdown connection[172.20.64.1:11800].
2025-11-25 16:43:10.966 +08:00 [arswebapiservice001] [Information] SkyApm.Transport.Grpc.ConnectionManager : Connected server[172.20.64.1:11800].
2025-11-25 16:43:25.978 +08:00 [arswebapiservice001] [Error] SkyApm.Transport.Grpc.V8.ServiceRegister : Report service instance properties fail.
Grpc.Core.RpcException: Status(StatusCode="Unavailable", Detail="Error connecting to subchannel.", DebugException="System.Net.Sockets.SocketException: 向一个无法连接的网络尝试了一个套接字操作。")
 ---> System.Net.Sockets.SocketException (10051): 向一个无法连接的网络尝试了一个套接字操作。
   at System.Net.Sockets.Socket.AwaitableSocketAsyncEventArgs.System.Threading.Tasks.Sources.IValueTaskSource.GetResult(Int16 token)
   at System.Net.Sockets.Socket.<ConnectAsync>g__WaitForConnectWithCancellation|285_0(AwaitableSocketAsyncEventArgs saea, ValueTask connectTask, CancellationToken cancellationToken)
   at Grpc.Net.Client.Balancer.Internal.SocketConnectivitySubchannelTransport.TryConnectAsync(ConnectContext context, Int32 attempt)
   --- End of inner exception stack trace ---
   at Grpc.Net.Client.Balancer.Internal.ConnectionManager.PickAsync(PickContext context, Boolean waitForReady, CancellationToken cancellationToken)
   at Grpc.Net.Client.Balancer.Internal.BalancerHttpHandler.SendAsync(HttpRequestMessage request, CancellationToken cancellationToken)
   at System.Net.Http.HttpMessageInvoker.<SendAsync>g__SendAsyncWithTelemetry|6_0(HttpMessageHandler handler, HttpRequestMessage request, CancellationToken cancellationToken)
   at Grpc.Net.Client.Internal.GrpcCall`2.RunCall(HttpRequestMessage request, Nullable`1 timeout)
   at Grpc.Net.Client.Internal.GrpcCall`2.GetResponseHeadersCoreAsync()
   at SkyApm.Transport.Grpc.V8.ServiceRegister.<>c__DisplayClass9_0.<<ReportInstancePropertiesAsync>b__0>d.MoveNext()
--- End of stack trace from previous location ---
   at SkyApm.Transport.Grpc.Common.Call.Execute[T](Func`1 task, Func`1 errCallback, Func`1 errMessage)
2025-11-25 16:43:25.978 +08:00 [arswebapiservice001] [Warning] SkyApm.Transport.Grpc.ConnectionManager : Connection state changed. Status(StatusCode="Unavailable", Detail="Error connecting to subchannel.", DebugException="System.Net.Sockets.SocketException: 向一个无法连接的网络尝试了一个套接字操作。")
2025-11-25 16:43:40.972 +08:00 [arswebapiservice001] [Information] SkyApm.Transport.Grpc.ConnectionManager : Shutdown connection[172.20.64.1:11800].
2025-11-25 16:43:40.972 +08:00 [arswebapiservice001] [Information] SkyApm.Transport.Grpc.ConnectionManager : Connected server[172.20.64.1:11800].
2025-11-25 16:43:55.980 +08:00 [arswebapiservice001] [Error] SkyApm.Transport.Grpc.V8.ServiceRegister : Report service instance properties fail.
Grpc.Core.RpcException: Status(StatusCode="Unavailable", Detail="Error connecting to subchannel.", DebugException="System.Net.Sockets.SocketException: 向一个无法连接的网络尝试了一个套接字操作。")
 ---> System.Net.Sockets.SocketException (10051): 向一个无法连接的网络尝试了一个套接字操作。
   at System.Net.Sockets.Socket.AwaitableSocketAsyncEventArgs.System.Threading.Tasks.Sources.IValueTaskSource.GetResult(Int16 token)
   at System.Net.Sockets.Socket.<ConnectAsync>g__WaitForConnectWithCancellation|285_0(AwaitableSocketAsyncEventArgs saea, ValueTask connectTask, CancellationToken cancellationToken)
   at Grpc.Net.Client.Balancer.Internal.SocketConnectivitySubchannelTransport.TryConnectAsync(ConnectContext context, Int32 attempt)
   --- End of inner exception stack trace ---
   at Grpc.Net.Client.Balancer.Internal.ConnectionManager.PickAsync(PickContext context, Boolean waitForReady, CancellationToken cancellationToken)
   at Grpc.Net.Client.Balancer.Internal.BalancerHttpHandler.SendAsync(HttpRequestMessage request, CancellationToken cancellationToken)
   at System.Net.Http.HttpMessageInvoker.<SendAsync>g__SendAsyncWithTelemetry|6_0(HttpMessageHandler handler, HttpRequestMessage request, CancellationToken cancellationToken)
   at Grpc.Net.Client.Internal.GrpcCall`2.RunCall(HttpRequestMessage request, Nullable`1 timeout)
   at Grpc.Net.Client.Internal.GrpcCall`2.GetResponseHeadersCoreAsync()
   at SkyApm.Transport.Grpc.V8.ServiceRegister.<>c__DisplayClass9_0.<<ReportInstancePropertiesAsync>b__0>d.MoveNext()
--- End of stack trace from previous location ---
   at SkyApm.Transport.Grpc.Common.Call.Execute[T](Func`1 task, Func`1 errCallback, Func`1 errMessage)
2025-11-25 16:43:55.980 +08:00 [arswebapiservice001] [Warning] SkyApm.Transport.Grpc.ConnectionManager : Connection state changed. Status(StatusCode="Unavailable", Detail="Error connecting to subchannel.", DebugException="System.Net.Sockets.SocketException: 向一个无法连接的网络尝试了一个套接字操作。")
2025-11-25 16:44:10.975 +08:00 [arswebapiservice001] [Information] SkyApm.Transport.Grpc.ConnectionManager : Shutdown connection[172.20.64.1:11800].
2025-11-25 16:44:10.975 +08:00 [arswebapiservice001] [Information] SkyApm.Transport.Grpc.ConnectionManager : Connected server[172.20.64.1:11800].
2025-11-25 16:44:25.985 +08:00 [arswebapiservice001] [Error] SkyApm.Transport.Grpc.V8.ServiceRegister : Report service instance properties fail.
Grpc.Core.RpcException: Status(StatusCode="Unavailable", Detail="Error connecting to subchannel.", DebugException="System.Net.Sockets.SocketException: 向一个无法连接的网络尝试了一个套接字操作。")
 ---> System.Net.Sockets.SocketException (10051): 向一个无法连接的网络尝试了一个套接字操作。
   at System.Net.Sockets.Socket.AwaitableSocketAsyncEventArgs.System.Threading.Tasks.Sources.IValueTaskSource.GetResult(Int16 token)
   at System.Net.Sockets.Socket.<ConnectAsync>g__WaitForConnectWithCancellation|285_0(AwaitableSocketAsyncEventArgs saea, ValueTask connectTask, CancellationToken cancellationToken)
   at Grpc.Net.Client.Balancer.Internal.SocketConnectivitySubchannelTransport.TryConnectAsync(ConnectContext context, Int32 attempt)
   --- End of inner exception stack trace ---
   at Grpc.Net.Client.Balancer.Internal.ConnectionManager.PickAsync(PickContext context, Boolean waitForReady, CancellationToken cancellationToken)
   at Grpc.Net.Client.Balancer.Internal.BalancerHttpHandler.SendAsync(HttpRequestMessage request, CancellationToken cancellationToken)
   at System.Net.Http.HttpMessageInvoker.<SendAsync>g__SendAsyncWithTelemetry|6_0(HttpMessageHandler handler, HttpRequestMessage request, CancellationToken cancellationToken)
   at Grpc.Net.Client.Internal.GrpcCall`2.RunCall(HttpRequestMessage request, Nullable`1 timeout)
   at Grpc.Net.Client.Internal.GrpcCall`2.GetResponseHeadersCoreAsync()
   at SkyApm.Transport.Grpc.V8.ServiceRegister.<>c__DisplayClass9_0.<<ReportInstancePropertiesAsync>b__0>d.MoveNext()
--- End of stack trace from previous location ---
   at SkyApm.Transport.Grpc.Common.Call.Execute[T](Func`1 task, Func`1 errCallback, Func`1 errMessage)
2025-11-25 16:44:25.985 +08:00 [arswebapiservice001] [Warning] SkyApm.Transport.Grpc.ConnectionManager : Connection state changed. Status(StatusCode="Unavailable", Detail="Error connecting to subchannel.", DebugException="System.Net.Sockets.SocketException: 向一个无法连接的网络尝试了一个套接字操作。")
2025-11-25 16:44:40.976 +08:00 [arswebapiservice001] [Information] SkyApm.Transport.Grpc.ConnectionManager : Shutdown connection[172.20.64.1:11800].
2025-11-25 16:44:40.976 +08:00 [arswebapiservice001] [Information] SkyApm.Transport.Grpc.ConnectionManager : Connected server[172.20.64.1:11800].
2025-11-25 16:44:57.091 +08:00 [arswebapiservice001] [Error] SkyApm.Transport.Grpc.V8.ServiceRegister : Report service instance properties fail.
Grpc.Core.RpcException: Status(StatusCode="Unavailable", Detail="Error connecting to subchannel.", DebugException="System.Net.Sockets.SocketException: 向一个无法连接的网络尝试了一个套接字操作。")
 ---> System.Net.Sockets.SocketException (10051): 向一个无法连接的网络尝试了一个套接字操作。
   at System.Net.Sockets.Socket.AwaitableSocketAsyncEventArgs.System.Threading.Tasks.Sources.IValueTaskSource.GetResult(Int16 token)
   at System.Net.Sockets.Socket.<ConnectAsync>g__WaitForConnectWithCancellation|285_0(AwaitableSocketAsyncEventArgs saea, ValueTask connectTask, CancellationToken cancellationToken)
   at Grpc.Net.Client.Balancer.Internal.SocketConnectivitySubchannelTransport.TryConnectAsync(ConnectContext context, Int32 attempt)
   --- End of inner exception stack trace ---
   at Grpc.Net.Client.Balancer.Internal.ConnectionManager.PickAsync(PickContext context, Boolean waitForReady, CancellationToken cancellationToken)
   at Grpc.Net.Client.Balancer.Internal.BalancerHttpHandler.SendAsync(HttpRequestMessage request, CancellationToken cancellationToken)
   at System.Net.Http.HttpMessageInvoker.<SendAsync>g__SendAsyncWithTelemetry|6_0(HttpMessageHandler handler, HttpRequestMessage request, CancellationToken cancellationToken)
   at Grpc.Net.Client.Internal.GrpcCall`2.RunCall(HttpRequestMessage request, Nullable`1 timeout)
   at Grpc.Net.Client.Internal.GrpcCall`2.GetResponseHeadersCoreAsync()
   at SkyApm.Transport.Grpc.V8.ServiceRegister.<>c__DisplayClass9_0.<<ReportInstancePropertiesAsync>b__0>d.MoveNext()
--- End of stack trace from previous location ---
   at SkyApm.Transport.Grpc.Common.Call.Execute[T](Func`1 task, Func`1 errCallback, Func`1 errMessage)
2025-11-25 16:44:57.091 +08:00 [arswebapiservice001] [Warning] SkyApm.Transport.Grpc.ConnectionManager : Connection state changed. Status(StatusCode="Unavailable", Detail="Error connecting to subchannel.", DebugException="System.Net.Sockets.SocketException: 向一个无法连接的网络尝试了一个套接字操作。")
2025-11-25 16:45:10.994 +08:00 [arswebapiservice001] [Information] SkyApm.Transport.Grpc.ConnectionManager : Shutdown connection[172.20.64.1:11800].
2025-11-25 16:45:10.994 +08:00 [arswebapiservice001] [Information] SkyApm.Transport.Grpc.ConnectionManager : Connected server[172.20.64.1:11800].
2025-11-25 16:45:25.986 +08:00 [arswebapiservice001] [Error] SkyApm.Transport.Grpc.V8.ServiceRegister : Report service instance properties fail.
Grpc.Core.RpcException: Status(StatusCode="Unavailable", Detail="Error connecting to subchannel.", DebugException="System.Net.Sockets.SocketException: 向一个无法连接的网络尝试了一个套接字操作。")
 ---> System.Net.Sockets.SocketException (10051): 向一个无法连接的网络尝试了一个套接字操作。
   at System.Net.Sockets.Socket.AwaitableSocketAsyncEventArgs.System.Threading.Tasks.Sources.IValueTaskSource.GetResult(Int16 token)
   at System.Net.Sockets.Socket.<ConnectAsync>g__WaitForConnectWithCancellation|285_0(AwaitableSocketAsyncEventArgs saea, ValueTask connectTask, CancellationToken cancellationToken)
   at Grpc.Net.Client.Balancer.Internal.SocketConnectivitySubchannelTransport.TryConnectAsync(ConnectContext context, Int32 attempt)
   --- End of inner exception stack trace ---
   at Grpc.Net.Client.Balancer.Internal.ConnectionManager.PickAsync(PickContext context, Boolean waitForReady, CancellationToken cancellationToken)
   at Grpc.Net.Client.Balancer.Internal.BalancerHttpHandler.SendAsync(HttpRequestMessage request, CancellationToken cancellationToken)
   at System.Net.Http.HttpMessageInvoker.<SendAsync>g__SendAsyncWithTelemetry|6_0(HttpMessageHandler handler, HttpRequestMessage request, CancellationToken cancellationToken)
   at Grpc.Net.Client.Internal.GrpcCall`2.RunCall(HttpRequestMessage request, Nullable`1 timeout)
   at Grpc.Net.Client.Internal.GrpcCall`2.GetResponseHeadersCoreAsync()
   at SkyApm.Transport.Grpc.V8.ServiceRegister.<>c__DisplayClass9_0.<<ReportInstancePropertiesAsync>b__0>d.MoveNext()
--- End of stack trace from previous location ---
   at SkyApm.Transport.Grpc.Common.Call.Execute[T](Func`1 task, Func`1 errCallback, Func`1 errMessage)
2025-11-25 16:45:25.986 +08:00 [arswebapiservice001] [Warning] SkyApm.Transport.Grpc.ConnectionManager : Connection state changed. Status(StatusCode="Unavailable", Detail="Error connecting to subchannel.", DebugException="System.Net.Sockets.SocketException: 向一个无法连接的网络尝试了一个套接字操作。")
2025-11-25 16:45:40.968 +08:00 [arswebapiservice001] [Information] SkyApm.Transport.Grpc.ConnectionManager : Shutdown connection[172.20.64.1:11800].
2025-11-25 16:45:40.969 +08:00 [arswebapiservice001] [Information] SkyApm.Transport.Grpc.ConnectionManager : Connected server[172.20.64.1:11800].
2025-11-25 16:45:55.980 +08:00 [arswebapiservice001] [Error] SkyApm.Transport.Grpc.V8.ServiceRegister : Report service instance properties fail.
Grpc.Core.RpcException: Status(StatusCode="Unavailable", Detail="Error connecting to subchannel.", DebugException="System.Net.Sockets.SocketException: 向一个无法连接的网络尝试了一个套接字操作。")
 ---> System.Net.Sockets.SocketException (10051): 向一个无法连接的网络尝试了一个套接字操作。
   at System.Net.Sockets.Socket.AwaitableSocketAsyncEventArgs.System.Threading.Tasks.Sources.IValueTaskSource.GetResult(Int16 token)
   at System.Net.Sockets.Socket.<ConnectAsync>g__WaitForConnectWithCancellation|285_0(AwaitableSocketAsyncEventArgs saea, ValueTask connectTask, CancellationToken cancellationToken)
   at Grpc.Net.Client.Balancer.Internal.SocketConnectivitySubchannelTransport.TryConnectAsync(ConnectContext context, Int32 attempt)
   --- End of inner exception stack trace ---
   at Grpc.Net.Client.Balancer.Internal.ConnectionManager.PickAsync(PickContext context, Boolean waitForReady, CancellationToken cancellationToken)
   at Grpc.Net.Client.Balancer.Internal.BalancerHttpHandler.SendAsync(HttpRequestMessage request, CancellationToken cancellationToken)
   at System.Net.Http.HttpMessageInvoker.<SendAsync>g__SendAsyncWithTelemetry|6_0(HttpMessageHandler handler, HttpRequestMessage request, CancellationToken cancellationToken)
   at Grpc.Net.Client.Internal.GrpcCall`2.RunCall(HttpRequestMessage request, Nullable`1 timeout)
   at Grpc.Net.Client.Internal.GrpcCall`2.GetResponseHeadersCoreAsync()
   at SkyApm.Transport.Grpc.V8.ServiceRegister.<>c__DisplayClass9_0.<<ReportInstancePropertiesAsync>b__0>d.MoveNext()
--- End of stack trace from previous location ---
   at SkyApm.Transport.Grpc.Common.Call.Execute[T](Func`1 task, Func`1 errCallback, Func`1 errMessage)
2025-11-25 16:45:55.980 +08:00 [arswebapiservice001] [Warning] SkyApm.Transport.Grpc.ConnectionManager : Connection state changed. Status(StatusCode="Unavailable", Detail="Error connecting to subchannel.", DebugException="System.Net.Sockets.SocketException: 向一个无法连接的网络尝试了一个套接字操作。")
2025-11-25 16:46:10.972 +08:00 [arswebapiservice001] [Information] SkyApm.Transport.Grpc.ConnectionManager : Shutdown connection[172.20.64.1:11800].
2025-11-25 16:46:10.973 +08:00 [arswebapiservice001] [Information] SkyApm.Transport.Grpc.ConnectionManager : Connected server[172.20.64.1:11800].
2025-11-25 16:46:25.978 +08:00 [arswebapiservice001] [Error] SkyApm.Transport.Grpc.V8.ServiceRegister : Report service instance properties fail.
Grpc.Core.RpcException: Status(StatusCode="Unavailable", Detail="Error connecting to subchannel.", DebugException="System.Net.Sockets.SocketException: 向一个无法连接的网络尝试了一个套接字操作。")
 ---> System.Net.Sockets.SocketException (10051): 向一个无法连接的网络尝试了一个套接字操作。
   at System.Net.Sockets.Socket.AwaitableSocketAsyncEventArgs.System.Threading.Tasks.Sources.IValueTaskSource.GetResult(Int16 token)
   at System.Net.Sockets.Socket.<ConnectAsync>g__WaitForConnectWithCancellation|285_0(AwaitableSocketAsyncEventArgs saea, ValueTask connectTask, CancellationToken cancellationToken)
   at Grpc.Net.Client.Balancer.Internal.SocketConnectivitySubchannelTransport.TryConnectAsync(ConnectContext context, Int32 attempt)
   --- End of inner exception stack trace ---
   at Grpc.Net.Client.Balancer.Internal.ConnectionManager.PickAsync(PickContext context, Boolean waitForReady, CancellationToken cancellationToken)
   at Grpc.Net.Client.Balancer.Internal.BalancerHttpHandler.SendAsync(HttpRequestMessage request, CancellationToken cancellationToken)
   at System.Net.Http.HttpMessageInvoker.<SendAsync>g__SendAsyncWithTelemetry|6_0(HttpMessageHandler handler, HttpRequestMessage request, CancellationToken cancellationToken)
   at Grpc.Net.Client.Internal.GrpcCall`2.RunCall(HttpRequestMessage request, Nullable`1 timeout)
   at Grpc.Net.Client.Internal.GrpcCall`2.GetResponseHeadersCoreAsync()
   at SkyApm.Transport.Grpc.V8.ServiceRegister.<>c__DisplayClass9_0.<<ReportInstancePropertiesAsync>b__0>d.MoveNext()
--- End of stack trace from previous location ---
   at SkyApm.Transport.Grpc.Common.Call.Execute[T](Func`1 task, Func`1 errCallback, Func`1 errMessage)
2025-11-25 16:46:25.978 +08:00 [arswebapiservice001] [Warning] SkyApm.Transport.Grpc.ConnectionManager : Connection state changed. Status(StatusCode="Unavailable", Detail="Error connecting to subchannel.", DebugException="System.Net.Sockets.SocketException: 向一个无法连接的网络尝试了一个套接字操作。")
2025-11-25 16:46:40.970 +08:00 [arswebapiservice001] [Information] SkyApm.Transport.Grpc.ConnectionManager : Shutdown connection[172.20.64.1:11800].
2025-11-25 16:46:40.970 +08:00 [arswebapiservice001] [Information] SkyApm.Transport.Grpc.ConnectionManager : Connected server[172.20.64.1:11800].
2025-11-25 16:46:55.983 +08:00 [arswebapiservice001] [Error] SkyApm.Transport.Grpc.V8.ServiceRegister : Report service instance properties fail.
Grpc.Core.RpcException: Status(StatusCode="Unavailable", Detail="Error connecting to subchannel.", DebugException="System.Net.Sockets.SocketException: 向一个无法连接的网络尝试了一个套接字操作。")
 ---> System.Net.Sockets.SocketException (10051): 向一个无法连接的网络尝试了一个套接字操作。
   at System.Net.Sockets.Socket.AwaitableSocketAsyncEventArgs.System.Threading.Tasks.Sources.IValueTaskSource.GetResult(Int16 token)
   at System.Net.Sockets.Socket.<ConnectAsync>g__WaitForConnectWithCancellation|285_0(AwaitableSocketAsyncEventArgs saea, ValueTask connectTask, CancellationToken cancellationToken)
   at Grpc.Net.Client.Balancer.Internal.SocketConnectivitySubchannelTransport.TryConnectAsync(ConnectContext context, Int32 attempt)
   --- End of inner exception stack trace ---
   at Grpc.Net.Client.Balancer.Internal.ConnectionManager.PickAsync(PickContext context, Boolean waitForReady, CancellationToken cancellationToken)
   at Grpc.Net.Client.Balancer.Internal.BalancerHttpHandler.SendAsync(HttpRequestMessage request, CancellationToken cancellationToken)
   at System.Net.Http.HttpMessageInvoker.<SendAsync>g__SendAsyncWithTelemetry|6_0(HttpMessageHandler handler, HttpRequestMessage request, CancellationToken cancellationToken)
   at Grpc.Net.Client.Internal.GrpcCall`2.RunCall(HttpRequestMessage request, Nullable`1 timeout)
   at Grpc.Net.Client.Internal.GrpcCall`2.GetResponseHeadersCoreAsync()
   at SkyApm.Transport.Grpc.V8.ServiceRegister.<>c__DisplayClass9_0.<<ReportInstancePropertiesAsync>b__0>d.MoveNext()
--- End of stack trace from previous location ---
   at SkyApm.Transport.Grpc.Common.Call.Execute[T](Func`1 task, Func`1 errCallback, Func`1 errMessage)
2025-11-25 16:46:55.983 +08:00 [arswebapiservice001] [Warning] SkyApm.Transport.Grpc.ConnectionManager : Connection state changed. Status(StatusCode="Unavailable", Detail="Error connecting to subchannel.", DebugException="System.Net.Sockets.SocketException: 向一个无法连接的网络尝试了一个套接字操作。")
2025-11-25 16:47:10.980 +08:00 [arswebapiservice001] [Information] SkyApm.Transport.Grpc.ConnectionManager : Shutdown connection[172.20.64.1:11800].
2025-11-25 16:47:10.980 +08:00 [arswebapiservice001] [Information] SkyApm.Transport.Grpc.ConnectionManager : Connected server[172.20.64.1:11800].
2025-11-25 16:47:25.983 +08:00 [arswebapiservice001] [Error] SkyApm.Transport.Grpc.V8.ServiceRegister : Report service instance properties fail.
Grpc.Core.RpcException: Status(StatusCode="Unavailable", Detail="Error connecting to subchannel.", DebugException="System.Net.Sockets.SocketException: 向一个无法连接的网络尝试了一个套接字操作。")
 ---> System.Net.Sockets.SocketException (10051): 向一个无法连接的网络尝试了一个套接字操作。
   at System.Net.Sockets.Socket.AwaitableSocketAsyncEventArgs.System.Threading.Tasks.Sources.IValueTaskSource.GetResult(Int16 token)
   at System.Net.Sockets.Socket.<ConnectAsync>g__WaitForConnectWithCancellation|285_0(AwaitableSocketAsyncEventArgs saea, ValueTask connectTask, CancellationToken cancellationToken)
   at Grpc.Net.Client.Balancer.Internal.SocketConnectivitySubchannelTransport.TryConnectAsync(ConnectContext context, Int32 attempt)
   --- End of inner exception stack trace ---
   at Grpc.Net.Client.Balancer.Internal.ConnectionManager.PickAsync(PickContext context, Boolean waitForReady, CancellationToken cancellationToken)
   at Grpc.Net.Client.Balancer.Internal.BalancerHttpHandler.SendAsync(HttpRequestMessage request, CancellationToken cancellationToken)
   at System.Net.Http.HttpMessageInvoker.<SendAsync>g__SendAsyncWithTelemetry|6_0(HttpMessageHandler handler, HttpRequestMessage request, CancellationToken cancellationToken)
   at Grpc.Net.Client.Internal.GrpcCall`2.RunCall(HttpRequestMessage request, Nullable`1 timeout)
   at Grpc.Net.Client.Internal.GrpcCall`2.GetResponseHeadersCoreAsync()
   at SkyApm.Transport.Grpc.V8.ServiceRegister.<>c__DisplayClass9_0.<<ReportInstancePropertiesAsync>b__0>d.MoveNext()
--- End of stack trace from previous location ---
   at SkyApm.Transport.Grpc.Common.Call.Execute[T](Func`1 task, Func`1 errCallback, Func`1 errMessage)
2025-11-25 16:47:25.983 +08:00 [arswebapiservice001] [Warning] SkyApm.Transport.Grpc.ConnectionManager : Connection state changed. Status(StatusCode="Unavailable", Detail="Error connecting to subchannel.", DebugException="System.Net.Sockets.SocketException: 向一个无法连接的网络尝试了一个套接字操作。")
2025-11-25 16:47:40.978 +08:00 [arswebapiservice001] [Information] SkyApm.Transport.Grpc.ConnectionManager : Shutdown connection[172.20.64.1:11800].
2025-11-25 16:47:40.979 +08:00 [arswebapiservice001] [Information] SkyApm.Transport.Grpc.ConnectionManager : Connected server[172.20.64.1:11800].
2025-11-25 16:47:55.981 +08:00 [arswebapiservice001] [Error] SkyApm.Transport.Grpc.V8.ServiceRegister : Report service instance properties fail.
Grpc.Core.RpcException: Status(StatusCode="Unavailable", Detail="Error connecting to subchannel.", DebugException="System.Net.Sockets.SocketException: 向一个无法连接的网络尝试了一个套接字操作。")
 ---> System.Net.Sockets.SocketException (10051): 向一个无法连接的网络尝试了一个套接字操作。
   at System.Net.Sockets.Socket.AwaitableSocketAsyncEventArgs.System.Threading.Tasks.Sources.IValueTaskSource.GetResult(Int16 token)
   at System.Net.Sockets.Socket.<ConnectAsync>g__WaitForConnectWithCancellation|285_0(AwaitableSocketAsyncEventArgs saea, ValueTask connectTask, CancellationToken cancellationToken)
   at Grpc.Net.Client.Balancer.Internal.SocketConnectivitySubchannelTransport.TryConnectAsync(ConnectContext context, Int32 attempt)
   --- End of inner exception stack trace ---
   at Grpc.Net.Client.Balancer.Internal.ConnectionManager.PickAsync(PickContext context, Boolean waitForReady, CancellationToken cancellationToken)
   at Grpc.Net.Client.Balancer.Internal.BalancerHttpHandler.SendAsync(HttpRequestMessage request, CancellationToken cancellationToken)
   at System.Net.Http.HttpMessageInvoker.<SendAsync>g__SendAsyncWithTelemetry|6_0(HttpMessageHandler handler, HttpRequestMessage request, CancellationToken cancellationToken)
   at Grpc.Net.Client.Internal.GrpcCall`2.RunCall(HttpRequestMessage request, Nullable`1 timeout)
   at Grpc.Net.Client.Internal.GrpcCall`2.GetResponseHeadersCoreAsync()
   at SkyApm.Transport.Grpc.V8.ServiceRegister.<>c__DisplayClass9_0.<<ReportInstancePropertiesAsync>b__0>d.MoveNext()
--- End of stack trace from previous location ---
   at SkyApm.Transport.Grpc.Common.Call.Execute[T](Func`1 task, Func`1 errCallback, Func`1 errMessage)
2025-11-25 16:47:55.981 +08:00 [arswebapiservice001] [Warning] SkyApm.Transport.Grpc.ConnectionManager : Connection state changed. Status(StatusCode="Unavailable", Detail="Error connecting to subchannel.", DebugException="System.Net.Sockets.SocketException: 向一个无法连接的网络尝试了一个套接字操作。")
2025-11-25 16:48:10.974 +08:00 [arswebapiservice001] [Information] SkyApm.Transport.Grpc.ConnectionManager : Shutdown connection[172.20.64.1:11800].
2025-11-25 16:48:10.974 +08:00 [arswebapiservice001] [Information] SkyApm.Transport.Grpc.ConnectionManager : Connected server[172.20.64.1:11800].
2025-11-25 16:48:25.980 +08:00 [arswebapiservice001] [Error] SkyApm.Transport.Grpc.V8.ServiceRegister : Report service instance properties fail.
Grpc.Core.RpcException: Status(StatusCode="Unavailable", Detail="Error connecting to subchannel.", DebugException="System.Net.Sockets.SocketException: 向一个无法连接的网络尝试了一个套接字操作。")
 ---> System.Net.Sockets.SocketException (10051): 向一个无法连接的网络尝试了一个套接字操作。
   at System.Net.Sockets.Socket.AwaitableSocketAsyncEventArgs.System.Threading.Tasks.Sources.IValueTaskSource.GetResult(Int16 token)
   at System.Net.Sockets.Socket.<ConnectAsync>g__WaitForConnectWithCancellation|285_0(AwaitableSocketAsyncEventArgs saea, ValueTask connectTask, CancellationToken cancellationToken)
   at Grpc.Net.Client.Balancer.Internal.SocketConnectivitySubchannelTransport.TryConnectAsync(ConnectContext context, Int32 attempt)
   --- End of inner exception stack trace ---
   at Grpc.Net.Client.Balancer.Internal.ConnectionManager.PickAsync(PickContext context, Boolean waitForReady, CancellationToken cancellationToken)
   at Grpc.Net.Client.Balancer.Internal.BalancerHttpHandler.SendAsync(HttpRequestMessage request, CancellationToken cancellationToken)
   at System.Net.Http.HttpMessageInvoker.<SendAsync>g__SendAsyncWithTelemetry|6_0(HttpMessageHandler handler, HttpRequestMessage request, CancellationToken cancellationToken)
   at Grpc.Net.Client.Internal.GrpcCall`2.RunCall(HttpRequestMessage request, Nullable`1 timeout)
   at Grpc.Net.Client.Internal.GrpcCall`2.GetResponseHeadersCoreAsync()
   at SkyApm.Transport.Grpc.V8.ServiceRegister.<>c__DisplayClass9_0.<<ReportInstancePropertiesAsync>b__0>d.MoveNext()
--- End of stack trace from previous location ---
   at SkyApm.Transport.Grpc.Common.Call.Execute[T](Func`1 task, Func`1 errCallback, Func`1 errMessage)
2025-11-25 16:48:25.980 +08:00 [arswebapiservice001] [Warning] SkyApm.Transport.Grpc.ConnectionManager : Connection state changed. Status(StatusCode="Unavailable", Detail="Error connecting to subchannel.", DebugException="System.Net.Sockets.SocketException: 向一个无法连接的网络尝试了一个套接字操作。")
2025-11-25 16:48:40.968 +08:00 [arswebapiservice001] [Information] SkyApm.Transport.Grpc.ConnectionManager : Shutdown connection[172.20.64.1:11800].
2025-11-25 16:48:40.968 +08:00 [arswebapiservice001] [Information] SkyApm.Transport.Grpc.ConnectionManager : Connected server[172.20.64.1:11800].
2025-11-25 16:48:55.982 +08:00 [arswebapiservice001] [Error] SkyApm.Transport.Grpc.V8.ServiceRegister : Report service instance properties fail.
Grpc.Core.RpcException: Status(StatusCode="Unavailable", Detail="Error connecting to subchannel.", DebugException="System.Net.Sockets.SocketException: 向一个无法连接的网络尝试了一个套接字操作。")
 ---> System.Net.Sockets.SocketException (10051): 向一个无法连接的网络尝试了一个套接字操作。
   at System.Net.Sockets.Socket.AwaitableSocketAsyncEventArgs.System.Threading.Tasks.Sources.IValueTaskSource.GetResult(Int16 token)
   at System.Net.Sockets.Socket.<ConnectAsync>g__WaitForConnectWithCancellation|285_0(AwaitableSocketAsyncEventArgs saea, ValueTask connectTask, CancellationToken cancellationToken)
   at Grpc.Net.Client.Balancer.Internal.SocketConnectivitySubchannelTransport.TryConnectAsync(ConnectContext context, Int32 attempt)
   --- End of inner exception stack trace ---
   at Grpc.Net.Client.Balancer.Internal.ConnectionManager.PickAsync(PickContext context, Boolean waitForReady, CancellationToken cancellationToken)
   at Grpc.Net.Client.Balancer.Internal.BalancerHttpHandler.SendAsync(HttpRequestMessage request, CancellationToken cancellationToken)
   at System.Net.Http.HttpMessageInvoker.<SendAsync>g__SendAsyncWithTelemetry|6_0(HttpMessageHandler handler, HttpRequestMessage request, CancellationToken cancellationToken)
   at Grpc.Net.Client.Internal.GrpcCall`2.RunCall(HttpRequestMessage request, Nullable`1 timeout)
   at Grpc.Net.Client.Internal.GrpcCall`2.GetResponseHeadersCoreAsync()
   at SkyApm.Transport.Grpc.V8.ServiceRegister.<>c__DisplayClass9_0.<<ReportInstancePropertiesAsync>b__0>d.MoveNext()
--- End of stack trace from previous location ---
   at SkyApm.Transport.Grpc.Common.Call.Execute[T](Func`1 task, Func`1 errCallback, Func`1 errMessage)
2025-11-25 16:48:55.982 +08:00 [arswebapiservice001] [Warning] SkyApm.Transport.Grpc.ConnectionManager : Connection state changed. Status(StatusCode="Unavailable", Detail="Error connecting to subchannel.", DebugException="System.Net.Sockets.SocketException: 向一个无法连接的网络尝试了一个套接字操作。")
2025-11-25 16:49:10.979 +08:00 [arswebapiservice001] [Information] SkyApm.Transport.Grpc.ConnectionManager : Shutdown connection[172.20.64.1:11800].
2025-11-25 16:49:10.979 +08:00 [arswebapiservice001] [Information] SkyApm.Transport.Grpc.ConnectionManager : Connected server[172.20.64.1:11800].
2025-11-25 16:49:25.979 +08:00 [arswebapiservice001] [Error] SkyApm.Transport.Grpc.V8.ServiceRegister : Report service instance properties fail.
Grpc.Core.RpcException: Status(StatusCode="Unavailable", Detail="Error connecting to subchannel.", DebugException="System.Net.Sockets.SocketException: 向一个无法连接的网络尝试了一个套接字操作。")
 ---> System.Net.Sockets.SocketException (10051): 向一个无法连接的网络尝试了一个套接字操作。
   at System.Net.Sockets.Socket.AwaitableSocketAsyncEventArgs.System.Threading.Tasks.Sources.IValueTaskSource.GetResult(Int16 token)
   at System.Net.Sockets.Socket.<ConnectAsync>g__WaitForConnectWithCancellation|285_0(AwaitableSocketAsyncEventArgs saea, ValueTask connectTask, CancellationToken cancellationToken)
   at Grpc.Net.Client.Balancer.Internal.SocketConnectivitySubchannelTransport.TryConnectAsync(ConnectContext context, Int32 attempt)
   --- End of inner exception stack trace ---
   at Grpc.Net.Client.Balancer.Internal.ConnectionManager.PickAsync(PickContext context, Boolean waitForReady, CancellationToken cancellationToken)
   at Grpc.Net.Client.Balancer.Internal.BalancerHttpHandler.SendAsync(HttpRequestMessage request, CancellationToken cancellationToken)
   at System.Net.Http.HttpMessageInvoker.<SendAsync>g__SendAsyncWithTelemetry|6_0(HttpMessageHandler handler, HttpRequestMessage request, CancellationToken cancellationToken)
   at Grpc.Net.Client.Internal.GrpcCall`2.RunCall(HttpRequestMessage request, Nullable`1 timeout)
   at Grpc.Net.Client.Internal.GrpcCall`2.GetResponseHeadersCoreAsync()
   at SkyApm.Transport.Grpc.V8.ServiceRegister.<>c__DisplayClass9_0.<<ReportInstancePropertiesAsync>b__0>d.MoveNext()
--- End of stack trace from previous location ---
   at SkyApm.Transport.Grpc.Common.Call.Execute[T](Func`1 task, Func`1 errCallback, Func`1 errMessage)
2025-11-25 16:49:25.979 +08:00 [arswebapiservice001] [Warning] SkyApm.Transport.Grpc.ConnectionManager : Connection state changed. Status(StatusCode="Unavailable", Detail="Error connecting to subchannel.", DebugException="System.Net.Sockets.SocketException: 向一个无法连接的网络尝试了一个套接字操作。")
2025-11-25 16:49:40.974 +08:00 [arswebapiservice001] [Information] SkyApm.Transport.Grpc.ConnectionManager : Shutdown connection[172.20.64.1:11800].
2025-11-25 16:49:40.974 +08:00 [arswebapiservice001] [Information] SkyApm.Transport.Grpc.ConnectionManager : Connected server[172.20.64.1:11800].
2025-11-25 16:49:55.985 +08:00 [arswebapiservice001] [Error] SkyApm.Transport.Grpc.V8.ServiceRegister : Report service instance properties fail.
Grpc.Core.RpcException: Status(StatusCode="Unavailable", Detail="Error connecting to subchannel.", DebugException="System.Net.Sockets.SocketException: 向一个无法连接的网络尝试了一个套接字操作。")
 ---> System.Net.Sockets.SocketException (10051): 向一个无法连接的网络尝试了一个套接字操作。
   at System.Net.Sockets.Socket.AwaitableSocketAsyncEventArgs.System.Threading.Tasks.Sources.IValueTaskSource.GetResult(Int16 token)
   at System.Net.Sockets.Socket.<ConnectAsync>g__WaitForConnectWithCancellation|285_0(AwaitableSocketAsyncEventArgs saea, ValueTask connectTask, CancellationToken cancellationToken)
   at Grpc.Net.Client.Balancer.Internal.SocketConnectivitySubchannelTransport.TryConnectAsync(ConnectContext context, Int32 attempt)
   --- End of inner exception stack trace ---
   at Grpc.Net.Client.Balancer.Internal.ConnectionManager.PickAsync(PickContext context, Boolean waitForReady, CancellationToken cancellationToken)
   at Grpc.Net.Client.Balancer.Internal.BalancerHttpHandler.SendAsync(HttpRequestMessage request, CancellationToken cancellationToken)
   at System.Net.Http.HttpMessageInvoker.<SendAsync>g__SendAsyncWithTelemetry|6_0(HttpMessageHandler handler, HttpRequestMessage request, CancellationToken cancellationToken)
   at Grpc.Net.Client.Internal.GrpcCall`2.RunCall(HttpRequestMessage request, Nullable`1 timeout)
   at Grpc.Net.Client.Internal.GrpcCall`2.GetResponseHeadersCoreAsync()
   at SkyApm.Transport.Grpc.V8.ServiceRegister.<>c__DisplayClass9_0.<<ReportInstancePropertiesAsync>b__0>d.MoveNext()
--- End of stack trace from previous location ---
   at SkyApm.Transport.Grpc.Common.Call.Execute[T](Func`1 task, Func`1 errCallback, Func`1 errMessage)
2025-11-25 16:49:55.985 +08:00 [arswebapiservice001] [Warning] SkyApm.Transport.Grpc.ConnectionManager : Connection state changed. Status(StatusCode="Unavailable", Detail="Error connecting to subchannel.", DebugException="System.Net.Sockets.SocketException: 向一个无法连接的网络尝试了一个套接字操作。")
2025-11-25 16:50:10.971 +08:00 [arswebapiservice001] [Information] SkyApm.Transport.Grpc.ConnectionManager : Shutdown connection[172.20.64.1:11800].
2025-11-25 16:50:10.971 +08:00 [arswebapiservice001] [Information] SkyApm.Transport.Grpc.ConnectionManager : Connected server[172.20.64.1:11800].
2025-11-25 16:50:25.981 +08:00 [arswebapiservice001] [Error] SkyApm.Transport.Grpc.V8.ServiceRegister : Report service instance properties fail.
Grpc.Core.RpcException: Status(StatusCode="Unavailable", Detail="Error connecting to subchannel.", DebugException="System.Net.Sockets.SocketException: 向一个无法连接的网络尝试了一个套接字操作。")
 ---> System.Net.Sockets.SocketException (10051): 向一个无法连接的网络尝试了一个套接字操作。
   at System.Net.Sockets.Socket.AwaitableSocketAsyncEventArgs.System.Threading.Tasks.Sources.IValueTaskSource.GetResult(Int16 token)
   at System.Net.Sockets.Socket.<ConnectAsync>g__WaitForConnectWithCancellation|285_0(AwaitableSocketAsyncEventArgs saea, ValueTask connectTask, CancellationToken cancellationToken)
   at Grpc.Net.Client.Balancer.Internal.SocketConnectivitySubchannelTransport.TryConnectAsync(ConnectContext context, Int32 attempt)
   --- End of inner exception stack trace ---
   at Grpc.Net.Client.Balancer.Internal.ConnectionManager.PickAsync(PickContext context, Boolean waitForReady, CancellationToken cancellationToken)
   at Grpc.Net.Client.Balancer.Internal.BalancerHttpHandler.SendAsync(HttpRequestMessage request, CancellationToken cancellationToken)
   at System.Net.Http.HttpMessageInvoker.<SendAsync>g__SendAsyncWithTelemetry|6_0(HttpMessageHandler handler, HttpRequestMessage request, CancellationToken cancellationToken)
   at Grpc.Net.Client.Internal.GrpcCall`2.RunCall(HttpRequestMessage request, Nullable`1 timeout)
   at Grpc.Net.Client.Internal.GrpcCall`2.GetResponseHeadersCoreAsync()
   at SkyApm.Transport.Grpc.V8.ServiceRegister.<>c__DisplayClass9_0.<<ReportInstancePropertiesAsync>b__0>d.MoveNext()
--- End of stack trace from previous location ---
   at SkyApm.Transport.Grpc.Common.Call.Execute[T](Func`1 task, Func`1 errCallback, Func`1 errMessage)
2025-11-25 16:50:25.981 +08:00 [arswebapiservice001] [Warning] SkyApm.Transport.Grpc.ConnectionManager : Connection state changed. Status(StatusCode="Unavailable", Detail="Error connecting to subchannel.", DebugException="System.Net.Sockets.SocketException: 向一个无法连接的网络尝试了一个套接字操作。")
2025-11-25 16:50:40.974 +08:00 [arswebapiservice001] [Information] SkyApm.Transport.Grpc.ConnectionManager : Shutdown connection[172.20.64.1:11800].
2025-11-25 16:50:40.974 +08:00 [arswebapiservice001] [Information] SkyApm.Transport.Grpc.ConnectionManager : Connected server[172.20.64.1:11800].
2025-11-25 16:50:55.975 +08:00 [arswebapiservice001] [Error] SkyApm.Transport.Grpc.V8.ServiceRegister : Report service instance properties fail.
Grpc.Core.RpcException: Status(StatusCode="Unavailable", Detail="Error connecting to subchannel.", DebugException="System.Net.Sockets.SocketException: 向一个无法连接的网络尝试了一个套接字操作。")
 ---> System.Net.Sockets.SocketException (10051): 向一个无法连接的网络尝试了一个套接字操作。
   at System.Net.Sockets.Socket.AwaitableSocketAsyncEventArgs.System.Threading.Tasks.Sources.IValueTaskSource.GetResult(Int16 token)
   at System.Net.Sockets.Socket.<ConnectAsync>g__WaitForConnectWithCancellation|285_0(AwaitableSocketAsyncEventArgs saea, ValueTask connectTask, CancellationToken cancellationToken)
   at Grpc.Net.Client.Balancer.Internal.SocketConnectivitySubchannelTransport.TryConnectAsync(ConnectContext context, Int32 attempt)
   --- End of inner exception stack trace ---
   at Grpc.Net.Client.Balancer.Internal.ConnectionManager.PickAsync(PickContext context, Boolean waitForReady, CancellationToken cancellationToken)
   at Grpc.Net.Client.Balancer.Internal.BalancerHttpHandler.SendAsync(HttpRequestMessage request, CancellationToken cancellationToken)
   at System.Net.Http.HttpMessageInvoker.<SendAsync>g__SendAsyncWithTelemetry|6_0(HttpMessageHandler handler, HttpRequestMessage request, CancellationToken cancellationToken)
   at Grpc.Net.Client.Internal.GrpcCall`2.RunCall(HttpRequestMessage request, Nullable`1 timeout)
   at Grpc.Net.Client.Internal.GrpcCall`2.GetResponseHeadersCoreAsync()
   at SkyApm.Transport.Grpc.V8.ServiceRegister.<>c__DisplayClass9_0.<<ReportInstancePropertiesAsync>b__0>d.MoveNext()
--- End of stack trace from previous location ---
   at SkyApm.Transport.Grpc.Common.Call.Execute[T](Func`1 task, Func`1 errCallback, Func`1 errMessage)
2025-11-25 16:50:55.975 +08:00 [arswebapiservice001] [Warning] SkyApm.Transport.Grpc.ConnectionManager : Connection state changed. Status(StatusCode="Unavailable", Detail="Error connecting to subchannel.", DebugException="System.Net.Sockets.SocketException: 向一个无法连接的网络尝试了一个套接字操作。")
2025-11-25 16:51:10.966 +08:00 [arswebapiservice001] [Information] SkyApm.Transport.Grpc.ConnectionManager : Shutdown connection[172.20.64.1:11800].
2025-11-25 16:51:10.967 +08:00 [arswebapiservice001] [Information] SkyApm.Transport.Grpc.ConnectionManager : Connected server[172.20.64.1:11800].
2025-11-25 16:51:25.984 +08:00 [arswebapiservice001] [Error] SkyApm.Transport.Grpc.V8.ServiceRegister : Report service instance properties fail.
Grpc.Core.RpcException: Status(StatusCode="Unavailable", Detail="Error connecting to subchannel.", DebugException="System.Net.Sockets.SocketException: 向一个无法连接的网络尝试了一个套接字操作。")
 ---> System.Net.Sockets.SocketException (10051): 向一个无法连接的网络尝试了一个套接字操作。
   at System.Net.Sockets.Socket.AwaitableSocketAsyncEventArgs.System.Threading.Tasks.Sources.IValueTaskSource.GetResult(Int16 token)
   at System.Net.Sockets.Socket.<ConnectAsync>g__WaitForConnectWithCancellation|285_0(AwaitableSocketAsyncEventArgs saea, ValueTask connectTask, CancellationToken cancellationToken)
   at Grpc.Net.Client.Balancer.Internal.SocketConnectivitySubchannelTransport.TryConnectAsync(ConnectContext context, Int32 attempt)
   --- End of inner exception stack trace ---
   at Grpc.Net.Client.Balancer.Internal.ConnectionManager.PickAsync(PickContext context, Boolean waitForReady, CancellationToken cancellationToken)
   at Grpc.Net.Client.Balancer.Internal.BalancerHttpHandler.SendAsync(HttpRequestMessage request, CancellationToken cancellationToken)
   at System.Net.Http.HttpMessageInvoker.<SendAsync>g__SendAsyncWithTelemetry|6_0(HttpMessageHandler handler, HttpRequestMessage request, CancellationToken cancellationToken)
   at Grpc.Net.Client.Internal.GrpcCall`2.RunCall(HttpRequestMessage request, Nullable`1 timeout)
   at Grpc.Net.Client.Internal.GrpcCall`2.GetResponseHeadersCoreAsync()
   at SkyApm.Transport.Grpc.V8.ServiceRegister.<>c__DisplayClass9_0.<<ReportInstancePropertiesAsync>b__0>d.MoveNext()
--- End of stack trace from previous location ---
   at SkyApm.Transport.Grpc.Common.Call.Execute[T](Func`1 task, Func`1 errCallback, Func`1 errMessage)
2025-11-25 16:51:25.984 +08:00 [arswebapiservice001] [Warning] SkyApm.Transport.Grpc.ConnectionManager : Connection state changed. Status(StatusCode="Unavailable", Detail="Error connecting to subchannel.", DebugException="System.Net.Sockets.SocketException: 向一个无法连接的网络尝试了一个套接字操作。")
2025-11-25 16:51:40.975 +08:00 [arswebapiservice001] [Information] SkyApm.Transport.Grpc.ConnectionManager : Shutdown connection[172.20.64.1:11800].
2025-11-25 16:51:40.975 +08:00 [arswebapiservice001] [Information] SkyApm.Transport.Grpc.ConnectionManager : Connected server[172.20.64.1:11800].
2025-11-25 16:51:55.984 +08:00 [arswebapiservice001] [Error] SkyApm.Transport.Grpc.V8.ServiceRegister : Report service instance properties fail.
Grpc.Core.RpcException: Status(StatusCode="Unavailable", Detail="Error connecting to subchannel.", DebugException="System.Net.Sockets.SocketException: 向一个无法连接的网络尝试了一个套接字操作。")
 ---> System.Net.Sockets.SocketException (10051): 向一个无法连接的网络尝试了一个套接字操作。
   at System.Net.Sockets.Socket.AwaitableSocketAsyncEventArgs.System.Threading.Tasks.Sources.IValueTaskSource.GetResult(Int16 token)
   at System.Net.Sockets.Socket.<ConnectAsync>g__WaitForConnectWithCancellation|285_0(AwaitableSocketAsyncEventArgs saea, ValueTask connectTask, CancellationToken cancellationToken)
   at Grpc.Net.Client.Balancer.Internal.SocketConnectivitySubchannelTransport.TryConnectAsync(ConnectContext context, Int32 attempt)
   --- End of inner exception stack trace ---
   at Grpc.Net.Client.Balancer.Internal.ConnectionManager.PickAsync(PickContext context, Boolean waitForReady, CancellationToken cancellationToken)
   at Grpc.Net.Client.Balancer.Internal.BalancerHttpHandler.SendAsync(HttpRequestMessage request, CancellationToken cancellationToken)
   at System.Net.Http.HttpMessageInvoker.<SendAsync>g__SendAsyncWithTelemetry|6_0(HttpMessageHandler handler, HttpRequestMessage request, CancellationToken cancellationToken)
   at Grpc.Net.Client.Internal.GrpcCall`2.RunCall(HttpRequestMessage request, Nullable`1 timeout)
   at Grpc.Net.Client.Internal.GrpcCall`2.GetResponseHeadersCoreAsync()
   at SkyApm.Transport.Grpc.V8.ServiceRegister.<>c__DisplayClass9_0.<<ReportInstancePropertiesAsync>b__0>d.MoveNext()
--- End of stack trace from previous location ---
   at SkyApm.Transport.Grpc.Common.Call.Execute[T](Func`1 task, Func`1 errCallback, Func`1 errMessage)
2025-11-25 16:51:55.984 +08:00 [arswebapiservice001] [Warning] SkyApm.Transport.Grpc.ConnectionManager : Connection state changed. Status(StatusCode="Unavailable", Detail="Error connecting to subchannel.", DebugException="System.Net.Sockets.SocketException: 向一个无法连接的网络尝试了一个套接字操作。")
2025-11-25 16:52:10.978 +08:00 [arswebapiservice001] [Information] SkyApm.Transport.Grpc.ConnectionManager : Shutdown connection[172.20.64.1:11800].
2025-11-25 16:52:10.978 +08:00 [arswebapiservice001] [Information] SkyApm.Transport.Grpc.ConnectionManager : Connected server[172.20.64.1:11800].
2025-11-25 16:52:25.974 +08:00 [arswebapiservice001] [Error] SkyApm.Transport.Grpc.V8.ServiceRegister : Report service instance properties fail.
Grpc.Core.RpcException: Status(StatusCode="Unavailable", Detail="Error connecting to subchannel.", DebugException="System.Net.Sockets.SocketException: 向一个无法连接的网络尝试了一个套接字操作。")
 ---> System.Net.Sockets.SocketException (10051): 向一个无法连接的网络尝试了一个套接字操作。
   at System.Net.Sockets.Socket.AwaitableSocketAsyncEventArgs.System.Threading.Tasks.Sources.IValueTaskSource.GetResult(Int16 token)
   at System.Net.Sockets.Socket.<ConnectAsync>g__WaitForConnectWithCancellation|285_0(AwaitableSocketAsyncEventArgs saea, ValueTask connectTask, CancellationToken cancellationToken)
   at Grpc.Net.Client.Balancer.Internal.SocketConnectivitySubchannelTransport.TryConnectAsync(ConnectContext context, Int32 attempt)
   --- End of inner exception stack trace ---
   at Grpc.Net.Client.Balancer.Internal.ConnectionManager.PickAsync(PickContext context, Boolean waitForReady, CancellationToken cancellationToken)
   at Grpc.Net.Client.Balancer.Internal.BalancerHttpHandler.SendAsync(HttpRequestMessage request, CancellationToken cancellationToken)
   at System.Net.Http.HttpMessageInvoker.<SendAsync>g__SendAsyncWithTelemetry|6_0(HttpMessageHandler handler, HttpRequestMessage request, CancellationToken cancellationToken)
   at Grpc.Net.Client.Internal.GrpcCall`2.RunCall(HttpRequestMessage request, Nullable`1 timeout)
   at Grpc.Net.Client.Internal.GrpcCall`2.GetResponseHeadersCoreAsync()
   at SkyApm.Transport.Grpc.V8.ServiceRegister.<>c__DisplayClass9_0.<<ReportInstancePropertiesAsync>b__0>d.MoveNext()
--- End of stack trace from previous location ---
   at SkyApm.Transport.Grpc.Common.Call.Execute[T](Func`1 task, Func`1 errCallback, Func`1 errMessage)
2025-11-25 16:52:25.974 +08:00 [arswebapiservice001] [Warning] SkyApm.Transport.Grpc.ConnectionManager : Connection state changed. Status(StatusCode="Unavailable", Detail="Error connecting to subchannel.", DebugException="System.Net.Sockets.SocketException: 向一个无法连接的网络尝试了一个套接字操作。")
2025-11-25 16:52:40.978 +08:00 [arswebapiservice001] [Information] SkyApm.Transport.Grpc.ConnectionManager : Shutdown connection[172.20.64.1:11800].
2025-11-25 16:52:40.978 +08:00 [arswebapiservice001] [Information] SkyApm.Transport.Grpc.ConnectionManager : Connected server[172.20.64.1:11800].
2025-11-25 16:52:56.035 +08:00 [arswebapiservice001] [Error] SkyApm.Transport.Grpc.V8.ServiceRegister : Report service instance properties fail.
Grpc.Core.RpcException: Status(StatusCode="Unavailable", Detail="Error connecting to subchannel.", DebugException="System.Net.Sockets.SocketException: 向一个无法连接的网络尝试了一个套接字操作。")
 ---> System.Net.Sockets.SocketException (10051): 向一个无法连接的网络尝试了一个套接字操作。
   at System.Net.Sockets.Socket.AwaitableSocketAsyncEventArgs.System.Threading.Tasks.Sources.IValueTaskSource.GetResult(Int16 token)
   at System.Net.Sockets.Socket.<ConnectAsync>g__WaitForConnectWithCancellation|285_0(AwaitableSocketAsyncEventArgs saea, ValueTask connectTask, CancellationToken cancellationToken)
   at Grpc.Net.Client.Balancer.Internal.SocketConnectivitySubchannelTransport.TryConnectAsync(ConnectContext context, Int32 attempt)
   --- End of inner exception stack trace ---
   at Grpc.Net.Client.Balancer.Internal.ConnectionManager.PickAsync(PickContext context, Boolean waitForReady, CancellationToken cancellationToken)
   at Grpc.Net.Client.Balancer.Internal.BalancerHttpHandler.SendAsync(HttpRequestMessage request, CancellationToken cancellationToken)
   at System.Net.Http.HttpMessageInvoker.<SendAsync>g__SendAsyncWithTelemetry|6_0(HttpMessageHandler handler, HttpRequestMessage request, CancellationToken cancellationToken)
   at Grpc.Net.Client.Internal.GrpcCall`2.RunCall(HttpRequestMessage request, Nullable`1 timeout)
   at Grpc.Net.Client.Internal.GrpcCall`2.GetResponseHeadersCoreAsync()
   at SkyApm.Transport.Grpc.V8.ServiceRegister.<>c__DisplayClass9_0.<<ReportInstancePropertiesAsync>b__0>d.MoveNext()
--- End of stack trace from previous location ---
   at SkyApm.Transport.Grpc.Common.Call.Execute[T](Func`1 task, Func`1 errCallback, Func`1 errMessage)
2025-11-25 16:52:56.036 +08:00 [arswebapiservice001] [Warning] SkyApm.Transport.Grpc.ConnectionManager : Connection state changed. Status(StatusCode="Unavailable", Detail="Error connecting to subchannel.", DebugException="System.Net.Sockets.SocketException: 向一个无法连接的网络尝试了一个套接字操作。")
2025-11-25 16:53:10.971 +08:00 [arswebapiservice001] [Information] SkyApm.Transport.Grpc.ConnectionManager : Shutdown connection[172.20.64.1:11800].
2025-11-25 16:53:10.972 +08:00 [arswebapiservice001] [Information] SkyApm.Transport.Grpc.ConnectionManager : Connected server[172.20.64.1:11800].
2025-11-25 16:53:25.985 +08:00 [arswebapiservice001] [Error] SkyApm.Transport.Grpc.V8.ServiceRegister : Report service instance properties fail.
Grpc.Core.RpcException: Status(StatusCode="Unavailable", Detail="Error connecting to subchannel.", DebugException="System.Net.Sockets.SocketException: 向一个无法连接的网络尝试了一个套接字操作。")
 ---> System.Net.Sockets.SocketException (10051): 向一个无法连接的网络尝试了一个套接字操作。
   at System.Net.Sockets.Socket.AwaitableSocketAsyncEventArgs.System.Threading.Tasks.Sources.IValueTaskSource.GetResult(Int16 token)
   at System.Net.Sockets.Socket.<ConnectAsync>g__WaitForConnectWithCancellation|285_0(AwaitableSocketAsyncEventArgs saea, ValueTask connectTask, CancellationToken cancellationToken)
   at Grpc.Net.Client.Balancer.Internal.SocketConnectivitySubchannelTransport.TryConnectAsync(ConnectContext context, Int32 attempt)
   --- End of inner exception stack trace ---
   at Grpc.Net.Client.Balancer.Internal.ConnectionManager.PickAsync(PickContext context, Boolean waitForReady, CancellationToken cancellationToken)
   at Grpc.Net.Client.Balancer.Internal.BalancerHttpHandler.SendAsync(HttpRequestMessage request, CancellationToken cancellationToken)
   at System.Net.Http.HttpMessageInvoker.<SendAsync>g__SendAsyncWithTelemetry|6_0(HttpMessageHandler handler, HttpRequestMessage request, CancellationToken cancellationToken)
   at Grpc.Net.Client.Internal.GrpcCall`2.RunCall(HttpRequestMessage request, Nullable`1 timeout)
   at Grpc.Net.Client.Internal.GrpcCall`2.GetResponseHeadersCoreAsync()
   at SkyApm.Transport.Grpc.V8.ServiceRegister.<>c__DisplayClass9_0.<<ReportInstancePropertiesAsync>b__0>d.MoveNext()
--- End of stack trace from previous location ---
   at SkyApm.Transport.Grpc.Common.Call.Execute[T](Func`1 task, Func`1 errCallback, Func`1 errMessage)
2025-11-25 16:53:25.986 +08:00 [arswebapiservice001] [Warning] SkyApm.Transport.Grpc.ConnectionManager : Connection state changed. Status(StatusCode="Unavailable", Detail="Error connecting to subchannel.", DebugException="System.Net.Sockets.SocketException: 向一个无法连接的网络尝试了一个套接字操作。")
2025-11-25 16:53:40.978 +08:00 [arswebapiservice001] [Information] SkyApm.Transport.Grpc.ConnectionManager : Shutdown connection[172.20.64.1:11800].
2025-11-25 16:53:40.979 +08:00 [arswebapiservice001] [Information] SkyApm.Transport.Grpc.ConnectionManager : Connected server[172.20.64.1:11800].
2025-11-25 16:53:55.971 +08:00 [arswebapiservice001] [Error] SkyApm.Transport.Grpc.V8.ServiceRegister : Report service instance properties fail.
Grpc.Core.RpcException: Status(StatusCode="Unavailable", Detail="Error connecting to subchannel.", DebugException="System.Net.Sockets.SocketException: 向一个无法连接的网络尝试了一个套接字操作。")
 ---> System.Net.Sockets.SocketException (10051): 向一个无法连接的网络尝试了一个套接字操作。
   at System.Net.Sockets.Socket.AwaitableSocketAsyncEventArgs.System.Threading.Tasks.Sources.IValueTaskSource.GetResult(Int16 token)
   at System.Net.Sockets.Socket.<ConnectAsync>g__WaitForConnectWithCancellation|285_0(AwaitableSocketAsyncEventArgs saea, ValueTask connectTask, CancellationToken cancellationToken)
   at Grpc.Net.Client.Balancer.Internal.SocketConnectivitySubchannelTransport.TryConnectAsync(ConnectContext context, Int32 attempt)
   --- End of inner exception stack trace ---
   at Grpc.Net.Client.Balancer.Internal.ConnectionManager.PickAsync(PickContext context, Boolean waitForReady, CancellationToken cancellationToken)
   at Grpc.Net.Client.Balancer.Internal.BalancerHttpHandler.SendAsync(HttpRequestMessage request, CancellationToken cancellationToken)
   at System.Net.Http.HttpMessageInvoker.<SendAsync>g__SendAsyncWithTelemetry|6_0(HttpMessageHandler handler, HttpRequestMessage request, CancellationToken cancellationToken)
   at Grpc.Net.Client.Internal.GrpcCall`2.RunCall(HttpRequestMessage request, Nullable`1 timeout)
   at Grpc.Net.Client.Internal.GrpcCall`2.GetResponseHeadersCoreAsync()
   at SkyApm.Transport.Grpc.V8.ServiceRegister.<>c__DisplayClass9_0.<<ReportInstancePropertiesAsync>b__0>d.MoveNext()
--- End of stack trace from previous location ---
   at SkyApm.Transport.Grpc.Common.Call.Execute[T](Func`1 task, Func`1 errCallback, Func`1 errMessage)
2025-11-25 16:53:55.971 +08:00 [arswebapiservice001] [Warning] SkyApm.Transport.Grpc.ConnectionManager : Connection state changed. Status(StatusCode="Unavailable", Detail="Error connecting to subchannel.", DebugException="System.Net.Sockets.SocketException: 向一个无法连接的网络尝试了一个套接字操作。")
2025-11-25 16:54:10.965 +08:00 [arswebapiservice001] [Information] SkyApm.Transport.Grpc.ConnectionManager : Shutdown connection[172.20.64.1:11800].
2025-11-25 16:54:10.966 +08:00 [arswebapiservice001] [Information] SkyApm.Transport.Grpc.ConnectionManager : Connected server[172.20.64.1:11800].
2025-11-25 16:54:25.981 +08:00 [arswebapiservice001] [Error] SkyApm.Transport.Grpc.V8.ServiceRegister : Report service instance properties fail.
Grpc.Core.RpcException: Status(StatusCode="Unavailable", Detail="Error connecting to subchannel.", DebugException="System.Net.Sockets.SocketException: 向一个无法连接的网络尝试了一个套接字操作。")
 ---> System.Net.Sockets.SocketException (10051): 向一个无法连接的网络尝试了一个套接字操作。
   at System.Net.Sockets.Socket.AwaitableSocketAsyncEventArgs.System.Threading.Tasks.Sources.IValueTaskSource.GetResult(Int16 token)
   at System.Net.Sockets.Socket.<ConnectAsync>g__WaitForConnectWithCancellation|285_0(AwaitableSocketAsyncEventArgs saea, ValueTask connectTask, CancellationToken cancellationToken)
   at Grpc.Net.Client.Balancer.Internal.SocketConnectivitySubchannelTransport.TryConnectAsync(ConnectContext context, Int32 attempt)
   --- End of inner exception stack trace ---
   at Grpc.Net.Client.Balancer.Internal.ConnectionManager.PickAsync(PickContext context, Boolean waitForReady, CancellationToken cancellationToken)
   at Grpc.Net.Client.Balancer.Internal.BalancerHttpHandler.SendAsync(HttpRequestMessage request, CancellationToken cancellationToken)
   at System.Net.Http.HttpMessageInvoker.<SendAsync>g__SendAsyncWithTelemetry|6_0(HttpMessageHandler handler, HttpRequestMessage request, CancellationToken cancellationToken)
   at Grpc.Net.Client.Internal.GrpcCall`2.RunCall(HttpRequestMessage request, Nullable`1 timeout)
   at Grpc.Net.Client.Internal.GrpcCall`2.GetResponseHeadersCoreAsync()
   at SkyApm.Transport.Grpc.V8.ServiceRegister.<>c__DisplayClass9_0.<<ReportInstancePropertiesAsync>b__0>d.MoveNext()
--- End of stack trace from previous location ---
   at SkyApm.Transport.Grpc.Common.Call.Execute[T](Func`1 task, Func`1 errCallback, Func`1 errMessage)
2025-11-25 16:54:25.981 +08:00 [arswebapiservice001] [Warning] SkyApm.Transport.Grpc.ConnectionManager : Connection state changed. Status(StatusCode="Unavailable", Detail="Error connecting to subchannel.", DebugException="System.Net.Sockets.SocketException: 向一个无法连接的网络尝试了一个套接字操作。")
2025-11-25 16:54:40.969 +08:00 [arswebapiservice001] [Information] SkyApm.Transport.Grpc.ConnectionManager : Shutdown connection[172.20.64.1:11800].
2025-11-25 16:54:40.969 +08:00 [arswebapiservice001] [Information] SkyApm.Transport.Grpc.ConnectionManager : Connected server[172.20.64.1:11800].
2025-11-25 16:54:55.984 +08:00 [arswebapiservice001] [Error] SkyApm.Transport.Grpc.V8.ServiceRegister : Report service instance properties fail.
Grpc.Core.RpcException: Status(StatusCode="Unavailable", Detail="Error connecting to subchannel.", DebugException="System.Net.Sockets.SocketException: 向一个无法连接的网络尝试了一个套接字操作。")
 ---> System.Net.Sockets.SocketException (10051): 向一个无法连接的网络尝试了一个套接字操作。
   at System.Net.Sockets.Socket.AwaitableSocketAsyncEventArgs.System.Threading.Tasks.Sources.IValueTaskSource.GetResult(Int16 token)
   at System.Net.Sockets.Socket.<ConnectAsync>g__WaitForConnectWithCancellation|285_0(AwaitableSocketAsyncEventArgs saea, ValueTask connectTask, CancellationToken cancellationToken)
   at Grpc.Net.Client.Balancer.Internal.SocketConnectivitySubchannelTransport.TryConnectAsync(ConnectContext context, Int32 attempt)
   --- End of inner exception stack trace ---
   at Grpc.Net.Client.Balancer.Internal.ConnectionManager.PickAsync(PickContext context, Boolean waitForReady, CancellationToken cancellationToken)
   at Grpc.Net.Client.Balancer.Internal.BalancerHttpHandler.SendAsync(HttpRequestMessage request, CancellationToken cancellationToken)
   at System.Net.Http.HttpMessageInvoker.<SendAsync>g__SendAsyncWithTelemetry|6_0(HttpMessageHandler handler, HttpRequestMessage request, CancellationToken cancellationToken)
   at Grpc.Net.Client.Internal.GrpcCall`2.RunCall(HttpRequestMessage request, Nullable`1 timeout)
   at Grpc.Net.Client.Internal.GrpcCall`2.GetResponseHeadersCoreAsync()
   at SkyApm.Transport.Grpc.V8.ServiceRegister.<>c__DisplayClass9_0.<<ReportInstancePropertiesAsync>b__0>d.MoveNext()
--- End of stack trace from previous location ---
   at SkyApm.Transport.Grpc.Common.Call.Execute[T](Func`1 task, Func`1 errCallback, Func`1 errMessage)
2025-11-25 16:54:55.984 +08:00 [arswebapiservice001] [Warning] SkyApm.Transport.Grpc.ConnectionManager : Connection state changed. Status(StatusCode="Unavailable", Detail="Error connecting to subchannel.", DebugException="System.Net.Sockets.SocketException: 向一个无法连接的网络尝试了一个套接字操作。")
2025-11-25 16:55:10.969 +08:00 [arswebapiservice001] [Information] SkyApm.Transport.Grpc.ConnectionManager : Shutdown connection[172.20.64.1:11800].
2025-11-25 16:55:10.969 +08:00 [arswebapiservice001] [Information] SkyApm.Transport.Grpc.ConnectionManager : Connected server[172.20.64.1:11800].
2025-11-25 16:55:25.973 +08:00 [arswebapiservice001] [Error] SkyApm.Transport.Grpc.V8.ServiceRegister : Report service instance properties fail.
Grpc.Core.RpcException: Status(StatusCode="Unavailable", Detail="Error connecting to subchannel.", DebugException="System.Net.Sockets.SocketException: 向一个无法连接的网络尝试了一个套接字操作。")
 ---> System.Net.Sockets.SocketException (10051): 向一个无法连接的网络尝试了一个套接字操作。
   at System.Net.Sockets.Socket.AwaitableSocketAsyncEventArgs.System.Threading.Tasks.Sources.IValueTaskSource.GetResult(Int16 token)
   at System.Net.Sockets.Socket.<ConnectAsync>g__WaitForConnectWithCancellation|285_0(AwaitableSocketAsyncEventArgs saea, ValueTask connectTask, CancellationToken cancellationToken)
   at Grpc.Net.Client.Balancer.Internal.SocketConnectivitySubchannelTransport.TryConnectAsync(ConnectContext context, Int32 attempt)
   --- End of inner exception stack trace ---
   at Grpc.Net.Client.Balancer.Internal.ConnectionManager.PickAsync(PickContext context, Boolean waitForReady, CancellationToken cancellationToken)
   at Grpc.Net.Client.Balancer.Internal.BalancerHttpHandler.SendAsync(HttpRequestMessage request, CancellationToken cancellationToken)
   at System.Net.Http.HttpMessageInvoker.<SendAsync>g__SendAsyncWithTelemetry|6_0(HttpMessageHandler handler, HttpRequestMessage request, CancellationToken cancellationToken)
   at Grpc.Net.Client.Internal.GrpcCall`2.RunCall(HttpRequestMessage request, Nullable`1 timeout)
   at Grpc.Net.Client.Internal.GrpcCall`2.GetResponseHeadersCoreAsync()
   at SkyApm.Transport.Grpc.V8.ServiceRegister.<>c__DisplayClass9_0.<<ReportInstancePropertiesAsync>b__0>d.MoveNext()
--- End of stack trace from previous location ---
   at SkyApm.Transport.Grpc.Common.Call.Execute[T](Func`1 task, Func`1 errCallback, Func`1 errMessage)
2025-11-25 16:55:25.973 +08:00 [arswebapiservice001] [Warning] SkyApm.Transport.Grpc.ConnectionManager : Connection state changed. Status(StatusCode="Unavailable", Detail="Error connecting to subchannel.", DebugException="System.Net.Sockets.SocketException: 向一个无法连接的网络尝试了一个套接字操作。")
2025-11-25 16:55:40.968 +08:00 [arswebapiservice001] [Information] SkyApm.Transport.Grpc.ConnectionManager : Shutdown connection[172.20.64.1:11800].
2025-11-25 16:55:40.968 +08:00 [arswebapiservice001] [Information] SkyApm.Transport.Grpc.ConnectionManager : Connected server[172.20.64.1:11800].
2025-11-25 16:55:55.974 +08:00 [arswebapiservice001] [Error] SkyApm.Transport.Grpc.V8.ServiceRegister : Report service instance properties fail.
Grpc.Core.RpcException: Status(StatusCode="Unavailable", Detail="Error connecting to subchannel.", DebugException="System.Net.Sockets.SocketException: 向一个无法连接的网络尝试了一个套接字操作。")
 ---> System.Net.Sockets.SocketException (10051): 向一个无法连接的网络尝试了一个套接字操作。
   at System.Net.Sockets.Socket.AwaitableSocketAsyncEventArgs.System.Threading.Tasks.Sources.IValueTaskSource.GetResult(Int16 token)
   at System.Net.Sockets.Socket.<ConnectAsync>g__WaitForConnectWithCancellation|285_0(AwaitableSocketAsyncEventArgs saea, ValueTask connectTask, CancellationToken cancellationToken)
   at Grpc.Net.Client.Balancer.Internal.SocketConnectivitySubchannelTransport.TryConnectAsync(ConnectContext context, Int32 attempt)
   --- End of inner exception stack trace ---
   at Grpc.Net.Client.Balancer.Internal.ConnectionManager.PickAsync(PickContext context, Boolean waitForReady, CancellationToken cancellationToken)
   at Grpc.Net.Client.Balancer.Internal.BalancerHttpHandler.SendAsync(HttpRequestMessage request, CancellationToken cancellationToken)
   at System.Net.Http.HttpMessageInvoker.<SendAsync>g__SendAsyncWithTelemetry|6_0(HttpMessageHandler handler, HttpRequestMessage request, CancellationToken cancellationToken)
   at Grpc.Net.Client.Internal.GrpcCall`2.RunCall(HttpRequestMessage request, Nullable`1 timeout)
   at Grpc.Net.Client.Internal.GrpcCall`2.GetResponseHeadersCoreAsync()
   at SkyApm.Transport.Grpc.V8.ServiceRegister.<>c__DisplayClass9_0.<<ReportInstancePropertiesAsync>b__0>d.MoveNext()
--- End of stack trace from previous location ---
   at SkyApm.Transport.Grpc.Common.Call.Execute[T](Func`1 task, Func`1 errCallback, Func`1 errMessage)
2025-11-25 16:55:55.974 +08:00 [arswebapiservice001] [Warning] SkyApm.Transport.Grpc.ConnectionManager : Connection state changed. Status(StatusCode="Unavailable", Detail="Error connecting to subchannel.", DebugException="System.Net.Sockets.SocketException: 向一个无法连接的网络尝试了一个套接字操作。")
2025-11-25 16:56:10.976 +08:00 [arswebapiservice001] [Information] SkyApm.Transport.Grpc.ConnectionManager : Shutdown connection[172.20.64.1:11800].
2025-11-25 16:56:10.976 +08:00 [arswebapiservice001] [Information] SkyApm.Transport.Grpc.ConnectionManager : Connected server[172.20.64.1:11800].
2025-11-25 16:56:25.974 +08:00 [arswebapiservice001] [Error] SkyApm.Transport.Grpc.V8.ServiceRegister : Report service instance properties fail.
Grpc.Core.RpcException: Status(StatusCode="Unavailable", Detail="Error connecting to subchannel.", DebugException="System.Net.Sockets.SocketException: 向一个无法连接的网络尝试了一个套接字操作。")
 ---> System.Net.Sockets.SocketException (10051): 向一个无法连接的网络尝试了一个套接字操作。
   at System.Net.Sockets.Socket.AwaitableSocketAsyncEventArgs.System.Threading.Tasks.Sources.IValueTaskSource.GetResult(Int16 token)
   at System.Net.Sockets.Socket.<ConnectAsync>g__WaitForConnectWithCancellation|285_0(AwaitableSocketAsyncEventArgs saea, ValueTask connectTask, CancellationToken cancellationToken)
   at Grpc.Net.Client.Balancer.Internal.SocketConnectivitySubchannelTransport.TryConnectAsync(ConnectContext context, Int32 attempt)
   --- End of inner exception stack trace ---
   at Grpc.Net.Client.Balancer.Internal.ConnectionManager.PickAsync(PickContext context, Boolean waitForReady, CancellationToken cancellationToken)
   at Grpc.Net.Client.Balancer.Internal.BalancerHttpHandler.SendAsync(HttpRequestMessage request, CancellationToken cancellationToken)
   at System.Net.Http.HttpMessageInvoker.<SendAsync>g__SendAsyncWithTelemetry|6_0(HttpMessageHandler handler, HttpRequestMessage request, CancellationToken cancellationToken)
   at Grpc.Net.Client.Internal.GrpcCall`2.RunCall(HttpRequestMessage request, Nullable`1 timeout)
   at Grpc.Net.Client.Internal.GrpcCall`2.GetResponseHeadersCoreAsync()
   at SkyApm.Transport.Grpc.V8.ServiceRegister.<>c__DisplayClass9_0.<<ReportInstancePropertiesAsync>b__0>d.MoveNext()
--- End of stack trace from previous location ---
   at SkyApm.Transport.Grpc.Common.Call.Execute[T](Func`1 task, Func`1 errCallback, Func`1 errMessage)
2025-11-25 16:56:25.974 +08:00 [arswebapiservice001] [Warning] SkyApm.Transport.Grpc.ConnectionManager : Connection state changed. Status(StatusCode="Unavailable", Detail="Error connecting to subchannel.", DebugException="System.Net.Sockets.SocketException: 向一个无法连接的网络尝试了一个套接字操作。")
2025-11-25 16:56:40.966 +08:00 [arswebapiservice001] [Information] SkyApm.Transport.Grpc.ConnectionManager : Shutdown connection[172.20.64.1:11800].
2025-11-25 16:56:40.966 +08:00 [arswebapiservice001] [Information] SkyApm.Transport.Grpc.ConnectionManager : Connected server[172.20.64.1:11800].
2025-11-25 16:56:55.983 +08:00 [arswebapiservice001] [Error] SkyApm.Transport.Grpc.V8.ServiceRegister : Report service instance properties fail.
Grpc.Core.RpcException: Status(StatusCode="Unavailable", Detail="Error connecting to subchannel.", DebugException="System.Net.Sockets.SocketException: 向一个无法连接的网络尝试了一个套接字操作。")
 ---> System.Net.Sockets.SocketException (10051): 向一个无法连接的网络尝试了一个套接字操作。
   at System.Net.Sockets.Socket.AwaitableSocketAsyncEventArgs.System.Threading.Tasks.Sources.IValueTaskSource.GetResult(Int16 token)
   at System.Net.Sockets.Socket.<ConnectAsync>g__WaitForConnectWithCancellation|285_0(AwaitableSocketAsyncEventArgs saea, ValueTask connectTask, CancellationToken cancellationToken)
   at Grpc.Net.Client.Balancer.Internal.SocketConnectivitySubchannelTransport.TryConnectAsync(ConnectContext context, Int32 attempt)
   --- End of inner exception stack trace ---
   at Grpc.Net.Client.Balancer.Internal.ConnectionManager.PickAsync(PickContext context, Boolean waitForReady, CancellationToken cancellationToken)
   at Grpc.Net.Client.Balancer.Internal.BalancerHttpHandler.SendAsync(HttpRequestMessage request, CancellationToken cancellationToken)
   at System.Net.Http.HttpMessageInvoker.<SendAsync>g__SendAsyncWithTelemetry|6_0(HttpMessageHandler handler, HttpRequestMessage request, CancellationToken cancellationToken)
   at Grpc.Net.Client.Internal.GrpcCall`2.RunCall(HttpRequestMessage request, Nullable`1 timeout)
   at Grpc.Net.Client.Internal.GrpcCall`2.GetResponseHeadersCoreAsync()
   at SkyApm.Transport.Grpc.V8.ServiceRegister.<>c__DisplayClass9_0.<<ReportInstancePropertiesAsync>b__0>d.MoveNext()
--- End of stack trace from previous location ---
   at SkyApm.Transport.Grpc.Common.Call.Execute[T](Func`1 task, Func`1 errCallback, Func`1 errMessage)
2025-11-25 16:56:55.983 +08:00 [arswebapiservice001] [Warning] SkyApm.Transport.Grpc.ConnectionManager : Connection state changed. Status(StatusCode="Unavailable", Detail="Error connecting to subchannel.", DebugException="System.Net.Sockets.SocketException: 向一个无法连接的网络尝试了一个套接字操作。")
2025-11-25 16:57:10.980 +08:00 [arswebapiservice001] [Information] SkyApm.Transport.Grpc.ConnectionManager : Shutdown connection[172.20.64.1:11800].
2025-11-25 16:57:10.981 +08:00 [arswebapiservice001] [Information] SkyApm.Transport.Grpc.ConnectionManager : Connected server[172.20.64.1:11800].
2025-11-25 16:57:25.969 +08:00 [arswebapiservice001] [Error] SkyApm.Transport.Grpc.V8.ServiceRegister : Report service instance properties fail.
Grpc.Core.RpcException: Status(StatusCode="Unavailable", Detail="Error connecting to subchannel.", DebugException="System.Net.Sockets.SocketException: 向一个无法连接的网络尝试了一个套接字操作。")
 ---> System.Net.Sockets.SocketException (10051): 向一个无法连接的网络尝试了一个套接字操作。
   at System.Net.Sockets.Socket.AwaitableSocketAsyncEventArgs.System.Threading.Tasks.Sources.IValueTaskSource.GetResult(Int16 token)
   at System.Net.Sockets.Socket.<ConnectAsync>g__WaitForConnectWithCancellation|285_0(AwaitableSocketAsyncEventArgs saea, ValueTask connectTask, CancellationToken cancellationToken)
   at Grpc.Net.Client.Balancer.Internal.SocketConnectivitySubchannelTransport.TryConnectAsync(ConnectContext context, Int32 attempt)
   --- End of inner exception stack trace ---
   at Grpc.Net.Client.Balancer.Internal.ConnectionManager.PickAsync(PickContext context, Boolean waitForReady, CancellationToken cancellationToken)
   at Grpc.Net.Client.Balancer.Internal.BalancerHttpHandler.SendAsync(HttpRequestMessage request, CancellationToken cancellationToken)
   at System.Net.Http.HttpMessageInvoker.<SendAsync>g__SendAsyncWithTelemetry|6_0(HttpMessageHandler handler, HttpRequestMessage request, CancellationToken cancellationToken)
   at Grpc.Net.Client.Internal.GrpcCall`2.RunCall(HttpRequestMessage request, Nullable`1 timeout)
   at Grpc.Net.Client.Internal.GrpcCall`2.GetResponseHeadersCoreAsync()
   at SkyApm.Transport.Grpc.V8.ServiceRegister.<>c__DisplayClass9_0.<<ReportInstancePropertiesAsync>b__0>d.MoveNext()
--- End of stack trace from previous location ---
   at SkyApm.Transport.Grpc.Common.Call.Execute[T](Func`1 task, Func`1 errCallback, Func`1 errMessage)
2025-11-25 16:57:25.970 +08:00 [arswebapiservice001] [Warning] SkyApm.Transport.Grpc.ConnectionManager : Connection state changed. Status(StatusCode="Unavailable", Detail="Error connecting to subchannel.", DebugException="System.Net.Sockets.SocketException: 向一个无法连接的网络尝试了一个套接字操作。")
2025-11-25 16:57:40.976 +08:00 [arswebapiservice001] [Information] SkyApm.Transport.Grpc.ConnectionManager : Shutdown connection[172.20.64.1:11800].
2025-11-25 16:57:40.976 +08:00 [arswebapiservice001] [Information] SkyApm.Transport.Grpc.ConnectionManager : Connected server[172.20.64.1:11800].
2025-11-25 16:57:55.975 +08:00 [arswebapiservice001] [Error] SkyApm.Transport.Grpc.V8.ServiceRegister : Report service instance properties fail.
Grpc.Core.RpcException: Status(StatusCode="Unavailable", Detail="Error connecting to subchannel.", DebugException="System.Net.Sockets.SocketException: 向一个无法连接的网络尝试了一个套接字操作。")
 ---> System.Net.Sockets.SocketException (10051): 向一个无法连接的网络尝试了一个套接字操作。
   at System.Net.Sockets.Socket.AwaitableSocketAsyncEventArgs.System.Threading.Tasks.Sources.IValueTaskSource.GetResult(Int16 token)
   at System.Net.Sockets.Socket.<ConnectAsync>g__WaitForConnectWithCancellation|285_0(AwaitableSocketAsyncEventArgs saea, ValueTask connectTask, CancellationToken cancellationToken)
   at Grpc.Net.Client.Balancer.Internal.SocketConnectivitySubchannelTransport.TryConnectAsync(ConnectContext context, Int32 attempt)
   --- End of inner exception stack trace ---
   at Grpc.Net.Client.Balancer.Internal.ConnectionManager.PickAsync(PickContext context, Boolean waitForReady, CancellationToken cancellationToken)
   at Grpc.Net.Client.Balancer.Internal.BalancerHttpHandler.SendAsync(HttpRequestMessage request, CancellationToken cancellationToken)
   at System.Net.Http.HttpMessageInvoker.<SendAsync>g__SendAsyncWithTelemetry|6_0(HttpMessageHandler handler, HttpRequestMessage request, CancellationToken cancellationToken)
   at Grpc.Net.Client.Internal.GrpcCall`2.RunCall(HttpRequestMessage request, Nullable`1 timeout)
   at Grpc.Net.Client.Internal.GrpcCall`2.GetResponseHeadersCoreAsync()
   at SkyApm.Transport.Grpc.V8.ServiceRegister.<>c__DisplayClass9_0.<<ReportInstancePropertiesAsync>b__0>d.MoveNext()
--- End of stack trace from previous location ---
   at SkyApm.Transport.Grpc.Common.Call.Execute[T](Func`1 task, Func`1 errCallback, Func`1 errMessage)
2025-11-25 16:57:55.975 +08:00 [arswebapiservice001] [Warning] SkyApm.Transport.Grpc.ConnectionManager : Connection state changed. Status(StatusCode="Unavailable", Detail="Error connecting to subchannel.", DebugException="System.Net.Sockets.SocketException: 向一个无法连接的网络尝试了一个套接字操作。")
2025-11-25 16:58:10.976 +08:00 [arswebapiservice001] [Information] SkyApm.Transport.Grpc.ConnectionManager : Shutdown connection[172.20.64.1:11800].
2025-11-25 16:58:10.976 +08:00 [arswebapiservice001] [Information] SkyApm.Transport.Grpc.ConnectionManager : Connected server[172.20.64.1:11800].
2025-11-25 16:58:25.985 +08:00 [arswebapiservice001] [Error] SkyApm.Transport.Grpc.V8.ServiceRegister : Report service instance properties fail.
Grpc.Core.RpcException: Status(StatusCode="Unavailable", Detail="Error connecting to subchannel.", DebugException="System.Net.Sockets.SocketException: 向一个无法连接的网络尝试了一个套接字操作。")
 ---> System.Net.Sockets.SocketException (10051): 向一个无法连接的网络尝试了一个套接字操作。
   at System.Net.Sockets.Socket.AwaitableSocketAsyncEventArgs.System.Threading.Tasks.Sources.IValueTaskSource.GetResult(Int16 token)
   at System.Net.Sockets.Socket.<ConnectAsync>g__WaitForConnectWithCancellation|285_0(AwaitableSocketAsyncEventArgs saea, ValueTask connectTask, CancellationToken cancellationToken)
   at Grpc.Net.Client.Balancer.Internal.SocketConnectivitySubchannelTransport.TryConnectAsync(ConnectContext context, Int32 attempt)
   --- End of inner exception stack trace ---
   at Grpc.Net.Client.Balancer.Internal.ConnectionManager.PickAsync(PickContext context, Boolean waitForReady, CancellationToken cancellationToken)
   at Grpc.Net.Client.Balancer.Internal.BalancerHttpHandler.SendAsync(HttpRequestMessage request, CancellationToken cancellationToken)
   at System.Net.Http.HttpMessageInvoker.<SendAsync>g__SendAsyncWithTelemetry|6_0(HttpMessageHandler handler, HttpRequestMessage request, CancellationToken cancellationToken)
   at Grpc.Net.Client.Internal.GrpcCall`2.RunCall(HttpRequestMessage request, Nullable`1 timeout)
   at Grpc.Net.Client.Internal.GrpcCall`2.GetResponseHeadersCoreAsync()
   at SkyApm.Transport.Grpc.V8.ServiceRegister.<>c__DisplayClass9_0.<<ReportInstancePropertiesAsync>b__0>d.MoveNext()
--- End of stack trace from previous location ---
   at SkyApm.Transport.Grpc.Common.Call.Execute[T](Func`1 task, Func`1 errCallback, Func`1 errMessage)
2025-11-25 16:58:25.985 +08:00 [arswebapiservice001] [Warning] SkyApm.Transport.Grpc.ConnectionManager : Connection state changed. Status(StatusCode="Unavailable", Detail="Error connecting to subchannel.", DebugException="System.Net.Sockets.SocketException: 向一个无法连接的网络尝试了一个套接字操作。")
2025-11-25 16:58:40.964 +08:00 [arswebapiservice001] [Information] SkyApm.Transport.Grpc.ConnectionManager : Shutdown connection[172.20.64.1:11800].
2025-11-25 16:58:40.965 +08:00 [arswebapiservice001] [Information] SkyApm.Transport.Grpc.ConnectionManager : Connected server[172.20.64.1:11800].
2025-11-25 16:58:55.977 +08:00 [arswebapiservice001] [Error] SkyApm.Transport.Grpc.V8.ServiceRegister : Report service instance properties fail.
Grpc.Core.RpcException: Status(StatusCode="Unavailable", Detail="Error connecting to subchannel.", DebugException="System.Net.Sockets.SocketException: 向一个无法连接的网络尝试了一个套接字操作。")
 ---> System.Net.Sockets.SocketException (10051): 向一个无法连接的网络尝试了一个套接字操作。
   at System.Net.Sockets.Socket.AwaitableSocketAsyncEventArgs.System.Threading.Tasks.Sources.IValueTaskSource.GetResult(Int16 token)
   at System.Net.Sockets.Socket.<ConnectAsync>g__WaitForConnectWithCancellation|285_0(AwaitableSocketAsyncEventArgs saea, ValueTask connectTask, CancellationToken cancellationToken)
   at Grpc.Net.Client.Balancer.Internal.SocketConnectivitySubchannelTransport.TryConnectAsync(ConnectContext context, Int32 attempt)
   --- End of inner exception stack trace ---
   at Grpc.Net.Client.Balancer.Internal.ConnectionManager.PickAsync(PickContext context, Boolean waitForReady, CancellationToken cancellationToken)
   at Grpc.Net.Client.Balancer.Internal.BalancerHttpHandler.SendAsync(HttpRequestMessage request, CancellationToken cancellationToken)
   at System.Net.Http.HttpMessageInvoker.<SendAsync>g__SendAsyncWithTelemetry|6_0(HttpMessageHandler handler, HttpRequestMessage request, CancellationToken cancellationToken)
   at Grpc.Net.Client.Internal.GrpcCall`2.RunCall(HttpRequestMessage request, Nullable`1 timeout)
   at Grpc.Net.Client.Internal.GrpcCall`2.GetResponseHeadersCoreAsync()
   at SkyApm.Transport.Grpc.V8.ServiceRegister.<>c__DisplayClass9_0.<<ReportInstancePropertiesAsync>b__0>d.MoveNext()
--- End of stack trace from previous location ---
   at SkyApm.Transport.Grpc.Common.Call.Execute[T](Func`1 task, Func`1 errCallback, Func`1 errMessage)
2025-11-25 16:58:55.977 +08:00 [arswebapiservice001] [Warning] SkyApm.Transport.Grpc.ConnectionManager : Connection state changed. Status(StatusCode="Unavailable", Detail="Error connecting to subchannel.", DebugException="System.Net.Sockets.SocketException: 向一个无法连接的网络尝试了一个套接字操作。")
2025-11-25 16:59:10.966 +08:00 [arswebapiservice001] [Information] SkyApm.Transport.Grpc.ConnectionManager : Shutdown connection[172.20.64.1:11800].
2025-11-25 16:59:10.966 +08:00 [arswebapiservice001] [Information] SkyApm.Transport.Grpc.ConnectionManager : Connected server[172.20.64.1:11800].
2025-11-25 16:59:25.977 +08:00 [arswebapiservice001] [Error] SkyApm.Transport.Grpc.V8.ServiceRegister : Report service instance properties fail.
Grpc.Core.RpcException: Status(StatusCode="Unavailable", Detail="Error connecting to subchannel.", DebugException="System.Net.Sockets.SocketException: 向一个无法连接的网络尝试了一个套接字操作。")
 ---> System.Net.Sockets.SocketException (10051): 向一个无法连接的网络尝试了一个套接字操作。
   at System.Net.Sockets.Socket.AwaitableSocketAsyncEventArgs.System.Threading.Tasks.Sources.IValueTaskSource.GetResult(Int16 token)
   at System.Net.Sockets.Socket.<ConnectAsync>g__WaitForConnectWithCancellation|285_0(AwaitableSocketAsyncEventArgs saea, ValueTask connectTask, CancellationToken cancellationToken)
   at Grpc.Net.Client.Balancer.Internal.SocketConnectivitySubchannelTransport.TryConnectAsync(ConnectContext context, Int32 attempt)
   --- End of inner exception stack trace ---
   at Grpc.Net.Client.Balancer.Internal.ConnectionManager.PickAsync(PickContext context, Boolean waitForReady, CancellationToken cancellationToken)
   at Grpc.Net.Client.Balancer.Internal.BalancerHttpHandler.SendAsync(HttpRequestMessage request, CancellationToken cancellationToken)
   at System.Net.Http.HttpMessageInvoker.<SendAsync>g__SendAsyncWithTelemetry|6_0(HttpMessageHandler handler, HttpRequestMessage request, CancellationToken cancellationToken)
   at Grpc.Net.Client.Internal.GrpcCall`2.RunCall(HttpRequestMessage request, Nullable`1 timeout)
   at Grpc.Net.Client.Internal.GrpcCall`2.GetResponseHeadersCoreAsync()
   at SkyApm.Transport.Grpc.V8.ServiceRegister.<>c__DisplayClass9_0.<<ReportInstancePropertiesAsync>b__0>d.MoveNext()
--- End of stack trace from previous location ---
   at SkyApm.Transport.Grpc.Common.Call.Execute[T](Func`1 task, Func`1 errCallback, Func`1 errMessage)
2025-11-25 16:59:25.977 +08:00 [arswebapiservice001] [Warning] SkyApm.Transport.Grpc.ConnectionManager : Connection state changed. Status(StatusCode="Unavailable", Detail="Error connecting to subchannel.", DebugException="System.Net.Sockets.SocketException: 向一个无法连接的网络尝试了一个套接字操作。")
2025-11-25 16:59:40.978 +08:00 [arswebapiservice001] [Information] SkyApm.Transport.Grpc.ConnectionManager : Shutdown connection[172.20.64.1:11800].
2025-11-25 16:59:40.978 +08:00 [arswebapiservice001] [Information] SkyApm.Transport.Grpc.ConnectionManager : Connected server[172.20.64.1:11800].
2025-11-25 16:59:55.973 +08:00 [arswebapiservice001] [Error] SkyApm.Transport.Grpc.V8.ServiceRegister : Report service instance properties fail.
Grpc.Core.RpcException: Status(StatusCode="Unavailable", Detail="Error connecting to subchannel.", DebugException="System.Net.Sockets.SocketException: 向一个无法连接的网络尝试了一个套接字操作。")
 ---> System.Net.Sockets.SocketException (10051): 向一个无法连接的网络尝试了一个套接字操作。
   at System.Net.Sockets.Socket.AwaitableSocketAsyncEventArgs.System.Threading.Tasks.Sources.IValueTaskSource.GetResult(Int16 token)
   at System.Net.Sockets.Socket.<ConnectAsync>g__WaitForConnectWithCancellation|285_0(AwaitableSocketAsyncEventArgs saea, ValueTask connectTask, CancellationToken cancellationToken)
   at Grpc.Net.Client.Balancer.Internal.SocketConnectivitySubchannelTransport.TryConnectAsync(ConnectContext context, Int32 attempt)
   --- End of inner exception stack trace ---
   at Grpc.Net.Client.Balancer.Internal.ConnectionManager.PickAsync(PickContext context, Boolean waitForReady, CancellationToken cancellationToken)
   at Grpc.Net.Client.Balancer.Internal.BalancerHttpHandler.SendAsync(HttpRequestMessage request, CancellationToken cancellationToken)
   at System.Net.Http.HttpMessageInvoker.<SendAsync>g__SendAsyncWithTelemetry|6_0(HttpMessageHandler handler, HttpRequestMessage request, CancellationToken cancellationToken)
   at Grpc.Net.Client.Internal.GrpcCall`2.RunCall(HttpRequestMessage request, Nullable`1 timeout)
   at Grpc.Net.Client.Internal.GrpcCall`2.GetResponseHeadersCoreAsync()
   at SkyApm.Transport.Grpc.V8.ServiceRegister.<>c__DisplayClass9_0.<<ReportInstancePropertiesAsync>b__0>d.MoveNext()
--- End of stack trace from previous location ---
   at SkyApm.Transport.Grpc.Common.Call.Execute[T](Func`1 task, Func`1 errCallback, Func`1 errMessage)
2025-11-25 16:59:55.973 +08:00 [arswebapiservice001] [Warning] SkyApm.Transport.Grpc.ConnectionManager : Connection state changed. Status(StatusCode="Unavailable", Detail="Error connecting to subchannel.", DebugException="System.Net.Sockets.SocketException: 向一个无法连接的网络尝试了一个套接字操作。")
2025-11-25 17:00:10.965 +08:00 [arswebapiservice001] [Information] SkyApm.Transport.Grpc.ConnectionManager : Shutdown connection[172.20.64.1:11800].
2025-11-25 17:00:10.965 +08:00 [arswebapiservice001] [Information] SkyApm.Transport.Grpc.ConnectionManager : Connected server[172.20.64.1:11800].
2025-11-25 17:00:25.984 +08:00 [arswebapiservice001] [Error] SkyApm.Transport.Grpc.V8.ServiceRegister : Report service instance properties fail.
Grpc.Core.RpcException: Status(StatusCode="Unavailable", Detail="Error connecting to subchannel.", DebugException="System.Net.Sockets.SocketException: 向一个无法连接的网络尝试了一个套接字操作。")
 ---> System.Net.Sockets.SocketException (10051): 向一个无法连接的网络尝试了一个套接字操作。
   at System.Net.Sockets.Socket.AwaitableSocketAsyncEventArgs.System.Threading.Tasks.Sources.IValueTaskSource.GetResult(Int16 token)
   at System.Net.Sockets.Socket.<ConnectAsync>g__WaitForConnectWithCancellation|285_0(AwaitableSocketAsyncEventArgs saea, ValueTask connectTask, CancellationToken cancellationToken)
   at Grpc.Net.Client.Balancer.Internal.SocketConnectivitySubchannelTransport.TryConnectAsync(ConnectContext context, Int32 attempt)
   --- End of inner exception stack trace ---
   at Grpc.Net.Client.Balancer.Internal.ConnectionManager.PickAsync(PickContext context, Boolean waitForReady, CancellationToken cancellationToken)
   at Grpc.Net.Client.Balancer.Internal.BalancerHttpHandler.SendAsync(HttpRequestMessage request, CancellationToken cancellationToken)
   at System.Net.Http.HttpMessageInvoker.<SendAsync>g__SendAsyncWithTelemetry|6_0(HttpMessageHandler handler, HttpRequestMessage request, CancellationToken cancellationToken)
   at Grpc.Net.Client.Internal.GrpcCall`2.RunCall(HttpRequestMessage request, Nullable`1 timeout)
   at Grpc.Net.Client.Internal.GrpcCall`2.GetResponseHeadersCoreAsync()
   at SkyApm.Transport.Grpc.V8.ServiceRegister.<>c__DisplayClass9_0.<<ReportInstancePropertiesAsync>b__0>d.MoveNext()
--- End of stack trace from previous location ---
   at SkyApm.Transport.Grpc.Common.Call.Execute[T](Func`1 task, Func`1 errCallback, Func`1 errMessage)
2025-11-25 17:00:25.984 +08:00 [arswebapiservice001] [Warning] SkyApm.Transport.Grpc.ConnectionManager : Connection state changed. Status(StatusCode="Unavailable", Detail="Error connecting to subchannel.", DebugException="System.Net.Sockets.SocketException: 向一个无法连接的网络尝试了一个套接字操作。")
2025-11-25 17:00:40.978 +08:00 [arswebapiservice001] [Information] SkyApm.Transport.Grpc.ConnectionManager : Shutdown connection[172.20.64.1:11800].
2025-11-25 17:00:40.979 +08:00 [arswebapiservice001] [Information] SkyApm.Transport.Grpc.ConnectionManager : Connected server[172.20.64.1:11800].
2025-11-25 17:00:55.985 +08:00 [arswebapiservice001] [Error] SkyApm.Transport.Grpc.V8.ServiceRegister : Report service instance properties fail.
Grpc.Core.RpcException: Status(StatusCode="Unavailable", Detail="Error connecting to subchannel.", DebugException="System.Net.Sockets.SocketException: 向一个无法连接的网络尝试了一个套接字操作。")
 ---> System.Net.Sockets.SocketException (10051): 向一个无法连接的网络尝试了一个套接字操作。
   at System.Net.Sockets.Socket.AwaitableSocketAsyncEventArgs.System.Threading.Tasks.Sources.IValueTaskSource.GetResult(Int16 token)
   at System.Net.Sockets.Socket.<ConnectAsync>g__WaitForConnectWithCancellation|285_0(AwaitableSocketAsyncEventArgs saea, ValueTask connectTask, CancellationToken cancellationToken)
   at Grpc.Net.Client.Balancer.Internal.SocketConnectivitySubchannelTransport.TryConnectAsync(ConnectContext context, Int32 attempt)
   --- End of inner exception stack trace ---
   at Grpc.Net.Client.Balancer.Internal.ConnectionManager.PickAsync(PickContext context, Boolean waitForReady, CancellationToken cancellationToken)
   at Grpc.Net.Client.Balancer.Internal.BalancerHttpHandler.SendAsync(HttpRequestMessage request, CancellationToken cancellationToken)
   at System.Net.Http.HttpMessageInvoker.<SendAsync>g__SendAsyncWithTelemetry|6_0(HttpMessageHandler handler, HttpRequestMessage request, CancellationToken cancellationToken)
   at Grpc.Net.Client.Internal.GrpcCall`2.RunCall(HttpRequestMessage request, Nullable`1 timeout)
   at Grpc.Net.Client.Internal.GrpcCall`2.GetResponseHeadersCoreAsync()
   at SkyApm.Transport.Grpc.V8.ServiceRegister.<>c__DisplayClass9_0.<<ReportInstancePropertiesAsync>b__0>d.MoveNext()
--- End of stack trace from previous location ---
   at SkyApm.Transport.Grpc.Common.Call.Execute[T](Func`1 task, Func`1 errCallback, Func`1 errMessage)
2025-11-25 17:00:55.985 +08:00 [arswebapiservice001] [Warning] SkyApm.Transport.Grpc.ConnectionManager : Connection state changed. Status(StatusCode="Unavailable", Detail="Error connecting to subchannel.", DebugException="System.Net.Sockets.SocketException: 向一个无法连接的网络尝试了一个套接字操作。")
2025-11-25 17:01:10.974 +08:00 [arswebapiservice001] [Information] SkyApm.Transport.Grpc.ConnectionManager : Shutdown connection[172.20.64.1:11800].
2025-11-25 17:01:10.974 +08:00 [arswebapiservice001] [Information] SkyApm.Transport.Grpc.ConnectionManager : Connected server[172.20.64.1:11800].
2025-11-25 17:01:25.977 +08:00 [arswebapiservice001] [Error] SkyApm.Transport.Grpc.V8.ServiceRegister : Report service instance properties fail.
Grpc.Core.RpcException: Status(StatusCode="Unavailable", Detail="Error connecting to subchannel.", DebugException="System.Net.Sockets.SocketException: 向一个无法连接的网络尝试了一个套接字操作。")
 ---> System.Net.Sockets.SocketException (10051): 向一个无法连接的网络尝试了一个套接字操作。
   at System.Net.Sockets.Socket.AwaitableSocketAsyncEventArgs.System.Threading.Tasks.Sources.IValueTaskSource.GetResult(Int16 token)
   at System.Net.Sockets.Socket.<ConnectAsync>g__WaitForConnectWithCancellation|285_0(AwaitableSocketAsyncEventArgs saea, ValueTask connectTask, CancellationToken cancellationToken)
   at Grpc.Net.Client.Balancer.Internal.SocketConnectivitySubchannelTransport.TryConnectAsync(ConnectContext context, Int32 attempt)
   --- End of inner exception stack trace ---
   at Grpc.Net.Client.Balancer.Internal.ConnectionManager.PickAsync(PickContext context, Boolean waitForReady, CancellationToken cancellationToken)
   at Grpc.Net.Client.Balancer.Internal.BalancerHttpHandler.SendAsync(HttpRequestMessage request, CancellationToken cancellationToken)
   at System.Net.Http.HttpMessageInvoker.<SendAsync>g__SendAsyncWithTelemetry|6_0(HttpMessageHandler handler, HttpRequestMessage request, CancellationToken cancellationToken)
   at Grpc.Net.Client.Internal.GrpcCall`2.RunCall(HttpRequestMessage request, Nullable`1 timeout)
   at Grpc.Net.Client.Internal.GrpcCall`2.GetResponseHeadersCoreAsync()
   at SkyApm.Transport.Grpc.V8.ServiceRegister.<>c__DisplayClass9_0.<<ReportInstancePropertiesAsync>b__0>d.MoveNext()
--- End of stack trace from previous location ---
   at SkyApm.Transport.Grpc.Common.Call.Execute[T](Func`1 task, Func`1 errCallback, Func`1 errMessage)
2025-11-25 17:01:25.978 +08:00 [arswebapiservice001] [Warning] SkyApm.Transport.Grpc.ConnectionManager : Connection state changed. Status(StatusCode="Unavailable", Detail="Error connecting to subchannel.", DebugException="System.Net.Sockets.SocketException: 向一个无法连接的网络尝试了一个套接字操作。")
2025-11-25 17:01:40.980 +08:00 [arswebapiservice001] [Information] SkyApm.Transport.Grpc.ConnectionManager : Shutdown connection[172.20.64.1:11800].
2025-11-25 17:01:40.980 +08:00 [arswebapiservice001] [Information] SkyApm.Transport.Grpc.ConnectionManager : Connected server[172.20.64.1:11800].
2025-11-25 17:01:55.979 +08:00 [arswebapiservice001] [Error] SkyApm.Transport.Grpc.V8.ServiceRegister : Report service instance properties fail.
Grpc.Core.RpcException: Status(StatusCode="Unavailable", Detail="Error connecting to subchannel.", DebugException="System.Net.Sockets.SocketException: 向一个无法连接的网络尝试了一个套接字操作。")
 ---> System.Net.Sockets.SocketException (10051): 向一个无法连接的网络尝试了一个套接字操作。
   at System.Net.Sockets.Socket.AwaitableSocketAsyncEventArgs.System.Threading.Tasks.Sources.IValueTaskSource.GetResult(Int16 token)
   at System.Net.Sockets.Socket.<ConnectAsync>g__WaitForConnectWithCancellation|285_0(AwaitableSocketAsyncEventArgs saea, ValueTask connectTask, CancellationToken cancellationToken)
   at Grpc.Net.Client.Balancer.Internal.SocketConnectivitySubchannelTransport.TryConnectAsync(ConnectContext context, Int32 attempt)
   --- End of inner exception stack trace ---
   at Grpc.Net.Client.Balancer.Internal.ConnectionManager.PickAsync(PickContext context, Boolean waitForReady, CancellationToken cancellationToken)
   at Grpc.Net.Client.Balancer.Internal.BalancerHttpHandler.SendAsync(HttpRequestMessage request, CancellationToken cancellationToken)
   at System.Net.Http.HttpMessageInvoker.<SendAsync>g__SendAsyncWithTelemetry|6_0(HttpMessageHandler handler, HttpRequestMessage request, CancellationToken cancellationToken)
   at Grpc.Net.Client.Internal.GrpcCall`2.RunCall(HttpRequestMessage request, Nullable`1 timeout)
   at Grpc.Net.Client.Internal.GrpcCall`2.GetResponseHeadersCoreAsync()
   at SkyApm.Transport.Grpc.V8.ServiceRegister.<>c__DisplayClass9_0.<<ReportInstancePropertiesAsync>b__0>d.MoveNext()
--- End of stack trace from previous location ---
   at SkyApm.Transport.Grpc.Common.Call.Execute[T](Func`1 task, Func`1 errCallback, Func`1 errMessage)
2025-11-25 17:01:55.979 +08:00 [arswebapiservice001] [Warning] SkyApm.Transport.Grpc.ConnectionManager : Connection state changed. Status(StatusCode="Unavailable", Detail="Error connecting to subchannel.", DebugException="System.Net.Sockets.SocketException: 向一个无法连接的网络尝试了一个套接字操作。")
2025-11-25 17:02:10.974 +08:00 [arswebapiservice001] [Information] SkyApm.Transport.Grpc.ConnectionManager : Shutdown connection[172.20.64.1:11800].
2025-11-25 17:02:10.974 +08:00 [arswebapiservice001] [Information] SkyApm.Transport.Grpc.ConnectionManager : Connected server[172.20.64.1:11800].
2025-11-25 17:02:25.986 +08:00 [arswebapiservice001] [Error] SkyApm.Transport.Grpc.V8.ServiceRegister : Report service instance properties fail.
Grpc.Core.RpcException: Status(StatusCode="Unavailable", Detail="Error connecting to subchannel.", DebugException="System.Net.Sockets.SocketException: 向一个无法连接的网络尝试了一个套接字操作。")
 ---> System.Net.Sockets.SocketException (10051): 向一个无法连接的网络尝试了一个套接字操作。
   at System.Net.Sockets.Socket.AwaitableSocketAsyncEventArgs.System.Threading.Tasks.Sources.IValueTaskSource.GetResult(Int16 token)
   at System.Net.Sockets.Socket.<ConnectAsync>g__WaitForConnectWithCancellation|285_0(AwaitableSocketAsyncEventArgs saea, ValueTask connectTask, CancellationToken cancellationToken)
   at Grpc.Net.Client.Balancer.Internal.SocketConnectivitySubchannelTransport.TryConnectAsync(ConnectContext context, Int32 attempt)
   --- End of inner exception stack trace ---
   at Grpc.Net.Client.Balancer.Internal.ConnectionManager.PickAsync(PickContext context, Boolean waitForReady, CancellationToken cancellationToken)
   at Grpc.Net.Client.Balancer.Internal.BalancerHttpHandler.SendAsync(HttpRequestMessage request, CancellationToken cancellationToken)
   at System.Net.Http.HttpMessageInvoker.<SendAsync>g__SendAsyncWithTelemetry|6_0(HttpMessageHandler handler, HttpRequestMessage request, CancellationToken cancellationToken)
   at Grpc.Net.Client.Internal.GrpcCall`2.RunCall(HttpRequestMessage request, Nullable`1 timeout)
   at Grpc.Net.Client.Internal.GrpcCall`2.GetResponseHeadersCoreAsync()
   at SkyApm.Transport.Grpc.V8.ServiceRegister.<>c__DisplayClass9_0.<<ReportInstancePropertiesAsync>b__0>d.MoveNext()
--- End of stack trace from previous location ---
   at SkyApm.Transport.Grpc.Common.Call.Execute[T](Func`1 task, Func`1 errCallback, Func`1 errMessage)
2025-11-25 17:02:25.986 +08:00 [arswebapiservice001] [Warning] SkyApm.Transport.Grpc.ConnectionManager : Connection state changed. Status(StatusCode="Unavailable", Detail="Error connecting to subchannel.", DebugException="System.Net.Sockets.SocketException: 向一个无法连接的网络尝试了一个套接字操作。")
2025-11-25 17:02:40.966 +08:00 [arswebapiservice001] [Information] SkyApm.Transport.Grpc.ConnectionManager : Shutdown connection[172.20.64.1:11800].
2025-11-25 17:02:40.967 +08:00 [arswebapiservice001] [Information] SkyApm.Transport.Grpc.ConnectionManager : Connected server[172.20.64.1:11800].
2025-11-25 17:02:55.974 +08:00 [arswebapiservice001] [Error] SkyApm.Transport.Grpc.V8.ServiceRegister : Report service instance properties fail.
Grpc.Core.RpcException: Status(StatusCode="Unavailable", Detail="Error connecting to subchannel.", DebugException="System.Net.Sockets.SocketException: 向一个无法连接的网络尝试了一个套接字操作。")
 ---> System.Net.Sockets.SocketException (10051): 向一个无法连接的网络尝试了一个套接字操作。
   at System.Net.Sockets.Socket.AwaitableSocketAsyncEventArgs.System.Threading.Tasks.Sources.IValueTaskSource.GetResult(Int16 token)
   at System.Net.Sockets.Socket.<ConnectAsync>g__WaitForConnectWithCancellation|285_0(AwaitableSocketAsyncEventArgs saea, ValueTask connectTask, CancellationToken cancellationToken)
   at Grpc.Net.Client.Balancer.Internal.SocketConnectivitySubchannelTransport.TryConnectAsync(ConnectContext context, Int32 attempt)
   --- End of inner exception stack trace ---
   at Grpc.Net.Client.Balancer.Internal.ConnectionManager.PickAsync(PickContext context, Boolean waitForReady, CancellationToken cancellationToken)
   at Grpc.Net.Client.Balancer.Internal.BalancerHttpHandler.SendAsync(HttpRequestMessage request, CancellationToken cancellationToken)
   at System.Net.Http.HttpMessageInvoker.<SendAsync>g__SendAsyncWithTelemetry|6_0(HttpMessageHandler handler, HttpRequestMessage request, CancellationToken cancellationToken)
   at Grpc.Net.Client.Internal.GrpcCall`2.RunCall(HttpRequestMessage request, Nullable`1 timeout)
   at Grpc.Net.Client.Internal.GrpcCall`2.GetResponseHeadersCoreAsync()
   at SkyApm.Transport.Grpc.V8.ServiceRegister.<>c__DisplayClass9_0.<<ReportInstancePropertiesAsync>b__0>d.MoveNext()
--- End of stack trace from previous location ---
   at SkyApm.Transport.Grpc.Common.Call.Execute[T](Func`1 task, Func`1 errCallback, Func`1 errMessage)
2025-11-25 17:02:55.974 +08:00 [arswebapiservice001] [Warning] SkyApm.Transport.Grpc.ConnectionManager : Connection state changed. Status(StatusCode="Unavailable", Detail="Error connecting to subchannel.", DebugException="System.Net.Sockets.SocketException: 向一个无法连接的网络尝试了一个套接字操作。")
2025-11-25 17:03:10.974 +08:00 [arswebapiservice001] [Information] SkyApm.Transport.Grpc.ConnectionManager : Shutdown connection[172.20.64.1:11800].
2025-11-25 17:03:10.975 +08:00 [arswebapiservice001] [Information] SkyApm.Transport.Grpc.ConnectionManager : Connected server[172.20.64.1:11800].
2025-11-25 17:03:25.982 +08:00 [arswebapiservice001] [Error] SkyApm.Transport.Grpc.V8.ServiceRegister : Report service instance properties fail.
Grpc.Core.RpcException: Status(StatusCode="Unavailable", Detail="Error connecting to subchannel.", DebugException="System.Net.Sockets.SocketException: 向一个无法连接的网络尝试了一个套接字操作。")
 ---> System.Net.Sockets.SocketException (10051): 向一个无法连接的网络尝试了一个套接字操作。
   at System.Net.Sockets.Socket.AwaitableSocketAsyncEventArgs.System.Threading.Tasks.Sources.IValueTaskSource.GetResult(Int16 token)
   at System.Net.Sockets.Socket.<ConnectAsync>g__WaitForConnectWithCancellation|285_0(AwaitableSocketAsyncEventArgs saea, ValueTask connectTask, CancellationToken cancellationToken)
   at Grpc.Net.Client.Balancer.Internal.SocketConnectivitySubchannelTransport.TryConnectAsync(ConnectContext context, Int32 attempt)
   --- End of inner exception stack trace ---
   at Grpc.Net.Client.Balancer.Internal.ConnectionManager.PickAsync(PickContext context, Boolean waitForReady, CancellationToken cancellationToken)
   at Grpc.Net.Client.Balancer.Internal.BalancerHttpHandler.SendAsync(HttpRequestMessage request, CancellationToken cancellationToken)
   at System.Net.Http.HttpMessageInvoker.<SendAsync>g__SendAsyncWithTelemetry|6_0(HttpMessageHandler handler, HttpRequestMessage request, CancellationToken cancellationToken)
   at Grpc.Net.Client.Internal.GrpcCall`2.RunCall(HttpRequestMessage request, Nullable`1 timeout)
   at Grpc.Net.Client.Internal.GrpcCall`2.GetResponseHeadersCoreAsync()
   at SkyApm.Transport.Grpc.V8.ServiceRegister.<>c__DisplayClass9_0.<<ReportInstancePropertiesAsync>b__0>d.MoveNext()
--- End of stack trace from previous location ---
   at SkyApm.Transport.Grpc.Common.Call.Execute[T](Func`1 task, Func`1 errCallback, Func`1 errMessage)
2025-11-25 17:03:25.982 +08:00 [arswebapiservice001] [Warning] SkyApm.Transport.Grpc.ConnectionManager : Connection state changed. Status(StatusCode="Unavailable", Detail="Error connecting to subchannel.", DebugException="System.Net.Sockets.SocketException: 向一个无法连接的网络尝试了一个套接字操作。")
2025-11-25 17:03:40.969 +08:00 [arswebapiservice001] [Information] SkyApm.Transport.Grpc.ConnectionManager : Shutdown connection[172.20.64.1:11800].
2025-11-25 17:03:40.970 +08:00 [arswebapiservice001] [Information] SkyApm.Transport.Grpc.ConnectionManager : Connected server[172.20.64.1:11800].
2025-11-25 17:03:55.973 +08:00 [arswebapiservice001] [Error] SkyApm.Transport.Grpc.V8.ServiceRegister : Report service instance properties fail.
Grpc.Core.RpcException: Status(StatusCode="Unavailable", Detail="Error connecting to subchannel.", DebugException="System.Net.Sockets.SocketException: 向一个无法连接的网络尝试了一个套接字操作。")
 ---> System.Net.Sockets.SocketException (10051): 向一个无法连接的网络尝试了一个套接字操作。
   at System.Net.Sockets.Socket.AwaitableSocketAsyncEventArgs.System.Threading.Tasks.Sources.IValueTaskSource.GetResult(Int16 token)
   at System.Net.Sockets.Socket.<ConnectAsync>g__WaitForConnectWithCancellation|285_0(AwaitableSocketAsyncEventArgs saea, ValueTask connectTask, CancellationToken cancellationToken)
   at Grpc.Net.Client.Balancer.Internal.SocketConnectivitySubchannelTransport.TryConnectAsync(ConnectContext context, Int32 attempt)
   --- End of inner exception stack trace ---
   at Grpc.Net.Client.Balancer.Internal.ConnectionManager.PickAsync(PickContext context, Boolean waitForReady, CancellationToken cancellationToken)
   at Grpc.Net.Client.Balancer.Internal.BalancerHttpHandler.SendAsync(HttpRequestMessage request, CancellationToken cancellationToken)
   at System.Net.Http.HttpMessageInvoker.<SendAsync>g__SendAsyncWithTelemetry|6_0(HttpMessageHandler handler, HttpRequestMessage request, CancellationToken cancellationToken)
   at Grpc.Net.Client.Internal.GrpcCall`2.RunCall(HttpRequestMessage request, Nullable`1 timeout)
   at Grpc.Net.Client.Internal.GrpcCall`2.GetResponseHeadersCoreAsync()
   at SkyApm.Transport.Grpc.V8.ServiceRegister.<>c__DisplayClass9_0.<<ReportInstancePropertiesAsync>b__0>d.MoveNext()
--- End of stack trace from previous location ---
   at SkyApm.Transport.Grpc.Common.Call.Execute[T](Func`1 task, Func`1 errCallback, Func`1 errMessage)
2025-11-25 17:03:55.973 +08:00 [arswebapiservice001] [Warning] SkyApm.Transport.Grpc.ConnectionManager : Connection state changed. Status(StatusCode="Unavailable", Detail="Error connecting to subchannel.", DebugException="System.Net.Sockets.SocketException: 向一个无法连接的网络尝试了一个套接字操作。")
2025-11-25 17:04:10.970 +08:00 [arswebapiservice001] [Information] SkyApm.Transport.Grpc.ConnectionManager : Shutdown connection[172.20.64.1:11800].
2025-11-25 17:04:10.970 +08:00 [arswebapiservice001] [Information] SkyApm.Transport.Grpc.ConnectionManager : Connected server[172.20.64.1:11800].
2025-11-25 17:04:25.980 +08:00 [arswebapiservice001] [Error] SkyApm.Transport.Grpc.V8.ServiceRegister : Report service instance properties fail.
Grpc.Core.RpcException: Status(StatusCode="Unavailable", Detail="Error connecting to subchannel.", DebugException="System.Net.Sockets.SocketException: 向一个无法连接的网络尝试了一个套接字操作。")
 ---> System.Net.Sockets.SocketException (10051): 向一个无法连接的网络尝试了一个套接字操作。
   at System.Net.Sockets.Socket.AwaitableSocketAsyncEventArgs.System.Threading.Tasks.Sources.IValueTaskSource.GetResult(Int16 token)
   at System.Net.Sockets.Socket.<ConnectAsync>g__WaitForConnectWithCancellation|285_0(AwaitableSocketAsyncEventArgs saea, ValueTask connectTask, CancellationToken cancellationToken)
   at Grpc.Net.Client.Balancer.Internal.SocketConnectivitySubchannelTransport.TryConnectAsync(ConnectContext context, Int32 attempt)
   --- End of inner exception stack trace ---
   at Grpc.Net.Client.Balancer.Internal.ConnectionManager.PickAsync(PickContext context, Boolean waitForReady, CancellationToken cancellationToken)
   at Grpc.Net.Client.Balancer.Internal.BalancerHttpHandler.SendAsync(HttpRequestMessage request, CancellationToken cancellationToken)
   at System.Net.Http.HttpMessageInvoker.<SendAsync>g__SendAsyncWithTelemetry|6_0(HttpMessageHandler handler, HttpRequestMessage request, CancellationToken cancellationToken)
   at Grpc.Net.Client.Internal.GrpcCall`2.RunCall(HttpRequestMessage request, Nullable`1 timeout)
   at Grpc.Net.Client.Internal.GrpcCall`2.GetResponseHeadersCoreAsync()
   at SkyApm.Transport.Grpc.V8.ServiceRegister.<>c__DisplayClass9_0.<<ReportInstancePropertiesAsync>b__0>d.MoveNext()
--- End of stack trace from previous location ---
   at SkyApm.Transport.Grpc.Common.Call.Execute[T](Func`1 task, Func`1 errCallback, Func`1 errMessage)
2025-11-25 17:04:25.980 +08:00 [arswebapiservice001] [Warning] SkyApm.Transport.Grpc.ConnectionManager : Connection state changed. Status(StatusCode="Unavailable", Detail="Error connecting to subchannel.", DebugException="System.Net.Sockets.SocketException: 向一个无法连接的网络尝试了一个套接字操作。")
2025-11-25 17:04:40.976 +08:00 [arswebapiservice001] [Information] SkyApm.Transport.Grpc.ConnectionManager : Shutdown connection[172.20.64.1:11800].
2025-11-25 17:04:40.976 +08:00 [arswebapiservice001] [Information] SkyApm.Transport.Grpc.ConnectionManager : Connected server[172.20.64.1:11800].
2025-11-25 17:04:55.980 +08:00 [arswebapiservice001] [Error] SkyApm.Transport.Grpc.V8.ServiceRegister : Report service instance properties fail.
Grpc.Core.RpcException: Status(StatusCode="Unavailable", Detail="Error connecting to subchannel.", DebugException="System.Net.Sockets.SocketException: 向一个无法连接的网络尝试了一个套接字操作。")
 ---> System.Net.Sockets.SocketException (10051): 向一个无法连接的网络尝试了一个套接字操作。
   at System.Net.Sockets.Socket.AwaitableSocketAsyncEventArgs.System.Threading.Tasks.Sources.IValueTaskSource.GetResult(Int16 token)
   at System.Net.Sockets.Socket.<ConnectAsync>g__WaitForConnectWithCancellation|285_0(AwaitableSocketAsyncEventArgs saea, ValueTask connectTask, CancellationToken cancellationToken)
   at Grpc.Net.Client.Balancer.Internal.SocketConnectivitySubchannelTransport.TryConnectAsync(ConnectContext context, Int32 attempt)
   --- End of inner exception stack trace ---
   at Grpc.Net.Client.Balancer.Internal.ConnectionManager.PickAsync(PickContext context, Boolean waitForReady, CancellationToken cancellationToken)
   at Grpc.Net.Client.Balancer.Internal.BalancerHttpHandler.SendAsync(HttpRequestMessage request, CancellationToken cancellationToken)
   at System.Net.Http.HttpMessageInvoker.<SendAsync>g__SendAsyncWithTelemetry|6_0(HttpMessageHandler handler, HttpRequestMessage request, CancellationToken cancellationToken)
   at Grpc.Net.Client.Internal.GrpcCall`2.RunCall(HttpRequestMessage request, Nullable`1 timeout)
   at Grpc.Net.Client.Internal.GrpcCall`2.GetResponseHeadersCoreAsync()
   at SkyApm.Transport.Grpc.V8.ServiceRegister.<>c__DisplayClass9_0.<<ReportInstancePropertiesAsync>b__0>d.MoveNext()
--- End of stack trace from previous location ---
   at SkyApm.Transport.Grpc.Common.Call.Execute[T](Func`1 task, Func`1 errCallback, Func`1 errMessage)
2025-11-25 17:04:55.980 +08:00 [arswebapiservice001] [Warning] SkyApm.Transport.Grpc.ConnectionManager : Connection state changed. Status(StatusCode="Unavailable", Detail="Error connecting to subchannel.", DebugException="System.Net.Sockets.SocketException: 向一个无法连接的网络尝试了一个套接字操作。")
2025-11-25 17:05:10.976 +08:00 [arswebapiservice001] [Information] SkyApm.Transport.Grpc.ConnectionManager : Shutdown connection[172.20.64.1:11800].
2025-11-25 17:05:10.976 +08:00 [arswebapiservice001] [Information] SkyApm.Transport.Grpc.ConnectionManager : Connected server[172.20.64.1:11800].
2025-11-25 17:05:25.972 +08:00 [arswebapiservice001] [Error] SkyApm.Transport.Grpc.V8.ServiceRegister : Report service instance properties fail.
Grpc.Core.RpcException: Status(StatusCode="Unavailable", Detail="Error connecting to subchannel.", DebugException="System.Net.Sockets.SocketException: 向一个无法连接的网络尝试了一个套接字操作。")
 ---> System.Net.Sockets.SocketException (10051): 向一个无法连接的网络尝试了一个套接字操作。
   at System.Net.Sockets.Socket.AwaitableSocketAsyncEventArgs.System.Threading.Tasks.Sources.IValueTaskSource.GetResult(Int16 token)
   at System.Net.Sockets.Socket.<ConnectAsync>g__WaitForConnectWithCancellation|285_0(AwaitableSocketAsyncEventArgs saea, ValueTask connectTask, CancellationToken cancellationToken)
   at Grpc.Net.Client.Balancer.Internal.SocketConnectivitySubchannelTransport.TryConnectAsync(ConnectContext context, Int32 attempt)
   --- End of inner exception stack trace ---
   at Grpc.Net.Client.Balancer.Internal.ConnectionManager.PickAsync(PickContext context, Boolean waitForReady, CancellationToken cancellationToken)
   at Grpc.Net.Client.Balancer.Internal.BalancerHttpHandler.SendAsync(HttpRequestMessage request, CancellationToken cancellationToken)
   at System.Net.Http.HttpMessageInvoker.<SendAsync>g__SendAsyncWithTelemetry|6_0(HttpMessageHandler handler, HttpRequestMessage request, CancellationToken cancellationToken)
   at Grpc.Net.Client.Internal.GrpcCall`2.RunCall(HttpRequestMessage request, Nullable`1 timeout)
   at Grpc.Net.Client.Internal.GrpcCall`2.GetResponseHeadersCoreAsync()
   at SkyApm.Transport.Grpc.V8.ServiceRegister.<>c__DisplayClass9_0.<<ReportInstancePropertiesAsync>b__0>d.MoveNext()
--- End of stack trace from previous location ---
   at SkyApm.Transport.Grpc.Common.Call.Execute[T](Func`1 task, Func`1 errCallback, Func`1 errMessage)
2025-11-25 17:05:25.972 +08:00 [arswebapiservice001] [Warning] SkyApm.Transport.Grpc.ConnectionManager : Connection state changed. Status(StatusCode="Unavailable", Detail="Error connecting to subchannel.", DebugException="System.Net.Sockets.SocketException: 向一个无法连接的网络尝试了一个套接字操作。")
2025-11-25 17:05:40.964 +08:00 [arswebapiservice001] [Information] SkyApm.Transport.Grpc.ConnectionManager : Shutdown connection[172.20.64.1:11800].
2025-11-25 17:05:40.964 +08:00 [arswebapiservice001] [Information] SkyApm.Transport.Grpc.ConnectionManager : Connected server[172.20.64.1:11800].
2025-11-25 17:05:55.981 +08:00 [arswebapiservice001] [Error] SkyApm.Transport.Grpc.V8.ServiceRegister : Report service instance properties fail.
Grpc.Core.RpcException: Status(StatusCode="Unavailable", Detail="Error connecting to subchannel.", DebugException="System.Net.Sockets.SocketException: 向一个无法连接的网络尝试了一个套接字操作。")
 ---> System.Net.Sockets.SocketException (10051): 向一个无法连接的网络尝试了一个套接字操作。
   at System.Net.Sockets.Socket.AwaitableSocketAsyncEventArgs.System.Threading.Tasks.Sources.IValueTaskSource.GetResult(Int16 token)
   at System.Net.Sockets.Socket.<ConnectAsync>g__WaitForConnectWithCancellation|285_0(AwaitableSocketAsyncEventArgs saea, ValueTask connectTask, CancellationToken cancellationToken)
   at Grpc.Net.Client.Balancer.Internal.SocketConnectivitySubchannelTransport.TryConnectAsync(ConnectContext context, Int32 attempt)
   --- End of inner exception stack trace ---
   at Grpc.Net.Client.Balancer.Internal.ConnectionManager.PickAsync(PickContext context, Boolean waitForReady, CancellationToken cancellationToken)
   at Grpc.Net.Client.Balancer.Internal.BalancerHttpHandler.SendAsync(HttpRequestMessage request, CancellationToken cancellationToken)
   at System.Net.Http.HttpMessageInvoker.<SendAsync>g__SendAsyncWithTelemetry|6_0(HttpMessageHandler handler, HttpRequestMessage request, CancellationToken cancellationToken)
   at Grpc.Net.Client.Internal.GrpcCall`2.RunCall(HttpRequestMessage request, Nullable`1 timeout)
   at Grpc.Net.Client.Internal.GrpcCall`2.GetResponseHeadersCoreAsync()
   at SkyApm.Transport.Grpc.V8.ServiceRegister.<>c__DisplayClass9_0.<<ReportInstancePropertiesAsync>b__0>d.MoveNext()
--- End of stack trace from previous location ---
   at SkyApm.Transport.Grpc.Common.Call.Execute[T](Func`1 task, Func`1 errCallback, Func`1 errMessage)
2025-11-25 17:05:55.981 +08:00 [arswebapiservice001] [Warning] SkyApm.Transport.Grpc.ConnectionManager : Connection state changed. Status(StatusCode="Unavailable", Detail="Error connecting to subchannel.", DebugException="System.Net.Sockets.SocketException: 向一个无法连接的网络尝试了一个套接字操作。")
2025-11-25 17:06:10.965 +08:00 [arswebapiservice001] [Information] SkyApm.Transport.Grpc.ConnectionManager : Shutdown connection[172.20.64.1:11800].
2025-11-25 17:06:10.965 +08:00 [arswebapiservice001] [Information] SkyApm.Transport.Grpc.ConnectionManager : Connected server[172.20.64.1:11800].
2025-11-25 17:06:25.978 +08:00 [arswebapiservice001] [Error] SkyApm.Transport.Grpc.V8.ServiceRegister : Report service instance properties fail.
Grpc.Core.RpcException: Status(StatusCode="Unavailable", Detail="Error connecting to subchannel.", DebugException="System.Net.Sockets.SocketException: 向一个无法连接的网络尝试了一个套接字操作。")
 ---> System.Net.Sockets.SocketException (10051): 向一个无法连接的网络尝试了一个套接字操作。
   at System.Net.Sockets.Socket.AwaitableSocketAsyncEventArgs.System.Threading.Tasks.Sources.IValueTaskSource.GetResult(Int16 token)
   at System.Net.Sockets.Socket.<ConnectAsync>g__WaitForConnectWithCancellation|285_0(AwaitableSocketAsyncEventArgs saea, ValueTask connectTask, CancellationToken cancellationToken)
   at Grpc.Net.Client.Balancer.Internal.SocketConnectivitySubchannelTransport.TryConnectAsync(ConnectContext context, Int32 attempt)
   --- End of inner exception stack trace ---
   at Grpc.Net.Client.Balancer.Internal.ConnectionManager.PickAsync(PickContext context, Boolean waitForReady, CancellationToken cancellationToken)
   at Grpc.Net.Client.Balancer.Internal.BalancerHttpHandler.SendAsync(HttpRequestMessage request, CancellationToken cancellationToken)
   at System.Net.Http.HttpMessageInvoker.<SendAsync>g__SendAsyncWithTelemetry|6_0(HttpMessageHandler handler, HttpRequestMessage request, CancellationToken cancellationToken)
   at Grpc.Net.Client.Internal.GrpcCall`2.RunCall(HttpRequestMessage request, Nullable`1 timeout)
   at Grpc.Net.Client.Internal.GrpcCall`2.GetResponseHeadersCoreAsync()
   at SkyApm.Transport.Grpc.V8.ServiceRegister.<>c__DisplayClass9_0.<<ReportInstancePropertiesAsync>b__0>d.MoveNext()
--- End of stack trace from previous location ---
   at SkyApm.Transport.Grpc.Common.Call.Execute[T](Func`1 task, Func`1 errCallback, Func`1 errMessage)
2025-11-25 17:06:25.978 +08:00 [arswebapiservice001] [Warning] SkyApm.Transport.Grpc.ConnectionManager : Connection state changed. Status(StatusCode="Unavailable", Detail="Error connecting to subchannel.", DebugException="System.Net.Sockets.SocketException: 向一个无法连接的网络尝试了一个套接字操作。")
2025-11-25 17:06:40.974 +08:00 [arswebapiservice001] [Information] SkyApm.Transport.Grpc.ConnectionManager : Shutdown connection[172.20.64.1:11800].
2025-11-25 17:06:40.975 +08:00 [arswebapiservice001] [Information] SkyApm.Transport.Grpc.ConnectionManager : Connected server[172.20.64.1:11800].
2025-11-25 17:06:55.982 +08:00 [arswebapiservice001] [Error] SkyApm.Transport.Grpc.V8.ServiceRegister : Report service instance properties fail.
Grpc.Core.RpcException: Status(StatusCode="Unavailable", Detail="Error connecting to subchannel.", DebugException="System.Net.Sockets.SocketException: 向一个无法连接的网络尝试了一个套接字操作。")
 ---> System.Net.Sockets.SocketException (10051): 向一个无法连接的网络尝试了一个套接字操作。
   at System.Net.Sockets.Socket.AwaitableSocketAsyncEventArgs.System.Threading.Tasks.Sources.IValueTaskSource.GetResult(Int16 token)
   at System.Net.Sockets.Socket.<ConnectAsync>g__WaitForConnectWithCancellation|285_0(AwaitableSocketAsyncEventArgs saea, ValueTask connectTask, CancellationToken cancellationToken)
   at Grpc.Net.Client.Balancer.Internal.SocketConnectivitySubchannelTransport.TryConnectAsync(ConnectContext context, Int32 attempt)
   --- End of inner exception stack trace ---
   at Grpc.Net.Client.Balancer.Internal.ConnectionManager.PickAsync(PickContext context, Boolean waitForReady, CancellationToken cancellationToken)
   at Grpc.Net.Client.Balancer.Internal.BalancerHttpHandler.SendAsync(HttpRequestMessage request, CancellationToken cancellationToken)
   at System.Net.Http.HttpMessageInvoker.<SendAsync>g__SendAsyncWithTelemetry|6_0(HttpMessageHandler handler, HttpRequestMessage request, CancellationToken cancellationToken)
   at Grpc.Net.Client.Internal.GrpcCall`2.RunCall(HttpRequestMessage request, Nullable`1 timeout)
   at Grpc.Net.Client.Internal.GrpcCall`2.GetResponseHeadersCoreAsync()
   at SkyApm.Transport.Grpc.V8.ServiceRegister.<>c__DisplayClass9_0.<<ReportInstancePropertiesAsync>b__0>d.MoveNext()
--- End of stack trace from previous location ---
   at SkyApm.Transport.Grpc.Common.Call.Execute[T](Func`1 task, Func`1 errCallback, Func`1 errMessage)
2025-11-25 17:06:55.982 +08:00 [arswebapiservice001] [Warning] SkyApm.Transport.Grpc.ConnectionManager : Connection state changed. Status(StatusCode="Unavailable", Detail="Error connecting to subchannel.", DebugException="System.Net.Sockets.SocketException: 向一个无法连接的网络尝试了一个套接字操作。")
2025-11-25 17:07:10.969 +08:00 [arswebapiservice001] [Information] SkyApm.Transport.Grpc.ConnectionManager : Shutdown connection[172.20.64.1:11800].
2025-11-25 17:07:10.969 +08:00 [arswebapiservice001] [Information] SkyApm.Transport.Grpc.ConnectionManager : Connected server[172.20.64.1:11800].
2025-11-25 17:07:25.971 +08:00 [arswebapiservice001] [Error] SkyApm.Transport.Grpc.V8.ServiceRegister : Report service instance properties fail.
Grpc.Core.RpcException: Status(StatusCode="Unavailable", Detail="Error connecting to subchannel.", DebugException="System.Net.Sockets.SocketException: 向一个无法连接的网络尝试了一个套接字操作。")
 ---> System.Net.Sockets.SocketException (10051): 向一个无法连接的网络尝试了一个套接字操作。
   at System.Net.Sockets.Socket.AwaitableSocketAsyncEventArgs.System.Threading.Tasks.Sources.IValueTaskSource.GetResult(Int16 token)
   at System.Net.Sockets.Socket.<ConnectAsync>g__WaitForConnectWithCancellation|285_0(AwaitableSocketAsyncEventArgs saea, ValueTask connectTask, CancellationToken cancellationToken)
   at Grpc.Net.Client.Balancer.Internal.SocketConnectivitySubchannelTransport.TryConnectAsync(ConnectContext context, Int32 attempt)
   --- End of inner exception stack trace ---
   at Grpc.Net.Client.Balancer.Internal.ConnectionManager.PickAsync(PickContext context, Boolean waitForReady, CancellationToken cancellationToken)
   at Grpc.Net.Client.Balancer.Internal.BalancerHttpHandler.SendAsync(HttpRequestMessage request, CancellationToken cancellationToken)
   at System.Net.Http.HttpMessageInvoker.<SendAsync>g__SendAsyncWithTelemetry|6_0(HttpMessageHandler handler, HttpRequestMessage request, CancellationToken cancellationToken)
   at Grpc.Net.Client.Internal.GrpcCall`2.RunCall(HttpRequestMessage request, Nullable`1 timeout)
   at Grpc.Net.Client.Internal.GrpcCall`2.GetResponseHeadersCoreAsync()
   at SkyApm.Transport.Grpc.V8.ServiceRegister.<>c__DisplayClass9_0.<<ReportInstancePropertiesAsync>b__0>d.MoveNext()
--- End of stack trace from previous location ---
   at SkyApm.Transport.Grpc.Common.Call.Execute[T](Func`1 task, Func`1 errCallback, Func`1 errMessage)
2025-11-25 17:07:25.971 +08:00 [arswebapiservice001] [Warning] SkyApm.Transport.Grpc.ConnectionManager : Connection state changed. Status(StatusCode="Unavailable", Detail="Error connecting to subchannel.", DebugException="System.Net.Sockets.SocketException: 向一个无法连接的网络尝试了一个套接字操作。")
2025-11-25 17:07:40.978 +08:00 [arswebapiservice001] [Information] SkyApm.Transport.Grpc.ConnectionManager : Shutdown connection[172.20.64.1:11800].
2025-11-25 17:07:40.978 +08:00 [arswebapiservice001] [Information] SkyApm.Transport.Grpc.ConnectionManager : Connected server[172.20.64.1:11800].
2025-11-25 17:07:55.982 +08:00 [arswebapiservice001] [Error] SkyApm.Transport.Grpc.V8.ServiceRegister : Report service instance properties fail.
Grpc.Core.RpcException: Status(StatusCode="Unavailable", Detail="Error connecting to subchannel.", DebugException="System.Net.Sockets.SocketException: 向一个无法连接的网络尝试了一个套接字操作。")
 ---> System.Net.Sockets.SocketException (10051): 向一个无法连接的网络尝试了一个套接字操作。
   at System.Net.Sockets.Socket.AwaitableSocketAsyncEventArgs.System.Threading.Tasks.Sources.IValueTaskSource.GetResult(Int16 token)
   at System.Net.Sockets.Socket.<ConnectAsync>g__WaitForConnectWithCancellation|285_0(AwaitableSocketAsyncEventArgs saea, ValueTask connectTask, CancellationToken cancellationToken)
   at Grpc.Net.Client.Balancer.Internal.SocketConnectivitySubchannelTransport.TryConnectAsync(ConnectContext context, Int32 attempt)
   --- End of inner exception stack trace ---
   at Grpc.Net.Client.Balancer.Internal.ConnectionManager.PickAsync(PickContext context, Boolean waitForReady, CancellationToken cancellationToken)
   at Grpc.Net.Client.Balancer.Internal.BalancerHttpHandler.SendAsync(HttpRequestMessage request, CancellationToken cancellationToken)
   at System.Net.Http.HttpMessageInvoker.<SendAsync>g__SendAsyncWithTelemetry|6_0(HttpMessageHandler handler, HttpRequestMessage request, CancellationToken cancellationToken)
   at Grpc.Net.Client.Internal.GrpcCall`2.RunCall(HttpRequestMessage request, Nullable`1 timeout)
   at Grpc.Net.Client.Internal.GrpcCall`2.GetResponseHeadersCoreAsync()
   at SkyApm.Transport.Grpc.V8.ServiceRegister.<>c__DisplayClass9_0.<<ReportInstancePropertiesAsync>b__0>d.MoveNext()
--- End of stack trace from previous location ---
   at SkyApm.Transport.Grpc.Common.Call.Execute[T](Func`1 task, Func`1 errCallback, Func`1 errMessage)
2025-11-25 17:07:55.982 +08:00 [arswebapiservice001] [Warning] SkyApm.Transport.Grpc.ConnectionManager : Connection state changed. Status(StatusCode="Unavailable", Detail="Error connecting to subchannel.", DebugException="System.Net.Sockets.SocketException: 向一个无法连接的网络尝试了一个套接字操作。")
2025-11-25 17:08:10.970 +08:00 [arswebapiservice001] [Information] SkyApm.Transport.Grpc.ConnectionManager : Shutdown connection[172.20.64.1:11800].
2025-11-25 17:08:10.971 +08:00 [arswebapiservice001] [Information] SkyApm.Transport.Grpc.ConnectionManager : Connected server[172.20.64.1:11800].
2025-11-25 17:08:25.983 +08:00 [arswebapiservice001] [Error] SkyApm.Transport.Grpc.V8.ServiceRegister : Report service instance properties fail.
Grpc.Core.RpcException: Status(StatusCode="Unavailable", Detail="Error connecting to subchannel.", DebugException="System.Net.Sockets.SocketException: 向一个无法连接的网络尝试了一个套接字操作。")
 ---> System.Net.Sockets.SocketException (10051): 向一个无法连接的网络尝试了一个套接字操作。
   at System.Net.Sockets.Socket.AwaitableSocketAsyncEventArgs.System.Threading.Tasks.Sources.IValueTaskSource.GetResult(Int16 token)
   at System.Net.Sockets.Socket.<ConnectAsync>g__WaitForConnectWithCancellation|285_0(AwaitableSocketAsyncEventArgs saea, ValueTask connectTask, CancellationToken cancellationToken)
   at Grpc.Net.Client.Balancer.Internal.SocketConnectivitySubchannelTransport.TryConnectAsync(ConnectContext context, Int32 attempt)
   --- End of inner exception stack trace ---
   at Grpc.Net.Client.Balancer.Internal.ConnectionManager.PickAsync(PickContext context, Boolean waitForReady, CancellationToken cancellationToken)
   at Grpc.Net.Client.Balancer.Internal.BalancerHttpHandler.SendAsync(HttpRequestMessage request, CancellationToken cancellationToken)
   at System.Net.Http.HttpMessageInvoker.<SendAsync>g__SendAsyncWithTelemetry|6_0(HttpMessageHandler handler, HttpRequestMessage request, CancellationToken cancellationToken)
   at Grpc.Net.Client.Internal.GrpcCall`2.RunCall(HttpRequestMessage request, Nullable`1 timeout)
   at Grpc.Net.Client.Internal.GrpcCall`2.GetResponseHeadersCoreAsync()
   at SkyApm.Transport.Grpc.V8.ServiceRegister.<>c__DisplayClass9_0.<<ReportInstancePropertiesAsync>b__0>d.MoveNext()
--- End of stack trace from previous location ---
   at SkyApm.Transport.Grpc.Common.Call.Execute[T](Func`1 task, Func`1 errCallback, Func`1 errMessage)
2025-11-25 17:08:25.983 +08:00 [arswebapiservice001] [Warning] SkyApm.Transport.Grpc.ConnectionManager : Connection state changed. Status(StatusCode="Unavailable", Detail="Error connecting to subchannel.", DebugException="System.Net.Sockets.SocketException: 向一个无法连接的网络尝试了一个套接字操作。")
2025-11-25 17:08:40.966 +08:00 [arswebapiservice001] [Information] SkyApm.Transport.Grpc.ConnectionManager : Shutdown connection[172.20.64.1:11800].
2025-11-25 17:08:40.966 +08:00 [arswebapiservice001] [Information] SkyApm.Transport.Grpc.ConnectionManager : Connected server[172.20.64.1:11800].
2025-11-25 17:08:55.975 +08:00 [arswebapiservice001] [Error] SkyApm.Transport.Grpc.V8.ServiceRegister : Report service instance properties fail.
Grpc.Core.RpcException: Status(StatusCode="Unavailable", Detail="Error connecting to subchannel.", DebugException="System.Net.Sockets.SocketException: 向一个无法连接的网络尝试了一个套接字操作。")
 ---> System.Net.Sockets.SocketException (10051): 向一个无法连接的网络尝试了一个套接字操作。
   at System.Net.Sockets.Socket.AwaitableSocketAsyncEventArgs.System.Threading.Tasks.Sources.IValueTaskSource.GetResult(Int16 token)
   at System.Net.Sockets.Socket.<ConnectAsync>g__WaitForConnectWithCancellation|285_0(AwaitableSocketAsyncEventArgs saea, ValueTask connectTask, CancellationToken cancellationToken)
   at Grpc.Net.Client.Balancer.Internal.SocketConnectivitySubchannelTransport.TryConnectAsync(ConnectContext context, Int32 attempt)
   --- End of inner exception stack trace ---
   at Grpc.Net.Client.Balancer.Internal.ConnectionManager.PickAsync(PickContext context, Boolean waitForReady, CancellationToken cancellationToken)
   at Grpc.Net.Client.Balancer.Internal.BalancerHttpHandler.SendAsync(HttpRequestMessage request, CancellationToken cancellationToken)
   at System.Net.Http.HttpMessageInvoker.<SendAsync>g__SendAsyncWithTelemetry|6_0(HttpMessageHandler handler, HttpRequestMessage request, CancellationToken cancellationToken)
   at Grpc.Net.Client.Internal.GrpcCall`2.RunCall(HttpRequestMessage request, Nullable`1 timeout)
   at Grpc.Net.Client.Internal.GrpcCall`2.GetResponseHeadersCoreAsync()
   at SkyApm.Transport.Grpc.V8.ServiceRegister.<>c__DisplayClass9_0.<<ReportInstancePropertiesAsync>b__0>d.MoveNext()
--- End of stack trace from previous location ---
   at SkyApm.Transport.Grpc.Common.Call.Execute[T](Func`1 task, Func`1 errCallback, Func`1 errMessage)
2025-11-25 17:08:55.975 +08:00 [arswebapiservice001] [Warning] SkyApm.Transport.Grpc.ConnectionManager : Connection state changed. Status(StatusCode="Unavailable", Detail="Error connecting to subchannel.", DebugException="System.Net.Sockets.SocketException: 向一个无法连接的网络尝试了一个套接字操作。")
2025-11-25 17:09:10.977 +08:00 [arswebapiservice001] [Information] SkyApm.Transport.Grpc.ConnectionManager : Shutdown connection[172.20.64.1:11800].
2025-11-25 17:09:10.977 +08:00 [arswebapiservice001] [Information] SkyApm.Transport.Grpc.ConnectionManager : Connected server[172.20.64.1:11800].
2025-11-25 17:09:25.972 +08:00 [arswebapiservice001] [Error] SkyApm.Transport.Grpc.V8.ServiceRegister : Report service instance properties fail.
Grpc.Core.RpcException: Status(StatusCode="Unavailable", Detail="Error connecting to subchannel.", DebugException="System.Net.Sockets.SocketException: 向一个无法连接的网络尝试了一个套接字操作。")
 ---> System.Net.Sockets.SocketException (10051): 向一个无法连接的网络尝试了一个套接字操作。
   at System.Net.Sockets.Socket.AwaitableSocketAsyncEventArgs.System.Threading.Tasks.Sources.IValueTaskSource.GetResult(Int16 token)
   at System.Net.Sockets.Socket.<ConnectAsync>g__WaitForConnectWithCancellation|285_0(AwaitableSocketAsyncEventArgs saea, ValueTask connectTask, CancellationToken cancellationToken)
   at Grpc.Net.Client.Balancer.Internal.SocketConnectivitySubchannelTransport.TryConnectAsync(ConnectContext context, Int32 attempt)
   --- End of inner exception stack trace ---
   at Grpc.Net.Client.Balancer.Internal.ConnectionManager.PickAsync(PickContext context, Boolean waitForReady, CancellationToken cancellationToken)
   at Grpc.Net.Client.Balancer.Internal.BalancerHttpHandler.SendAsync(HttpRequestMessage request, CancellationToken cancellationToken)
   at System.Net.Http.HttpMessageInvoker.<SendAsync>g__SendAsyncWithTelemetry|6_0(HttpMessageHandler handler, HttpRequestMessage request, CancellationToken cancellationToken)
   at Grpc.Net.Client.Internal.GrpcCall`2.RunCall(HttpRequestMessage request, Nullable`1 timeout)
   at Grpc.Net.Client.Internal.GrpcCall`2.GetResponseHeadersCoreAsync()
   at SkyApm.Transport.Grpc.V8.ServiceRegister.<>c__DisplayClass9_0.<<ReportInstancePropertiesAsync>b__0>d.MoveNext()
--- End of stack trace from previous location ---
   at SkyApm.Transport.Grpc.Common.Call.Execute[T](Func`1 task, Func`1 errCallback, Func`1 errMessage)
2025-11-25 17:09:25.972 +08:00 [arswebapiservice001] [Warning] SkyApm.Transport.Grpc.ConnectionManager : Connection state changed. Status(StatusCode="Unavailable", Detail="Error connecting to subchannel.", DebugException="System.Net.Sockets.SocketException: 向一个无法连接的网络尝试了一个套接字操作。")
2025-11-25 17:09:40.973 +08:00 [arswebapiservice001] [Information] SkyApm.Transport.Grpc.ConnectionManager : Shutdown connection[172.20.64.1:11800].
2025-11-25 17:09:40.973 +08:00 [arswebapiservice001] [Information] SkyApm.Transport.Grpc.ConnectionManager : Connected server[172.20.64.1:11800].
2025-11-25 17:09:55.983 +08:00 [arswebapiservice001] [Error] SkyApm.Transport.Grpc.V8.ServiceRegister : Report service instance properties fail.
Grpc.Core.RpcException: Status(StatusCode="Unavailable", Detail="Error connecting to subchannel.", DebugException="System.Net.Sockets.SocketException: 向一个无法连接的网络尝试了一个套接字操作。")
 ---> System.Net.Sockets.SocketException (10051): 向一个无法连接的网络尝试了一个套接字操作。
   at System.Net.Sockets.Socket.AwaitableSocketAsyncEventArgs.System.Threading.Tasks.Sources.IValueTaskSource.GetResult(Int16 token)
   at System.Net.Sockets.Socket.<ConnectAsync>g__WaitForConnectWithCancellation|285_0(AwaitableSocketAsyncEventArgs saea, ValueTask connectTask, CancellationToken cancellationToken)
   at Grpc.Net.Client.Balancer.Internal.SocketConnectivitySubchannelTransport.TryConnectAsync(ConnectContext context, Int32 attempt)
   --- End of inner exception stack trace ---
   at Grpc.Net.Client.Balancer.Internal.ConnectionManager.PickAsync(PickContext context, Boolean waitForReady, CancellationToken cancellationToken)
   at Grpc.Net.Client.Balancer.Internal.BalancerHttpHandler.SendAsync(HttpRequestMessage request, CancellationToken cancellationToken)
   at System.Net.Http.HttpMessageInvoker.<SendAsync>g__SendAsyncWithTelemetry|6_0(HttpMessageHandler handler, HttpRequestMessage request, CancellationToken cancellationToken)
   at Grpc.Net.Client.Internal.GrpcCall`2.RunCall(HttpRequestMessage request, Nullable`1 timeout)
   at Grpc.Net.Client.Internal.GrpcCall`2.GetResponseHeadersCoreAsync()
   at SkyApm.Transport.Grpc.V8.ServiceRegister.<>c__DisplayClass9_0.<<ReportInstancePropertiesAsync>b__0>d.MoveNext()
--- End of stack trace from previous location ---
   at SkyApm.Transport.Grpc.Common.Call.Execute[T](Func`1 task, Func`1 errCallback, Func`1 errMessage)
2025-11-25 17:09:55.983 +08:00 [arswebapiservice001] [Warning] SkyApm.Transport.Grpc.ConnectionManager : Connection state changed. Status(StatusCode="Unavailable", Detail="Error connecting to subchannel.", DebugException="System.Net.Sockets.SocketException: 向一个无法连接的网络尝试了一个套接字操作。")
2025-11-25 17:10:10.970 +08:00 [arswebapiservice001] [Information] SkyApm.Transport.Grpc.ConnectionManager : Shutdown connection[172.20.64.1:11800].
2025-11-25 17:10:10.970 +08:00 [arswebapiservice001] [Information] SkyApm.Transport.Grpc.ConnectionManager : Connected server[172.20.64.1:11800].
2025-11-25 17:10:25.979 +08:00 [arswebapiservice001] [Error] SkyApm.Transport.Grpc.V8.ServiceRegister : Report service instance properties fail.
Grpc.Core.RpcException: Status(StatusCode="Unavailable", Detail="Error connecting to subchannel.", DebugException="System.Net.Sockets.SocketException: 向一个无法连接的网络尝试了一个套接字操作。")
 ---> System.Net.Sockets.SocketException (10051): 向一个无法连接的网络尝试了一个套接字操作。
   at System.Net.Sockets.Socket.AwaitableSocketAsyncEventArgs.System.Threading.Tasks.Sources.IValueTaskSource.GetResult(Int16 token)
   at System.Net.Sockets.Socket.<ConnectAsync>g__WaitForConnectWithCancellation|285_0(AwaitableSocketAsyncEventArgs saea, ValueTask connectTask, CancellationToken cancellationToken)
   at Grpc.Net.Client.Balancer.Internal.SocketConnectivitySubchannelTransport.TryConnectAsync(ConnectContext context, Int32 attempt)
   --- End of inner exception stack trace ---
   at Grpc.Net.Client.Balancer.Internal.ConnectionManager.PickAsync(PickContext context, Boolean waitForReady, CancellationToken cancellationToken)
   at Grpc.Net.Client.Balancer.Internal.BalancerHttpHandler.SendAsync(HttpRequestMessage request, CancellationToken cancellationToken)
   at System.Net.Http.HttpMessageInvoker.<SendAsync>g__SendAsyncWithTelemetry|6_0(HttpMessageHandler handler, HttpRequestMessage request, CancellationToken cancellationToken)
   at Grpc.Net.Client.Internal.GrpcCall`2.RunCall(HttpRequestMessage request, Nullable`1 timeout)
   at Grpc.Net.Client.Internal.GrpcCall`2.GetResponseHeadersCoreAsync()
   at SkyApm.Transport.Grpc.V8.ServiceRegister.<>c__DisplayClass9_0.<<ReportInstancePropertiesAsync>b__0>d.MoveNext()
--- End of stack trace from previous location ---
   at SkyApm.Transport.Grpc.Common.Call.Execute[T](Func`1 task, Func`1 errCallback, Func`1 errMessage)
2025-11-25 17:10:25.979 +08:00 [arswebapiservice001] [Warning] SkyApm.Transport.Grpc.ConnectionManager : Connection state changed. Status(StatusCode="Unavailable", Detail="Error connecting to subchannel.", DebugException="System.Net.Sockets.SocketException: 向一个无法连接的网络尝试了一个套接字操作。")
2025-11-25 17:10:40.979 +08:00 [arswebapiservice001] [Information] SkyApm.Transport.Grpc.ConnectionManager : Shutdown connection[172.20.64.1:11800].
2025-11-25 17:10:40.979 +08:00 [arswebapiservice001] [Information] SkyApm.Transport.Grpc.ConnectionManager : Connected server[172.20.64.1:11800].
2025-11-25 17:10:55.982 +08:00 [arswebapiservice001] [Error] SkyApm.Transport.Grpc.V8.ServiceRegister : Report service instance properties fail.
Grpc.Core.RpcException: Status(StatusCode="Unavailable", Detail="Error connecting to subchannel.", DebugException="System.Net.Sockets.SocketException: 向一个无法连接的网络尝试了一个套接字操作。")
 ---> System.Net.Sockets.SocketException (10051): 向一个无法连接的网络尝试了一个套接字操作。
   at System.Net.Sockets.Socket.AwaitableSocketAsyncEventArgs.System.Threading.Tasks.Sources.IValueTaskSource.GetResult(Int16 token)
   at System.Net.Sockets.Socket.<ConnectAsync>g__WaitForConnectWithCancellation|285_0(AwaitableSocketAsyncEventArgs saea, ValueTask connectTask, CancellationToken cancellationToken)
   at Grpc.Net.Client.Balancer.Internal.SocketConnectivitySubchannelTransport.TryConnectAsync(ConnectContext context, Int32 attempt)
   --- End of inner exception stack trace ---
   at Grpc.Net.Client.Balancer.Internal.ConnectionManager.PickAsync(PickContext context, Boolean waitForReady, CancellationToken cancellationToken)
   at Grpc.Net.Client.Balancer.Internal.BalancerHttpHandler.SendAsync(HttpRequestMessage request, CancellationToken cancellationToken)
   at System.Net.Http.HttpMessageInvoker.<SendAsync>g__SendAsyncWithTelemetry|6_0(HttpMessageHandler handler, HttpRequestMessage request, CancellationToken cancellationToken)
   at Grpc.Net.Client.Internal.GrpcCall`2.RunCall(HttpRequestMessage request, Nullable`1 timeout)
   at Grpc.Net.Client.Internal.GrpcCall`2.GetResponseHeadersCoreAsync()
   at SkyApm.Transport.Grpc.V8.ServiceRegister.<>c__DisplayClass9_0.<<ReportInstancePropertiesAsync>b__0>d.MoveNext()
--- End of stack trace from previous location ---
   at SkyApm.Transport.Grpc.Common.Call.Execute[T](Func`1 task, Func`1 errCallback, Func`1 errMessage)
2025-11-25 17:10:55.982 +08:00 [arswebapiservice001] [Warning] SkyApm.Transport.Grpc.ConnectionManager : Connection state changed. Status(StatusCode="Unavailable", Detail="Error connecting to subchannel.", DebugException="System.Net.Sockets.SocketException: 向一个无法连接的网络尝试了一个套接字操作。")
2025-11-25 17:11:10.965 +08:00 [arswebapiservice001] [Information] SkyApm.Transport.Grpc.ConnectionManager : Shutdown connection[172.20.64.1:11800].
2025-11-25 17:11:10.965 +08:00 [arswebapiservice001] [Information] SkyApm.Transport.Grpc.ConnectionManager : Connected server[172.20.64.1:11800].
2025-11-25 17:11:25.982 +08:00 [arswebapiservice001] [Error] SkyApm.Transport.Grpc.V8.ServiceRegister : Report service instance properties fail.
Grpc.Core.RpcException: Status(StatusCode="Unavailable", Detail="Error connecting to subchannel.", DebugException="System.Net.Sockets.SocketException: 向一个无法连接的网络尝试了一个套接字操作。")
 ---> System.Net.Sockets.SocketException (10051): 向一个无法连接的网络尝试了一个套接字操作。
   at System.Net.Sockets.Socket.AwaitableSocketAsyncEventArgs.System.Threading.Tasks.Sources.IValueTaskSource.GetResult(Int16 token)
   at System.Net.Sockets.Socket.<ConnectAsync>g__WaitForConnectWithCancellation|285_0(AwaitableSocketAsyncEventArgs saea, ValueTask connectTask, CancellationToken cancellationToken)
   at Grpc.Net.Client.Balancer.Internal.SocketConnectivitySubchannelTransport.TryConnectAsync(ConnectContext context, Int32 attempt)
   --- End of inner exception stack trace ---
   at Grpc.Net.Client.Balancer.Internal.ConnectionManager.PickAsync(PickContext context, Boolean waitForReady, CancellationToken cancellationToken)
   at Grpc.Net.Client.Balancer.Internal.BalancerHttpHandler.SendAsync(HttpRequestMessage request, CancellationToken cancellationToken)
   at System.Net.Http.HttpMessageInvoker.<SendAsync>g__SendAsyncWithTelemetry|6_0(HttpMessageHandler handler, HttpRequestMessage request, CancellationToken cancellationToken)
   at Grpc.Net.Client.Internal.GrpcCall`2.RunCall(HttpRequestMessage request, Nullable`1 timeout)
   at Grpc.Net.Client.Internal.GrpcCall`2.GetResponseHeadersCoreAsync()
   at SkyApm.Transport.Grpc.V8.ServiceRegister.<>c__DisplayClass9_0.<<ReportInstancePropertiesAsync>b__0>d.MoveNext()
--- End of stack trace from previous location ---
   at SkyApm.Transport.Grpc.Common.Call.Execute[T](Func`1 task, Func`1 errCallback, Func`1 errMessage)
2025-11-25 17:11:25.982 +08:00 [arswebapiservice001] [Warning] SkyApm.Transport.Grpc.ConnectionManager : Connection state changed. Status(StatusCode="Unavailable", Detail="Error connecting to subchannel.", DebugException="System.Net.Sockets.SocketException: 向一个无法连接的网络尝试了一个套接字操作。")
2025-11-25 17:11:40.972 +08:00 [arswebapiservice001] [Information] SkyApm.Transport.Grpc.ConnectionManager : Shutdown connection[172.20.64.1:11800].
2025-11-25 17:11:40.972 +08:00 [arswebapiservice001] [Information] SkyApm.Transport.Grpc.ConnectionManager : Connected server[172.20.64.1:11800].
2025-11-25 17:11:55.982 +08:00 [arswebapiservice001] [Error] SkyApm.Transport.Grpc.V8.ServiceRegister : Report service instance properties fail.
Grpc.Core.RpcException: Status(StatusCode="Unavailable", Detail="Error connecting to subchannel.", DebugException="System.Net.Sockets.SocketException: 向一个无法连接的网络尝试了一个套接字操作。")
 ---> System.Net.Sockets.SocketException (10051): 向一个无法连接的网络尝试了一个套接字操作。
   at System.Net.Sockets.Socket.AwaitableSocketAsyncEventArgs.System.Threading.Tasks.Sources.IValueTaskSource.GetResult(Int16 token)
   at System.Net.Sockets.Socket.<ConnectAsync>g__WaitForConnectWithCancellation|285_0(AwaitableSocketAsyncEventArgs saea, ValueTask connectTask, CancellationToken cancellationToken)
   at Grpc.Net.Client.Balancer.Internal.SocketConnectivitySubchannelTransport.TryConnectAsync(ConnectContext context, Int32 attempt)
   --- End of inner exception stack trace ---
   at Grpc.Net.Client.Balancer.Internal.ConnectionManager.PickAsync(PickContext context, Boolean waitForReady, CancellationToken cancellationToken)
   at Grpc.Net.Client.Balancer.Internal.BalancerHttpHandler.SendAsync(HttpRequestMessage request, CancellationToken cancellationToken)
   at System.Net.Http.HttpMessageInvoker.<SendAsync>g__SendAsyncWithTelemetry|6_0(HttpMessageHandler handler, HttpRequestMessage request, CancellationToken cancellationToken)
   at Grpc.Net.Client.Internal.GrpcCall`2.RunCall(HttpRequestMessage request, Nullable`1 timeout)
   at Grpc.Net.Client.Internal.GrpcCall`2.GetResponseHeadersCoreAsync()
   at SkyApm.Transport.Grpc.V8.ServiceRegister.<>c__DisplayClass9_0.<<ReportInstancePropertiesAsync>b__0>d.MoveNext()
--- End of stack trace from previous location ---
   at SkyApm.Transport.Grpc.Common.Call.Execute[T](Func`1 task, Func`1 errCallback, Func`1 errMessage)
2025-11-25 17:11:55.982 +08:00 [arswebapiservice001] [Warning] SkyApm.Transport.Grpc.ConnectionManager : Connection state changed. Status(StatusCode="Unavailable", Detail="Error connecting to subchannel.", DebugException="System.Net.Sockets.SocketException: 向一个无法连接的网络尝试了一个套接字操作。")
2025-11-25 17:12:10.976 +08:00 [arswebapiservice001] [Information] SkyApm.Transport.Grpc.ConnectionManager : Shutdown connection[172.20.64.1:11800].
2025-11-25 17:12:10.976 +08:00 [arswebapiservice001] [Information] SkyApm.Transport.Grpc.ConnectionManager : Connected server[172.20.64.1:11800].
2025-11-25 17:12:25.970 +08:00 [arswebapiservice001] [Error] SkyApm.Transport.Grpc.V8.ServiceRegister : Report service instance properties fail.
Grpc.Core.RpcException: Status(StatusCode="Unavailable", Detail="Error connecting to subchannel.", DebugException="System.Net.Sockets.SocketException: 向一个无法连接的网络尝试了一个套接字操作。")
 ---> System.Net.Sockets.SocketException (10051): 向一个无法连接的网络尝试了一个套接字操作。
   at System.Net.Sockets.Socket.AwaitableSocketAsyncEventArgs.System.Threading.Tasks.Sources.IValueTaskSource.GetResult(Int16 token)
   at System.Net.Sockets.Socket.<ConnectAsync>g__WaitForConnectWithCancellation|285_0(AwaitableSocketAsyncEventArgs saea, ValueTask connectTask, CancellationToken cancellationToken)
   at Grpc.Net.Client.Balancer.Internal.SocketConnectivitySubchannelTransport.TryConnectAsync(ConnectContext context, Int32 attempt)
   --- End of inner exception stack trace ---
   at Grpc.Net.Client.Balancer.Internal.ConnectionManager.PickAsync(PickContext context, Boolean waitForReady, CancellationToken cancellationToken)
   at Grpc.Net.Client.Balancer.Internal.BalancerHttpHandler.SendAsync(HttpRequestMessage request, CancellationToken cancellationToken)
   at System.Net.Http.HttpMessageInvoker.<SendAsync>g__SendAsyncWithTelemetry|6_0(HttpMessageHandler handler, HttpRequestMessage request, CancellationToken cancellationToken)
   at Grpc.Net.Client.Internal.GrpcCall`2.RunCall(HttpRequestMessage request, Nullable`1 timeout)
   at Grpc.Net.Client.Internal.GrpcCall`2.GetResponseHeadersCoreAsync()
   at SkyApm.Transport.Grpc.V8.ServiceRegister.<>c__DisplayClass9_0.<<ReportInstancePropertiesAsync>b__0>d.MoveNext()
--- End of stack trace from previous location ---
   at SkyApm.Transport.Grpc.Common.Call.Execute[T](Func`1 task, Func`1 errCallback, Func`1 errMessage)
2025-11-25 17:12:25.970 +08:00 [arswebapiservice001] [Warning] SkyApm.Transport.Grpc.ConnectionManager : Connection state changed. Status(StatusCode="Unavailable", Detail="Error connecting to subchannel.", DebugException="System.Net.Sockets.SocketException: 向一个无法连接的网络尝试了一个套接字操作。")
2025-11-25 17:12:40.968 +08:00 [arswebapiservice001] [Information] SkyApm.Transport.Grpc.ConnectionManager : Shutdown connection[172.20.64.1:11800].
2025-11-25 17:12:40.969 +08:00 [arswebapiservice001] [Information] SkyApm.Transport.Grpc.ConnectionManager : Connected server[172.20.64.1:11800].
2025-11-25 17:12:55.974 +08:00 [arswebapiservice001] [Error] SkyApm.Transport.Grpc.V8.ServiceRegister : Report service instance properties fail.
Grpc.Core.RpcException: Status(StatusCode="Unavailable", Detail="Error connecting to subchannel.", DebugException="System.Net.Sockets.SocketException: 向一个无法连接的网络尝试了一个套接字操作。")
 ---> System.Net.Sockets.SocketException (10051): 向一个无法连接的网络尝试了一个套接字操作。
   at System.Net.Sockets.Socket.AwaitableSocketAsyncEventArgs.System.Threading.Tasks.Sources.IValueTaskSource.GetResult(Int16 token)
   at System.Net.Sockets.Socket.<ConnectAsync>g__WaitForConnectWithCancellation|285_0(AwaitableSocketAsyncEventArgs saea, ValueTask connectTask, CancellationToken cancellationToken)
   at Grpc.Net.Client.Balancer.Internal.SocketConnectivitySubchannelTransport.TryConnectAsync(ConnectContext context, Int32 attempt)
   --- End of inner exception stack trace ---
   at Grpc.Net.Client.Balancer.Internal.ConnectionManager.PickAsync(PickContext context, Boolean waitForReady, CancellationToken cancellationToken)
   at Grpc.Net.Client.Balancer.Internal.BalancerHttpHandler.SendAsync(HttpRequestMessage request, CancellationToken cancellationToken)
   at System.Net.Http.HttpMessageInvoker.<SendAsync>g__SendAsyncWithTelemetry|6_0(HttpMessageHandler handler, HttpRequestMessage request, CancellationToken cancellationToken)
   at Grpc.Net.Client.Internal.GrpcCall`2.RunCall(HttpRequestMessage request, Nullable`1 timeout)
   at Grpc.Net.Client.Internal.GrpcCall`2.GetResponseHeadersCoreAsync()
   at SkyApm.Transport.Grpc.V8.ServiceRegister.<>c__DisplayClass9_0.<<ReportInstancePropertiesAsync>b__0>d.MoveNext()
--- End of stack trace from previous location ---
   at SkyApm.Transport.Grpc.Common.Call.Execute[T](Func`1 task, Func`1 errCallback, Func`1 errMessage)
2025-11-25 17:12:55.974 +08:00 [arswebapiservice001] [Warning] SkyApm.Transport.Grpc.ConnectionManager : Connection state changed. Status(StatusCode="Unavailable", Detail="Error connecting to subchannel.", DebugException="System.Net.Sockets.SocketException: 向一个无法连接的网络尝试了一个套接字操作。")
2025-11-25 17:13:10.965 +08:00 [arswebapiservice001] [Information] SkyApm.Transport.Grpc.ConnectionManager : Shutdown connection[172.20.64.1:11800].
2025-11-25 17:13:10.965 +08:00 [arswebapiservice001] [Information] SkyApm.Transport.Grpc.ConnectionManager : Connected server[172.20.64.1:11800].
2025-11-25 17:13:25.976 +08:00 [arswebapiservice001] [Error] SkyApm.Transport.Grpc.V8.ServiceRegister : Report service instance properties fail.
Grpc.Core.RpcException: Status(StatusCode="Unavailable", Detail="Error connecting to subchannel.", DebugException="System.Net.Sockets.SocketException: 向一个无法连接的网络尝试了一个套接字操作。")
 ---> System.Net.Sockets.SocketException (10051): 向一个无法连接的网络尝试了一个套接字操作。
   at System.Net.Sockets.Socket.AwaitableSocketAsyncEventArgs.System.Threading.Tasks.Sources.IValueTaskSource.GetResult(Int16 token)
   at System.Net.Sockets.Socket.<ConnectAsync>g__WaitForConnectWithCancellation|285_0(AwaitableSocketAsyncEventArgs saea, ValueTask connectTask, CancellationToken cancellationToken)
   at Grpc.Net.Client.Balancer.Internal.SocketConnectivitySubchannelTransport.TryConnectAsync(ConnectContext context, Int32 attempt)
   --- End of inner exception stack trace ---
   at Grpc.Net.Client.Balancer.Internal.ConnectionManager.PickAsync(PickContext context, Boolean waitForReady, CancellationToken cancellationToken)
   at Grpc.Net.Client.Balancer.Internal.BalancerHttpHandler.SendAsync(HttpRequestMessage request, CancellationToken cancellationToken)
   at System.Net.Http.HttpMessageInvoker.<SendAsync>g__SendAsyncWithTelemetry|6_0(HttpMessageHandler handler, HttpRequestMessage request, CancellationToken cancellationToken)
   at Grpc.Net.Client.Internal.GrpcCall`2.RunCall(HttpRequestMessage request, Nullable`1 timeout)
   at Grpc.Net.Client.Internal.GrpcCall`2.GetResponseHeadersCoreAsync()
   at SkyApm.Transport.Grpc.V8.ServiceRegister.<>c__DisplayClass9_0.<<ReportInstancePropertiesAsync>b__0>d.MoveNext()
--- End of stack trace from previous location ---
   at SkyApm.Transport.Grpc.Common.Call.Execute[T](Func`1 task, Func`1 errCallback, Func`1 errMessage)
2025-11-25 17:13:25.976 +08:00 [arswebapiservice001] [Warning] SkyApm.Transport.Grpc.ConnectionManager : Connection state changed. Status(StatusCode="Unavailable", Detail="Error connecting to subchannel.", DebugException="System.Net.Sockets.SocketException: 向一个无法连接的网络尝试了一个套接字操作。")
2025-11-25 17:13:40.975 +08:00 [arswebapiservice001] [Information] SkyApm.Transport.Grpc.ConnectionManager : Shutdown connection[172.20.64.1:11800].
2025-11-25 17:13:40.975 +08:00 [arswebapiservice001] [Information] SkyApm.Transport.Grpc.ConnectionManager : Connected server[172.20.64.1:11800].
2025-11-25 17:13:55.978 +08:00 [arswebapiservice001] [Error] SkyApm.Transport.Grpc.V8.ServiceRegister : Report service instance properties fail.
Grpc.Core.RpcException: Status(StatusCode="Unavailable", Detail="Error connecting to subchannel.", DebugException="System.Net.Sockets.SocketException: 向一个无法连接的网络尝试了一个套接字操作。")
 ---> System.Net.Sockets.SocketException (10051): 向一个无法连接的网络尝试了一个套接字操作。
   at System.Net.Sockets.Socket.AwaitableSocketAsyncEventArgs.System.Threading.Tasks.Sources.IValueTaskSource.GetResult(Int16 token)
   at System.Net.Sockets.Socket.<ConnectAsync>g__WaitForConnectWithCancellation|285_0(AwaitableSocketAsyncEventArgs saea, ValueTask connectTask, CancellationToken cancellationToken)
   at Grpc.Net.Client.Balancer.Internal.SocketConnectivitySubchannelTransport.TryConnectAsync(ConnectContext context, Int32 attempt)
   --- End of inner exception stack trace ---
   at Grpc.Net.Client.Balancer.Internal.ConnectionManager.PickAsync(PickContext context, Boolean waitForReady, CancellationToken cancellationToken)
   at Grpc.Net.Client.Balancer.Internal.BalancerHttpHandler.SendAsync(HttpRequestMessage request, CancellationToken cancellationToken)
   at System.Net.Http.HttpMessageInvoker.<SendAsync>g__SendAsyncWithTelemetry|6_0(HttpMessageHandler handler, HttpRequestMessage request, CancellationToken cancellationToken)
   at Grpc.Net.Client.Internal.GrpcCall`2.RunCall(HttpRequestMessage request, Nullable`1 timeout)
   at Grpc.Net.Client.Internal.GrpcCall`2.GetResponseHeadersCoreAsync()
   at SkyApm.Transport.Grpc.V8.ServiceRegister.<>c__DisplayClass9_0.<<ReportInstancePropertiesAsync>b__0>d.MoveNext()
--- End of stack trace from previous location ---
   at SkyApm.Transport.Grpc.Common.Call.Execute[T](Func`1 task, Func`1 errCallback, Func`1 errMessage)
2025-11-25 17:13:55.978 +08:00 [arswebapiservice001] [Warning] SkyApm.Transport.Grpc.ConnectionManager : Connection state changed. Status(StatusCode="Unavailable", Detail="Error connecting to subchannel.", DebugException="System.Net.Sockets.SocketException: 向一个无法连接的网络尝试了一个套接字操作。")
2025-11-25 17:14:10.979 +08:00 [arswebapiservice001] [Information] SkyApm.Transport.Grpc.ConnectionManager : Shutdown connection[172.20.64.1:11800].
2025-11-25 17:14:10.979 +08:00 [arswebapiservice001] [Information] SkyApm.Transport.Grpc.ConnectionManager : Connected server[172.20.64.1:11800].
2025-11-25 17:14:25.970 +08:00 [arswebapiservice001] [Error] SkyApm.Transport.Grpc.V8.ServiceRegister : Report service instance properties fail.
Grpc.Core.RpcException: Status(StatusCode="Unavailable", Detail="Error connecting to subchannel.", DebugException="System.Net.Sockets.SocketException: 向一个无法连接的网络尝试了一个套接字操作。")
 ---> System.Net.Sockets.SocketException (10051): 向一个无法连接的网络尝试了一个套接字操作。
   at System.Net.Sockets.Socket.AwaitableSocketAsyncEventArgs.System.Threading.Tasks.Sources.IValueTaskSource.GetResult(Int16 token)
   at System.Net.Sockets.Socket.<ConnectAsync>g__WaitForConnectWithCancellation|285_0(AwaitableSocketAsyncEventArgs saea, ValueTask connectTask, CancellationToken cancellationToken)
   at Grpc.Net.Client.Balancer.Internal.SocketConnectivitySubchannelTransport.TryConnectAsync(ConnectContext context, Int32 attempt)
   --- End of inner exception stack trace ---
   at Grpc.Net.Client.Balancer.Internal.ConnectionManager.PickAsync(PickContext context, Boolean waitForReady, CancellationToken cancellationToken)
   at Grpc.Net.Client.Balancer.Internal.BalancerHttpHandler.SendAsync(HttpRequestMessage request, CancellationToken cancellationToken)
   at System.Net.Http.HttpMessageInvoker.<SendAsync>g__SendAsyncWithTelemetry|6_0(HttpMessageHandler handler, HttpRequestMessage request, CancellationToken cancellationToken)
   at Grpc.Net.Client.Internal.GrpcCall`2.RunCall(HttpRequestMessage request, Nullable`1 timeout)
   at Grpc.Net.Client.Internal.GrpcCall`2.GetResponseHeadersCoreAsync()
   at SkyApm.Transport.Grpc.V8.ServiceRegister.<>c__DisplayClass9_0.<<ReportInstancePropertiesAsync>b__0>d.MoveNext()
--- End of stack trace from previous location ---
   at SkyApm.Transport.Grpc.Common.Call.Execute[T](Func`1 task, Func`1 errCallback, Func`1 errMessage)
2025-11-25 17:14:25.970 +08:00 [arswebapiservice001] [Warning] SkyApm.Transport.Grpc.ConnectionManager : Connection state changed. Status(StatusCode="Unavailable", Detail="Error connecting to subchannel.", DebugException="System.Net.Sockets.SocketException: 向一个无法连接的网络尝试了一个套接字操作。")
2025-11-25 17:14:40.971 +08:00 [arswebapiservice001] [Information] SkyApm.Transport.Grpc.ConnectionManager : Shutdown connection[172.20.64.1:11800].
2025-11-25 17:14:40.971 +08:00 [arswebapiservice001] [Information] SkyApm.Transport.Grpc.ConnectionManager : Connected server[172.20.64.1:11800].
2025-11-25 17:14:55.982 +08:00 [arswebapiservice001] [Error] SkyApm.Transport.Grpc.V8.ServiceRegister : Report service instance properties fail.
Grpc.Core.RpcException: Status(StatusCode="Unavailable", Detail="Error connecting to subchannel.", DebugException="System.Net.Sockets.SocketException: 向一个无法连接的网络尝试了一个套接字操作。")
 ---> System.Net.Sockets.SocketException (10051): 向一个无法连接的网络尝试了一个套接字操作。
   at System.Net.Sockets.Socket.AwaitableSocketAsyncEventArgs.System.Threading.Tasks.Sources.IValueTaskSource.GetResult(Int16 token)
   at System.Net.Sockets.Socket.<ConnectAsync>g__WaitForConnectWithCancellation|285_0(AwaitableSocketAsyncEventArgs saea, ValueTask connectTask, CancellationToken cancellationToken)
   at Grpc.Net.Client.Balancer.Internal.SocketConnectivitySubchannelTransport.TryConnectAsync(ConnectContext context, Int32 attempt)
   --- End of inner exception stack trace ---
   at Grpc.Net.Client.Balancer.Internal.ConnectionManager.PickAsync(PickContext context, Boolean waitForReady, CancellationToken cancellationToken)
   at Grpc.Net.Client.Balancer.Internal.BalancerHttpHandler.SendAsync(HttpRequestMessage request, CancellationToken cancellationToken)
   at System.Net.Http.HttpMessageInvoker.<SendAsync>g__SendAsyncWithTelemetry|6_0(HttpMessageHandler handler, HttpRequestMessage request, CancellationToken cancellationToken)
   at Grpc.Net.Client.Internal.GrpcCall`2.RunCall(HttpRequestMessage request, Nullable`1 timeout)
   at Grpc.Net.Client.Internal.GrpcCall`2.GetResponseHeadersCoreAsync()
   at SkyApm.Transport.Grpc.V8.ServiceRegister.<>c__DisplayClass9_0.<<ReportInstancePropertiesAsync>b__0>d.MoveNext()
--- End of stack trace from previous location ---
   at SkyApm.Transport.Grpc.Common.Call.Execute[T](Func`1 task, Func`1 errCallback, Func`1 errMessage)
2025-11-25 17:14:55.982 +08:00 [arswebapiservice001] [Warning] SkyApm.Transport.Grpc.ConnectionManager : Connection state changed. Status(StatusCode="Unavailable", Detail="Error connecting to subchannel.", DebugException="System.Net.Sockets.SocketException: 向一个无法连接的网络尝试了一个套接字操作。")
2025-11-25 17:15:10.966 +08:00 [arswebapiservice001] [Information] SkyApm.Transport.Grpc.ConnectionManager : Shutdown connection[172.20.64.1:11800].
2025-11-25 17:15:10.966 +08:00 [arswebapiservice001] [Information] SkyApm.Transport.Grpc.ConnectionManager : Connected server[172.20.64.1:11800].
2025-11-25 17:15:25.971 +08:00 [arswebapiservice001] [Error] SkyApm.Transport.Grpc.V8.ServiceRegister : Report service instance properties fail.
Grpc.Core.RpcException: Status(StatusCode="Unavailable", Detail="Error connecting to subchannel.", DebugException="System.Net.Sockets.SocketException: 向一个无法连接的网络尝试了一个套接字操作。")
 ---> System.Net.Sockets.SocketException (10051): 向一个无法连接的网络尝试了一个套接字操作。
   at System.Net.Sockets.Socket.AwaitableSocketAsyncEventArgs.System.Threading.Tasks.Sources.IValueTaskSource.GetResult(Int16 token)
   at System.Net.Sockets.Socket.<ConnectAsync>g__WaitForConnectWithCancellation|285_0(AwaitableSocketAsyncEventArgs saea, ValueTask connectTask, CancellationToken cancellationToken)
   at Grpc.Net.Client.Balancer.Internal.SocketConnectivitySubchannelTransport.TryConnectAsync(ConnectContext context, Int32 attempt)
   --- End of inner exception stack trace ---
   at Grpc.Net.Client.Balancer.Internal.ConnectionManager.PickAsync(PickContext context, Boolean waitForReady, CancellationToken cancellationToken)
   at Grpc.Net.Client.Balancer.Internal.BalancerHttpHandler.SendAsync(HttpRequestMessage request, CancellationToken cancellationToken)
   at System.Net.Http.HttpMessageInvoker.<SendAsync>g__SendAsyncWithTelemetry|6_0(HttpMessageHandler handler, HttpRequestMessage request, CancellationToken cancellationToken)
   at Grpc.Net.Client.Internal.GrpcCall`2.RunCall(HttpRequestMessage request, Nullable`1 timeout)
   at Grpc.Net.Client.Internal.GrpcCall`2.GetResponseHeadersCoreAsync()
   at SkyApm.Transport.Grpc.V8.ServiceRegister.<>c__DisplayClass9_0.<<ReportInstancePropertiesAsync>b__0>d.MoveNext()
--- End of stack trace from previous location ---
   at SkyApm.Transport.Grpc.Common.Call.Execute[T](Func`1 task, Func`1 errCallback, Func`1 errMessage)
2025-11-25 17:15:25.971 +08:00 [arswebapiservice001] [Warning] SkyApm.Transport.Grpc.ConnectionManager : Connection state changed. Status(StatusCode="Unavailable", Detail="Error connecting to subchannel.", DebugException="System.Net.Sockets.SocketException: 向一个无法连接的网络尝试了一个套接字操作。")
2025-11-25 17:15:40.974 +08:00 [arswebapiservice001] [Information] SkyApm.Transport.Grpc.ConnectionManager : Shutdown connection[172.20.64.1:11800].
2025-11-25 17:15:40.974 +08:00 [arswebapiservice001] [Information] SkyApm.Transport.Grpc.ConnectionManager : Connected server[172.20.64.1:11800].
2025-11-25 17:15:55.972 +08:00 [arswebapiservice001] [Error] SkyApm.Transport.Grpc.V8.ServiceRegister : Report service instance properties fail.
Grpc.Core.RpcException: Status(StatusCode="Unavailable", Detail="Error connecting to subchannel.", DebugException="System.Net.Sockets.SocketException: 向一个无法连接的网络尝试了一个套接字操作。")
 ---> System.Net.Sockets.SocketException (10051): 向一个无法连接的网络尝试了一个套接字操作。
   at System.Net.Sockets.Socket.AwaitableSocketAsyncEventArgs.System.Threading.Tasks.Sources.IValueTaskSource.GetResult(Int16 token)
   at System.Net.Sockets.Socket.<ConnectAsync>g__WaitForConnectWithCancellation|285_0(AwaitableSocketAsyncEventArgs saea, ValueTask connectTask, CancellationToken cancellationToken)
   at Grpc.Net.Client.Balancer.Internal.SocketConnectivitySubchannelTransport.TryConnectAsync(ConnectContext context, Int32 attempt)
   --- End of inner exception stack trace ---
   at Grpc.Net.Client.Balancer.Internal.ConnectionManager.PickAsync(PickContext context, Boolean waitForReady, CancellationToken cancellationToken)
   at Grpc.Net.Client.Balancer.Internal.BalancerHttpHandler.SendAsync(HttpRequestMessage request, CancellationToken cancellationToken)
   at System.Net.Http.HttpMessageInvoker.<SendAsync>g__SendAsyncWithTelemetry|6_0(HttpMessageHandler handler, HttpRequestMessage request, CancellationToken cancellationToken)
   at Grpc.Net.Client.Internal.GrpcCall`2.RunCall(HttpRequestMessage request, Nullable`1 timeout)
   at Grpc.Net.Client.Internal.GrpcCall`2.GetResponseHeadersCoreAsync()
   at SkyApm.Transport.Grpc.V8.ServiceRegister.<>c__DisplayClass9_0.<<ReportInstancePropertiesAsync>b__0>d.MoveNext()
--- End of stack trace from previous location ---
   at SkyApm.Transport.Grpc.Common.Call.Execute[T](Func`1 task, Func`1 errCallback, Func`1 errMessage)
2025-11-25 17:15:55.972 +08:00 [arswebapiservice001] [Warning] SkyApm.Transport.Grpc.ConnectionManager : Connection state changed. Status(StatusCode="Unavailable", Detail="Error connecting to subchannel.", DebugException="System.Net.Sockets.SocketException: 向一个无法连接的网络尝试了一个套接字操作。")
2025-11-25 17:16:10.975 +08:00 [arswebapiservice001] [Information] SkyApm.Transport.Grpc.ConnectionManager : Shutdown connection[172.20.64.1:11800].
2025-11-25 17:16:10.975 +08:00 [arswebapiservice001] [Information] SkyApm.Transport.Grpc.ConnectionManager : Connected server[172.20.64.1:11800].
2025-11-25 17:16:25.983 +08:00 [arswebapiservice001] [Error] SkyApm.Transport.Grpc.V8.ServiceRegister : Report service instance properties fail.
Grpc.Core.RpcException: Status(StatusCode="Unavailable", Detail="Error connecting to subchannel.", DebugException="System.Net.Sockets.SocketException: 向一个无法连接的网络尝试了一个套接字操作。")
 ---> System.Net.Sockets.SocketException (10051): 向一个无法连接的网络尝试了一个套接字操作。
   at System.Net.Sockets.Socket.AwaitableSocketAsyncEventArgs.System.Threading.Tasks.Sources.IValueTaskSource.GetResult(Int16 token)
   at System.Net.Sockets.Socket.<ConnectAsync>g__WaitForConnectWithCancellation|285_0(AwaitableSocketAsyncEventArgs saea, ValueTask connectTask, CancellationToken cancellationToken)
   at Grpc.Net.Client.Balancer.Internal.SocketConnectivitySubchannelTransport.TryConnectAsync(ConnectContext context, Int32 attempt)
   --- End of inner exception stack trace ---
   at Grpc.Net.Client.Balancer.Internal.ConnectionManager.PickAsync(PickContext context, Boolean waitForReady, CancellationToken cancellationToken)
   at Grpc.Net.Client.Balancer.Internal.BalancerHttpHandler.SendAsync(HttpRequestMessage request, CancellationToken cancellationToken)
   at System.Net.Http.HttpMessageInvoker.<SendAsync>g__SendAsyncWithTelemetry|6_0(HttpMessageHandler handler, HttpRequestMessage request, CancellationToken cancellationToken)
   at Grpc.Net.Client.Internal.GrpcCall`2.RunCall(HttpRequestMessage request, Nullable`1 timeout)
   at Grpc.Net.Client.Internal.GrpcCall`2.GetResponseHeadersCoreAsync()
   at SkyApm.Transport.Grpc.V8.ServiceRegister.<>c__DisplayClass9_0.<<ReportInstancePropertiesAsync>b__0>d.MoveNext()
--- End of stack trace from previous location ---
   at SkyApm.Transport.Grpc.Common.Call.Execute[T](Func`1 task, Func`1 errCallback, Func`1 errMessage)
2025-11-25 17:16:25.983 +08:00 [arswebapiservice001] [Warning] SkyApm.Transport.Grpc.ConnectionManager : Connection state changed. Status(StatusCode="Unavailable", Detail="Error connecting to subchannel.", DebugException="System.Net.Sockets.SocketException: 向一个无法连接的网络尝试了一个套接字操作。")
2025-11-25 17:16:40.976 +08:00 [arswebapiservice001] [Information] SkyApm.Transport.Grpc.ConnectionManager : Shutdown connection[172.20.64.1:11800].
2025-11-25 17:16:40.976 +08:00 [arswebapiservice001] [Information] SkyApm.Transport.Grpc.ConnectionManager : Connected server[172.20.64.1:11800].
2025-11-25 17:16:55.985 +08:00 [arswebapiservice001] [Error] SkyApm.Transport.Grpc.V8.ServiceRegister : Report service instance properties fail.
Grpc.Core.RpcException: Status(StatusCode="Unavailable", Detail="Error connecting to subchannel.", DebugException="System.Net.Sockets.SocketException: 向一个无法连接的网络尝试了一个套接字操作。")
 ---> System.Net.Sockets.SocketException (10051): 向一个无法连接的网络尝试了一个套接字操作。
   at System.Net.Sockets.Socket.AwaitableSocketAsyncEventArgs.System.Threading.Tasks.Sources.IValueTaskSource.GetResult(Int16 token)
   at System.Net.Sockets.Socket.<ConnectAsync>g__WaitForConnectWithCancellation|285_0(AwaitableSocketAsyncEventArgs saea, ValueTask connectTask, CancellationToken cancellationToken)
   at Grpc.Net.Client.Balancer.Internal.SocketConnectivitySubchannelTransport.TryConnectAsync(ConnectContext context, Int32 attempt)
   --- End of inner exception stack trace ---
   at Grpc.Net.Client.Balancer.Internal.ConnectionManager.PickAsync(PickContext context, Boolean waitForReady, CancellationToken cancellationToken)
   at Grpc.Net.Client.Balancer.Internal.BalancerHttpHandler.SendAsync(HttpRequestMessage request, CancellationToken cancellationToken)
   at System.Net.Http.HttpMessageInvoker.<SendAsync>g__SendAsyncWithTelemetry|6_0(HttpMessageHandler handler, HttpRequestMessage request, CancellationToken cancellationToken)
   at Grpc.Net.Client.Internal.GrpcCall`2.RunCall(HttpRequestMessage request, Nullable`1 timeout)
   at Grpc.Net.Client.Internal.GrpcCall`2.GetResponseHeadersCoreAsync()
   at SkyApm.Transport.Grpc.V8.ServiceRegister.<>c__DisplayClass9_0.<<ReportInstancePropertiesAsync>b__0>d.MoveNext()
--- End of stack trace from previous location ---
   at SkyApm.Transport.Grpc.Common.Call.Execute[T](Func`1 task, Func`1 errCallback, Func`1 errMessage)
2025-11-25 17:16:55.985 +08:00 [arswebapiservice001] [Warning] SkyApm.Transport.Grpc.ConnectionManager : Connection state changed. Status(StatusCode="Unavailable", Detail="Error connecting to subchannel.", DebugException="System.Net.Sockets.SocketException: 向一个无法连接的网络尝试了一个套接字操作。")
2025-11-25 17:17:10.974 +08:00 [arswebapiservice001] [Information] SkyApm.Transport.Grpc.ConnectionManager : Shutdown connection[172.20.64.1:11800].
2025-11-25 17:17:10.974 +08:00 [arswebapiservice001] [Information] SkyApm.Transport.Grpc.ConnectionManager : Connected server[172.20.64.1:11800].
2025-11-25 17:17:25.972 +08:00 [arswebapiservice001] [Error] SkyApm.Transport.Grpc.V8.ServiceRegister : Report service instance properties fail.
Grpc.Core.RpcException: Status(StatusCode="Unavailable", Detail="Error connecting to subchannel.", DebugException="System.Net.Sockets.SocketException: 向一个无法连接的网络尝试了一个套接字操作。")
 ---> System.Net.Sockets.SocketException (10051): 向一个无法连接的网络尝试了一个套接字操作。
   at System.Net.Sockets.Socket.AwaitableSocketAsyncEventArgs.System.Threading.Tasks.Sources.IValueTaskSource.GetResult(Int16 token)
   at System.Net.Sockets.Socket.<ConnectAsync>g__WaitForConnectWithCancellation|285_0(AwaitableSocketAsyncEventArgs saea, ValueTask connectTask, CancellationToken cancellationToken)
   at Grpc.Net.Client.Balancer.Internal.SocketConnectivitySubchannelTransport.TryConnectAsync(ConnectContext context, Int32 attempt)
   --- End of inner exception stack trace ---
   at Grpc.Net.Client.Balancer.Internal.ConnectionManager.PickAsync(PickContext context, Boolean waitForReady, CancellationToken cancellationToken)
   at Grpc.Net.Client.Balancer.Internal.BalancerHttpHandler.SendAsync(HttpRequestMessage request, CancellationToken cancellationToken)
   at System.Net.Http.HttpMessageInvoker.<SendAsync>g__SendAsyncWithTelemetry|6_0(HttpMessageHandler handler, HttpRequestMessage request, CancellationToken cancellationToken)
   at Grpc.Net.Client.Internal.GrpcCall`2.RunCall(HttpRequestMessage request, Nullable`1 timeout)
   at Grpc.Net.Client.Internal.GrpcCall`2.GetResponseHeadersCoreAsync()
   at SkyApm.Transport.Grpc.V8.ServiceRegister.<>c__DisplayClass9_0.<<ReportInstancePropertiesAsync>b__0>d.MoveNext()
--- End of stack trace from previous location ---
   at SkyApm.Transport.Grpc.Common.Call.Execute[T](Func`1 task, Func`1 errCallback, Func`1 errMessage)
2025-11-25 17:17:25.973 +08:00 [arswebapiservice001] [Warning] SkyApm.Transport.Grpc.ConnectionManager : Connection state changed. Status(StatusCode="Unavailable", Detail="Error connecting to subchannel.", DebugException="System.Net.Sockets.SocketException: 向一个无法连接的网络尝试了一个套接字操作。")
2025-11-25 17:17:40.967 +08:00 [arswebapiservice001] [Information] SkyApm.Transport.Grpc.ConnectionManager : Shutdown connection[172.20.64.1:11800].
2025-11-25 17:17:40.967 +08:00 [arswebapiservice001] [Information] SkyApm.Transport.Grpc.ConnectionManager : Connected server[172.20.64.1:11800].
2025-11-25 17:17:55.976 +08:00 [arswebapiservice001] [Error] SkyApm.Transport.Grpc.V8.ServiceRegister : Report service instance properties fail.
Grpc.Core.RpcException: Status(StatusCode="Unavailable", Detail="Error connecting to subchannel.", DebugException="System.Net.Sockets.SocketException: 向一个无法连接的网络尝试了一个套接字操作。")
 ---> System.Net.Sockets.SocketException (10051): 向一个无法连接的网络尝试了一个套接字操作。
   at System.Net.Sockets.Socket.AwaitableSocketAsyncEventArgs.System.Threading.Tasks.Sources.IValueTaskSource.GetResult(Int16 token)
   at System.Net.Sockets.Socket.<ConnectAsync>g__WaitForConnectWithCancellation|285_0(AwaitableSocketAsyncEventArgs saea, ValueTask connectTask, CancellationToken cancellationToken)
   at Grpc.Net.Client.Balancer.Internal.SocketConnectivitySubchannelTransport.TryConnectAsync(ConnectContext context, Int32 attempt)
   --- End of inner exception stack trace ---
   at Grpc.Net.Client.Balancer.Internal.ConnectionManager.PickAsync(PickContext context, Boolean waitForReady, CancellationToken cancellationToken)
   at Grpc.Net.Client.Balancer.Internal.BalancerHttpHandler.SendAsync(HttpRequestMessage request, CancellationToken cancellationToken)
   at System.Net.Http.HttpMessageInvoker.<SendAsync>g__SendAsyncWithTelemetry|6_0(HttpMessageHandler handler, HttpRequestMessage request, CancellationToken cancellationToken)
   at Grpc.Net.Client.Internal.GrpcCall`2.RunCall(HttpRequestMessage request, Nullable`1 timeout)
   at Grpc.Net.Client.Internal.GrpcCall`2.GetResponseHeadersCoreAsync()
   at SkyApm.Transport.Grpc.V8.ServiceRegister.<>c__DisplayClass9_0.<<ReportInstancePropertiesAsync>b__0>d.MoveNext()
--- End of stack trace from previous location ---
   at SkyApm.Transport.Grpc.Common.Call.Execute[T](Func`1 task, Func`1 errCallback, Func`1 errMessage)
2025-11-25 17:17:55.977 +08:00 [arswebapiservice001] [Warning] SkyApm.Transport.Grpc.ConnectionManager : Connection state changed. Status(StatusCode="Unavailable", Detail="Error connecting to subchannel.", DebugException="System.Net.Sockets.SocketException: 向一个无法连接的网络尝试了一个套接字操作。")
2025-11-25 17:18:10.978 +08:00 [arswebapiservice001] [Information] SkyApm.Transport.Grpc.ConnectionManager : Shutdown connection[172.20.64.1:11800].
2025-11-25 17:18:10.978 +08:00 [arswebapiservice001] [Information] SkyApm.Transport.Grpc.ConnectionManager : Connected server[172.20.64.1:11800].
2025-11-25 17:18:25.972 +08:00 [arswebapiservice001] [Error] SkyApm.Transport.Grpc.V8.ServiceRegister : Report service instance properties fail.
Grpc.Core.RpcException: Status(StatusCode="Unavailable", Detail="Error connecting to subchannel.", DebugException="System.Net.Sockets.SocketException: 向一个无法连接的网络尝试了一个套接字操作。")
 ---> System.Net.Sockets.SocketException (10051): 向一个无法连接的网络尝试了一个套接字操作。
   at System.Net.Sockets.Socket.AwaitableSocketAsyncEventArgs.System.Threading.Tasks.Sources.IValueTaskSource.GetResult(Int16 token)
   at System.Net.Sockets.Socket.<ConnectAsync>g__WaitForConnectWithCancellation|285_0(AwaitableSocketAsyncEventArgs saea, ValueTask connectTask, CancellationToken cancellationToken)
   at Grpc.Net.Client.Balancer.Internal.SocketConnectivitySubchannelTransport.TryConnectAsync(ConnectContext context, Int32 attempt)
   --- End of inner exception stack trace ---
   at Grpc.Net.Client.Balancer.Internal.ConnectionManager.PickAsync(PickContext context, Boolean waitForReady, CancellationToken cancellationToken)
   at Grpc.Net.Client.Balancer.Internal.BalancerHttpHandler.SendAsync(HttpRequestMessage request, CancellationToken cancellationToken)
   at System.Net.Http.HttpMessageInvoker.<SendAsync>g__SendAsyncWithTelemetry|6_0(HttpMessageHandler handler, HttpRequestMessage request, CancellationToken cancellationToken)
   at Grpc.Net.Client.Internal.GrpcCall`2.RunCall(HttpRequestMessage request, Nullable`1 timeout)
   at Grpc.Net.Client.Internal.GrpcCall`2.GetResponseHeadersCoreAsync()
   at SkyApm.Transport.Grpc.V8.ServiceRegister.<>c__DisplayClass9_0.<<ReportInstancePropertiesAsync>b__0>d.MoveNext()
--- End of stack trace from previous location ---
   at SkyApm.Transport.Grpc.Common.Call.Execute[T](Func`1 task, Func`1 errCallback, Func`1 errMessage)
2025-11-25 17:18:25.972 +08:00 [arswebapiservice001] [Warning] SkyApm.Transport.Grpc.ConnectionManager : Connection state changed. Status(StatusCode="Unavailable", Detail="Error connecting to subchannel.", DebugException="System.Net.Sockets.SocketException: 向一个无法连接的网络尝试了一个套接字操作。")
2025-11-25 17:18:40.964 +08:00 [arswebapiservice001] [Information] SkyApm.Transport.Grpc.ConnectionManager : Shutdown connection[172.20.64.1:11800].
2025-11-25 17:18:40.965 +08:00 [arswebapiservice001] [Information] SkyApm.Transport.Grpc.ConnectionManager : Connected server[172.20.64.1:11800].
2025-11-25 17:18:55.975 +08:00 [arswebapiservice001] [Error] SkyApm.Transport.Grpc.V8.ServiceRegister : Report service instance properties fail.
Grpc.Core.RpcException: Status(StatusCode="Unavailable", Detail="Error connecting to subchannel.", DebugException="System.Net.Sockets.SocketException: 向一个无法连接的网络尝试了一个套接字操作。")
 ---> System.Net.Sockets.SocketException (10051): 向一个无法连接的网络尝试了一个套接字操作。
   at System.Net.Sockets.Socket.AwaitableSocketAsyncEventArgs.System.Threading.Tasks.Sources.IValueTaskSource.GetResult(Int16 token)
   at System.Net.Sockets.Socket.<ConnectAsync>g__WaitForConnectWithCancellation|285_0(AwaitableSocketAsyncEventArgs saea, ValueTask connectTask, CancellationToken cancellationToken)
   at Grpc.Net.Client.Balancer.Internal.SocketConnectivitySubchannelTransport.TryConnectAsync(ConnectContext context, Int32 attempt)
   --- End of inner exception stack trace ---
   at Grpc.Net.Client.Balancer.Internal.ConnectionManager.PickAsync(PickContext context, Boolean waitForReady, CancellationToken cancellationToken)
   at Grpc.Net.Client.Balancer.Internal.BalancerHttpHandler.SendAsync(HttpRequestMessage request, CancellationToken cancellationToken)
   at System.Net.Http.HttpMessageInvoker.<SendAsync>g__SendAsyncWithTelemetry|6_0(HttpMessageHandler handler, HttpRequestMessage request, CancellationToken cancellationToken)
   at Grpc.Net.Client.Internal.GrpcCall`2.RunCall(HttpRequestMessage request, Nullable`1 timeout)
   at Grpc.Net.Client.Internal.GrpcCall`2.GetResponseHeadersCoreAsync()
   at SkyApm.Transport.Grpc.V8.ServiceRegister.<>c__DisplayClass9_0.<<ReportInstancePropertiesAsync>b__0>d.MoveNext()
--- End of stack trace from previous location ---
   at SkyApm.Transport.Grpc.Common.Call.Execute[T](Func`1 task, Func`1 errCallback, Func`1 errMessage)
2025-11-25 17:18:55.975 +08:00 [arswebapiservice001] [Warning] SkyApm.Transport.Grpc.ConnectionManager : Connection state changed. Status(StatusCode="Unavailable", Detail="Error connecting to subchannel.", DebugException="System.Net.Sockets.SocketException: 向一个无法连接的网络尝试了一个套接字操作。")
2025-11-25 17:19:10.977 +08:00 [arswebapiservice001] [Information] SkyApm.Transport.Grpc.ConnectionManager : Shutdown connection[172.20.64.1:11800].
2025-11-25 17:19:10.977 +08:00 [arswebapiservice001] [Information] SkyApm.Transport.Grpc.ConnectionManager : Connected server[172.20.64.1:11800].
2025-11-25 17:19:25.982 +08:00 [arswebapiservice001] [Error] SkyApm.Transport.Grpc.V8.ServiceRegister : Report service instance properties fail.
Grpc.Core.RpcException: Status(StatusCode="Unavailable", Detail="Error connecting to subchannel.", DebugException="System.Net.Sockets.SocketException: 向一个无法连接的网络尝试了一个套接字操作。")
 ---> System.Net.Sockets.SocketException (10051): 向一个无法连接的网络尝试了一个套接字操作。
   at System.Net.Sockets.Socket.AwaitableSocketAsyncEventArgs.System.Threading.Tasks.Sources.IValueTaskSource.GetResult(Int16 token)
   at System.Net.Sockets.Socket.<ConnectAsync>g__WaitForConnectWithCancellation|285_0(AwaitableSocketAsyncEventArgs saea, ValueTask connectTask, CancellationToken cancellationToken)
   at Grpc.Net.Client.Balancer.Internal.SocketConnectivitySubchannelTransport.TryConnectAsync(ConnectContext context, Int32 attempt)
   --- End of inner exception stack trace ---
   at Grpc.Net.Client.Balancer.Internal.ConnectionManager.PickAsync(PickContext context, Boolean waitForReady, CancellationToken cancellationToken)
   at Grpc.Net.Client.Balancer.Internal.BalancerHttpHandler.SendAsync(HttpRequestMessage request, CancellationToken cancellationToken)
   at System.Net.Http.HttpMessageInvoker.<SendAsync>g__SendAsyncWithTelemetry|6_0(HttpMessageHandler handler, HttpRequestMessage request, CancellationToken cancellationToken)
   at Grpc.Net.Client.Internal.GrpcCall`2.RunCall(HttpRequestMessage request, Nullable`1 timeout)
   at Grpc.Net.Client.Internal.GrpcCall`2.GetResponseHeadersCoreAsync()
   at SkyApm.Transport.Grpc.V8.ServiceRegister.<>c__DisplayClass9_0.<<ReportInstancePropertiesAsync>b__0>d.MoveNext()
--- End of stack trace from previous location ---
   at SkyApm.Transport.Grpc.Common.Call.Execute[T](Func`1 task, Func`1 errCallback, Func`1 errMessage)
2025-11-25 17:19:25.982 +08:00 [arswebapiservice001] [Warning] SkyApm.Transport.Grpc.ConnectionManager : Connection state changed. Status(StatusCode="Unavailable", Detail="Error connecting to subchannel.", DebugException="System.Net.Sockets.SocketException: 向一个无法连接的网络尝试了一个套接字操作。")
2025-11-25 17:19:40.971 +08:00 [arswebapiservice001] [Information] SkyApm.Transport.Grpc.ConnectionManager : Shutdown connection[172.20.64.1:11800].
2025-11-25 17:19:40.971 +08:00 [arswebapiservice001] [Information] SkyApm.Transport.Grpc.ConnectionManager : Connected server[172.20.64.1:11800].
2025-11-25 17:19:55.982 +08:00 [arswebapiservice001] [Error] SkyApm.Transport.Grpc.V8.ServiceRegister : Report service instance properties fail.
Grpc.Core.RpcException: Status(StatusCode="Unavailable", Detail="Error connecting to subchannel.", DebugException="System.Net.Sockets.SocketException: 向一个无法连接的网络尝试了一个套接字操作。")
 ---> System.Net.Sockets.SocketException (10051): 向一个无法连接的网络尝试了一个套接字操作。
   at System.Net.Sockets.Socket.AwaitableSocketAsyncEventArgs.System.Threading.Tasks.Sources.IValueTaskSource.GetResult(Int16 token)
   at System.Net.Sockets.Socket.<ConnectAsync>g__WaitForConnectWithCancellation|285_0(AwaitableSocketAsyncEventArgs saea, ValueTask connectTask, CancellationToken cancellationToken)
   at Grpc.Net.Client.Balancer.Internal.SocketConnectivitySubchannelTransport.TryConnectAsync(ConnectContext context, Int32 attempt)
   --- End of inner exception stack trace ---
   at Grpc.Net.Client.Balancer.Internal.ConnectionManager.PickAsync(PickContext context, Boolean waitForReady, CancellationToken cancellationToken)
   at Grpc.Net.Client.Balancer.Internal.BalancerHttpHandler.SendAsync(HttpRequestMessage request, CancellationToken cancellationToken)
   at System.Net.Http.HttpMessageInvoker.<SendAsync>g__SendAsyncWithTelemetry|6_0(HttpMessageHandler handler, HttpRequestMessage request, CancellationToken cancellationToken)
   at Grpc.Net.Client.Internal.GrpcCall`2.RunCall(HttpRequestMessage request, Nullable`1 timeout)
   at Grpc.Net.Client.Internal.GrpcCall`2.GetResponseHeadersCoreAsync()
   at SkyApm.Transport.Grpc.V8.ServiceRegister.<>c__DisplayClass9_0.<<ReportInstancePropertiesAsync>b__0>d.MoveNext()
--- End of stack trace from previous location ---
   at SkyApm.Transport.Grpc.Common.Call.Execute[T](Func`1 task, Func`1 errCallback, Func`1 errMessage)
2025-11-25 17:19:55.982 +08:00 [arswebapiservice001] [Warning] SkyApm.Transport.Grpc.ConnectionManager : Connection state changed. Status(StatusCode="Unavailable", Detail="Error connecting to subchannel.", DebugException="System.Net.Sockets.SocketException: 向一个无法连接的网络尝试了一个套接字操作。")
2025-11-25 17:20:10.968 +08:00 [arswebapiservice001] [Information] SkyApm.Transport.Grpc.ConnectionManager : Shutdown connection[172.20.64.1:11800].
2025-11-25 17:20:10.968 +08:00 [arswebapiservice001] [Information] SkyApm.Transport.Grpc.ConnectionManager : Connected server[172.20.64.1:11800].
2025-11-25 17:20:25.977 +08:00 [arswebapiservice001] [Error] SkyApm.Transport.Grpc.V8.ServiceRegister : Report service instance properties fail.
Grpc.Core.RpcException: Status(StatusCode="Unavailable", Detail="Error connecting to subchannel.", DebugException="System.Net.Sockets.SocketException: 向一个无法连接的网络尝试了一个套接字操作。")
 ---> System.Net.Sockets.SocketException (10051): 向一个无法连接的网络尝试了一个套接字操作。
   at System.Net.Sockets.Socket.AwaitableSocketAsyncEventArgs.System.Threading.Tasks.Sources.IValueTaskSource.GetResult(Int16 token)
   at System.Net.Sockets.Socket.<ConnectAsync>g__WaitForConnectWithCancellation|285_0(AwaitableSocketAsyncEventArgs saea, ValueTask connectTask, CancellationToken cancellationToken)
   at Grpc.Net.Client.Balancer.Internal.SocketConnectivitySubchannelTransport.TryConnectAsync(ConnectContext context, Int32 attempt)
   --- End of inner exception stack trace ---
   at Grpc.Net.Client.Balancer.Internal.ConnectionManager.PickAsync(PickContext context, Boolean waitForReady, CancellationToken cancellationToken)
   at Grpc.Net.Client.Balancer.Internal.BalancerHttpHandler.SendAsync(HttpRequestMessage request, CancellationToken cancellationToken)
   at System.Net.Http.HttpMessageInvoker.<SendAsync>g__SendAsyncWithTelemetry|6_0(HttpMessageHandler handler, HttpRequestMessage request, CancellationToken cancellationToken)
   at Grpc.Net.Client.Internal.GrpcCall`2.RunCall(HttpRequestMessage request, Nullable`1 timeout)
   at Grpc.Net.Client.Internal.GrpcCall`2.GetResponseHeadersCoreAsync()
   at SkyApm.Transport.Grpc.V8.ServiceRegister.<>c__DisplayClass9_0.<<ReportInstancePropertiesAsync>b__0>d.MoveNext()
--- End of stack trace from previous location ---
   at SkyApm.Transport.Grpc.Common.Call.Execute[T](Func`1 task, Func`1 errCallback, Func`1 errMessage)
2025-11-25 17:20:25.977 +08:00 [arswebapiservice001] [Warning] SkyApm.Transport.Grpc.ConnectionManager : Connection state changed. Status(StatusCode="Unavailable", Detail="Error connecting to subchannel.", DebugException="System.Net.Sockets.SocketException: 向一个无法连接的网络尝试了一个套接字操作。")
2025-11-25 17:20:40.978 +08:00 [arswebapiservice001] [Information] SkyApm.Transport.Grpc.ConnectionManager : Shutdown connection[172.20.64.1:11800].
2025-11-25 17:20:40.978 +08:00 [arswebapiservice001] [Information] SkyApm.Transport.Grpc.ConnectionManager : Connected server[172.20.64.1:11800].
2025-11-25 17:20:55.972 +08:00 [arswebapiservice001] [Error] SkyApm.Transport.Grpc.V8.ServiceRegister : Report service instance properties fail.
Grpc.Core.RpcException: Status(StatusCode="Unavailable", Detail="Error connecting to subchannel.", DebugException="System.Net.Sockets.SocketException: 向一个无法连接的网络尝试了一个套接字操作。")
 ---> System.Net.Sockets.SocketException (10051): 向一个无法连接的网络尝试了一个套接字操作。
   at System.Net.Sockets.Socket.AwaitableSocketAsyncEventArgs.System.Threading.Tasks.Sources.IValueTaskSource.GetResult(Int16 token)
   at System.Net.Sockets.Socket.<ConnectAsync>g__WaitForConnectWithCancellation|285_0(AwaitableSocketAsyncEventArgs saea, ValueTask connectTask, CancellationToken cancellationToken)
   at Grpc.Net.Client.Balancer.Internal.SocketConnectivitySubchannelTransport.TryConnectAsync(ConnectContext context, Int32 attempt)
   --- End of inner exception stack trace ---
   at Grpc.Net.Client.Balancer.Internal.ConnectionManager.PickAsync(PickContext context, Boolean waitForReady, CancellationToken cancellationToken)
   at Grpc.Net.Client.Balancer.Internal.BalancerHttpHandler.SendAsync(HttpRequestMessage request, CancellationToken cancellationToken)
   at System.Net.Http.HttpMessageInvoker.<SendAsync>g__SendAsyncWithTelemetry|6_0(HttpMessageHandler handler, HttpRequestMessage request, CancellationToken cancellationToken)
   at Grpc.Net.Client.Internal.GrpcCall`2.RunCall(HttpRequestMessage request, Nullable`1 timeout)
   at Grpc.Net.Client.Internal.GrpcCall`2.GetResponseHeadersCoreAsync()
   at SkyApm.Transport.Grpc.V8.ServiceRegister.<>c__DisplayClass9_0.<<ReportInstancePropertiesAsync>b__0>d.MoveNext()
--- End of stack trace from previous location ---
   at SkyApm.Transport.Grpc.Common.Call.Execute[T](Func`1 task, Func`1 errCallback, Func`1 errMessage)
2025-11-25 17:20:55.972 +08:00 [arswebapiservice001] [Warning] SkyApm.Transport.Grpc.ConnectionManager : Connection state changed. Status(StatusCode="Unavailable", Detail="Error connecting to subchannel.", DebugException="System.Net.Sockets.SocketException: 向一个无法连接的网络尝试了一个套接字操作。")
2025-11-25 17:21:10.979 +08:00 [arswebapiservice001] [Information] SkyApm.Transport.Grpc.ConnectionManager : Shutdown connection[172.20.64.1:11800].
2025-11-25 17:21:10.980 +08:00 [arswebapiservice001] [Information] SkyApm.Transport.Grpc.ConnectionManager : Connected server[172.20.64.1:11800].
2025-11-25 17:21:25.974 +08:00 [arswebapiservice001] [Error] SkyApm.Transport.Grpc.V8.ServiceRegister : Report service instance properties fail.
Grpc.Core.RpcException: Status(StatusCode="Unavailable", Detail="Error connecting to subchannel.", DebugException="System.Net.Sockets.SocketException: 向一个无法连接的网络尝试了一个套接字操作。")
 ---> System.Net.Sockets.SocketException (10051): 向一个无法连接的网络尝试了一个套接字操作。
   at System.Net.Sockets.Socket.AwaitableSocketAsyncEventArgs.System.Threading.Tasks.Sources.IValueTaskSource.GetResult(Int16 token)
   at System.Net.Sockets.Socket.<ConnectAsync>g__WaitForConnectWithCancellation|285_0(AwaitableSocketAsyncEventArgs saea, ValueTask connectTask, CancellationToken cancellationToken)
   at Grpc.Net.Client.Balancer.Internal.SocketConnectivitySubchannelTransport.TryConnectAsync(ConnectContext context, Int32 attempt)
   --- End of inner exception stack trace ---
   at Grpc.Net.Client.Balancer.Internal.ConnectionManager.PickAsync(PickContext context, Boolean waitForReady, CancellationToken cancellationToken)
   at Grpc.Net.Client.Balancer.Internal.BalancerHttpHandler.SendAsync(HttpRequestMessage request, CancellationToken cancellationToken)
   at System.Net.Http.HttpMessageInvoker.<SendAsync>g__SendAsyncWithTelemetry|6_0(HttpMessageHandler handler, HttpRequestMessage request, CancellationToken cancellationToken)
   at Grpc.Net.Client.Internal.GrpcCall`2.RunCall(HttpRequestMessage request, Nullable`1 timeout)
   at Grpc.Net.Client.Internal.GrpcCall`2.GetResponseHeadersCoreAsync()
   at SkyApm.Transport.Grpc.V8.ServiceRegister.<>c__DisplayClass9_0.<<ReportInstancePropertiesAsync>b__0>d.MoveNext()
--- End of stack trace from previous location ---
   at SkyApm.Transport.Grpc.Common.Call.Execute[T](Func`1 task, Func`1 errCallback, Func`1 errMessage)
2025-11-25 17:21:25.974 +08:00 [arswebapiservice001] [Warning] SkyApm.Transport.Grpc.ConnectionManager : Connection state changed. Status(StatusCode="Unavailable", Detail="Error connecting to subchannel.", DebugException="System.Net.Sockets.SocketException: 向一个无法连接的网络尝试了一个套接字操作。")
2025-11-25 17:21:40.964 +08:00 [arswebapiservice001] [Information] SkyApm.Transport.Grpc.ConnectionManager : Shutdown connection[172.20.64.1:11800].
2025-11-25 17:21:40.965 +08:00 [arswebapiservice001] [Information] SkyApm.Transport.Grpc.ConnectionManager : Connected server[172.20.64.1:11800].
2025-11-25 17:21:55.973 +08:00 [arswebapiservice001] [Error] SkyApm.Transport.Grpc.V8.ServiceRegister : Report service instance properties fail.
Grpc.Core.RpcException: Status(StatusCode="Unavailable", Detail="Error connecting to subchannel.", DebugException="System.Net.Sockets.SocketException: 向一个无法连接的网络尝试了一个套接字操作。")
 ---> System.Net.Sockets.SocketException (10051): 向一个无法连接的网络尝试了一个套接字操作。
   at System.Net.Sockets.Socket.AwaitableSocketAsyncEventArgs.System.Threading.Tasks.Sources.IValueTaskSource.GetResult(Int16 token)
   at System.Net.Sockets.Socket.<ConnectAsync>g__WaitForConnectWithCancellation|285_0(AwaitableSocketAsyncEventArgs saea, ValueTask connectTask, CancellationToken cancellationToken)
   at Grpc.Net.Client.Balancer.Internal.SocketConnectivitySubchannelTransport.TryConnectAsync(ConnectContext context, Int32 attempt)
   --- End of inner exception stack trace ---
   at Grpc.Net.Client.Balancer.Internal.ConnectionManager.PickAsync(PickContext context, Boolean waitForReady, CancellationToken cancellationToken)
   at Grpc.Net.Client.Balancer.Internal.BalancerHttpHandler.SendAsync(HttpRequestMessage request, CancellationToken cancellationToken)
   at System.Net.Http.HttpMessageInvoker.<SendAsync>g__SendAsyncWithTelemetry|6_0(HttpMessageHandler handler, HttpRequestMessage request, CancellationToken cancellationToken)
   at Grpc.Net.Client.Internal.GrpcCall`2.RunCall(HttpRequestMessage request, Nullable`1 timeout)
   at Grpc.Net.Client.Internal.GrpcCall`2.GetResponseHeadersCoreAsync()
   at SkyApm.Transport.Grpc.V8.ServiceRegister.<>c__DisplayClass9_0.<<ReportInstancePropertiesAsync>b__0>d.MoveNext()
--- End of stack trace from previous location ---
   at SkyApm.Transport.Grpc.Common.Call.Execute[T](Func`1 task, Func`1 errCallback, Func`1 errMessage)
2025-11-25 17:21:55.973 +08:00 [arswebapiservice001] [Warning] SkyApm.Transport.Grpc.ConnectionManager : Connection state changed. Status(StatusCode="Unavailable", Detail="Error connecting to subchannel.", DebugException="System.Net.Sockets.SocketException: 向一个无法连接的网络尝试了一个套接字操作。")
2025-11-25 17:22:10.972 +08:00 [arswebapiservice001] [Information] SkyApm.Transport.Grpc.ConnectionManager : Shutdown connection[172.20.64.1:11800].
2025-11-25 17:22:10.973 +08:00 [arswebapiservice001] [Information] SkyApm.Transport.Grpc.ConnectionManager : Connected server[172.20.64.1:11800].
2025-11-25 17:22:25.983 +08:00 [arswebapiservice001] [Error] SkyApm.Transport.Grpc.V8.ServiceRegister : Report service instance properties fail.
Grpc.Core.RpcException: Status(StatusCode="Unavailable", Detail="Error connecting to subchannel.", DebugException="System.Net.Sockets.SocketException: 向一个无法连接的网络尝试了一个套接字操作。")
 ---> System.Net.Sockets.SocketException (10051): 向一个无法连接的网络尝试了一个套接字操作。
   at System.Net.Sockets.Socket.AwaitableSocketAsyncEventArgs.System.Threading.Tasks.Sources.IValueTaskSource.GetResult(Int16 token)
   at System.Net.Sockets.Socket.<ConnectAsync>g__WaitForConnectWithCancellation|285_0(AwaitableSocketAsyncEventArgs saea, ValueTask connectTask, CancellationToken cancellationToken)
   at Grpc.Net.Client.Balancer.Internal.SocketConnectivitySubchannelTransport.TryConnectAsync(ConnectContext context, Int32 attempt)
   --- End of inner exception stack trace ---
   at Grpc.Net.Client.Balancer.Internal.ConnectionManager.PickAsync(PickContext context, Boolean waitForReady, CancellationToken cancellationToken)
   at Grpc.Net.Client.Balancer.Internal.BalancerHttpHandler.SendAsync(HttpRequestMessage request, CancellationToken cancellationToken)
   at System.Net.Http.HttpMessageInvoker.<SendAsync>g__SendAsyncWithTelemetry|6_0(HttpMessageHandler handler, HttpRequestMessage request, CancellationToken cancellationToken)
   at Grpc.Net.Client.Internal.GrpcCall`2.RunCall(HttpRequestMessage request, Nullable`1 timeout)
   at Grpc.Net.Client.Internal.GrpcCall`2.GetResponseHeadersCoreAsync()
   at SkyApm.Transport.Grpc.V8.ServiceRegister.<>c__DisplayClass9_0.<<ReportInstancePropertiesAsync>b__0>d.MoveNext()
--- End of stack trace from previous location ---
   at SkyApm.Transport.Grpc.Common.Call.Execute[T](Func`1 task, Func`1 errCallback, Func`1 errMessage)
2025-11-25 17:22:25.983 +08:00 [arswebapiservice001] [Warning] SkyApm.Transport.Grpc.ConnectionManager : Connection state changed. Status(StatusCode="Unavailable", Detail="Error connecting to subchannel.", DebugException="System.Net.Sockets.SocketException: 向一个无法连接的网络尝试了一个套接字操作。")
2025-11-25 17:22:40.966 +08:00 [arswebapiservice001] [Information] SkyApm.Transport.Grpc.ConnectionManager : Shutdown connection[172.20.64.1:11800].
2025-11-25 17:22:40.966 +08:00 [arswebapiservice001] [Information] SkyApm.Transport.Grpc.ConnectionManager : Connected server[172.20.64.1:11800].
2025-11-25 17:22:55.973 +08:00 [arswebapiservice001] [Error] SkyApm.Transport.Grpc.V8.ServiceRegister : Report service instance properties fail.
Grpc.Core.RpcException: Status(StatusCode="Unavailable", Detail="Error connecting to subchannel.", DebugException="System.Net.Sockets.SocketException: 向一个无法连接的网络尝试了一个套接字操作。")
 ---> System.Net.Sockets.SocketException (10051): 向一个无法连接的网络尝试了一个套接字操作。
   at System.Net.Sockets.Socket.AwaitableSocketAsyncEventArgs.System.Threading.Tasks.Sources.IValueTaskSource.GetResult(Int16 token)
   at System.Net.Sockets.Socket.<ConnectAsync>g__WaitForConnectWithCancellation|285_0(AwaitableSocketAsyncEventArgs saea, ValueTask connectTask, CancellationToken cancellationToken)
   at Grpc.Net.Client.Balancer.Internal.SocketConnectivitySubchannelTransport.TryConnectAsync(ConnectContext context, Int32 attempt)
   --- End of inner exception stack trace ---
   at Grpc.Net.Client.Balancer.Internal.ConnectionManager.PickAsync(PickContext context, Boolean waitForReady, CancellationToken cancellationToken)
   at Grpc.Net.Client.Balancer.Internal.BalancerHttpHandler.SendAsync(HttpRequestMessage request, CancellationToken cancellationToken)
   at System.Net.Http.HttpMessageInvoker.<SendAsync>g__SendAsyncWithTelemetry|6_0(HttpMessageHandler handler, HttpRequestMessage request, CancellationToken cancellationToken)
   at Grpc.Net.Client.Internal.GrpcCall`2.RunCall(HttpRequestMessage request, Nullable`1 timeout)
   at Grpc.Net.Client.Internal.GrpcCall`2.GetResponseHeadersCoreAsync()
   at SkyApm.Transport.Grpc.V8.ServiceRegister.<>c__DisplayClass9_0.<<ReportInstancePropertiesAsync>b__0>d.MoveNext()
--- End of stack trace from previous location ---
   at SkyApm.Transport.Grpc.Common.Call.Execute[T](Func`1 task, Func`1 errCallback, Func`1 errMessage)
2025-11-25 17:22:55.973 +08:00 [arswebapiservice001] [Warning] SkyApm.Transport.Grpc.ConnectionManager : Connection state changed. Status(StatusCode="Unavailable", Detail="Error connecting to subchannel.", DebugException="System.Net.Sockets.SocketException: 向一个无法连接的网络尝试了一个套接字操作。")
2025-11-25 17:23:10.973 +08:00 [arswebapiservice001] [Information] SkyApm.Transport.Grpc.ConnectionManager : Shutdown connection[172.20.64.1:11800].
2025-11-25 17:23:10.973 +08:00 [arswebapiservice001] [Information] SkyApm.Transport.Grpc.ConnectionManager : Connected server[172.20.64.1:11800].
2025-11-25 17:23:25.975 +08:00 [arswebapiservice001] [Error] SkyApm.Transport.Grpc.V8.ServiceRegister : Report service instance properties fail.
Grpc.Core.RpcException: Status(StatusCode="Unavailable", Detail="Error connecting to subchannel.", DebugException="System.Net.Sockets.SocketException: 向一个无法连接的网络尝试了一个套接字操作。")
 ---> System.Net.Sockets.SocketException (10051): 向一个无法连接的网络尝试了一个套接字操作。
   at System.Net.Sockets.Socket.AwaitableSocketAsyncEventArgs.System.Threading.Tasks.Sources.IValueTaskSource.GetResult(Int16 token)
   at System.Net.Sockets.Socket.<ConnectAsync>g__WaitForConnectWithCancellation|285_0(AwaitableSocketAsyncEventArgs saea, ValueTask connectTask, CancellationToken cancellationToken)
   at Grpc.Net.Client.Balancer.Internal.SocketConnectivitySubchannelTransport.TryConnectAsync(ConnectContext context, Int32 attempt)
   --- End of inner exception stack trace ---
   at Grpc.Net.Client.Balancer.Internal.ConnectionManager.PickAsync(PickContext context, Boolean waitForReady, CancellationToken cancellationToken)
   at Grpc.Net.Client.Balancer.Internal.BalancerHttpHandler.SendAsync(HttpRequestMessage request, CancellationToken cancellationToken)
   at System.Net.Http.HttpMessageInvoker.<SendAsync>g__SendAsyncWithTelemetry|6_0(HttpMessageHandler handler, HttpRequestMessage request, CancellationToken cancellationToken)
   at Grpc.Net.Client.Internal.GrpcCall`2.RunCall(HttpRequestMessage request, Nullable`1 timeout)
   at Grpc.Net.Client.Internal.GrpcCall`2.GetResponseHeadersCoreAsync()
   at SkyApm.Transport.Grpc.V8.ServiceRegister.<>c__DisplayClass9_0.<<ReportInstancePropertiesAsync>b__0>d.MoveNext()
--- End of stack trace from previous location ---
   at SkyApm.Transport.Grpc.Common.Call.Execute[T](Func`1 task, Func`1 errCallback, Func`1 errMessage)
2025-11-25 17:23:25.975 +08:00 [arswebapiservice001] [Warning] SkyApm.Transport.Grpc.ConnectionManager : Connection state changed. Status(StatusCode="Unavailable", Detail="Error connecting to subchannel.", DebugException="System.Net.Sockets.SocketException: 向一个无法连接的网络尝试了一个套接字操作。")
2025-11-25 17:23:40.965 +08:00 [arswebapiservice001] [Information] SkyApm.Transport.Grpc.ConnectionManager : Shutdown connection[172.20.64.1:11800].
2025-11-25 17:23:40.965 +08:00 [arswebapiservice001] [Information] SkyApm.Transport.Grpc.ConnectionManager : Connected server[172.20.64.1:11800].
2025-11-25 17:23:55.982 +08:00 [arswebapiservice001] [Error] SkyApm.Transport.Grpc.V8.ServiceRegister : Report service instance properties fail.
Grpc.Core.RpcException: Status(StatusCode="Unavailable", Detail="Error connecting to subchannel.", DebugException="System.Net.Sockets.SocketException: 向一个无法连接的网络尝试了一个套接字操作。")
 ---> System.Net.Sockets.SocketException (10051): 向一个无法连接的网络尝试了一个套接字操作。
   at System.Net.Sockets.Socket.AwaitableSocketAsyncEventArgs.System.Threading.Tasks.Sources.IValueTaskSource.GetResult(Int16 token)
   at System.Net.Sockets.Socket.<ConnectAsync>g__WaitForConnectWithCancellation|285_0(AwaitableSocketAsyncEventArgs saea, ValueTask connectTask, CancellationToken cancellationToken)
   at Grpc.Net.Client.Balancer.Internal.SocketConnectivitySubchannelTransport.TryConnectAsync(ConnectContext context, Int32 attempt)
   --- End of inner exception stack trace ---
   at Grpc.Net.Client.Balancer.Internal.ConnectionManager.PickAsync(PickContext context, Boolean waitForReady, CancellationToken cancellationToken)
   at Grpc.Net.Client.Balancer.Internal.BalancerHttpHandler.SendAsync(HttpRequestMessage request, CancellationToken cancellationToken)
   at System.Net.Http.HttpMessageInvoker.<SendAsync>g__SendAsyncWithTelemetry|6_0(HttpMessageHandler handler, HttpRequestMessage request, CancellationToken cancellationToken)
   at Grpc.Net.Client.Internal.GrpcCall`2.RunCall(HttpRequestMessage request, Nullable`1 timeout)
   at Grpc.Net.Client.Internal.GrpcCall`2.GetResponseHeadersCoreAsync()
   at SkyApm.Transport.Grpc.V8.ServiceRegister.<>c__DisplayClass9_0.<<ReportInstancePropertiesAsync>b__0>d.MoveNext()
--- End of stack trace from previous location ---
   at SkyApm.Transport.Grpc.Common.Call.Execute[T](Func`1 task, Func`1 errCallback, Func`1 errMessage)
2025-11-25 17:23:55.982 +08:00 [arswebapiservice001] [Warning] SkyApm.Transport.Grpc.ConnectionManager : Connection state changed. Status(StatusCode="Unavailable", Detail="Error connecting to subchannel.", DebugException="System.Net.Sockets.SocketException: 向一个无法连接的网络尝试了一个套接字操作。")
2025-11-25 17:24:10.967 +08:00 [arswebapiservice001] [Information] SkyApm.Transport.Grpc.ConnectionManager : Shutdown connection[172.20.64.1:11800].
2025-11-25 17:24:10.967 +08:00 [arswebapiservice001] [Information] SkyApm.Transport.Grpc.ConnectionManager : Connected server[172.20.64.1:11800].
2025-11-25 17:24:25.982 +08:00 [arswebapiservice001] [Error] SkyApm.Transport.Grpc.V8.ServiceRegister : Report service instance properties fail.
Grpc.Core.RpcException: Status(StatusCode="Unavailable", Detail="Error connecting to subchannel.", DebugException="System.Net.Sockets.SocketException: 向一个无法连接的网络尝试了一个套接字操作。")
 ---> System.Net.Sockets.SocketException (10051): 向一个无法连接的网络尝试了一个套接字操作。
   at System.Net.Sockets.Socket.AwaitableSocketAsyncEventArgs.System.Threading.Tasks.Sources.IValueTaskSource.GetResult(Int16 token)
   at System.Net.Sockets.Socket.<ConnectAsync>g__WaitForConnectWithCancellation|285_0(AwaitableSocketAsyncEventArgs saea, ValueTask connectTask, CancellationToken cancellationToken)
   at Grpc.Net.Client.Balancer.Internal.SocketConnectivitySubchannelTransport.TryConnectAsync(ConnectContext context, Int32 attempt)
   --- End of inner exception stack trace ---
   at Grpc.Net.Client.Balancer.Internal.ConnectionManager.PickAsync(PickContext context, Boolean waitForReady, CancellationToken cancellationToken)
   at Grpc.Net.Client.Balancer.Internal.BalancerHttpHandler.SendAsync(HttpRequestMessage request, CancellationToken cancellationToken)
   at System.Net.Http.HttpMessageInvoker.<SendAsync>g__SendAsyncWithTelemetry|6_0(HttpMessageHandler handler, HttpRequestMessage request, CancellationToken cancellationToken)
   at Grpc.Net.Client.Internal.GrpcCall`2.RunCall(HttpRequestMessage request, Nullable`1 timeout)
   at Grpc.Net.Client.Internal.GrpcCall`2.GetResponseHeadersCoreAsync()
   at SkyApm.Transport.Grpc.V8.ServiceRegister.<>c__DisplayClass9_0.<<ReportInstancePropertiesAsync>b__0>d.MoveNext()
--- End of stack trace from previous location ---
   at SkyApm.Transport.Grpc.Common.Call.Execute[T](Func`1 task, Func`1 errCallback, Func`1 errMessage)
2025-11-25 17:24:25.982 +08:00 [arswebapiservice001] [Warning] SkyApm.Transport.Grpc.ConnectionManager : Connection state changed. Status(StatusCode="Unavailable", Detail="Error connecting to subchannel.", DebugException="System.Net.Sockets.SocketException: 向一个无法连接的网络尝试了一个套接字操作。")
2025-11-25 17:24:40.970 +08:00 [arswebapiservice001] [Information] SkyApm.Transport.Grpc.ConnectionManager : Shutdown connection[172.20.64.1:11800].
2025-11-25 17:24:40.971 +08:00 [arswebapiservice001] [Information] SkyApm.Transport.Grpc.ConnectionManager : Connected server[172.20.64.1:11800].
2025-11-25 17:24:55.970 +08:00 [arswebapiservice001] [Error] SkyApm.Transport.Grpc.V8.ServiceRegister : Report service instance properties fail.
Grpc.Core.RpcException: Status(StatusCode="Unavailable", Detail="Error connecting to subchannel.", DebugException="System.Net.Sockets.SocketException: 向一个无法连接的网络尝试了一个套接字操作。")
 ---> System.Net.Sockets.SocketException (10051): 向一个无法连接的网络尝试了一个套接字操作。
   at System.Net.Sockets.Socket.AwaitableSocketAsyncEventArgs.System.Threading.Tasks.Sources.IValueTaskSource.GetResult(Int16 token)
   at System.Net.Sockets.Socket.<ConnectAsync>g__WaitForConnectWithCancellation|285_0(AwaitableSocketAsyncEventArgs saea, ValueTask connectTask, CancellationToken cancellationToken)
   at Grpc.Net.Client.Balancer.Internal.SocketConnectivitySubchannelTransport.TryConnectAsync(ConnectContext context, Int32 attempt)
   --- End of inner exception stack trace ---
   at Grpc.Net.Client.Balancer.Internal.ConnectionManager.PickAsync(PickContext context, Boolean waitForReady, CancellationToken cancellationToken)
   at Grpc.Net.Client.Balancer.Internal.BalancerHttpHandler.SendAsync(HttpRequestMessage request, CancellationToken cancellationToken)
   at System.Net.Http.HttpMessageInvoker.<SendAsync>g__SendAsyncWithTelemetry|6_0(HttpMessageHandler handler, HttpRequestMessage request, CancellationToken cancellationToken)
   at Grpc.Net.Client.Internal.GrpcCall`2.RunCall(HttpRequestMessage request, Nullable`1 timeout)
   at Grpc.Net.Client.Internal.GrpcCall`2.GetResponseHeadersCoreAsync()
   at SkyApm.Transport.Grpc.V8.ServiceRegister.<>c__DisplayClass9_0.<<ReportInstancePropertiesAsync>b__0>d.MoveNext()
--- End of stack trace from previous location ---
   at SkyApm.Transport.Grpc.Common.Call.Execute[T](Func`1 task, Func`1 errCallback, Func`1 errMessage)
2025-11-25 17:24:55.970 +08:00 [arswebapiservice001] [Warning] SkyApm.Transport.Grpc.ConnectionManager : Connection state changed. Status(StatusCode="Unavailable", Detail="Error connecting to subchannel.", DebugException="System.Net.Sockets.SocketException: 向一个无法连接的网络尝试了一个套接字操作。")
2025-11-25 17:25:10.971 +08:00 [arswebapiservice001] [Information] SkyApm.Transport.Grpc.ConnectionManager : Shutdown connection[172.20.64.1:11800].
2025-11-25 17:25:10.971 +08:00 [arswebapiservice001] [Information] SkyApm.Transport.Grpc.ConnectionManager : Connected server[172.20.64.1:11800].
2025-11-25 17:25:25.977 +08:00 [arswebapiservice001] [Error] SkyApm.Transport.Grpc.V8.ServiceRegister : Report service instance properties fail.
Grpc.Core.RpcException: Status(StatusCode="Unavailable", Detail="Error connecting to subchannel.", DebugException="System.Net.Sockets.SocketException: 向一个无法连接的网络尝试了一个套接字操作。")
 ---> System.Net.Sockets.SocketException (10051): 向一个无法连接的网络尝试了一个套接字操作。
   at System.Net.Sockets.Socket.AwaitableSocketAsyncEventArgs.System.Threading.Tasks.Sources.IValueTaskSource.GetResult(Int16 token)
   at System.Net.Sockets.Socket.<ConnectAsync>g__WaitForConnectWithCancellation|285_0(AwaitableSocketAsyncEventArgs saea, ValueTask connectTask, CancellationToken cancellationToken)
   at Grpc.Net.Client.Balancer.Internal.SocketConnectivitySubchannelTransport.TryConnectAsync(ConnectContext context, Int32 attempt)
   --- End of inner exception stack trace ---
   at Grpc.Net.Client.Balancer.Internal.ConnectionManager.PickAsync(PickContext context, Boolean waitForReady, CancellationToken cancellationToken)
   at Grpc.Net.Client.Balancer.Internal.BalancerHttpHandler.SendAsync(HttpRequestMessage request, CancellationToken cancellationToken)
   at System.Net.Http.HttpMessageInvoker.<SendAsync>g__SendAsyncWithTelemetry|6_0(HttpMessageHandler handler, HttpRequestMessage request, CancellationToken cancellationToken)
   at Grpc.Net.Client.Internal.GrpcCall`2.RunCall(HttpRequestMessage request, Nullable`1 timeout)
   at Grpc.Net.Client.Internal.GrpcCall`2.GetResponseHeadersCoreAsync()
   at SkyApm.Transport.Grpc.V8.ServiceRegister.<>c__DisplayClass9_0.<<ReportInstancePropertiesAsync>b__0>d.MoveNext()
--- End of stack trace from previous location ---
   at SkyApm.Transport.Grpc.Common.Call.Execute[T](Func`1 task, Func`1 errCallback, Func`1 errMessage)
2025-11-25 17:25:25.977 +08:00 [arswebapiservice001] [Warning] SkyApm.Transport.Grpc.ConnectionManager : Connection state changed. Status(StatusCode="Unavailable", Detail="Error connecting to subchannel.", DebugException="System.Net.Sockets.SocketException: 向一个无法连接的网络尝试了一个套接字操作。")
2025-11-25 17:25:40.969 +08:00 [arswebapiservice001] [Information] SkyApm.Transport.Grpc.ConnectionManager : Shutdown connection[172.20.64.1:11800].
2025-11-25 17:25:40.969 +08:00 [arswebapiservice001] [Information] SkyApm.Transport.Grpc.ConnectionManager : Connected server[172.20.64.1:11800].
2025-11-25 17:25:55.983 +08:00 [arswebapiservice001] [Error] SkyApm.Transport.Grpc.V8.ServiceRegister : Report service instance properties fail.
Grpc.Core.RpcException: Status(StatusCode="Unavailable", Detail="Error connecting to subchannel.", DebugException="System.Net.Sockets.SocketException: 向一个无法连接的网络尝试了一个套接字操作。")
 ---> System.Net.Sockets.SocketException (10051): 向一个无法连接的网络尝试了一个套接字操作。
   at System.Net.Sockets.Socket.AwaitableSocketAsyncEventArgs.System.Threading.Tasks.Sources.IValueTaskSource.GetResult(Int16 token)
   at System.Net.Sockets.Socket.<ConnectAsync>g__WaitForConnectWithCancellation|285_0(AwaitableSocketAsyncEventArgs saea, ValueTask connectTask, CancellationToken cancellationToken)
   at Grpc.Net.Client.Balancer.Internal.SocketConnectivitySubchannelTransport.TryConnectAsync(ConnectContext context, Int32 attempt)
   --- End of inner exception stack trace ---
   at Grpc.Net.Client.Balancer.Internal.ConnectionManager.PickAsync(PickContext context, Boolean waitForReady, CancellationToken cancellationToken)
   at Grpc.Net.Client.Balancer.Internal.BalancerHttpHandler.SendAsync(HttpRequestMessage request, CancellationToken cancellationToken)
   at System.Net.Http.HttpMessageInvoker.<SendAsync>g__SendAsyncWithTelemetry|6_0(HttpMessageHandler handler, HttpRequestMessage request, CancellationToken cancellationToken)
   at Grpc.Net.Client.Internal.GrpcCall`2.RunCall(HttpRequestMessage request, Nullable`1 timeout)
   at Grpc.Net.Client.Internal.GrpcCall`2.GetResponseHeadersCoreAsync()
   at SkyApm.Transport.Grpc.V8.ServiceRegister.<>c__DisplayClass9_0.<<ReportInstancePropertiesAsync>b__0>d.MoveNext()
--- End of stack trace from previous location ---
   at SkyApm.Transport.Grpc.Common.Call.Execute[T](Func`1 task, Func`1 errCallback, Func`1 errMessage)
2025-11-25 17:25:55.983 +08:00 [arswebapiservice001] [Warning] SkyApm.Transport.Grpc.ConnectionManager : Connection state changed. Status(StatusCode="Unavailable", Detail="Error connecting to subchannel.", DebugException="System.Net.Sockets.SocketException: 向一个无法连接的网络尝试了一个套接字操作。")
2025-11-25 17:26:10.967 +08:00 [arswebapiservice001] [Information] SkyApm.Transport.Grpc.ConnectionManager : Shutdown connection[172.20.64.1:11800].
2025-11-25 17:26:10.967 +08:00 [arswebapiservice001] [Information] SkyApm.Transport.Grpc.ConnectionManager : Connected server[172.20.64.1:11800].
2025-11-25 17:26:25.981 +08:00 [arswebapiservice001] [Error] SkyApm.Transport.Grpc.V8.ServiceRegister : Report service instance properties fail.
Grpc.Core.RpcException: Status(StatusCode="Unavailable", Detail="Error connecting to subchannel.", DebugException="System.Net.Sockets.SocketException: 向一个无法连接的网络尝试了一个套接字操作。")
 ---> System.Net.Sockets.SocketException (10051): 向一个无法连接的网络尝试了一个套接字操作。
   at System.Net.Sockets.Socket.AwaitableSocketAsyncEventArgs.System.Threading.Tasks.Sources.IValueTaskSource.GetResult(Int16 token)
   at System.Net.Sockets.Socket.<ConnectAsync>g__WaitForConnectWithCancellation|285_0(AwaitableSocketAsyncEventArgs saea, ValueTask connectTask, CancellationToken cancellationToken)
   at Grpc.Net.Client.Balancer.Internal.SocketConnectivitySubchannelTransport.TryConnectAsync(ConnectContext context, Int32 attempt)
   --- End of inner exception stack trace ---
   at Grpc.Net.Client.Balancer.Internal.ConnectionManager.PickAsync(PickContext context, Boolean waitForReady, CancellationToken cancellationToken)
   at Grpc.Net.Client.Balancer.Internal.BalancerHttpHandler.SendAsync(HttpRequestMessage request, CancellationToken cancellationToken)
   at System.Net.Http.HttpMessageInvoker.<SendAsync>g__SendAsyncWithTelemetry|6_0(HttpMessageHandler handler, HttpRequestMessage request, CancellationToken cancellationToken)
   at Grpc.Net.Client.Internal.GrpcCall`2.RunCall(HttpRequestMessage request, Nullable`1 timeout)
   at Grpc.Net.Client.Internal.GrpcCall`2.GetResponseHeadersCoreAsync()
   at SkyApm.Transport.Grpc.V8.ServiceRegister.<>c__DisplayClass9_0.<<ReportInstancePropertiesAsync>b__0>d.MoveNext()
--- End of stack trace from previous location ---
   at SkyApm.Transport.Grpc.Common.Call.Execute[T](Func`1 task, Func`1 errCallback, Func`1 errMessage)
2025-11-25 17:26:25.981 +08:00 [arswebapiservice001] [Warning] SkyApm.Transport.Grpc.ConnectionManager : Connection state changed. Status(StatusCode="Unavailable", Detail="Error connecting to subchannel.", DebugException="System.Net.Sockets.SocketException: 向一个无法连接的网络尝试了一个套接字操作。")
2025-11-25 17:26:40.972 +08:00 [arswebapiservice001] [Information] SkyApm.Transport.Grpc.ConnectionManager : Shutdown connection[172.20.64.1:11800].
2025-11-25 17:26:40.973 +08:00 [arswebapiservice001] [Information] SkyApm.Transport.Grpc.ConnectionManager : Connected server[172.20.64.1:11800].
2025-11-25 17:26:55.978 +08:00 [arswebapiservice001] [Error] SkyApm.Transport.Grpc.V8.ServiceRegister : Report service instance properties fail.
Grpc.Core.RpcException: Status(StatusCode="Unavailable", Detail="Error connecting to subchannel.", DebugException="System.Net.Sockets.SocketException: 向一个无法连接的网络尝试了一个套接字操作。")
 ---> System.Net.Sockets.SocketException (10051): 向一个无法连接的网络尝试了一个套接字操作。
   at System.Net.Sockets.Socket.AwaitableSocketAsyncEventArgs.System.Threading.Tasks.Sources.IValueTaskSource.GetResult(Int16 token)
   at System.Net.Sockets.Socket.<ConnectAsync>g__WaitForConnectWithCancellation|285_0(AwaitableSocketAsyncEventArgs saea, ValueTask connectTask, CancellationToken cancellationToken)
   at Grpc.Net.Client.Balancer.Internal.SocketConnectivitySubchannelTransport.TryConnectAsync(ConnectContext context, Int32 attempt)
   --- End of inner exception stack trace ---
   at Grpc.Net.Client.Balancer.Internal.ConnectionManager.PickAsync(PickContext context, Boolean waitForReady, CancellationToken cancellationToken)
   at Grpc.Net.Client.Balancer.Internal.BalancerHttpHandler.SendAsync(HttpRequestMessage request, CancellationToken cancellationToken)
   at System.Net.Http.HttpMessageInvoker.<SendAsync>g__SendAsyncWithTelemetry|6_0(HttpMessageHandler handler, HttpRequestMessage request, CancellationToken cancellationToken)
   at Grpc.Net.Client.Internal.GrpcCall`2.RunCall(HttpRequestMessage request, Nullable`1 timeout)
   at Grpc.Net.Client.Internal.GrpcCall`2.GetResponseHeadersCoreAsync()
   at SkyApm.Transport.Grpc.V8.ServiceRegister.<>c__DisplayClass9_0.<<ReportInstancePropertiesAsync>b__0>d.MoveNext()
--- End of stack trace from previous location ---
   at SkyApm.Transport.Grpc.Common.Call.Execute[T](Func`1 task, Func`1 errCallback, Func`1 errMessage)
2025-11-25 17:26:55.979 +08:00 [arswebapiservice001] [Warning] SkyApm.Transport.Grpc.ConnectionManager : Connection state changed. Status(StatusCode="Unavailable", Detail="Error connecting to subchannel.", DebugException="System.Net.Sockets.SocketException: 向一个无法连接的网络尝试了一个套接字操作。")
2025-11-25 17:27:10.978 +08:00 [arswebapiservice001] [Information] SkyApm.Transport.Grpc.ConnectionManager : Shutdown connection[172.20.64.1:11800].
2025-11-25 17:27:10.978 +08:00 [arswebapiservice001] [Information] SkyApm.Transport.Grpc.ConnectionManager : Connected server[172.20.64.1:11800].
2025-11-25 17:48:29.471 +08:00 [arswebapiservice001] [Information] SkyApm.InstrumentStartup : Initializing ...
2025-11-25 17:48:29.515 +08:00 [arswebapiservice001] [Information] SkyApm.Service.RegisterService : Loaded instrument service [SkyApm.Service.RegisterService].
2025-11-25 17:48:29.515 +08:00 [arswebapiservice001] [Information] SkyApm.Service.LogReportService : Loaded instrument service [SkyApm.Service.LogReportService].
2025-11-25 17:48:29.516 +08:00 [arswebapiservice001] [Information] SkyApm.Service.PingService : Loaded instrument service [SkyApm.Service.PingService].
2025-11-25 17:48:29.516 +08:00 [arswebapiservice001] [Information] SkyApm.Service.SegmentReportService : Loaded instrument service [SkyApm.Service.SegmentReportService].
2025-11-25 17:48:29.516 +08:00 [arswebapiservice001] [Information] SkyApm.Service.CLRStatsService : Loaded instrument service [SkyApm.Service.CLRStatsService].
2025-11-25 17:48:29.516 +08:00 [arswebapiservice001] [Information] SkyApm.Sampling.SimpleCountSamplingInterceptor : Loaded instrument service [SkyApm.Sampling.SimpleCountSamplingInterceptor].
2025-11-25 17:48:29.517 +08:00 [arswebapiservice001] [Information] SkyApm.Transport.Grpc.ConnectService : Loaded instrument service [SkyApm.Transport.Grpc.ConnectService].
2025-11-25 17:48:29.563 +08:00 [arswebapiservice001] [Information] SkyApm.Transport.Grpc.ConnectionManager : Connected server[172.20.64.1:11800].
2025-11-25 17:48:29.570 +08:00 [arswebapiservice001] [Information] SkyApm.Diagnostics.TracingDiagnosticProcessorObserver : Loaded diagnostic listener [HttpHandlerDiagnosticListener].
2025-11-25 17:48:29.570 +08:00 [arswebapiservice001] [Information] SkyApm.InstrumentStartup : Started SkyAPM .NET Core Agent.
2025-11-25 17:48:29.953 +08:00 [arswebapiservice001] [Information] SkyApm.Diagnostics.TracingDiagnosticProcessorObserver : Loaded diagnostic listener [Microsoft.EntityFrameworkCore].
2025-11-25 17:48:30.100 +08:00 [arswebapiservice001] [Information] SkyApm.Diagnostics.TracingDiagnosticProcessorObserver : Loaded diagnostic listener [Grpc.Net.Client].
2025-11-25 17:48:30.176 +08:00 [arswebapiservice001] [Error] SkyApm.Transport.Grpc.V8.ServiceRegister : Report service instance properties fail.
Grpc.Core.RpcException: Status(StatusCode="Unavailable", Detail="Error connecting to subchannel.", DebugException="System.Net.Sockets.SocketException: 向一个无法连接的网络尝试了一个套接字操作。")
 ---> System.Net.Sockets.SocketException (10051): 向一个无法连接的网络尝试了一个套接字操作。
   at System.Net.Sockets.Socket.AwaitableSocketAsyncEventArgs.ThrowException(SocketError error, CancellationToken cancellationToken)
   at System.Net.Sockets.Socket.AwaitableSocketAsyncEventArgs.System.Threading.Tasks.Sources.IValueTaskSource.GetResult(Int16 token)
   at System.Net.Sockets.Socket.<ConnectAsync>g__WaitForConnectWithCancellation|285_0(AwaitableSocketAsyncEventArgs saea, ValueTask connectTask, CancellationToken cancellationToken)
   at Grpc.Net.Client.Balancer.Internal.SocketConnectivitySubchannelTransport.TryConnectAsync(ConnectContext context, Int32 attempt)
   --- End of inner exception stack trace ---
   at Grpc.Net.Client.Balancer.Internal.ConnectionManager.PickAsync(PickContext context, Boolean waitForReady, CancellationToken cancellationToken)
   at Grpc.Net.Client.Balancer.Internal.BalancerHttpHandler.SendAsync(HttpRequestMessage request, CancellationToken cancellationToken)
   at System.Net.Http.HttpMessageInvoker.<SendAsync>g__SendAsyncWithTelemetry|6_0(HttpMessageHandler handler, HttpRequestMessage request, CancellationToken cancellationToken)
   at Grpc.Net.Client.Internal.GrpcCall`2.RunCall(HttpRequestMessage request, Nullable`1 timeout)
   at Grpc.Net.Client.Internal.GrpcCall`2.GetResponseHeadersCoreAsync()
   at SkyApm.Transport.Grpc.V8.ServiceRegister.<>c__DisplayClass9_0.<<ReportInstancePropertiesAsync>b__0>d.MoveNext()
--- End of stack trace from previous location ---
   at SkyApm.Transport.Grpc.Common.Call.Execute[T](Func`1 task, Func`1 errCallback, Func`1 errMessage)
2025-11-25 17:48:30.176 +08:00 [arswebapiservice001] [Warning] SkyApm.Transport.Grpc.ConnectionManager : Connection state changed. Status(StatusCode="Unavailable", Detail="Error connecting to subchannel.", DebugException="System.Net.Sockets.SocketException: 向一个无法连接的网络尝试了一个套接字操作。")
2025-11-25 17:48:44.523 +08:00 [arswebapiservice001] [Information] SkyApm.Transport.Grpc.ConnectionManager : Shutdown connection[172.20.64.1:11800].
2025-11-25 17:48:44.523 +08:00 [arswebapiservice001] [Information] SkyApm.Transport.Grpc.ConnectionManager : Connected server[172.20.64.1:11800].
2025-11-25 17:49:51.153 +08:00 [arswebapiservice001] [Error] SkyApm.Transport.Grpc.V8.ServiceRegister : Report service instance properties fail.
Grpc.Core.RpcException: Status(StatusCode="Unavailable", Detail="Error connecting to subchannel.", DebugException="System.Net.Sockets.SocketException: 向一个无法连接的网络尝试了一个套接字操作。")
 ---> System.Net.Sockets.SocketException (10051): 向一个无法连接的网络尝试了一个套接字操作。
   at System.Net.Sockets.Socket.AwaitableSocketAsyncEventArgs.ThrowException(SocketError error, CancellationToken cancellationToken)
   at System.Net.Sockets.Socket.AwaitableSocketAsyncEventArgs.System.Threading.Tasks.Sources.IValueTaskSource.GetResult(Int16 token)
   at System.Net.Sockets.Socket.<ConnectAsync>g__WaitForConnectWithCancellation|285_0(AwaitableSocketAsyncEventArgs saea, ValueTask connectTask, CancellationToken cancellationToken)
   at Grpc.Net.Client.Balancer.Internal.SocketConnectivitySubchannelTransport.TryConnectAsync(ConnectContext context, Int32 attempt)
   --- End of inner exception stack trace ---
   at Grpc.Net.Client.Balancer.Internal.ConnectionManager.PickAsync(PickContext context, Boolean waitForReady, CancellationToken cancellationToken)
   at Grpc.Net.Client.Balancer.Internal.BalancerHttpHandler.SendAsync(HttpRequestMessage request, CancellationToken cancellationToken)
   at System.Net.Http.HttpMessageInvoker.<SendAsync>g__SendAsyncWithTelemetry|6_0(HttpMessageHandler handler, HttpRequestMessage request, CancellationToken cancellationToken)
   at Grpc.Net.Client.Internal.GrpcCall`2.RunCall(HttpRequestMessage request, Nullable`1 timeout)
   at Grpc.Net.Client.Internal.GrpcCall`2.GetResponseHeadersCoreAsync()
   at SkyApm.Transport.Grpc.V8.ServiceRegister.<>c__DisplayClass9_0.<<ReportInstancePropertiesAsync>b__0>d.MoveNext()
--- End of stack trace from previous location ---
   at SkyApm.Transport.Grpc.Common.Call.Execute[T](Func`1 task, Func`1 errCallback, Func`1 errMessage)
2025-11-25 17:49:51.153 +08:00 [arswebapiservice001] [Error] SkyApm.Transport.Grpc.V8.ServiceRegister : Report service instance properties fail.
Grpc.Core.RpcException: Status(StatusCode="Unavailable", Detail="Error connecting to subchannel.", DebugException="System.Net.Sockets.SocketException: 向一个无法连接的网络尝试了一个套接字操作。")
 ---> System.Net.Sockets.SocketException (10051): 向一个无法连接的网络尝试了一个套接字操作。
   at System.Net.Sockets.Socket.AwaitableSocketAsyncEventArgs.ThrowException(SocketError error, CancellationToken cancellationToken)
   at System.Net.Sockets.Socket.AwaitableSocketAsyncEventArgs.System.Threading.Tasks.Sources.IValueTaskSource.GetResult(Int16 token)
   at System.Net.Sockets.Socket.<ConnectAsync>g__WaitForConnectWithCancellation|285_0(AwaitableSocketAsyncEventArgs saea, ValueTask connectTask, CancellationToken cancellationToken)
   at Grpc.Net.Client.Balancer.Internal.SocketConnectivitySubchannelTransport.TryConnectAsync(ConnectContext context, Int32 attempt)
   --- End of inner exception stack trace ---
   at Grpc.Net.Client.Balancer.Internal.ConnectionManager.PickAsync(PickContext context, Boolean waitForReady, CancellationToken cancellationToken)
   at Grpc.Net.Client.Balancer.Internal.BalancerHttpHandler.SendAsync(HttpRequestMessage request, CancellationToken cancellationToken)
   at System.Net.Http.HttpMessageInvoker.<SendAsync>g__SendAsyncWithTelemetry|6_0(HttpMessageHandler handler, HttpRequestMessage request, CancellationToken cancellationToken)
   at Grpc.Net.Client.Internal.GrpcCall`2.RunCall(HttpRequestMessage request, Nullable`1 timeout)
   at Grpc.Net.Client.Internal.GrpcCall`2.GetResponseHeadersCoreAsync()
   at SkyApm.Transport.Grpc.V8.ServiceRegister.<>c__DisplayClass9_0.<<ReportInstancePropertiesAsync>b__0>d.MoveNext()
--- End of stack trace from previous location ---
   at SkyApm.Transport.Grpc.Common.Call.Execute[T](Func`1 task, Func`1 errCallback, Func`1 errMessage)
2025-11-25 17:49:51.154 +08:00 [arswebapiservice001] [Warning] SkyApm.Transport.Grpc.ConnectionManager : Connection state changed. Status(StatusCode="Unavailable", Detail="Error connecting to subchannel.", DebugException="System.Net.Sockets.SocketException: 向一个无法连接的网络尝试了一个套接字操作。")
2025-11-25 17:49:51.154 +08:00 [arswebapiservice001] [Warning] SkyApm.Transport.Grpc.ConnectionManager : Connection state changed. Status(StatusCode="Unavailable", Detail="Error connecting to subchannel.", DebugException="System.Net.Sockets.SocketException: 向一个无法连接的网络尝试了一个套接字操作。")
2025-11-25 17:50:06.077 +08:00 [arswebapiservice001] [Information] SkyApm.Transport.Grpc.ConnectionManager : Shutdown connection[172.20.64.1:11800].
2025-11-25 17:50:06.077 +08:00 [arswebapiservice001] [Information] SkyApm.Transport.Grpc.ConnectionManager : Connected server[172.20.64.1:11800].
2025-11-25 17:50:21.081 +08:00 [arswebapiservice001] [Error] SkyApm.Transport.Grpc.V8.ServiceRegister : Report service instance properties fail.
Grpc.Core.RpcException: Status(StatusCode="Unavailable", Detail="Error connecting to subchannel.", DebugException="System.Net.Sockets.SocketException: 向一个无法连接的网络尝试了一个套接字操作。")
 ---> System.Net.Sockets.SocketException (10051): 向一个无法连接的网络尝试了一个套接字操作。
   at System.Net.Sockets.Socket.AwaitableSocketAsyncEventArgs.ThrowException(SocketError error, CancellationToken cancellationToken)
   at System.Net.Sockets.Socket.AwaitableSocketAsyncEventArgs.System.Threading.Tasks.Sources.IValueTaskSource.GetResult(Int16 token)
   at System.Net.Sockets.Socket.<ConnectAsync>g__WaitForConnectWithCancellation|285_0(AwaitableSocketAsyncEventArgs saea, ValueTask connectTask, CancellationToken cancellationToken)
   at Grpc.Net.Client.Balancer.Internal.SocketConnectivitySubchannelTransport.TryConnectAsync(ConnectContext context, Int32 attempt)
   --- End of inner exception stack trace ---
   at Grpc.Net.Client.Balancer.Internal.ConnectionManager.PickAsync(PickContext context, Boolean waitForReady, CancellationToken cancellationToken)
   at Grpc.Net.Client.Balancer.Internal.BalancerHttpHandler.SendAsync(HttpRequestMessage request, CancellationToken cancellationToken)
   at System.Net.Http.HttpMessageInvoker.<SendAsync>g__SendAsyncWithTelemetry|6_0(HttpMessageHandler handler, HttpRequestMessage request, CancellationToken cancellationToken)
   at Grpc.Net.Client.Internal.GrpcCall`2.RunCall(HttpRequestMessage request, Nullable`1 timeout)
   at Grpc.Net.Client.Internal.GrpcCall`2.GetResponseHeadersCoreAsync()
   at SkyApm.Transport.Grpc.V8.ServiceRegister.<>c__DisplayClass9_0.<<ReportInstancePropertiesAsync>b__0>d.MoveNext()
--- End of stack trace from previous location ---
   at SkyApm.Transport.Grpc.Common.Call.Execute[T](Func`1 task, Func`1 errCallback, Func`1 errMessage)
2025-11-25 17:50:21.081 +08:00 [arswebapiservice001] [Warning] SkyApm.Transport.Grpc.ConnectionManager : Connection state changed. Status(StatusCode="Unavailable", Detail="Error connecting to subchannel.", DebugException="System.Net.Sockets.SocketException: 向一个无法连接的网络尝试了一个套接字操作。")
2025-11-25 17:50:36.077 +08:00 [arswebapiservice001] [Information] SkyApm.Transport.Grpc.ConnectionManager : Shutdown connection[172.20.64.1:11800].
2025-11-25 17:50:36.077 +08:00 [arswebapiservice001] [Information] SkyApm.Transport.Grpc.ConnectionManager : Connected server[172.20.64.1:11800].
2025-11-25 17:52:23.443 +08:00 [arswebapiservice001] [Error] SkyApm.Transport.Grpc.V8.ServiceRegister : Report service instance properties fail.
Grpc.Core.RpcException: Status(StatusCode="Unavailable", Detail="Error connecting to subchannel.", DebugException="System.Net.Sockets.SocketException: 向一个无法连接的网络尝试了一个套接字操作。")
 ---> System.Net.Sockets.SocketException (10051): 向一个无法连接的网络尝试了一个套接字操作。
   at System.Net.Sockets.Socket.AwaitableSocketAsyncEventArgs.CreateException(SocketError error, Boolean forAsyncThrow)
   at System.Net.Sockets.Socket.AwaitableSocketAsyncEventArgs.ConnectAsync(Socket socket)
   at System.Net.Sockets.Socket.ConnectAsync(EndPoint remoteEP, CancellationToken cancellationToken)
   at Grpc.Net.Client.Balancer.Internal.SocketConnectivitySubchannelTransport.OnConnect(Socket socket, DnsEndPoint endpoint, CancellationToken cancellationToken)
   at Grpc.Net.Client.Balancer.Internal.SocketConnectivitySubchannelTransport.TryConnectAsync(ConnectContext context, Int32 attempt)
   at System.Runtime.CompilerServices.AsyncMethodBuilderCore.Start[TStateMachine](TStateMachine& stateMachine)
   at Grpc.Net.Client.Balancer.Internal.SocketConnectivitySubchannelTransport.TryConnectAsync(ConnectContext context, Int32 attempt)
   at Grpc.Net.Client.Balancer.Subchannel.ConnectTransportAsync()
   at System.Runtime.CompilerServices.AsyncMethodBuilderCore.Start[TStateMachine](TStateMachine& stateMachine)
   at Grpc.Net.Client.Balancer.Subchannel.ConnectTransportAsync()
   at System.Threading.Tasks.Task`1.InnerInvoke()
   at System.Threading.Tasks.Task.ExecuteWithThreadLocal(Task& currentTaskSlot, Thread threadPoolThread)
   at System.Threading.ThreadPoolWorkQueue.Dispatch()
   at System.Threading.PortableThreadPool.WorkerThread.WorkerThreadStart()
--- End of stack trace from previous location ---
   at Grpc.Net.Client.Balancer.Internal.SocketConnectivitySubchannelTransport.TryConnectAsync(ConnectContext context, Int32 attempt)
   --- End of inner exception stack trace ---
   at Grpc.Net.Client.Balancer.Internal.ConnectionManager.PickAsync(PickContext context, Boolean waitForReady, CancellationToken cancellationToken)
   at Grpc.Net.Client.Balancer.Internal.BalancerHttpHandler.SendAsync(HttpRequestMessage request, CancellationToken cancellationToken)
   at System.Net.Http.HttpMessageInvoker.<SendAsync>g__SendAsyncWithTelemetry|6_0(HttpMessageHandler handler, HttpRequestMessage request, CancellationToken cancellationToken)
   at Grpc.Net.Client.Internal.GrpcCall`2.RunCall(HttpRequestMessage request, Nullable`1 timeout)
   at Grpc.Net.Client.Internal.GrpcCall`2.GetResponseHeadersCoreAsync()
   at SkyApm.Transport.Grpc.V8.ServiceRegister.<>c__DisplayClass9_0.<<ReportInstancePropertiesAsync>b__0>d.MoveNext()
--- End of stack trace from previous location ---
   at SkyApm.Transport.Grpc.Common.Call.Execute[T](Func`1 task, Func`1 errCallback, Func`1 errMessage)
2025-11-25 17:52:23.443 +08:00 [arswebapiservice001] [Error] SkyApm.Transport.Grpc.V8.ServiceRegister : Report service instance properties fail.
Grpc.Core.RpcException: Status(StatusCode="Unavailable", Detail="Error connecting to subchannel.", DebugException="System.Net.Sockets.SocketException: 向一个无法连接的网络尝试了一个套接字操作。")
 ---> System.Net.Sockets.SocketException (10051): 向一个无法连接的网络尝试了一个套接字操作。
   at System.Net.Sockets.Socket.AwaitableSocketAsyncEventArgs.CreateException(SocketError error, Boolean forAsyncThrow)
   at System.Net.Sockets.Socket.AwaitableSocketAsyncEventArgs.ConnectAsync(Socket socket)
   at System.Net.Sockets.Socket.ConnectAsync(EndPoint remoteEP, CancellationToken cancellationToken)
   at Grpc.Net.Client.Balancer.Internal.SocketConnectivitySubchannelTransport.OnConnect(Socket socket, DnsEndPoint endpoint, CancellationToken cancellationToken)
   at Grpc.Net.Client.Balancer.Internal.SocketConnectivitySubchannelTransport.TryConnectAsync(ConnectContext context, Int32 attempt)
   at System.Runtime.CompilerServices.AsyncMethodBuilderCore.Start[TStateMachine](TStateMachine& stateMachine)
   at Grpc.Net.Client.Balancer.Internal.SocketConnectivitySubchannelTransport.TryConnectAsync(ConnectContext context, Int32 attempt)
   at Grpc.Net.Client.Balancer.Subchannel.ConnectTransportAsync()
   at System.Runtime.CompilerServices.AsyncMethodBuilderCore.Start[TStateMachine](TStateMachine& stateMachine)
   at Grpc.Net.Client.Balancer.Subchannel.ConnectTransportAsync()
   at System.Threading.Tasks.Task`1.InnerInvoke()
   at System.Threading.Tasks.Task.ExecuteWithThreadLocal(Task& currentTaskSlot, Thread threadPoolThread)
   at System.Threading.ThreadPoolWorkQueue.Dispatch()
   at System.Threading.PortableThreadPool.WorkerThread.WorkerThreadStart()
--- End of stack trace from previous location ---
   at Grpc.Net.Client.Balancer.Internal.SocketConnectivitySubchannelTransport.TryConnectAsync(ConnectContext context, Int32 attempt)
   --- End of inner exception stack trace ---
   at Grpc.Net.Client.Balancer.Internal.ConnectionManager.PickAsync(PickContext context, Boolean waitForReady, CancellationToken cancellationToken)
   at Grpc.Net.Client.Balancer.Internal.BalancerHttpHandler.SendAsync(HttpRequestMessage request, CancellationToken cancellationToken)
   at System.Net.Http.HttpMessageInvoker.<SendAsync>g__SendAsyncWithTelemetry|6_0(HttpMessageHandler handler, HttpRequestMessage request, CancellationToken cancellationToken)
   at Grpc.Net.Client.Internal.GrpcCall`2.RunCall(HttpRequestMessage request, Nullable`1 timeout)
   at Grpc.Net.Client.Internal.GrpcCall`2.GetResponseHeadersCoreAsync()
   at SkyApm.Transport.Grpc.V8.ServiceRegister.<>c__DisplayClass9_0.<<ReportInstancePropertiesAsync>b__0>d.MoveNext()
--- End of stack trace from previous location ---
   at SkyApm.Transport.Grpc.Common.Call.Execute[T](Func`1 task, Func`1 errCallback, Func`1 errMessage)
2025-11-25 17:52:23.445 +08:00 [arswebapiservice001] [Warning] SkyApm.Transport.Grpc.ConnectionManager : Connection state changed. Status(StatusCode="Unavailable", Detail="Error connecting to subchannel.", DebugException="System.Net.Sockets.SocketException: 向一个无法连接的网络尝试了一个套接字操作。")
2025-11-25 17:52:23.445 +08:00 [arswebapiservice001] [Warning] SkyApm.Transport.Grpc.ConnectionManager : Connection state changed. Status(StatusCode="Unavailable", Detail="Error connecting to subchannel.", DebugException="System.Net.Sockets.SocketException: 向一个无法连接的网络尝试了一个套接字操作。")
2025-11-25 17:52:23.445 +08:00 [arswebapiservice001] [Error] SkyApm.Transport.Grpc.V8.ServiceRegister : Report service instance properties fail.
Grpc.Core.RpcException: Status(StatusCode="Unavailable", Detail="Error connecting to subchannel.", DebugException="System.Net.Sockets.SocketException: 向一个无法连接的网络尝试了一个套接字操作。")
 ---> System.Net.Sockets.SocketException (10051): 向一个无法连接的网络尝试了一个套接字操作。
   at System.Net.Sockets.Socket.AwaitableSocketAsyncEventArgs.CreateException(SocketError error, Boolean forAsyncThrow)
   at System.Net.Sockets.Socket.AwaitableSocketAsyncEventArgs.ConnectAsync(Socket socket)
   at System.Net.Sockets.Socket.ConnectAsync(EndPoint remoteEP, CancellationToken cancellationToken)
   at Grpc.Net.Client.Balancer.Internal.SocketConnectivitySubchannelTransport.OnConnect(Socket socket, DnsEndPoint endpoint, CancellationToken cancellationToken)
   at Grpc.Net.Client.Balancer.Internal.SocketConnectivitySubchannelTransport.TryConnectAsync(ConnectContext context, Int32 attempt)
   at System.Runtime.CompilerServices.AsyncMethodBuilderCore.Start[TStateMachine](TStateMachine& stateMachine)
   at Grpc.Net.Client.Balancer.Internal.SocketConnectivitySubchannelTransport.TryConnectAsync(ConnectContext context, Int32 attempt)
   at Grpc.Net.Client.Balancer.Subchannel.ConnectTransportAsync()
   at System.Runtime.CompilerServices.AsyncMethodBuilderCore.Start[TStateMachine](TStateMachine& stateMachine)
   at Grpc.Net.Client.Balancer.Subchannel.ConnectTransportAsync()
   at System.Threading.Tasks.Task`1.InnerInvoke()
   at System.Threading.Tasks.Task.ExecuteWithThreadLocal(Task& currentTaskSlot, Thread threadPoolThread)
   at System.Threading.ThreadPoolWorkQueue.Dispatch()
   at System.Threading.PortableThreadPool.WorkerThread.WorkerThreadStart()
--- End of stack trace from previous location ---
   at Grpc.Net.Client.Balancer.Internal.SocketConnectivitySubchannelTransport.TryConnectAsync(ConnectContext context, Int32 attempt)
   --- End of inner exception stack trace ---
   at Grpc.Net.Client.Balancer.Internal.ConnectionManager.PickAsync(PickContext context, Boolean waitForReady, CancellationToken cancellationToken)
   at Grpc.Net.Client.Balancer.Internal.BalancerHttpHandler.SendAsync(HttpRequestMessage request, CancellationToken cancellationToken)
   at System.Net.Http.HttpMessageInvoker.<SendAsync>g__SendAsyncWithTelemetry|6_0(HttpMessageHandler handler, HttpRequestMessage request, CancellationToken cancellationToken)
   at Grpc.Net.Client.Internal.GrpcCall`2.RunCall(HttpRequestMessage request, Nullable`1 timeout)
   at Grpc.Net.Client.Internal.GrpcCall`2.GetResponseHeadersCoreAsync()
   at SkyApm.Transport.Grpc.V8.ServiceRegister.<>c__DisplayClass9_0.<<ReportInstancePropertiesAsync>b__0>d.MoveNext()
--- End of stack trace from previous location ---
   at SkyApm.Transport.Grpc.Common.Call.Execute[T](Func`1 task, Func`1 errCallback, Func`1 errMessage)
2025-11-25 17:52:37.714 +08:00 [arswebapiservice001] [Information] SkyApm.Transport.Grpc.ConnectionManager : Shutdown connection[172.20.64.1:11800].
2025-11-25 17:52:37.716 +08:00 [arswebapiservice001] [Information] SkyApm.Transport.Grpc.ConnectionManager : Connected server[172.20.64.1:11800].
2025-11-25 17:53:12.130 +08:00 [arswebapiservice001] [Error] SkyApm.Transport.Grpc.V8.ServiceRegister : Report service instance properties fail.
Grpc.Core.RpcException: Status(StatusCode="Unavailable", Detail="Error connecting to subchannel.", DebugException="System.Net.Sockets.SocketException: 向一个无法连接的网络尝试了一个套接字操作。")
 ---> System.Net.Sockets.SocketException (10051): 向一个无法连接的网络尝试了一个套接字操作。
   at System.Net.Sockets.Socket.AwaitableSocketAsyncEventArgs.System.Threading.Tasks.Sources.IValueTaskSource.GetResult(Int16 token)
   at System.Net.Sockets.Socket.<ConnectAsync>g__WaitForConnectWithCancellation|285_0(AwaitableSocketAsyncEventArgs saea, ValueTask connectTask, CancellationToken cancellationToken)
   at Grpc.Net.Client.Balancer.Internal.SocketConnectivitySubchannelTransport.TryConnectAsync(ConnectContext context, Int32 attempt)
   --- End of inner exception stack trace ---
   at Grpc.Net.Client.Balancer.Internal.ConnectionManager.PickAsync(PickContext context, Boolean waitForReady, CancellationToken cancellationToken)
   at Grpc.Net.Client.Balancer.Internal.BalancerHttpHandler.SendAsync(HttpRequestMessage request, CancellationToken cancellationToken)
   at System.Net.Http.HttpMessageInvoker.<SendAsync>g__SendAsyncWithTelemetry|6_0(HttpMessageHandler handler, HttpRequestMessage request, CancellationToken cancellationToken)
   at Grpc.Net.Client.Internal.GrpcCall`2.RunCall(HttpRequestMessage request, Nullable`1 timeout)
   at Grpc.Net.Client.Internal.GrpcCall`2.GetResponseHeadersCoreAsync()
   at SkyApm.Transport.Grpc.V8.ServiceRegister.<>c__DisplayClass9_0.<<ReportInstancePropertiesAsync>b__0>d.MoveNext()
--- End of stack trace from previous location ---
   at SkyApm.Transport.Grpc.Common.Call.Execute[T](Func`1 task, Func`1 errCallback, Func`1 errMessage)
2025-11-25 17:53:12.131 +08:00 [arswebapiservice001] [Warning] SkyApm.Transport.Grpc.ConnectionManager : Connection state changed. Status(StatusCode="Unavailable", Detail="Error connecting to subchannel.", DebugException="System.Net.Sockets.SocketException: 向一个无法连接的网络尝试了一个套接字操作。")
2025-11-25 17:53:21.544 +08:00 [arswebapiservice001] [Information] SkyApm.Transport.Grpc.ConnectionManager : Shutdown connection[172.20.64.1:11800].
2025-11-25 17:53:21.545 +08:00 [arswebapiservice001] [Information] SkyApm.Transport.Grpc.ConnectionManager : Connected server[172.20.64.1:11800].
2025-11-25 17:53:21.552 +08:00 [arswebapiservice001] [Error] SkyApm.Transport.Grpc.V8.ServiceRegister : Report service instance properties fail.
Grpc.Core.RpcException: Status(StatusCode="Unavailable", Detail="Error connecting to subchannel.", DebugException="System.Net.Sockets.SocketException: 向一个无法连接的网络尝试了一个套接字操作。")
 ---> System.Net.Sockets.SocketException (10051): 向一个无法连接的网络尝试了一个套接字操作。
   at System.Net.Sockets.Socket.AwaitableSocketAsyncEventArgs.System.Threading.Tasks.Sources.IValueTaskSource.GetResult(Int16 token)
   at System.Net.Sockets.Socket.<ConnectAsync>g__WaitForConnectWithCancellation|285_0(AwaitableSocketAsyncEventArgs saea, ValueTask connectTask, CancellationToken cancellationToken)
   at Grpc.Net.Client.Balancer.Internal.SocketConnectivitySubchannelTransport.TryConnectAsync(ConnectContext context, Int32 attempt)
   --- End of inner exception stack trace ---
   at Grpc.Net.Client.Balancer.Internal.ConnectionManager.PickAsync(PickContext context, Boolean waitForReady, CancellationToken cancellationToken)
   at Grpc.Net.Client.Balancer.Internal.BalancerHttpHandler.SendAsync(HttpRequestMessage request, CancellationToken cancellationToken)
   at System.Net.Http.HttpMessageInvoker.<SendAsync>g__SendAsyncWithTelemetry|6_0(HttpMessageHandler handler, HttpRequestMessage request, CancellationToken cancellationToken)
   at Grpc.Net.Client.Internal.GrpcCall`2.RunCall(HttpRequestMessage request, Nullable`1 timeout)
   at Grpc.Net.Client.Internal.GrpcCall`2.GetResponseHeadersCoreAsync()
   at SkyApm.Transport.Grpc.V8.ServiceRegister.<>c__DisplayClass9_0.<<ReportInstancePropertiesAsync>b__0>d.MoveNext()
--- End of stack trace from previous location ---
   at SkyApm.Transport.Grpc.Common.Call.Execute[T](Func`1 task, Func`1 errCallback, Func`1 errMessage)
2025-11-25 17:53:21.553 +08:00 [arswebapiservice001] [Warning] SkyApm.Transport.Grpc.ConnectionManager : Connection state changed. Status(StatusCode="Unavailable", Detail="Error connecting to subchannel.", DebugException="System.Net.Sockets.SocketException: 向一个无法连接的网络尝试了一个套接字操作。")
2025-11-25 17:53:36.540 +08:00 [arswebapiservice001] [Information] SkyApm.Transport.Grpc.ConnectionManager : Shutdown connection[172.20.64.1:11800].
2025-11-25 17:53:36.540 +08:00 [arswebapiservice001] [Information] SkyApm.Transport.Grpc.ConnectionManager : Connected server[172.20.64.1:11800].
2025-11-25 17:53:51.562 +08:00 [arswebapiservice001] [Error] SkyApm.Transport.Grpc.V8.ServiceRegister : Report service instance properties fail.
Grpc.Core.RpcException: Status(StatusCode="Unavailable", Detail="Error connecting to subchannel.", DebugException="System.Net.Sockets.SocketException: 向一个无法连接的网络尝试了一个套接字操作。")
 ---> System.Net.Sockets.SocketException (10051): 向一个无法连接的网络尝试了一个套接字操作。
   at System.Net.Sockets.Socket.AwaitableSocketAsyncEventArgs.System.Threading.Tasks.Sources.IValueTaskSource.GetResult(Int16 token)
   at System.Net.Sockets.Socket.<ConnectAsync>g__WaitForConnectWithCancellation|285_0(AwaitableSocketAsyncEventArgs saea, ValueTask connectTask, CancellationToken cancellationToken)
   at Grpc.Net.Client.Balancer.Internal.SocketConnectivitySubchannelTransport.TryConnectAsync(ConnectContext context, Int32 attempt)
   --- End of inner exception stack trace ---
   at Grpc.Net.Client.Balancer.Internal.ConnectionManager.PickAsync(PickContext context, Boolean waitForReady, CancellationToken cancellationToken)
   at Grpc.Net.Client.Balancer.Internal.BalancerHttpHandler.SendAsync(HttpRequestMessage request, CancellationToken cancellationToken)
   at System.Net.Http.HttpMessageInvoker.<SendAsync>g__SendAsyncWithTelemetry|6_0(HttpMessageHandler handler, HttpRequestMessage request, CancellationToken cancellationToken)
   at Grpc.Net.Client.Internal.GrpcCall`2.RunCall(HttpRequestMessage request, Nullable`1 timeout)
   at Grpc.Net.Client.Internal.GrpcCall`2.GetResponseHeadersCoreAsync()
   at SkyApm.Transport.Grpc.V8.ServiceRegister.<>c__DisplayClass9_0.<<ReportInstancePropertiesAsync>b__0>d.MoveNext()
--- End of stack trace from previous location ---
   at SkyApm.Transport.Grpc.Common.Call.Execute[T](Func`1 task, Func`1 errCallback, Func`1 errMessage)
2025-11-25 17:53:51.562 +08:00 [arswebapiservice001] [Warning] SkyApm.Transport.Grpc.ConnectionManager : Connection state changed. Status(StatusCode="Unavailable", Detail="Error connecting to subchannel.", DebugException="System.Net.Sockets.SocketException: 向一个无法连接的网络尝试了一个套接字操作。")
2025-11-25 17:54:06.546 +08:00 [arswebapiservice001] [Information] SkyApm.Transport.Grpc.ConnectionManager : Shutdown connection[172.20.64.1:11800].
2025-11-25 17:54:06.546 +08:00 [arswebapiservice001] [Information] SkyApm.Transport.Grpc.ConnectionManager : Connected server[172.20.64.1:11800].
2025-11-25 18:00:24.083 +08:00 [arswebapiservice001] [Information] SkyApm.InstrumentStartup : Initializing ...
2025-11-25 18:00:24.115 +08:00 [arswebapiservice001] [Information] SkyApm.Service.RegisterService : Loaded instrument service [SkyApm.Service.RegisterService].
2025-11-25 18:00:24.115 +08:00 [arswebapiservice001] [Information] SkyApm.Service.LogReportService : Loaded instrument service [SkyApm.Service.LogReportService].
2025-11-25 18:00:24.115 +08:00 [arswebapiservice001] [Information] SkyApm.Service.PingService : Loaded instrument service [SkyApm.Service.PingService].
2025-11-25 18:00:24.115 +08:00 [arswebapiservice001] [Information] SkyApm.Service.SegmentReportService : Loaded instrument service [SkyApm.Service.SegmentReportService].
2025-11-25 18:00:24.115 +08:00 [arswebapiservice001] [Information] SkyApm.Service.CLRStatsService : Loaded instrument service [SkyApm.Service.CLRStatsService].
2025-11-25 18:00:24.115 +08:00 [arswebapiservice001] [Information] SkyApm.Sampling.SimpleCountSamplingInterceptor : Loaded instrument service [SkyApm.Sampling.SimpleCountSamplingInterceptor].
2025-11-25 18:00:24.115 +08:00 [arswebapiservice001] [Information] SkyApm.Transport.Grpc.ConnectService : Loaded instrument service [SkyApm.Transport.Grpc.ConnectService].
2025-11-25 18:00:24.140 +08:00 [arswebapiservice001] [Information] SkyApm.Transport.Grpc.ConnectionManager : Connected server[172.20.64.1:11800].
2025-11-25 18:00:24.146 +08:00 [arswebapiservice001] [Information] SkyApm.Diagnostics.TracingDiagnosticProcessorObserver : Loaded diagnostic listener [HttpHandlerDiagnosticListener].
2025-11-25 18:00:24.147 +08:00 [arswebapiservice001] [Information] SkyApm.InstrumentStartup : Started SkyAPM .NET Core Agent.
2025-11-25 18:00:24.326 +08:00 [arswebapiservice001] [Information] SkyApm.Diagnostics.TracingDiagnosticProcessorObserver : Loaded diagnostic listener [Microsoft.EntityFrameworkCore].
2025-11-25 18:00:24.663 +08:00 [arswebapiservice001] [Information] SkyApm.Diagnostics.TracingDiagnosticProcessorObserver : Loaded diagnostic listener [Grpc.Net.Client].
2025-11-25 18:00:24.722 +08:00 [arswebapiservice001] [Error] SkyApm.Transport.Grpc.V8.ServiceRegister : Report service instance properties fail.
Grpc.Core.RpcException: Status(StatusCode="Unavailable", Detail="Error connecting to subchannel.", DebugException="System.Net.Sockets.SocketException: 向一个无法连接的网络尝试了一个套接字操作。")
 ---> System.Net.Sockets.SocketException (10051): 向一个无法连接的网络尝试了一个套接字操作。
   at System.Net.Sockets.Socket.AwaitableSocketAsyncEventArgs.ThrowException(SocketError error, CancellationToken cancellationToken)
   at System.Net.Sockets.Socket.AwaitableSocketAsyncEventArgs.System.Threading.Tasks.Sources.IValueTaskSource.GetResult(Int16 token)
   at System.Net.Sockets.Socket.<ConnectAsync>g__WaitForConnectWithCancellation|285_0(AwaitableSocketAsyncEventArgs saea, ValueTask connectTask, CancellationToken cancellationToken)
   at Grpc.Net.Client.Balancer.Internal.SocketConnectivitySubchannelTransport.TryConnectAsync(ConnectContext context, Int32 attempt)
   --- End of inner exception stack trace ---
   at Grpc.Net.Client.Balancer.Internal.ConnectionManager.PickAsync(PickContext context, Boolean waitForReady, CancellationToken cancellationToken)
   at Grpc.Net.Client.Balancer.Internal.BalancerHttpHandler.SendAsync(HttpRequestMessage request, CancellationToken cancellationToken)
   at System.Net.Http.HttpMessageInvoker.<SendAsync>g__SendAsyncWithTelemetry|6_0(HttpMessageHandler handler, HttpRequestMessage request, CancellationToken cancellationToken)
   at Grpc.Net.Client.Internal.GrpcCall`2.RunCall(HttpRequestMessage request, Nullable`1 timeout)
   at Grpc.Net.Client.Internal.GrpcCall`2.GetResponseHeadersCoreAsync()
   at SkyApm.Transport.Grpc.V8.ServiceRegister.<>c__DisplayClass9_0.<<ReportInstancePropertiesAsync>b__0>d.MoveNext()
--- End of stack trace from previous location ---
   at SkyApm.Transport.Grpc.Common.Call.Execute[T](Func`1 task, Func`1 errCallback, Func`1 errMessage)
2025-11-25 18:00:24.723 +08:00 [arswebapiservice001] [Warning] SkyApm.Transport.Grpc.ConnectionManager : Connection state changed. Status(StatusCode="Unavailable", Detail="Error connecting to subchannel.", DebugException="System.Net.Sockets.SocketException: 向一个无法连接的网络尝试了一个套接字操作。")
2025-11-25 18:00:39.108 +08:00 [arswebapiservice001] [Information] SkyApm.Transport.Grpc.ConnectionManager : Shutdown connection[172.20.64.1:11800].
2025-11-25 18:00:39.108 +08:00 [arswebapiservice001] [Information] SkyApm.Transport.Grpc.ConnectionManager : Connected server[172.20.64.1:11800].
2025-11-25 18:00:54.118 +08:00 [arswebapiservice001] [Error] SkyApm.Transport.Grpc.V8.ServiceRegister : Report service instance properties fail.
Grpc.Core.RpcException: Status(StatusCode="Unavailable", Detail="Error connecting to subchannel.", DebugException="System.Net.Sockets.SocketException: 向一个无法连接的网络尝试了一个套接字操作。")
 ---> System.Net.Sockets.SocketException (10051): 向一个无法连接的网络尝试了一个套接字操作。
   at System.Net.Sockets.Socket.AwaitableSocketAsyncEventArgs.ThrowException(SocketError error, CancellationToken cancellationToken)
   at System.Net.Sockets.Socket.AwaitableSocketAsyncEventArgs.System.Threading.Tasks.Sources.IValueTaskSource.GetResult(Int16 token)
   at System.Net.Sockets.Socket.<ConnectAsync>g__WaitForConnectWithCancellation|285_0(AwaitableSocketAsyncEventArgs saea, ValueTask connectTask, CancellationToken cancellationToken)
   at Grpc.Net.Client.Balancer.Internal.SocketConnectivitySubchannelTransport.TryConnectAsync(ConnectContext context, Int32 attempt)
   --- End of inner exception stack trace ---
   at Grpc.Net.Client.Balancer.Internal.ConnectionManager.PickAsync(PickContext context, Boolean waitForReady, CancellationToken cancellationToken)
   at Grpc.Net.Client.Balancer.Internal.BalancerHttpHandler.SendAsync(HttpRequestMessage request, CancellationToken cancellationToken)
   at System.Net.Http.HttpMessageInvoker.<SendAsync>g__SendAsyncWithTelemetry|6_0(HttpMessageHandler handler, HttpRequestMessage request, CancellationToken cancellationToken)
   at Grpc.Net.Client.Internal.GrpcCall`2.RunCall(HttpRequestMessage request, Nullable`1 timeout)
   at Grpc.Net.Client.Internal.GrpcCall`2.GetResponseHeadersCoreAsync()
   at SkyApm.Transport.Grpc.V8.ServiceRegister.<>c__DisplayClass9_0.<<ReportInstancePropertiesAsync>b__0>d.MoveNext()
--- End of stack trace from previous location ---
   at SkyApm.Transport.Grpc.Common.Call.Execute[T](Func`1 task, Func`1 errCallback, Func`1 errMessage)
2025-11-25 18:00:54.119 +08:00 [arswebapiservice001] [Warning] SkyApm.Transport.Grpc.ConnectionManager : Connection state changed. Status(StatusCode="Unavailable", Detail="Error connecting to subchannel.", DebugException="System.Net.Sockets.SocketException: 向一个无法连接的网络尝试了一个套接字操作。")
2025-11-25 18:01:09.689 +08:00 [arswebapiservice001] [Information] SkyApm.Transport.Grpc.ConnectionManager : Shutdown connection[172.20.64.1:11800].
2025-11-25 18:01:09.690 +08:00 [arswebapiservice001] [Information] SkyApm.Transport.Grpc.ConnectionManager : Connected server[172.20.64.1:11800].
2025-11-25 18:01:34.951 +08:00 [arswebapiservice001] [Error] SkyApm.Transport.Grpc.V8.ServiceRegister : Report service instance properties fail.
Grpc.Core.RpcException: Status(StatusCode="Unavailable", Detail="Error connecting to subchannel.", DebugException="System.Net.Sockets.SocketException: 向一个无法连接的网络尝试了一个套接字操作。")
 ---> System.Net.Sockets.SocketException (10051): 向一个无法连接的网络尝试了一个套接字操作。
   at System.Net.Sockets.Socket.AwaitableSocketAsyncEventArgs.ThrowException(SocketError error, CancellationToken cancellationToken)
   at System.Net.Sockets.Socket.AwaitableSocketAsyncEventArgs.System.Threading.Tasks.Sources.IValueTaskSource.GetResult(Int16 token)
   at System.Net.Sockets.Socket.<ConnectAsync>g__WaitForConnectWithCancellation|285_0(AwaitableSocketAsyncEventArgs saea, ValueTask connectTask, CancellationToken cancellationToken)
   at Grpc.Net.Client.Balancer.Internal.SocketConnectivitySubchannelTransport.TryConnectAsync(ConnectContext context, Int32 attempt)
   --- End of inner exception stack trace ---
   at Grpc.Net.Client.Balancer.Internal.ConnectionManager.PickAsync(PickContext context, Boolean waitForReady, CancellationToken cancellationToken)
   at Grpc.Net.Client.Balancer.Internal.BalancerHttpHandler.SendAsync(HttpRequestMessage request, CancellationToken cancellationToken)
   at System.Net.Http.HttpMessageInvoker.<SendAsync>g__SendAsyncWithTelemetry|6_0(HttpMessageHandler handler, HttpRequestMessage request, CancellationToken cancellationToken)
   at Grpc.Net.Client.Internal.GrpcCall`2.RunCall(HttpRequestMessage request, Nullable`1 timeout)
   at Grpc.Net.Client.Internal.GrpcCall`2.GetResponseHeadersCoreAsync()
   at SkyApm.Transport.Grpc.V8.ServiceRegister.<>c__DisplayClass9_0.<<ReportInstancePropertiesAsync>b__0>d.MoveNext()
--- End of stack trace from previous location ---
   at SkyApm.Transport.Grpc.Common.Call.Execute[T](Func`1 task, Func`1 errCallback, Func`1 errMessage)
2025-11-25 18:01:34.951 +08:00 [arswebapiservice001] [Warning] SkyApm.Transport.Grpc.ConnectionManager : Connection state changed. Status(StatusCode="Unavailable", Detail="Error connecting to subchannel.", DebugException="System.Net.Sockets.SocketException: 向一个无法连接的网络尝试了一个套接字操作。")
2025-11-25 18:01:39.118 +08:00 [arswebapiservice001] [Information] SkyApm.Transport.Grpc.ConnectionManager : Shutdown connection[172.20.64.1:11800].
2025-11-25 18:01:39.119 +08:00 [arswebapiservice001] [Information] SkyApm.Transport.Grpc.ConnectionManager : Connected server[172.20.64.1:11800].
2025-11-25 18:01:54.123 +08:00 [arswebapiservice001] [Error] SkyApm.Transport.Grpc.V8.ServiceRegister : Report service instance properties fail.
Grpc.Core.RpcException: Status(StatusCode="Unavailable", Detail="Error connecting to subchannel.", DebugException="System.Net.Sockets.SocketException: 向一个无法连接的网络尝试了一个套接字操作。")
 ---> System.Net.Sockets.SocketException (10051): 向一个无法连接的网络尝试了一个套接字操作。
   at System.Net.Sockets.Socket.AwaitableSocketAsyncEventArgs.ThrowException(SocketError error, CancellationToken cancellationToken)
   at System.Net.Sockets.Socket.AwaitableSocketAsyncEventArgs.System.Threading.Tasks.Sources.IValueTaskSource.GetResult(Int16 token)
   at System.Net.Sockets.Socket.<ConnectAsync>g__WaitForConnectWithCancellation|285_0(AwaitableSocketAsyncEventArgs saea, ValueTask connectTask, CancellationToken cancellationToken)
   at Grpc.Net.Client.Balancer.Internal.SocketConnectivitySubchannelTransport.TryConnectAsync(ConnectContext context, Int32 attempt)
   --- End of inner exception stack trace ---
   at Grpc.Net.Client.Balancer.Internal.ConnectionManager.PickAsync(PickContext context, Boolean waitForReady, CancellationToken cancellationToken)
   at Grpc.Net.Client.Balancer.Internal.BalancerHttpHandler.SendAsync(HttpRequestMessage request, CancellationToken cancellationToken)
   at System.Net.Http.HttpMessageInvoker.<SendAsync>g__SendAsyncWithTelemetry|6_0(HttpMessageHandler handler, HttpRequestMessage request, CancellationToken cancellationToken)
   at Grpc.Net.Client.Internal.GrpcCall`2.RunCall(HttpRequestMessage request, Nullable`1 timeout)
   at Grpc.Net.Client.Internal.GrpcCall`2.GetResponseHeadersCoreAsync()
   at SkyApm.Transport.Grpc.V8.ServiceRegister.<>c__DisplayClass9_0.<<ReportInstancePropertiesAsync>b__0>d.MoveNext()
--- End of stack trace from previous location ---
   at SkyApm.Transport.Grpc.Common.Call.Execute[T](Func`1 task, Func`1 errCallback, Func`1 errMessage)
2025-11-25 18:01:54.123 +08:00 [arswebapiservice001] [Warning] SkyApm.Transport.Grpc.ConnectionManager : Connection state changed. Status(StatusCode="Unavailable", Detail="Error connecting to subchannel.", DebugException="System.Net.Sockets.SocketException: 向一个无法连接的网络尝试了一个套接字操作。")
2025-11-25 18:02:16.301 +08:00 [arswebapiservice001] [Information] SkyApm.Transport.Grpc.ConnectionManager : Shutdown connection[172.20.64.1:11800].
2025-11-25 18:02:16.307 +08:00 [arswebapiservice001] [Information] SkyApm.Transport.Grpc.ConnectionManager : Connected server[172.20.64.1:11800].
2025-11-25 18:05:47.701 +08:00 [arswebapiservice001] [Information] SkyApm.InstrumentStartup : Initializing ...
2025-11-25 18:05:47.743 +08:00 [arswebapiservice001] [Information] SkyApm.Service.RegisterService : Loaded instrument service [SkyApm.Service.RegisterService].
2025-11-25 18:05:47.743 +08:00 [arswebapiservice001] [Information] SkyApm.Service.LogReportService : Loaded instrument service [SkyApm.Service.LogReportService].
2025-11-25 18:05:47.743 +08:00 [arswebapiservice001] [Information] SkyApm.Service.PingService : Loaded instrument service [SkyApm.Service.PingService].
2025-11-25 18:05:47.743 +08:00 [arswebapiservice001] [Information] SkyApm.Service.SegmentReportService : Loaded instrument service [SkyApm.Service.SegmentReportService].
2025-11-25 18:05:47.743 +08:00 [arswebapiservice001] [Information] SkyApm.Service.CLRStatsService : Loaded instrument service [SkyApm.Service.CLRStatsService].
2025-11-25 18:05:47.743 +08:00 [arswebapiservice001] [Information] SkyApm.Sampling.SimpleCountSamplingInterceptor : Loaded instrument service [SkyApm.Sampling.SimpleCountSamplingInterceptor].
2025-11-25 18:05:47.743 +08:00 [arswebapiservice001] [Information] SkyApm.Transport.Grpc.ConnectService : Loaded instrument service [SkyApm.Transport.Grpc.ConnectService].
2025-11-25 18:05:47.782 +08:00 [arswebapiservice001] [Information] SkyApm.Transport.Grpc.ConnectionManager : Connected server[172.20.64.1:11800].
2025-11-25 18:05:47.790 +08:00 [arswebapiservice001] [Information] SkyApm.Diagnostics.TracingDiagnosticProcessorObserver : Loaded diagnostic listener [HttpHandlerDiagnosticListener].
2025-11-25 18:05:47.790 +08:00 [arswebapiservice001] [Information] SkyApm.InstrumentStartup : Started SkyAPM .NET Core Agent.
2025-11-25 18:05:48.013 +08:00 [arswebapiservice001] [Information] SkyApm.Diagnostics.TracingDiagnosticProcessorObserver : Loaded diagnostic listener [Microsoft.EntityFrameworkCore].
2025-11-25 18:05:48.297 +08:00 [arswebapiservice001] [Information] SkyApm.Diagnostics.TracingDiagnosticProcessorObserver : Loaded diagnostic listener [Grpc.Net.Client].
2025-11-25 18:05:48.342 +08:00 [arswebapiservice001] [Error] SkyApm.Transport.Grpc.V8.ServiceRegister : Report service instance properties fail.
Grpc.Core.RpcException: Status(StatusCode="Unavailable", Detail="Error connecting to subchannel.", DebugException="System.Net.Sockets.SocketException: 向一个无法连接的网络尝试了一个套接字操作。")
 ---> System.Net.Sockets.SocketException (10051): 向一个无法连接的网络尝试了一个套接字操作。
   at System.Net.Sockets.Socket.AwaitableSocketAsyncEventArgs.ThrowException(SocketError error, CancellationToken cancellationToken)
   at System.Net.Sockets.Socket.AwaitableSocketAsyncEventArgs.System.Threading.Tasks.Sources.IValueTaskSource.GetResult(Int16 token)
   at System.Net.Sockets.Socket.<ConnectAsync>g__WaitForConnectWithCancellation|285_0(AwaitableSocketAsyncEventArgs saea, ValueTask connectTask, CancellationToken cancellationToken)
   at Grpc.Net.Client.Balancer.Internal.SocketConnectivitySubchannelTransport.TryConnectAsync(ConnectContext context, Int32 attempt)
   --- End of inner exception stack trace ---
   at Grpc.Net.Client.Balancer.Internal.ConnectionManager.PickAsync(PickContext context, Boolean waitForReady, CancellationToken cancellationToken)
   at Grpc.Net.Client.Balancer.Internal.BalancerHttpHandler.SendAsync(HttpRequestMessage request, CancellationToken cancellationToken)
   at System.Net.Http.HttpMessageInvoker.<SendAsync>g__SendAsyncWithTelemetry|6_0(HttpMessageHandler handler, HttpRequestMessage request, CancellationToken cancellationToken)
   at Grpc.Net.Client.Internal.GrpcCall`2.RunCall(HttpRequestMessage request, Nullable`1 timeout)
   at Grpc.Net.Client.Internal.GrpcCall`2.GetResponseHeadersCoreAsync()
   at SkyApm.Transport.Grpc.V8.ServiceRegister.<>c__DisplayClass9_0.<<ReportInstancePropertiesAsync>b__0>d.MoveNext()
--- End of stack trace from previous location ---
   at SkyApm.Transport.Grpc.Common.Call.Execute[T](Func`1 task, Func`1 errCallback, Func`1 errMessage)
2025-11-25 18:05:48.342 +08:00 [arswebapiservice001] [Warning] SkyApm.Transport.Grpc.ConnectionManager : Connection state changed. Status(StatusCode="Unavailable", Detail="Error connecting to subchannel.", DebugException="System.Net.Sockets.SocketException: 向一个无法连接的网络尝试了一个套接字操作。")
2025-11-25 18:06:02.738 +08:00 [arswebapiservice001] [Information] SkyApm.Transport.Grpc.ConnectionManager : Shutdown connection[172.20.64.1:11800].
2025-11-25 18:06:02.738 +08:00 [arswebapiservice001] [Information] SkyApm.Transport.Grpc.ConnectionManager : Connected server[172.20.64.1:11800].
2025-11-25 18:06:17.753 +08:00 [arswebapiservice001] [Error] SkyApm.Transport.Grpc.V8.ServiceRegister : Report service instance properties fail.
Grpc.Core.RpcException: Status(StatusCode="Unavailable", Detail="Error connecting to subchannel.", DebugException="System.Net.Sockets.SocketException: 向一个无法连接的网络尝试了一个套接字操作。")
 ---> System.Net.Sockets.SocketException (10051): 向一个无法连接的网络尝试了一个套接字操作。
   at System.Net.Sockets.Socket.AwaitableSocketAsyncEventArgs.ThrowException(SocketError error, CancellationToken cancellationToken)
   at System.Net.Sockets.Socket.AwaitableSocketAsyncEventArgs.System.Threading.Tasks.Sources.IValueTaskSource.GetResult(Int16 token)
   at System.Net.Sockets.Socket.<ConnectAsync>g__WaitForConnectWithCancellation|285_0(AwaitableSocketAsyncEventArgs saea, ValueTask connectTask, CancellationToken cancellationToken)
   at Grpc.Net.Client.Balancer.Internal.SocketConnectivitySubchannelTransport.TryConnectAsync(ConnectContext context, Int32 attempt)
   --- End of inner exception stack trace ---
   at Grpc.Net.Client.Balancer.Internal.ConnectionManager.PickAsync(PickContext context, Boolean waitForReady, CancellationToken cancellationToken)
   at Grpc.Net.Client.Balancer.Internal.BalancerHttpHandler.SendAsync(HttpRequestMessage request, CancellationToken cancellationToken)
   at System.Net.Http.HttpMessageInvoker.<SendAsync>g__SendAsyncWithTelemetry|6_0(HttpMessageHandler handler, HttpRequestMessage request, CancellationToken cancellationToken)
   at Grpc.Net.Client.Internal.GrpcCall`2.RunCall(HttpRequestMessage request, Nullable`1 timeout)
   at Grpc.Net.Client.Internal.GrpcCall`2.GetResponseHeadersCoreAsync()
   at SkyApm.Transport.Grpc.V8.ServiceRegister.<>c__DisplayClass9_0.<<ReportInstancePropertiesAsync>b__0>d.MoveNext()
--- End of stack trace from previous location ---
   at SkyApm.Transport.Grpc.Common.Call.Execute[T](Func`1 task, Func`1 errCallback, Func`1 errMessage)
2025-11-25 18:06:17.753 +08:00 [arswebapiservice001] [Warning] SkyApm.Transport.Grpc.ConnectionManager : Connection state changed. Status(StatusCode="Unavailable", Detail="Error connecting to subchannel.", DebugException="System.Net.Sockets.SocketException: 向一个无法连接的网络尝试了一个套接字操作。")
2025-11-25 18:06:35.184 +08:00 [arswebapiservice001] [Information] SkyApm.Transport.Grpc.ConnectionManager : Shutdown connection[172.20.64.1:11800].
2025-11-25 18:06:35.185 +08:00 [arswebapiservice001] [Information] SkyApm.Transport.Grpc.ConnectionManager : Connected server[172.20.64.1:11800].
2025-11-25 18:06:55.170 +08:00 [arswebapiservice001] [Error] SkyApm.Transport.Grpc.V8.ServiceRegister : Report service instance properties fail.
Grpc.Core.RpcException: Status(StatusCode="Unavailable", Detail="Error connecting to subchannel.", DebugException="System.Net.Sockets.SocketException: 向一个无法连接的网络尝试了一个套接字操作。")
 ---> System.Net.Sockets.SocketException (10051): 向一个无法连接的网络尝试了一个套接字操作。
   at System.Net.Sockets.Socket.AwaitableSocketAsyncEventArgs.ThrowException(SocketError error, CancellationToken cancellationToken)
   at System.Net.Sockets.Socket.AwaitableSocketAsyncEventArgs.System.Threading.Tasks.Sources.IValueTaskSource.GetResult(Int16 token)
   at System.Net.Sockets.Socket.<ConnectAsync>g__WaitForConnectWithCancellation|285_0(AwaitableSocketAsyncEventArgs saea, ValueTask connectTask, CancellationToken cancellationToken)
   at Grpc.Net.Client.Balancer.Internal.SocketConnectivitySubchannelTransport.TryConnectAsync(ConnectContext context, Int32 attempt)
   --- End of inner exception stack trace ---
   at Grpc.Net.Client.Balancer.Internal.ConnectionManager.PickAsync(PickContext context, Boolean waitForReady, CancellationToken cancellationToken)
   at Grpc.Net.Client.Balancer.Internal.BalancerHttpHandler.SendAsync(HttpRequestMessage request, CancellationToken cancellationToken)
   at System.Net.Http.HttpMessageInvoker.<SendAsync>g__SendAsyncWithTelemetry|6_0(HttpMessageHandler handler, HttpRequestMessage request, CancellationToken cancellationToken)
   at Grpc.Net.Client.Internal.GrpcCall`2.RunCall(HttpRequestMessage request, Nullable`1 timeout)
   at Grpc.Net.Client.Internal.GrpcCall`2.GetResponseHeadersCoreAsync()
   at SkyApm.Transport.Grpc.V8.ServiceRegister.<>c__DisplayClass9_0.<<ReportInstancePropertiesAsync>b__0>d.MoveNext()
--- End of stack trace from previous location ---
   at SkyApm.Transport.Grpc.Common.Call.Execute[T](Func`1 task, Func`1 errCallback, Func`1 errMessage)
2025-11-25 18:06:55.170 +08:00 [arswebapiservice001] [Warning] SkyApm.Transport.Grpc.ConnectionManager : Connection state changed. Status(StatusCode="Unavailable", Detail="Error connecting to subchannel.", DebugException="System.Net.Sockets.SocketException: 向一个无法连接的网络尝试了一个套接字操作。")
2025-11-25 18:07:02.740 +08:00 [arswebapiservice001] [Information] SkyApm.Transport.Grpc.ConnectionManager : Shutdown connection[172.20.64.1:11800].
2025-11-25 18:07:02.741 +08:00 [arswebapiservice001] [Information] SkyApm.Transport.Grpc.ConnectionManager : Connected server[172.20.64.1:11800].
2025-11-25 18:07:17.762 +08:00 [arswebapiservice001] [Error] SkyApm.Transport.Grpc.V8.ServiceRegister : Report service instance properties fail.
Grpc.Core.RpcException: Status(StatusCode="Unavailable", Detail="Error connecting to subchannel.", DebugException="System.Net.Sockets.SocketException: 向一个无法连接的网络尝试了一个套接字操作。")
 ---> System.Net.Sockets.SocketException (10051): 向一个无法连接的网络尝试了一个套接字操作。
   at System.Net.Sockets.Socket.AwaitableSocketAsyncEventArgs.ThrowException(SocketError error, CancellationToken cancellationToken)
   at System.Net.Sockets.Socket.AwaitableSocketAsyncEventArgs.System.Threading.Tasks.Sources.IValueTaskSource.GetResult(Int16 token)
   at System.Net.Sockets.Socket.<ConnectAsync>g__WaitForConnectWithCancellation|285_0(AwaitableSocketAsyncEventArgs saea, ValueTask connectTask, CancellationToken cancellationToken)
   at Grpc.Net.Client.Balancer.Internal.SocketConnectivitySubchannelTransport.TryConnectAsync(ConnectContext context, Int32 attempt)
   --- End of inner exception stack trace ---
   at Grpc.Net.Client.Balancer.Internal.ConnectionManager.PickAsync(PickContext context, Boolean waitForReady, CancellationToken cancellationToken)
   at Grpc.Net.Client.Balancer.Internal.BalancerHttpHandler.SendAsync(HttpRequestMessage request, CancellationToken cancellationToken)
   at System.Net.Http.HttpMessageInvoker.<SendAsync>g__SendAsyncWithTelemetry|6_0(HttpMessageHandler handler, HttpRequestMessage request, CancellationToken cancellationToken)
   at Grpc.Net.Client.Internal.GrpcCall`2.RunCall(HttpRequestMessage request, Nullable`1 timeout)
   at Grpc.Net.Client.Internal.GrpcCall`2.GetResponseHeadersCoreAsync()
   at SkyApm.Transport.Grpc.V8.ServiceRegister.<>c__DisplayClass9_0.<<ReportInstancePropertiesAsync>b__0>d.MoveNext()
--- End of stack trace from previous location ---
   at SkyApm.Transport.Grpc.Common.Call.Execute[T](Func`1 task, Func`1 errCallback, Func`1 errMessage)
2025-11-25 18:07:17.762 +08:00 [arswebapiservice001] [Warning] SkyApm.Transport.Grpc.ConnectionManager : Connection state changed. Status(StatusCode="Unavailable", Detail="Error connecting to subchannel.", DebugException="System.Net.Sockets.SocketException: 向一个无法连接的网络尝试了一个套接字操作。")
2025-11-25 18:07:48.502 +08:00 [arswebapiservice001] [Information] SkyApm.Transport.Grpc.ConnectionManager : Shutdown connection[172.20.64.1:11800].
2025-11-25 18:07:48.506 +08:00 [arswebapiservice001] [Information] SkyApm.Transport.Grpc.ConnectionManager : Connected server[172.20.64.1:11800].
2025-11-25 18:07:54.648 +08:00 [arswebapiservice001] [Error] SkyApm.Transport.Grpc.V8.ServiceRegister : Report service instance properties fail.
Grpc.Core.RpcException: Status(StatusCode="Unavailable", Detail="Error connecting to subchannel.", DebugException="System.Net.Sockets.SocketException: 向一个无法连接的网络尝试了一个套接字操作。")
 ---> System.Net.Sockets.SocketException (10051): 向一个无法连接的网络尝试了一个套接字操作。
   at System.Net.Sockets.Socket.AwaitableSocketAsyncEventArgs.ThrowException(SocketError error, CancellationToken cancellationToken)
   at System.Net.Sockets.Socket.AwaitableSocketAsyncEventArgs.System.Threading.Tasks.Sources.IValueTaskSource.GetResult(Int16 token)
   at System.Net.Sockets.Socket.<ConnectAsync>g__WaitForConnectWithCancellation|285_0(AwaitableSocketAsyncEventArgs saea, ValueTask connectTask, CancellationToken cancellationToken)
   at Grpc.Net.Client.Balancer.Internal.SocketConnectivitySubchannelTransport.TryConnectAsync(ConnectContext context, Int32 attempt)
   --- End of inner exception stack trace ---
   at Grpc.Net.Client.Balancer.Internal.ConnectionManager.PickAsync(PickContext context, Boolean waitForReady, CancellationToken cancellationToken)
   at Grpc.Net.Client.Balancer.Internal.BalancerHttpHandler.SendAsync(HttpRequestMessage request, CancellationToken cancellationToken)
   at System.Net.Http.HttpMessageInvoker.<SendAsync>g__SendAsyncWithTelemetry|6_0(HttpMessageHandler handler, HttpRequestMessage request, CancellationToken cancellationToken)
   at Grpc.Net.Client.Internal.GrpcCall`2.RunCall(HttpRequestMessage request, Nullable`1 timeout)
   at Grpc.Net.Client.Internal.GrpcCall`2.GetResponseHeadersCoreAsync()
   at SkyApm.Transport.Grpc.V8.ServiceRegister.<>c__DisplayClass9_0.<<ReportInstancePropertiesAsync>b__0>d.MoveNext()
--- End of stack trace from previous location ---
   at SkyApm.Transport.Grpc.Common.Call.Execute[T](Func`1 task, Func`1 errCallback, Func`1 errMessage)
2025-11-25 18:07:54.648 +08:00 [arswebapiservice001] [Warning] SkyApm.Transport.Grpc.ConnectionManager : Connection state changed. Status(StatusCode="Unavailable", Detail="Error connecting to subchannel.", DebugException="System.Net.Sockets.SocketException: 向一个无法连接的网络尝试了一个套接字操作。")
2025-11-25 18:08:03.253 +08:00 [arswebapiservice001] [Information] SkyApm.Transport.Grpc.ConnectionManager : Shutdown connection[172.20.64.1:11800].
2025-11-25 18:08:03.254 +08:00 [arswebapiservice001] [Information] SkyApm.Transport.Grpc.ConnectionManager : Connected server[172.20.64.1:11800].
2025-11-25 18:08:17.759 +08:00 [arswebapiservice001] [Error] SkyApm.Transport.Grpc.V8.ServiceRegister : Report service instance properties fail.
Grpc.Core.RpcException: Status(StatusCode="Unavailable", Detail="Error connecting to subchannel.", DebugException="System.Net.Sockets.SocketException: 向一个无法连接的网络尝试了一个套接字操作。")
 ---> System.Net.Sockets.SocketException (10051): 向一个无法连接的网络尝试了一个套接字操作。
   at System.Net.Sockets.Socket.AwaitableSocketAsyncEventArgs.ThrowException(SocketError error, CancellationToken cancellationToken)
   at System.Net.Sockets.Socket.AwaitableSocketAsyncEventArgs.System.Threading.Tasks.Sources.IValueTaskSource.GetResult(Int16 token)
   at System.Net.Sockets.Socket.<ConnectAsync>g__WaitForConnectWithCancellation|285_0(AwaitableSocketAsyncEventArgs saea, ValueTask connectTask, CancellationToken cancellationToken)
   at Grpc.Net.Client.Balancer.Internal.SocketConnectivitySubchannelTransport.TryConnectAsync(ConnectContext context, Int32 attempt)
   --- End of inner exception stack trace ---
   at Grpc.Net.Client.Balancer.Internal.ConnectionManager.PickAsync(PickContext context, Boolean waitForReady, CancellationToken cancellationToken)
   at Grpc.Net.Client.Balancer.Internal.BalancerHttpHandler.SendAsync(HttpRequestMessage request, CancellationToken cancellationToken)
   at System.Net.Http.HttpMessageInvoker.<SendAsync>g__SendAsyncWithTelemetry|6_0(HttpMessageHandler handler, HttpRequestMessage request, CancellationToken cancellationToken)
   at Grpc.Net.Client.Internal.GrpcCall`2.RunCall(HttpRequestMessage request, Nullable`1 timeout)
   at Grpc.Net.Client.Internal.GrpcCall`2.GetResponseHeadersCoreAsync()
   at SkyApm.Transport.Grpc.V8.ServiceRegister.<>c__DisplayClass9_0.<<ReportInstancePropertiesAsync>b__0>d.MoveNext()
--- End of stack trace from previous location ---
   at SkyApm.Transport.Grpc.Common.Call.Execute[T](Func`1 task, Func`1 errCallback, Func`1 errMessage)
2025-11-25 18:08:17.759 +08:00 [arswebapiservice001] [Warning] SkyApm.Transport.Grpc.ConnectionManager : Connection state changed. Status(StatusCode="Unavailable", Detail="Error connecting to subchannel.", DebugException="System.Net.Sockets.SocketException: 向一个无法连接的网络尝试了一个套接字操作。")
2025-11-25 18:11:00.457 +08:00 [arswebapiservice001] [Information] SkyApm.InstrumentStartup : Initializing ...
2025-11-25 18:11:00.500 +08:00 [arswebapiservice001] [Information] SkyApm.Service.RegisterService : Loaded instrument service [SkyApm.Service.RegisterService].
2025-11-25 18:11:00.501 +08:00 [arswebapiservice001] [Information] SkyApm.Service.LogReportService : Loaded instrument service [SkyApm.Service.LogReportService].
2025-11-25 18:11:00.501 +08:00 [arswebapiservice001] [Information] SkyApm.Service.PingService : Loaded instrument service [SkyApm.Service.PingService].
2025-11-25 18:11:00.501 +08:00 [arswebapiservice001] [Information] SkyApm.Service.SegmentReportService : Loaded instrument service [SkyApm.Service.SegmentReportService].
2025-11-25 18:11:00.501 +08:00 [arswebapiservice001] [Information] SkyApm.Service.CLRStatsService : Loaded instrument service [SkyApm.Service.CLRStatsService].
2025-11-25 18:11:00.501 +08:00 [arswebapiservice001] [Information] SkyApm.Sampling.SimpleCountSamplingInterceptor : Loaded instrument service [SkyApm.Sampling.SimpleCountSamplingInterceptor].
2025-11-25 18:11:00.501 +08:00 [arswebapiservice001] [Information] SkyApm.Transport.Grpc.ConnectService : Loaded instrument service [SkyApm.Transport.Grpc.ConnectService].
2025-11-25 18:11:00.539 +08:00 [arswebapiservice001] [Information] SkyApm.Transport.Grpc.ConnectionManager : Connected server[172.20.64.1:11800].
2025-11-25 18:11:00.546 +08:00 [arswebapiservice001] [Information] SkyApm.Diagnostics.TracingDiagnosticProcessorObserver : Loaded diagnostic listener [HttpHandlerDiagnosticListener].
2025-11-25 18:11:00.547 +08:00 [arswebapiservice001] [Information] SkyApm.InstrumentStartup : Started SkyAPM .NET Core Agent.
2025-11-25 18:11:00.836 +08:00 [arswebapiservice001] [Information] SkyApm.Diagnostics.TracingDiagnosticProcessorObserver : Loaded diagnostic listener [Microsoft.EntityFrameworkCore].
2025-11-25 18:11:01.067 +08:00 [arswebapiservice001] [Information] SkyApm.Diagnostics.TracingDiagnosticProcessorObserver : Loaded diagnostic listener [Grpc.Net.Client].
2025-11-25 18:11:01.132 +08:00 [arswebapiservice001] [Error] SkyApm.Transport.Grpc.V8.ServiceRegister : Report service instance properties fail.
Grpc.Core.RpcException: Status(StatusCode="Unavailable", Detail="Error connecting to subchannel.", DebugException="System.Net.Sockets.SocketException: 向一个无法连接的网络尝试了一个套接字操作。")
 ---> System.Net.Sockets.SocketException (10051): 向一个无法连接的网络尝试了一个套接字操作。
   at System.Net.Sockets.Socket.AwaitableSocketAsyncEventArgs.ThrowException(SocketError error, CancellationToken cancellationToken)
   at System.Net.Sockets.Socket.AwaitableSocketAsyncEventArgs.System.Threading.Tasks.Sources.IValueTaskSource.GetResult(Int16 token)
   at System.Net.Sockets.Socket.<ConnectAsync>g__WaitForConnectWithCancellation|285_0(AwaitableSocketAsyncEventArgs saea, ValueTask connectTask, CancellationToken cancellationToken)
   at Grpc.Net.Client.Balancer.Internal.SocketConnectivitySubchannelTransport.TryConnectAsync(ConnectContext context, Int32 attempt)
   --- End of inner exception stack trace ---
   at Grpc.Net.Client.Balancer.Internal.ConnectionManager.PickAsync(PickContext context, Boolean waitForReady, CancellationToken cancellationToken)
   at Grpc.Net.Client.Balancer.Internal.BalancerHttpHandler.SendAsync(HttpRequestMessage request, CancellationToken cancellationToken)
   at System.Net.Http.HttpMessageInvoker.<SendAsync>g__SendAsyncWithTelemetry|6_0(HttpMessageHandler handler, HttpRequestMessage request, CancellationToken cancellationToken)
   at Grpc.Net.Client.Internal.GrpcCall`2.RunCall(HttpRequestMessage request, Nullable`1 timeout)
   at Grpc.Net.Client.Internal.GrpcCall`2.GetResponseHeadersCoreAsync()
   at SkyApm.Transport.Grpc.V8.ServiceRegister.<>c__DisplayClass9_0.<<ReportInstancePropertiesAsync>b__0>d.MoveNext()
--- End of stack trace from previous location ---
   at SkyApm.Transport.Grpc.Common.Call.Execute[T](Func`1 task, Func`1 errCallback, Func`1 errMessage)
2025-11-25 18:11:01.132 +08:00 [arswebapiservice001] [Warning] SkyApm.Transport.Grpc.ConnectionManager : Connection state changed. Status(StatusCode="Unavailable", Detail="Error connecting to subchannel.", DebugException="System.Net.Sockets.SocketException: 向一个无法连接的网络尝试了一个套接字操作。")
2025-11-25 18:11:15.516 +08:00 [arswebapiservice001] [Information] SkyApm.Transport.Grpc.ConnectionManager : Shutdown connection[172.20.64.1:11800].
2025-11-25 18:11:15.517 +08:00 [arswebapiservice001] [Information] SkyApm.Transport.Grpc.ConnectionManager : Connected server[172.20.64.1:11800].
2025-11-25 18:11:30.512 +08:00 [arswebapiservice001] [Error] SkyApm.Transport.Grpc.V8.ServiceRegister : Report service instance properties fail.
Grpc.Core.RpcException: Status(StatusCode="Unavailable", Detail="Error connecting to subchannel.", DebugException="System.Net.Sockets.SocketException: 向一个无法连接的网络尝试了一个套接字操作。")
 ---> System.Net.Sockets.SocketException (10051): 向一个无法连接的网络尝试了一个套接字操作。
   at System.Net.Sockets.Socket.AwaitableSocketAsyncEventArgs.ThrowException(SocketError error, CancellationToken cancellationToken)
   at System.Net.Sockets.Socket.AwaitableSocketAsyncEventArgs.System.Threading.Tasks.Sources.IValueTaskSource.GetResult(Int16 token)
   at System.Net.Sockets.Socket.<ConnectAsync>g__WaitForConnectWithCancellation|285_0(AwaitableSocketAsyncEventArgs saea, ValueTask connectTask, CancellationToken cancellationToken)
   at Grpc.Net.Client.Balancer.Internal.SocketConnectivitySubchannelTransport.TryConnectAsync(ConnectContext context, Int32 attempt)
   --- End of inner exception stack trace ---
   at Grpc.Net.Client.Balancer.Internal.ConnectionManager.PickAsync(PickContext context, Boolean waitForReady, CancellationToken cancellationToken)
   at Grpc.Net.Client.Balancer.Internal.BalancerHttpHandler.SendAsync(HttpRequestMessage request, CancellationToken cancellationToken)
   at System.Net.Http.HttpMessageInvoker.<SendAsync>g__SendAsyncWithTelemetry|6_0(HttpMessageHandler handler, HttpRequestMessage request, CancellationToken cancellationToken)
   at Grpc.Net.Client.Internal.GrpcCall`2.RunCall(HttpRequestMessage request, Nullable`1 timeout)
   at Grpc.Net.Client.Internal.GrpcCall`2.GetResponseHeadersCoreAsync()
   at SkyApm.Transport.Grpc.V8.ServiceRegister.<>c__DisplayClass9_0.<<ReportInstancePropertiesAsync>b__0>d.MoveNext()
--- End of stack trace from previous location ---
   at SkyApm.Transport.Grpc.Common.Call.Execute[T](Func`1 task, Func`1 errCallback, Func`1 errMessage)
2025-11-25 18:11:30.512 +08:00 [arswebapiservice001] [Warning] SkyApm.Transport.Grpc.ConnectionManager : Connection state changed. Status(StatusCode="Unavailable", Detail="Error connecting to subchannel.", DebugException="System.Net.Sockets.SocketException: 向一个无法连接的网络尝试了一个套接字操作。")
2025-11-25 18:11:45.505 +08:00 [arswebapiservice001] [Information] SkyApm.Transport.Grpc.ConnectionManager : Shutdown connection[172.20.64.1:11800].
2025-11-25 18:11:45.505 +08:00 [arswebapiservice001] [Information] SkyApm.Transport.Grpc.ConnectionManager : Connected server[172.20.64.1:11800].
2025-11-25 18:12:00.509 +08:00 [arswebapiservice001] [Error] SkyApm.Transport.Grpc.V8.ServiceRegister : Report service instance properties fail.
Grpc.Core.RpcException: Status(StatusCode="Unavailable", Detail="Error connecting to subchannel.", DebugException="System.Net.Sockets.SocketException: 向一个无法连接的网络尝试了一个套接字操作。")
 ---> System.Net.Sockets.SocketException (10051): 向一个无法连接的网络尝试了一个套接字操作。
   at System.Net.Sockets.Socket.AwaitableSocketAsyncEventArgs.ThrowException(SocketError error, CancellationToken cancellationToken)
   at System.Net.Sockets.Socket.AwaitableSocketAsyncEventArgs.System.Threading.Tasks.Sources.IValueTaskSource.GetResult(Int16 token)
   at System.Net.Sockets.Socket.<ConnectAsync>g__WaitForConnectWithCancellation|285_0(AwaitableSocketAsyncEventArgs saea, ValueTask connectTask, CancellationToken cancellationToken)
   at Grpc.Net.Client.Balancer.Internal.SocketConnectivitySubchannelTransport.TryConnectAsync(ConnectContext context, Int32 attempt)
   --- End of inner exception stack trace ---
   at Grpc.Net.Client.Balancer.Internal.ConnectionManager.PickAsync(PickContext context, Boolean waitForReady, CancellationToken cancellationToken)
   at Grpc.Net.Client.Balancer.Internal.BalancerHttpHandler.SendAsync(HttpRequestMessage request, CancellationToken cancellationToken)
   at System.Net.Http.HttpMessageInvoker.<SendAsync>g__SendAsyncWithTelemetry|6_0(HttpMessageHandler handler, HttpRequestMessage request, CancellationToken cancellationToken)
   at Grpc.Net.Client.Internal.GrpcCall`2.RunCall(HttpRequestMessage request, Nullable`1 timeout)
   at Grpc.Net.Client.Internal.GrpcCall`2.GetResponseHeadersCoreAsync()
   at SkyApm.Transport.Grpc.V8.ServiceRegister.<>c__DisplayClass9_0.<<ReportInstancePropertiesAsync>b__0>d.MoveNext()
--- End of stack trace from previous location ---
   at SkyApm.Transport.Grpc.Common.Call.Execute[T](Func`1 task, Func`1 errCallback, Func`1 errMessage)
2025-11-25 18:12:00.509 +08:00 [arswebapiservice001] [Warning] SkyApm.Transport.Grpc.ConnectionManager : Connection state changed. Status(StatusCode="Unavailable", Detail="Error connecting to subchannel.", DebugException="System.Net.Sockets.SocketException: 向一个无法连接的网络尝试了一个套接字操作。")
2025-11-25 18:12:15.512 +08:00 [arswebapiservice001] [Information] SkyApm.Transport.Grpc.ConnectionManager : Shutdown connection[172.20.64.1:11800].
2025-11-25 18:12:15.512 +08:00 [arswebapiservice001] [Information] SkyApm.Transport.Grpc.ConnectionManager : Connected server[172.20.64.1:11800].
2025-11-25 18:12:30.520 +08:00 [arswebapiservice001] [Error] SkyApm.Transport.Grpc.V8.ServiceRegister : Report service instance properties fail.
Grpc.Core.RpcException: Status(StatusCode="Unavailable", Detail="Error connecting to subchannel.", DebugException="System.Net.Sockets.SocketException: 向一个无法连接的网络尝试了一个套接字操作。")
 ---> System.Net.Sockets.SocketException (10051): 向一个无法连接的网络尝试了一个套接字操作。
   at System.Net.Sockets.Socket.AwaitableSocketAsyncEventArgs.ThrowException(SocketError error, CancellationToken cancellationToken)
   at System.Net.Sockets.Socket.AwaitableSocketAsyncEventArgs.System.Threading.Tasks.Sources.IValueTaskSource.GetResult(Int16 token)
   at System.Net.Sockets.Socket.<ConnectAsync>g__WaitForConnectWithCancellation|285_0(AwaitableSocketAsyncEventArgs saea, ValueTask connectTask, CancellationToken cancellationToken)
   at Grpc.Net.Client.Balancer.Internal.SocketConnectivitySubchannelTransport.TryConnectAsync(ConnectContext context, Int32 attempt)
   --- End of inner exception stack trace ---
   at Grpc.Net.Client.Balancer.Internal.ConnectionManager.PickAsync(PickContext context, Boolean waitForReady, CancellationToken cancellationToken)
   at Grpc.Net.Client.Balancer.Internal.BalancerHttpHandler.SendAsync(HttpRequestMessage request, CancellationToken cancellationToken)
   at System.Net.Http.HttpMessageInvoker.<SendAsync>g__SendAsyncWithTelemetry|6_0(HttpMessageHandler handler, HttpRequestMessage request, CancellationToken cancellationToken)
   at Grpc.Net.Client.Internal.GrpcCall`2.RunCall(HttpRequestMessage request, Nullable`1 timeout)
   at Grpc.Net.Client.Internal.GrpcCall`2.GetResponseHeadersCoreAsync()
   at SkyApm.Transport.Grpc.V8.ServiceRegister.<>c__DisplayClass9_0.<<ReportInstancePropertiesAsync>b__0>d.MoveNext()
--- End of stack trace from previous location ---
   at SkyApm.Transport.Grpc.Common.Call.Execute[T](Func`1 task, Func`1 errCallback, Func`1 errMessage)
2025-11-25 18:12:30.521 +08:00 [arswebapiservice001] [Warning] SkyApm.Transport.Grpc.ConnectionManager : Connection state changed. Status(StatusCode="Unavailable", Detail="Error connecting to subchannel.", DebugException="System.Net.Sockets.SocketException: 向一个无法连接的网络尝试了一个套接字操作。")
2025-11-25 18:12:45.516 +08:00 [arswebapiservice001] [Information] SkyApm.Transport.Grpc.ConnectionManager : Shutdown connection[172.20.64.1:11800].
2025-11-25 18:12:45.516 +08:00 [arswebapiservice001] [Information] SkyApm.Transport.Grpc.ConnectionManager : Connected server[172.20.64.1:11800].
2025-11-25 18:13:00.513 +08:00 [arswebapiservice001] [Error] SkyApm.Transport.Grpc.V8.ServiceRegister : Report service instance properties fail.
Grpc.Core.RpcException: Status(StatusCode="Unavailable", Detail="Error connecting to subchannel.", DebugException="System.Net.Sockets.SocketException: 向一个无法连接的网络尝试了一个套接字操作。")
 ---> System.Net.Sockets.SocketException (10051): 向一个无法连接的网络尝试了一个套接字操作。
   at System.Net.Sockets.Socket.AwaitableSocketAsyncEventArgs.System.Threading.Tasks.Sources.IValueTaskSource.GetResult(Int16 token)
   at System.Net.Sockets.Socket.<ConnectAsync>g__WaitForConnectWithCancellation|285_0(AwaitableSocketAsyncEventArgs saea, ValueTask connectTask, CancellationToken cancellationToken)
   at Grpc.Net.Client.Balancer.Internal.SocketConnectivitySubchannelTransport.TryConnectAsync(ConnectContext context, Int32 attempt)
   --- End of inner exception stack trace ---
   at Grpc.Net.Client.Balancer.Internal.ConnectionManager.PickAsync(PickContext context, Boolean waitForReady, CancellationToken cancellationToken)
   at Grpc.Net.Client.Balancer.Internal.BalancerHttpHandler.SendAsync(HttpRequestMessage request, CancellationToken cancellationToken)
   at System.Net.Http.HttpMessageInvoker.<SendAsync>g__SendAsyncWithTelemetry|6_0(HttpMessageHandler handler, HttpRequestMessage request, CancellationToken cancellationToken)
   at Grpc.Net.Client.Internal.GrpcCall`2.RunCall(HttpRequestMessage request, Nullable`1 timeout)
   at Grpc.Net.Client.Internal.GrpcCall`2.GetResponseHeadersCoreAsync()
   at SkyApm.Transport.Grpc.V8.ServiceRegister.<>c__DisplayClass9_0.<<ReportInstancePropertiesAsync>b__0>d.MoveNext()
--- End of stack trace from previous location ---
   at SkyApm.Transport.Grpc.Common.Call.Execute[T](Func`1 task, Func`1 errCallback, Func`1 errMessage)
2025-11-25 18:13:00.514 +08:00 [arswebapiservice001] [Warning] SkyApm.Transport.Grpc.ConnectionManager : Connection state changed. Status(StatusCode="Unavailable", Detail="Error connecting to subchannel.", DebugException="System.Net.Sockets.SocketException: 向一个无法连接的网络尝试了一个套接字操作。")
2025-11-25 18:13:15.504 +08:00 [arswebapiservice001] [Information] SkyApm.Transport.Grpc.ConnectionManager : Shutdown connection[172.20.64.1:11800].
2025-11-25 18:13:15.505 +08:00 [arswebapiservice001] [Information] SkyApm.Transport.Grpc.ConnectionManager : Connected server[172.20.64.1:11800].
2025-11-25 18:13:30.522 +08:00 [arswebapiservice001] [Error] SkyApm.Transport.Grpc.V8.ServiceRegister : Report service instance properties fail.
Grpc.Core.RpcException: Status(StatusCode="Unavailable", Detail="Error connecting to subchannel.", DebugException="System.Net.Sockets.SocketException: 向一个无法连接的网络尝试了一个套接字操作。")
 ---> System.Net.Sockets.SocketException (10051): 向一个无法连接的网络尝试了一个套接字操作。
   at System.Net.Sockets.Socket.AwaitableSocketAsyncEventArgs.System.Threading.Tasks.Sources.IValueTaskSource.GetResult(Int16 token)
   at System.Net.Sockets.Socket.<ConnectAsync>g__WaitForConnectWithCancellation|285_0(AwaitableSocketAsyncEventArgs saea, ValueTask connectTask, CancellationToken cancellationToken)
   at Grpc.Net.Client.Balancer.Internal.SocketConnectivitySubchannelTransport.TryConnectAsync(ConnectContext context, Int32 attempt)
   --- End of inner exception stack trace ---
   at Grpc.Net.Client.Balancer.Internal.ConnectionManager.PickAsync(PickContext context, Boolean waitForReady, CancellationToken cancellationToken)
   at Grpc.Net.Client.Balancer.Internal.BalancerHttpHandler.SendAsync(HttpRequestMessage request, CancellationToken cancellationToken)
   at System.Net.Http.HttpMessageInvoker.<SendAsync>g__SendAsyncWithTelemetry|6_0(HttpMessageHandler handler, HttpRequestMessage request, CancellationToken cancellationToken)
   at Grpc.Net.Client.Internal.GrpcCall`2.RunCall(HttpRequestMessage request, Nullable`1 timeout)
   at Grpc.Net.Client.Internal.GrpcCall`2.GetResponseHeadersCoreAsync()
   at SkyApm.Transport.Grpc.V8.ServiceRegister.<>c__DisplayClass9_0.<<ReportInstancePropertiesAsync>b__0>d.MoveNext()
--- End of stack trace from previous location ---
   at SkyApm.Transport.Grpc.Common.Call.Execute[T](Func`1 task, Func`1 errCallback, Func`1 errMessage)
2025-11-25 18:13:30.522 +08:00 [arswebapiservice001] [Warning] SkyApm.Transport.Grpc.ConnectionManager : Connection state changed. Status(StatusCode="Unavailable", Detail="Error connecting to subchannel.", DebugException="System.Net.Sockets.SocketException: 向一个无法连接的网络尝试了一个套接字操作。")
2025-11-25 18:13:45.511 +08:00 [arswebapiservice001] [Information] SkyApm.Transport.Grpc.ConnectionManager : Shutdown connection[172.20.64.1:11800].
2025-11-25 18:13:45.511 +08:00 [arswebapiservice001] [Information] SkyApm.Transport.Grpc.ConnectionManager : Connected server[172.20.64.1:11800].
2025-11-25 18:14:00.511 +08:00 [arswebapiservice001] [Error] SkyApm.Transport.Grpc.V8.ServiceRegister : Report service instance properties fail.
Grpc.Core.RpcException: Status(StatusCode="Unavailable", Detail="Error connecting to subchannel.", DebugException="System.Net.Sockets.SocketException: 向一个无法连接的网络尝试了一个套接字操作。")
 ---> System.Net.Sockets.SocketException (10051): 向一个无法连接的网络尝试了一个套接字操作。
   at System.Net.Sockets.Socket.AwaitableSocketAsyncEventArgs.System.Threading.Tasks.Sources.IValueTaskSource.GetResult(Int16 token)
   at System.Net.Sockets.Socket.<ConnectAsync>g__WaitForConnectWithCancellation|285_0(AwaitableSocketAsyncEventArgs saea, ValueTask connectTask, CancellationToken cancellationToken)
   at Grpc.Net.Client.Balancer.Internal.SocketConnectivitySubchannelTransport.TryConnectAsync(ConnectContext context, Int32 attempt)
   --- End of inner exception stack trace ---
   at Grpc.Net.Client.Balancer.Internal.ConnectionManager.PickAsync(PickContext context, Boolean waitForReady, CancellationToken cancellationToken)
   at Grpc.Net.Client.Balancer.Internal.BalancerHttpHandler.SendAsync(HttpRequestMessage request, CancellationToken cancellationToken)
   at System.Net.Http.HttpMessageInvoker.<SendAsync>g__SendAsyncWithTelemetry|6_0(HttpMessageHandler handler, HttpRequestMessage request, CancellationToken cancellationToken)
   at Grpc.Net.Client.Internal.GrpcCall`2.RunCall(HttpRequestMessage request, Nullable`1 timeout)
   at Grpc.Net.Client.Internal.GrpcCall`2.GetResponseHeadersCoreAsync()
   at SkyApm.Transport.Grpc.V8.ServiceRegister.<>c__DisplayClass9_0.<<ReportInstancePropertiesAsync>b__0>d.MoveNext()
--- End of stack trace from previous location ---
   at SkyApm.Transport.Grpc.Common.Call.Execute[T](Func`1 task, Func`1 errCallback, Func`1 errMessage)
2025-11-25 18:14:00.511 +08:00 [arswebapiservice001] [Warning] SkyApm.Transport.Grpc.ConnectionManager : Connection state changed. Status(StatusCode="Unavailable", Detail="Error connecting to subchannel.", DebugException="System.Net.Sockets.SocketException: 向一个无法连接的网络尝试了一个套接字操作。")
2025-11-25 18:14:17.288 +08:00 [arswebapiservice001] [Information] SkyApm.Transport.Grpc.ConnectionManager : Shutdown connection[172.20.64.1:11800].
2025-11-25 18:14:17.289 +08:00 [arswebapiservice001] [Information] SkyApm.Transport.Grpc.ConnectionManager : Connected server[172.20.64.1:11800].
2025-11-25 18:14:32.408 +08:00 [arswebapiservice001] [Error] SkyApm.Transport.Grpc.V8.ServiceRegister : Report service instance properties fail.
Grpc.Core.RpcException: Status(StatusCode="Unavailable", Detail="Error connecting to subchannel.", DebugException="System.Net.Sockets.SocketException: 向一个无法连接的网络尝试了一个套接字操作。")
 ---> System.Net.Sockets.SocketException (10051): 向一个无法连接的网络尝试了一个套接字操作。
   at System.Net.Sockets.Socket.AwaitableSocketAsyncEventArgs.System.Threading.Tasks.Sources.IValueTaskSource.GetResult(Int16 token)
   at System.Net.Sockets.Socket.<ConnectAsync>g__WaitForConnectWithCancellation|285_0(AwaitableSocketAsyncEventArgs saea, ValueTask connectTask, CancellationToken cancellationToken)
   at Grpc.Net.Client.Balancer.Internal.SocketConnectivitySubchannelTransport.TryConnectAsync(ConnectContext context, Int32 attempt)
   --- End of inner exception stack trace ---
   at Grpc.Net.Client.Balancer.Internal.ConnectionManager.PickAsync(PickContext context, Boolean waitForReady, CancellationToken cancellationToken)
   at Grpc.Net.Client.Balancer.Internal.BalancerHttpHandler.SendAsync(HttpRequestMessage request, CancellationToken cancellationToken)
   at System.Net.Http.HttpMessageInvoker.<SendAsync>g__SendAsyncWithTelemetry|6_0(HttpMessageHandler handler, HttpRequestMessage request, CancellationToken cancellationToken)
   at Grpc.Net.Client.Internal.GrpcCall`2.RunCall(HttpRequestMessage request, Nullable`1 timeout)
   at Grpc.Net.Client.Internal.GrpcCall`2.GetResponseHeadersCoreAsync()
   at SkyApm.Transport.Grpc.V8.ServiceRegister.<>c__DisplayClass9_0.<<ReportInstancePropertiesAsync>b__0>d.MoveNext()
--- End of stack trace from previous location ---
   at SkyApm.Transport.Grpc.Common.Call.Execute[T](Func`1 task, Func`1 errCallback, Func`1 errMessage)
2025-11-25 18:14:32.408 +08:00 [arswebapiservice001] [Warning] SkyApm.Transport.Grpc.ConnectionManager : Connection state changed. Status(StatusCode="Unavailable", Detail="Error connecting to subchannel.", DebugException="System.Net.Sockets.SocketException: 向一个无法连接的网络尝试了一个套接字操作。")
2025-11-25 18:14:45.507 +08:00 [arswebapiservice001] [Information] SkyApm.Transport.Grpc.ConnectionManager : Shutdown connection[172.20.64.1:11800].
2025-11-25 18:14:45.508 +08:00 [arswebapiservice001] [Information] SkyApm.Transport.Grpc.ConnectionManager : Connected server[172.20.64.1:11800].
2025-11-25 18:15:29.032 +08:00 [arswebapiservice001] [Information] SkyApm.InstrumentStartup : Initializing ...
2025-11-25 18:15:29.071 +08:00 [arswebapiservice001] [Information] SkyApm.Service.RegisterService : Loaded instrument service [SkyApm.Service.RegisterService].
2025-11-25 18:15:29.071 +08:00 [arswebapiservice001] [Information] SkyApm.Service.LogReportService : Loaded instrument service [SkyApm.Service.LogReportService].
2025-11-25 18:15:29.071 +08:00 [arswebapiservice001] [Information] SkyApm.Service.PingService : Loaded instrument service [SkyApm.Service.PingService].
2025-11-25 18:15:29.071 +08:00 [arswebapiservice001] [Information] SkyApm.Service.SegmentReportService : Loaded instrument service [SkyApm.Service.SegmentReportService].
2025-11-25 18:15:29.072 +08:00 [arswebapiservice001] [Information] SkyApm.Service.CLRStatsService : Loaded instrument service [SkyApm.Service.CLRStatsService].
2025-11-25 18:15:29.072 +08:00 [arswebapiservice001] [Information] SkyApm.Sampling.SimpleCountSamplingInterceptor : Loaded instrument service [SkyApm.Sampling.SimpleCountSamplingInterceptor].
2025-11-25 18:15:29.072 +08:00 [arswebapiservice001] [Information] SkyApm.Transport.Grpc.ConnectService : Loaded instrument service [SkyApm.Transport.Grpc.ConnectService].
2025-11-25 18:15:29.106 +08:00 [arswebapiservice001] [Information] SkyApm.Transport.Grpc.ConnectionManager : Connected server[172.20.64.1:11800].
2025-11-25 18:15:29.114 +08:00 [arswebapiservice001] [Information] SkyApm.Diagnostics.TracingDiagnosticProcessorObserver : Loaded diagnostic listener [HttpHandlerDiagnosticListener].
2025-11-25 18:15:29.114 +08:00 [arswebapiservice001] [Information] SkyApm.InstrumentStartup : Started SkyAPM .NET Core Agent.
2025-11-25 18:15:29.460 +08:00 [arswebapiservice001] [Information] SkyApm.Diagnostics.TracingDiagnosticProcessorObserver : Loaded diagnostic listener [Microsoft.EntityFrameworkCore].
2025-11-25 18:15:29.628 +08:00 [arswebapiservice001] [Information] SkyApm.Diagnostics.TracingDiagnosticProcessorObserver : Loaded diagnostic listener [Grpc.Net.Client].
2025-11-25 18:15:29.682 +08:00 [arswebapiservice001] [Error] SkyApm.Transport.Grpc.V8.ServiceRegister : Report service instance properties fail.
Grpc.Core.RpcException: Status(StatusCode="Unavailable", Detail="Error connecting to subchannel.", DebugException="System.Net.Sockets.SocketException: 向一个无法连接的网络尝试了一个套接字操作。")
 ---> System.Net.Sockets.SocketException (10051): 向一个无法连接的网络尝试了一个套接字操作。
   at System.Net.Sockets.Socket.AwaitableSocketAsyncEventArgs.ThrowException(SocketError error, CancellationToken cancellationToken)
   at System.Net.Sockets.Socket.AwaitableSocketAsyncEventArgs.System.Threading.Tasks.Sources.IValueTaskSource.GetResult(Int16 token)
   at System.Net.Sockets.Socket.<ConnectAsync>g__WaitForConnectWithCancellation|285_0(AwaitableSocketAsyncEventArgs saea, ValueTask connectTask, CancellationToken cancellationToken)
   at Grpc.Net.Client.Balancer.Internal.SocketConnectivitySubchannelTransport.TryConnectAsync(ConnectContext context, Int32 attempt)
   --- End of inner exception stack trace ---
   at Grpc.Net.Client.Balancer.Internal.ConnectionManager.PickAsync(PickContext context, Boolean waitForReady, CancellationToken cancellationToken)
   at Grpc.Net.Client.Balancer.Internal.BalancerHttpHandler.SendAsync(HttpRequestMessage request, CancellationToken cancellationToken)
   at System.Net.Http.HttpMessageInvoker.<SendAsync>g__SendAsyncWithTelemetry|6_0(HttpMessageHandler handler, HttpRequestMessage request, CancellationToken cancellationToken)
   at Grpc.Net.Client.Internal.GrpcCall`2.RunCall(HttpRequestMessage request, Nullable`1 timeout)
   at Grpc.Net.Client.Internal.GrpcCall`2.GetResponseHeadersCoreAsync()
   at SkyApm.Transport.Grpc.V8.ServiceRegister.<>c__DisplayClass9_0.<<ReportInstancePropertiesAsync>b__0>d.MoveNext()
--- End of stack trace from previous location ---
   at SkyApm.Transport.Grpc.Common.Call.Execute[T](Func`1 task, Func`1 errCallback, Func`1 errMessage)
2025-11-25 18:15:29.683 +08:00 [arswebapiservice001] [Warning] SkyApm.Transport.Grpc.ConnectionManager : Connection state changed. Status(StatusCode="Unavailable", Detail="Error connecting to subchannel.", DebugException="System.Net.Sockets.SocketException: 向一个无法连接的网络尝试了一个套接字操作。")
2025-11-25 18:15:44.076 +08:00 [arswebapiservice001] [Information] SkyApm.Transport.Grpc.ConnectionManager : Shutdown connection[172.20.64.1:11800].
2025-11-25 18:15:44.077 +08:00 [arswebapiservice001] [Information] SkyApm.Transport.Grpc.ConnectionManager : Connected server[172.20.64.1:11800].
2025-11-25 18:16:12.173 +08:00 [arswebapiservice001] [Error] SkyApm.Transport.Grpc.V8.ServiceRegister : Report service instance properties fail.
Grpc.Core.RpcException: Status(StatusCode="Unavailable", Detail="Error connecting to subchannel.", DebugException="System.Net.Sockets.SocketException: 向一个无法连接的网络尝试了一个套接字操作。")
 ---> System.Net.Sockets.SocketException (10051): 向一个无法连接的网络尝试了一个套接字操作。
   at System.Net.Sockets.Socket.AwaitableSocketAsyncEventArgs.ThrowException(SocketError error, CancellationToken cancellationToken)
   at System.Net.Sockets.Socket.AwaitableSocketAsyncEventArgs.System.Threading.Tasks.Sources.IValueTaskSource.GetResult(Int16 token)
   at System.Net.Sockets.Socket.<ConnectAsync>g__WaitForConnectWithCancellation|285_0(AwaitableSocketAsyncEventArgs saea, ValueTask connectTask, CancellationToken cancellationToken)
   at Grpc.Net.Client.Balancer.Internal.SocketConnectivitySubchannelTransport.TryConnectAsync(ConnectContext context, Int32 attempt)
   --- End of inner exception stack trace ---
   at Grpc.Net.Client.Balancer.Internal.ConnectionManager.PickAsync(PickContext context, Boolean waitForReady, CancellationToken cancellationToken)
   at Grpc.Net.Client.Balancer.Internal.BalancerHttpHandler.SendAsync(HttpRequestMessage request, CancellationToken cancellationToken)
   at System.Net.Http.HttpMessageInvoker.<SendAsync>g__SendAsyncWithTelemetry|6_0(HttpMessageHandler handler, HttpRequestMessage request, CancellationToken cancellationToken)
   at Grpc.Net.Client.Internal.GrpcCall`2.RunCall(HttpRequestMessage request, Nullable`1 timeout)
   at Grpc.Net.Client.Internal.GrpcCall`2.GetResponseHeadersCoreAsync()
   at SkyApm.Transport.Grpc.V8.ServiceRegister.<>c__DisplayClass9_0.<<ReportInstancePropertiesAsync>b__0>d.MoveNext()
--- End of stack trace from previous location ---
   at SkyApm.Transport.Grpc.Common.Call.Execute[T](Func`1 task, Func`1 errCallback, Func`1 errMessage)
2025-11-25 18:16:12.173 +08:00 [arswebapiservice001] [Warning] SkyApm.Transport.Grpc.ConnectionManager : Connection state changed. Status(StatusCode="Unavailable", Detail="Error connecting to subchannel.", DebugException="System.Net.Sockets.SocketException: 向一个无法连接的网络尝试了一个套接字操作。")
2025-11-25 18:16:14.711 +08:00 [arswebapiservice001] [Information] SkyApm.Transport.Grpc.ConnectionManager : Shutdown connection[172.20.64.1:11800].
2025-11-25 18:16:14.711 +08:00 [arswebapiservice001] [Information] SkyApm.Transport.Grpc.ConnectionManager : Connected server[172.20.64.1:11800].
2025-11-25 18:16:47.862 +08:00 [arswebapiservice001] [Error] SkyApm.Transport.Grpc.V8.ServiceRegister : Report service instance properties fail.
Grpc.Core.RpcException: Status(StatusCode="Unavailable", Detail="Error connecting to subchannel.", DebugException="System.Net.Sockets.SocketException: 向一个无法连接的网络尝试了一个套接字操作。")
 ---> System.Net.Sockets.SocketException (10051): 向一个无法连接的网络尝试了一个套接字操作。
   at System.Net.Sockets.Socket.AwaitableSocketAsyncEventArgs.ThrowException(SocketError error, CancellationToken cancellationToken)
   at System.Net.Sockets.Socket.AwaitableSocketAsyncEventArgs.System.Threading.Tasks.Sources.IValueTaskSource.GetResult(Int16 token)
   at System.Net.Sockets.Socket.<ConnectAsync>g__WaitForConnectWithCancellation|285_0(AwaitableSocketAsyncEventArgs saea, ValueTask connectTask, CancellationToken cancellationToken)
   at Grpc.Net.Client.Balancer.Internal.SocketConnectivitySubchannelTransport.TryConnectAsync(ConnectContext context, Int32 attempt)
   --- End of inner exception stack trace ---
   at Grpc.Net.Client.Balancer.Internal.ConnectionManager.PickAsync(PickContext context, Boolean waitForReady, CancellationToken cancellationToken)
   at Grpc.Net.Client.Balancer.Internal.BalancerHttpHandler.SendAsync(HttpRequestMessage request, CancellationToken cancellationToken)
   at System.Net.Http.HttpMessageInvoker.<SendAsync>g__SendAsyncWithTelemetry|6_0(HttpMessageHandler handler, HttpRequestMessage request, CancellationToken cancellationToken)
   at Grpc.Net.Client.Internal.GrpcCall`2.RunCall(HttpRequestMessage request, Nullable`1 timeout)
   at Grpc.Net.Client.Internal.GrpcCall`2.GetResponseHeadersCoreAsync()
   at SkyApm.Transport.Grpc.V8.ServiceRegister.<>c__DisplayClass9_0.<<ReportInstancePropertiesAsync>b__0>d.MoveNext()
--- End of stack trace from previous location ---
   at SkyApm.Transport.Grpc.Common.Call.Execute[T](Func`1 task, Func`1 errCallback, Func`1 errMessage)
2025-11-25 18:16:47.862 +08:00 [arswebapiservice001] [Warning] SkyApm.Transport.Grpc.ConnectionManager : Connection state changed. Status(StatusCode="Unavailable", Detail="Error connecting to subchannel.", DebugException="System.Net.Sockets.SocketException: 向一个无法连接的网络尝试了一个套接字操作。")
2025-11-25 18:17:20.906 +08:00 [arswebapiservice001] [Information] SkyApm.Transport.Grpc.ConnectionManager : Shutdown connection[172.20.64.1:11800].
2025-11-25 18:17:20.907 +08:00 [arswebapiservice001] [Information] SkyApm.Transport.Grpc.ConnectionManager : Connected server[172.20.64.1:11800].
2025-11-25 18:17:24.735 +08:00 [arswebapiservice001] [Error] SkyApm.Transport.Grpc.V8.ServiceRegister : Report service instance properties fail.
Grpc.Core.RpcException: Status(StatusCode="Unavailable", Detail="Error connecting to subchannel.", DebugException="System.Net.Sockets.SocketException: 向一个无法连接的网络尝试了一个套接字操作。")
 ---> System.Net.Sockets.SocketException (10051): 向一个无法连接的网络尝试了一个套接字操作。
   at System.Net.Sockets.Socket.AwaitableSocketAsyncEventArgs.ThrowException(SocketError error, CancellationToken cancellationToken)
   at System.Net.Sockets.Socket.AwaitableSocketAsyncEventArgs.System.Threading.Tasks.Sources.IValueTaskSource.GetResult(Int16 token)
   at System.Net.Sockets.Socket.<ConnectAsync>g__WaitForConnectWithCancellation|285_0(AwaitableSocketAsyncEventArgs saea, ValueTask connectTask, CancellationToken cancellationToken)
   at Grpc.Net.Client.Balancer.Internal.SocketConnectivitySubchannelTransport.TryConnectAsync(ConnectContext context, Int32 attempt)
   --- End of inner exception stack trace ---
   at Grpc.Net.Client.Balancer.Internal.ConnectionManager.PickAsync(PickContext context, Boolean waitForReady, CancellationToken cancellationToken)
   at Grpc.Net.Client.Balancer.Internal.BalancerHttpHandler.SendAsync(HttpRequestMessage request, CancellationToken cancellationToken)
   at System.Net.Http.HttpMessageInvoker.<SendAsync>g__SendAsyncWithTelemetry|6_0(HttpMessageHandler handler, HttpRequestMessage request, CancellationToken cancellationToken)
   at Grpc.Net.Client.Internal.GrpcCall`2.RunCall(HttpRequestMessage request, Nullable`1 timeout)
   at Grpc.Net.Client.Internal.GrpcCall`2.GetResponseHeadersCoreAsync()
   at SkyApm.Transport.Grpc.V8.ServiceRegister.<>c__DisplayClass9_0.<<ReportInstancePropertiesAsync>b__0>d.MoveNext()
--- End of stack trace from previous location ---
   at SkyApm.Transport.Grpc.Common.Call.Execute[T](Func`1 task, Func`1 errCallback, Func`1 errMessage)
2025-11-25 18:17:24.735 +08:00 [arswebapiservice001] [Warning] SkyApm.Transport.Grpc.ConnectionManager : Connection state changed. Status(StatusCode="Unavailable", Detail="Error connecting to subchannel.", DebugException="System.Net.Sockets.SocketException: 向一个无法连接的网络尝试了一个套接字操作。")
2025-11-25 18:17:35.976 +08:00 [arswebapiservice001] [Information] SkyApm.Transport.Grpc.ConnectionManager : Shutdown connection[172.20.64.1:11800].
2025-11-25 18:17:35.977 +08:00 [arswebapiservice001] [Information] SkyApm.Transport.Grpc.ConnectionManager : Connected server[172.20.64.1:11800].
2025-11-25 18:18:09.962 +08:00 [arswebapiservice001] [Error] SkyApm.Transport.Grpc.V8.ServiceRegister : Report service instance properties fail.
Grpc.Core.RpcException: Status(StatusCode="Unavailable", Detail="Error connecting to subchannel.", DebugException="System.Net.Sockets.SocketException: 向一个无法连接的网络尝试了一个套接字操作。")
 ---> System.Net.Sockets.SocketException (10051): 向一个无法连接的网络尝试了一个套接字操作。
   at System.Net.Sockets.Socket.AwaitableSocketAsyncEventArgs.ThrowException(SocketError error, CancellationToken cancellationToken)
   at System.Net.Sockets.Socket.AwaitableSocketAsyncEventArgs.System.Threading.Tasks.Sources.IValueTaskSource.GetResult(Int16 token)
   at System.Net.Sockets.Socket.<ConnectAsync>g__WaitForConnectWithCancellation|285_0(AwaitableSocketAsyncEventArgs saea, ValueTask connectTask, CancellationToken cancellationToken)
   at Grpc.Net.Client.Balancer.Internal.SocketConnectivitySubchannelTransport.TryConnectAsync(ConnectContext context, Int32 attempt)
   --- End of inner exception stack trace ---
   at Grpc.Net.Client.Balancer.Internal.ConnectionManager.PickAsync(PickContext context, Boolean waitForReady, CancellationToken cancellationToken)
   at Grpc.Net.Client.Balancer.Internal.BalancerHttpHandler.SendAsync(HttpRequestMessage request, CancellationToken cancellationToken)
   at System.Net.Http.HttpMessageInvoker.<SendAsync>g__SendAsyncWithTelemetry|6_0(HttpMessageHandler handler, HttpRequestMessage request, CancellationToken cancellationToken)
   at Grpc.Net.Client.Internal.GrpcCall`2.RunCall(HttpRequestMessage request, Nullable`1 timeout)
   at Grpc.Net.Client.Internal.GrpcCall`2.GetResponseHeadersCoreAsync()
   at SkyApm.Transport.Grpc.V8.ServiceRegister.<>c__DisplayClass9_0.<<ReportInstancePropertiesAsync>b__0>d.MoveNext()
--- End of stack trace from previous location ---
   at SkyApm.Transport.Grpc.Common.Call.Execute[T](Func`1 task, Func`1 errCallback, Func`1 errMessage)
2025-11-25 18:18:09.962 +08:00 [arswebapiservice001] [Warning] SkyApm.Transport.Grpc.ConnectionManager : Connection state changed. Status(StatusCode="Unavailable", Detail="Error connecting to subchannel.", DebugException="System.Net.Sockets.SocketException: 向一个无法连接的网络尝试了一个套接字操作。")
2025-11-25 18:18:20.909 +08:00 [arswebapiservice001] [Information] SkyApm.Transport.Grpc.ConnectionManager : Shutdown connection[172.20.64.1:11800].
2025-11-25 18:18:20.910 +08:00 [arswebapiservice001] [Information] SkyApm.Transport.Grpc.ConnectionManager : Connected server[172.20.64.1:11800].
2025-11-25 18:18:29.083 +08:00 [arswebapiservice001] [Error] SkyApm.Transport.Grpc.V8.ServiceRegister : Report service instance properties fail.
Grpc.Core.RpcException: Status(StatusCode="Unavailable", Detail="Error connecting to subchannel.", DebugException="System.Net.Sockets.SocketException: 向一个无法连接的网络尝试了一个套接字操作。")
 ---> System.Net.Sockets.SocketException (10051): 向一个无法连接的网络尝试了一个套接字操作。
   at System.Net.Sockets.Socket.AwaitableSocketAsyncEventArgs.ThrowException(SocketError error, CancellationToken cancellationToken)
   at System.Net.Sockets.Socket.AwaitableSocketAsyncEventArgs.System.Threading.Tasks.Sources.IValueTaskSource.GetResult(Int16 token)
   at System.Net.Sockets.Socket.<ConnectAsync>g__WaitForConnectWithCancellation|285_0(AwaitableSocketAsyncEventArgs saea, ValueTask connectTask, CancellationToken cancellationToken)
   at Grpc.Net.Client.Balancer.Internal.SocketConnectivitySubchannelTransport.TryConnectAsync(ConnectContext context, Int32 attempt)
   --- End of inner exception stack trace ---
   at Grpc.Net.Client.Balancer.Internal.ConnectionManager.PickAsync(PickContext context, Boolean waitForReady, CancellationToken cancellationToken)
   at Grpc.Net.Client.Balancer.Internal.BalancerHttpHandler.SendAsync(HttpRequestMessage request, CancellationToken cancellationToken)
   at System.Net.Http.HttpMessageInvoker.<SendAsync>g__SendAsyncWithTelemetry|6_0(HttpMessageHandler handler, HttpRequestMessage request, CancellationToken cancellationToken)
   at Grpc.Net.Client.Internal.GrpcCall`2.RunCall(HttpRequestMessage request, Nullable`1 timeout)
   at Grpc.Net.Client.Internal.GrpcCall`2.GetResponseHeadersCoreAsync()
   at SkyApm.Transport.Grpc.V8.ServiceRegister.<>c__DisplayClass9_0.<<ReportInstancePropertiesAsync>b__0>d.MoveNext()
--- End of stack trace from previous location ---
   at SkyApm.Transport.Grpc.Common.Call.Execute[T](Func`1 task, Func`1 errCallback, Func`1 errMessage)
2025-11-25 18:18:29.083 +08:00 [arswebapiservice001] [Warning] SkyApm.Transport.Grpc.ConnectionManager : Connection state changed. Status(StatusCode="Unavailable", Detail="Error connecting to subchannel.", DebugException="System.Net.Sockets.SocketException: 向一个无法连接的网络尝试了一个套接字操作。")
2025-11-25 18:18:35.909 +08:00 [arswebapiservice001] [Information] SkyApm.Transport.Grpc.ConnectionManager : Shutdown connection[172.20.64.1:11800].
2025-11-25 18:18:35.910 +08:00 [arswebapiservice001] [Information] SkyApm.Transport.Grpc.ConnectionManager : Connected server[172.20.64.1:11800].
2025-11-25 18:18:59.091 +08:00 [arswebapiservice001] [Error] SkyApm.Transport.Grpc.V8.ServiceRegister : Report service instance properties fail.
Grpc.Core.RpcException: Status(StatusCode="Unavailable", Detail="Error connecting to subchannel.", DebugException="System.Net.Sockets.SocketException: 向一个无法连接的网络尝试了一个套接字操作。")
 ---> System.Net.Sockets.SocketException (10051): 向一个无法连接的网络尝试了一个套接字操作。
   at System.Net.Sockets.Socket.AwaitableSocketAsyncEventArgs.ThrowException(SocketError error, CancellationToken cancellationToken)
   at System.Net.Sockets.Socket.AwaitableSocketAsyncEventArgs.System.Threading.Tasks.Sources.IValueTaskSource.GetResult(Int16 token)
   at System.Net.Sockets.Socket.<ConnectAsync>g__WaitForConnectWithCancellation|285_0(AwaitableSocketAsyncEventArgs saea, ValueTask connectTask, CancellationToken cancellationToken)
   at Grpc.Net.Client.Balancer.Internal.SocketConnectivitySubchannelTransport.TryConnectAsync(ConnectContext context, Int32 attempt)
   --- End of inner exception stack trace ---
   at Grpc.Net.Client.Balancer.Internal.ConnectionManager.PickAsync(PickContext context, Boolean waitForReady, CancellationToken cancellationToken)
   at Grpc.Net.Client.Balancer.Internal.BalancerHttpHandler.SendAsync(HttpRequestMessage request, CancellationToken cancellationToken)
   at System.Net.Http.HttpMessageInvoker.<SendAsync>g__SendAsyncWithTelemetry|6_0(HttpMessageHandler handler, HttpRequestMessage request, CancellationToken cancellationToken)
   at Grpc.Net.Client.Internal.GrpcCall`2.RunCall(HttpRequestMessage request, Nullable`1 timeout)
   at Grpc.Net.Client.Internal.GrpcCall`2.GetResponseHeadersCoreAsync()
   at SkyApm.Transport.Grpc.V8.ServiceRegister.<>c__DisplayClass9_0.<<ReportInstancePropertiesAsync>b__0>d.MoveNext()
--- End of stack trace from previous location ---
   at SkyApm.Transport.Grpc.Common.Call.Execute[T](Func`1 task, Func`1 errCallback, Func`1 errMessage)
2025-11-25 18:18:59.091 +08:00 [arswebapiservice001] [Warning] SkyApm.Transport.Grpc.ConnectionManager : Connection state changed. Status(StatusCode="Unavailable", Detail="Error connecting to subchannel.", DebugException="System.Net.Sockets.SocketException: 向一个无法连接的网络尝试了一个套接字操作。")
2025-11-25 18:19:05.907 +08:00 [arswebapiservice001] [Information] SkyApm.Transport.Grpc.ConnectionManager : Shutdown connection[172.20.64.1:11800].
2025-11-25 18:19:05.908 +08:00 [arswebapiservice001] [Information] SkyApm.Transport.Grpc.ConnectionManager : Connected server[172.20.64.1:11800].
2025-11-25 18:19:29.093 +08:00 [arswebapiservice001] [Error] SkyApm.Transport.Grpc.V8.ServiceRegister : Report service instance properties fail.
Grpc.Core.RpcException: Status(StatusCode="Unavailable", Detail="Error connecting to subchannel.", DebugException="System.Net.Sockets.SocketException: 向一个无法连接的网络尝试了一个套接字操作。")
 ---> System.Net.Sockets.SocketException (10051): 向一个无法连接的网络尝试了一个套接字操作。
   at System.Net.Sockets.Socket.AwaitableSocketAsyncEventArgs.System.Threading.Tasks.Sources.IValueTaskSource.GetResult(Int16 token)
   at System.Net.Sockets.Socket.<ConnectAsync>g__WaitForConnectWithCancellation|285_0(AwaitableSocketAsyncEventArgs saea, ValueTask connectTask, CancellationToken cancellationToken)
   at Grpc.Net.Client.Balancer.Internal.SocketConnectivitySubchannelTransport.TryConnectAsync(ConnectContext context, Int32 attempt)
   --- End of inner exception stack trace ---
   at Grpc.Net.Client.Balancer.Internal.ConnectionManager.PickAsync(PickContext context, Boolean waitForReady, CancellationToken cancellationToken)
   at Grpc.Net.Client.Balancer.Internal.BalancerHttpHandler.SendAsync(HttpRequestMessage request, CancellationToken cancellationToken)
   at System.Net.Http.HttpMessageInvoker.<SendAsync>g__SendAsyncWithTelemetry|6_0(HttpMessageHandler handler, HttpRequestMessage request, CancellationToken cancellationToken)
   at Grpc.Net.Client.Internal.GrpcCall`2.RunCall(HttpRequestMessage request, Nullable`1 timeout)
   at Grpc.Net.Client.Internal.GrpcCall`2.GetResponseHeadersCoreAsync()
   at SkyApm.Transport.Grpc.V8.ServiceRegister.<>c__DisplayClass9_0.<<ReportInstancePropertiesAsync>b__0>d.MoveNext()
--- End of stack trace from previous location ---
   at SkyApm.Transport.Grpc.Common.Call.Execute[T](Func`1 task, Func`1 errCallback, Func`1 errMessage)
2025-11-25 18:19:29.093 +08:00 [arswebapiservice001] [Warning] SkyApm.Transport.Grpc.ConnectionManager : Connection state changed. Status(StatusCode="Unavailable", Detail="Error connecting to subchannel.", DebugException="System.Net.Sockets.SocketException: 向一个无法连接的网络尝试了一个套接字操作。")
2025-11-25 18:19:35.911 +08:00 [arswebapiservice001] [Information] SkyApm.Transport.Grpc.ConnectionManager : Shutdown connection[172.20.64.1:11800].
2025-11-25 18:19:35.911 +08:00 [arswebapiservice001] [Information] SkyApm.Transport.Grpc.ConnectionManager : Connected server[172.20.64.1:11800].
2025-11-25 18:20:03.010 +08:00 [arswebapiservice001] [Error] SkyApm.Transport.Grpc.V8.ServiceRegister : Report service instance properties fail.
Grpc.Core.RpcException: Status(StatusCode="Unavailable", Detail="Error connecting to subchannel.", DebugException="System.Net.Sockets.SocketException: 向一个无法连接的网络尝试了一个套接字操作。")
 ---> System.Net.Sockets.SocketException (10051): 向一个无法连接的网络尝试了一个套接字操作。
   at System.Net.Sockets.Socket.AwaitableSocketAsyncEventArgs.System.Threading.Tasks.Sources.IValueTaskSource.GetResult(Int16 token)
   at System.Net.Sockets.Socket.<ConnectAsync>g__WaitForConnectWithCancellation|285_0(AwaitableSocketAsyncEventArgs saea, ValueTask connectTask, CancellationToken cancellationToken)
   at Grpc.Net.Client.Balancer.Internal.SocketConnectivitySubchannelTransport.TryConnectAsync(ConnectContext context, Int32 attempt)
   --- End of inner exception stack trace ---
   at Grpc.Net.Client.Balancer.Internal.ConnectionManager.PickAsync(PickContext context, Boolean waitForReady, CancellationToken cancellationToken)
   at Grpc.Net.Client.Balancer.Internal.BalancerHttpHandler.SendAsync(HttpRequestMessage request, CancellationToken cancellationToken)
   at System.Net.Http.HttpMessageInvoker.<SendAsync>g__SendAsyncWithTelemetry|6_0(HttpMessageHandler handler, HttpRequestMessage request, CancellationToken cancellationToken)
   at Grpc.Net.Client.Internal.GrpcCall`2.RunCall(HttpRequestMessage request, Nullable`1 timeout)
   at Grpc.Net.Client.Internal.GrpcCall`2.GetResponseHeadersCoreAsync()
   at SkyApm.Transport.Grpc.V8.ServiceRegister.<>c__DisplayClass9_0.<<ReportInstancePropertiesAsync>b__0>d.MoveNext()
--- End of stack trace from previous location ---
   at SkyApm.Transport.Grpc.Common.Call.Execute[T](Func`1 task, Func`1 errCallback, Func`1 errMessage)
2025-11-25 18:20:03.010 +08:00 [arswebapiservice001] [Warning] SkyApm.Transport.Grpc.ConnectionManager : Connection state changed. Status(StatusCode="Unavailable", Detail="Error connecting to subchannel.", DebugException="System.Net.Sockets.SocketException: 向一个无法连接的网络尝试了一个套接字操作。")
2025-11-25 18:20:05.903 +08:00 [arswebapiservice001] [Information] SkyApm.Transport.Grpc.ConnectionManager : Shutdown connection[172.20.64.1:11800].
2025-11-25 18:20:05.903 +08:00 [arswebapiservice001] [Information] SkyApm.Transport.Grpc.ConnectionManager : Connected server[172.20.64.1:11800].
2025-11-25 18:20:54.840 +08:00 [arswebapiservice001] [Error] SkyApm.Transport.Grpc.V8.ServiceRegister : Report service instance properties fail.
Grpc.Core.RpcException: Status(StatusCode="Unavailable", Detail="Error connecting to subchannel.", DebugException="System.Net.Sockets.SocketException: 向一个无法连接的网络尝试了一个套接字操作。")
 ---> System.Net.Sockets.SocketException (10051): 向一个无法连接的网络尝试了一个套接字操作。
   at System.Net.Sockets.Socket.AwaitableSocketAsyncEventArgs.System.Threading.Tasks.Sources.IValueTaskSource.GetResult(Int16 token)
   at System.Net.Sockets.Socket.<ConnectAsync>g__WaitForConnectWithCancellation|285_0(AwaitableSocketAsyncEventArgs saea, ValueTask connectTask, CancellationToken cancellationToken)
   at Grpc.Net.Client.Balancer.Internal.SocketConnectivitySubchannelTransport.TryConnectAsync(ConnectContext context, Int32 attempt)
   --- End of inner exception stack trace ---
   at Grpc.Net.Client.Balancer.Internal.ConnectionManager.PickAsync(PickContext context, Boolean waitForReady, CancellationToken cancellationToken)
   at Grpc.Net.Client.Balancer.Internal.BalancerHttpHandler.SendAsync(HttpRequestMessage request, CancellationToken cancellationToken)
   at System.Net.Http.HttpMessageInvoker.<SendAsync>g__SendAsyncWithTelemetry|6_0(HttpMessageHandler handler, HttpRequestMessage request, CancellationToken cancellationToken)
   at Grpc.Net.Client.Internal.GrpcCall`2.RunCall(HttpRequestMessage request, Nullable`1 timeout)
   at Grpc.Net.Client.Internal.GrpcCall`2.GetResponseHeadersCoreAsync()
   at SkyApm.Transport.Grpc.V8.ServiceRegister.<>c__DisplayClass9_0.<<ReportInstancePropertiesAsync>b__0>d.MoveNext()
--- End of stack trace from previous location ---
   at SkyApm.Transport.Grpc.Common.Call.Execute[T](Func`1 task, Func`1 errCallback, Func`1 errMessage)
2025-11-25 18:20:54.840 +08:00 [arswebapiservice001] [Warning] SkyApm.Transport.Grpc.ConnectionManager : Connection state changed. Status(StatusCode="Unavailable", Detail="Error connecting to subchannel.", DebugException="System.Net.Sockets.SocketException: 向一个无法连接的网络尝试了一个套接字操作。")
2025-11-25 18:21:09.618 +08:00 [arswebapiservice001] [Information] SkyApm.Transport.Grpc.ConnectionManager : Shutdown connection[172.20.64.1:11800].
2025-11-25 18:21:09.618 +08:00 [arswebapiservice001] [Information] SkyApm.Transport.Grpc.ConnectionManager : Connected server[172.20.64.1:11800].
2025-11-25 18:21:33.694 +08:00 [arswebapiservice001] [Error] SkyApm.Transport.Grpc.V8.ServiceRegister : Report service instance properties fail.
Grpc.Core.RpcException: Status(StatusCode="Unavailable", Detail="Error connecting to subchannel.", DebugException="System.Net.Sockets.SocketException: 向一个无法连接的网络尝试了一个套接字操作。")
 ---> System.Net.Sockets.SocketException (10051): 向一个无法连接的网络尝试了一个套接字操作。
   at System.Net.Sockets.Socket.AwaitableSocketAsyncEventArgs.System.Threading.Tasks.Sources.IValueTaskSource.GetResult(Int16 token)
   at System.Net.Sockets.Socket.<ConnectAsync>g__WaitForConnectWithCancellation|285_0(AwaitableSocketAsyncEventArgs saea, ValueTask connectTask, CancellationToken cancellationToken)
   at Grpc.Net.Client.Balancer.Internal.SocketConnectivitySubchannelTransport.TryConnectAsync(ConnectContext context, Int32 attempt)
   --- End of inner exception stack trace ---
   at Grpc.Net.Client.Balancer.Internal.ConnectionManager.PickAsync(PickContext context, Boolean waitForReady, CancellationToken cancellationToken)
   at Grpc.Net.Client.Balancer.Internal.BalancerHttpHandler.SendAsync(HttpRequestMessage request, CancellationToken cancellationToken)
   at System.Net.Http.HttpMessageInvoker.<SendAsync>g__SendAsyncWithTelemetry|6_0(HttpMessageHandler handler, HttpRequestMessage request, CancellationToken cancellationToken)
   at Grpc.Net.Client.Internal.GrpcCall`2.RunCall(HttpRequestMessage request, Nullable`1 timeout)
   at Grpc.Net.Client.Internal.GrpcCall`2.GetResponseHeadersCoreAsync()
   at SkyApm.Transport.Grpc.V8.ServiceRegister.<>c__DisplayClass9_0.<<ReportInstancePropertiesAsync>b__0>d.MoveNext()
--- End of stack trace from previous location ---
   at SkyApm.Transport.Grpc.Common.Call.Execute[T](Func`1 task, Func`1 errCallback, Func`1 errMessage)
2025-11-25 18:21:33.694 +08:00 [arswebapiservice001] [Warning] SkyApm.Transport.Grpc.ConnectionManager : Connection state changed. Status(StatusCode="Unavailable", Detail="Error connecting to subchannel.", DebugException="System.Net.Sockets.SocketException: 向一个无法连接的网络尝试了一个套接字操作。")
2025-11-25 18:21:39.617 +08:00 [arswebapiservice001] [Information] SkyApm.Transport.Grpc.ConnectionManager : Shutdown connection[172.20.64.1:11800].
2025-11-25 18:21:39.617 +08:00 [arswebapiservice001] [Information] SkyApm.Transport.Grpc.ConnectionManager : Connected server[172.20.64.1:11800].
2025-11-25 18:21:59.089 +08:00 [arswebapiservice001] [Error] SkyApm.Transport.Grpc.V8.ServiceRegister : Report service instance properties fail.
Grpc.Core.RpcException: Status(StatusCode="Unavailable", Detail="Error connecting to subchannel.", DebugException="System.Net.Sockets.SocketException: 向一个无法连接的网络尝试了一个套接字操作。")
 ---> System.Net.Sockets.SocketException (10051): 向一个无法连接的网络尝试了一个套接字操作。
   at System.Net.Sockets.Socket.AwaitableSocketAsyncEventArgs.System.Threading.Tasks.Sources.IValueTaskSource.GetResult(Int16 token)
   at System.Net.Sockets.Socket.<ConnectAsync>g__WaitForConnectWithCancellation|285_0(AwaitableSocketAsyncEventArgs saea, ValueTask connectTask, CancellationToken cancellationToken)
   at Grpc.Net.Client.Balancer.Internal.SocketConnectivitySubchannelTransport.TryConnectAsync(ConnectContext context, Int32 attempt)
   --- End of inner exception stack trace ---
   at Grpc.Net.Client.Balancer.Internal.ConnectionManager.PickAsync(PickContext context, Boolean waitForReady, CancellationToken cancellationToken)
   at Grpc.Net.Client.Balancer.Internal.BalancerHttpHandler.SendAsync(HttpRequestMessage request, CancellationToken cancellationToken)
   at System.Net.Http.HttpMessageInvoker.<SendAsync>g__SendAsyncWithTelemetry|6_0(HttpMessageHandler handler, HttpRequestMessage request, CancellationToken cancellationToken)
   at Grpc.Net.Client.Internal.GrpcCall`2.RunCall(HttpRequestMessage request, Nullable`1 timeout)
   at Grpc.Net.Client.Internal.GrpcCall`2.GetResponseHeadersCoreAsync()
   at SkyApm.Transport.Grpc.V8.ServiceRegister.<>c__DisplayClass9_0.<<ReportInstancePropertiesAsync>b__0>d.MoveNext()
--- End of stack trace from previous location ---
   at SkyApm.Transport.Grpc.Common.Call.Execute[T](Func`1 task, Func`1 errCallback, Func`1 errMessage)
2025-11-25 18:21:59.089 +08:00 [arswebapiservice001] [Warning] SkyApm.Transport.Grpc.ConnectionManager : Connection state changed. Status(StatusCode="Unavailable", Detail="Error connecting to subchannel.", DebugException="System.Net.Sockets.SocketException: 向一个无法连接的网络尝试了一个套接字操作。")
2025-11-25 18:22:32.176 +08:00 [arswebapiservice001] [Information] SkyApm.InstrumentStartup : Initializing ...
2025-11-25 18:22:32.214 +08:00 [arswebapiservice001] [Information] SkyApm.Service.RegisterService : Loaded instrument service [SkyApm.Service.RegisterService].
2025-11-25 18:22:32.214 +08:00 [arswebapiservice001] [Information] SkyApm.Service.LogReportService : Loaded instrument service [SkyApm.Service.LogReportService].
2025-11-25 18:22:32.214 +08:00 [arswebapiservice001] [Information] SkyApm.Service.PingService : Loaded instrument service [SkyApm.Service.PingService].
2025-11-25 18:22:32.214 +08:00 [arswebapiservice001] [Information] SkyApm.Service.SegmentReportService : Loaded instrument service [SkyApm.Service.SegmentReportService].
2025-11-25 18:22:32.215 +08:00 [arswebapiservice001] [Information] SkyApm.Service.CLRStatsService : Loaded instrument service [SkyApm.Service.CLRStatsService].
2025-11-25 18:22:32.215 +08:00 [arswebapiservice001] [Information] SkyApm.Sampling.SimpleCountSamplingInterceptor : Loaded instrument service [SkyApm.Sampling.SimpleCountSamplingInterceptor].
2025-11-25 18:22:32.215 +08:00 [arswebapiservice001] [Information] SkyApm.Transport.Grpc.ConnectService : Loaded instrument service [SkyApm.Transport.Grpc.ConnectService].
2025-11-25 18:22:32.252 +08:00 [arswebapiservice001] [Information] SkyApm.Transport.Grpc.ConnectionManager : Connected server[172.20.64.1:11800].
2025-11-25 18:22:32.259 +08:00 [arswebapiservice001] [Information] SkyApm.Diagnostics.TracingDiagnosticProcessorObserver : Loaded diagnostic listener [HttpHandlerDiagnosticListener].
2025-11-25 18:22:32.259 +08:00 [arswebapiservice001] [Information] SkyApm.InstrumentStartup : Started SkyAPM .NET Core Agent.
2025-11-25 18:22:32.509 +08:00 [arswebapiservice001] [Information] SkyApm.Diagnostics.TracingDiagnosticProcessorObserver : Loaded diagnostic listener [Microsoft.EntityFrameworkCore].
2025-11-25 18:22:32.771 +08:00 [arswebapiservice001] [Information] SkyApm.Diagnostics.TracingDiagnosticProcessorObserver : Loaded diagnostic listener [Grpc.Net.Client].
2025-11-25 18:22:32.854 +08:00 [arswebapiservice001] [Error] SkyApm.Transport.Grpc.V8.ServiceRegister : Report service instance properties fail.
Grpc.Core.RpcException: Status(StatusCode="Unavailable", Detail="Error connecting to subchannel.", DebugException="System.Net.Sockets.SocketException: 向一个无法连接的网络尝试了一个套接字操作。")
 ---> System.Net.Sockets.SocketException (10051): 向一个无法连接的网络尝试了一个套接字操作。
   at System.Net.Sockets.Socket.AwaitableSocketAsyncEventArgs.ThrowException(SocketError error, CancellationToken cancellationToken)
   at System.Net.Sockets.Socket.AwaitableSocketAsyncEventArgs.System.Threading.Tasks.Sources.IValueTaskSource.GetResult(Int16 token)
   at System.Net.Sockets.Socket.<ConnectAsync>g__WaitForConnectWithCancellation|285_0(AwaitableSocketAsyncEventArgs saea, ValueTask connectTask, CancellationToken cancellationToken)
   at Grpc.Net.Client.Balancer.Internal.SocketConnectivitySubchannelTransport.TryConnectAsync(ConnectContext context, Int32 attempt)
   --- End of inner exception stack trace ---
   at Grpc.Net.Client.Balancer.Internal.ConnectionManager.PickAsync(PickContext context, Boolean waitForReady, CancellationToken cancellationToken)
   at Grpc.Net.Client.Balancer.Internal.BalancerHttpHandler.SendAsync(HttpRequestMessage request, CancellationToken cancellationToken)
   at System.Net.Http.HttpMessageInvoker.<SendAsync>g__SendAsyncWithTelemetry|6_0(HttpMessageHandler handler, HttpRequestMessage request, CancellationToken cancellationToken)
   at Grpc.Net.Client.Internal.GrpcCall`2.RunCall(HttpRequestMessage request, Nullable`1 timeout)
   at Grpc.Net.Client.Internal.GrpcCall`2.GetResponseHeadersCoreAsync()
   at SkyApm.Transport.Grpc.V8.ServiceRegister.<>c__DisplayClass9_0.<<ReportInstancePropertiesAsync>b__0>d.MoveNext()
--- End of stack trace from previous location ---
   at SkyApm.Transport.Grpc.Common.Call.Execute[T](Func`1 task, Func`1 errCallback, Func`1 errMessage)
2025-11-25 18:22:32.855 +08:00 [arswebapiservice001] [Warning] SkyApm.Transport.Grpc.ConnectionManager : Connection state changed. Status(StatusCode="Unavailable", Detail="Error connecting to subchannel.", DebugException="System.Net.Sockets.SocketException: 向一个无法连接的网络尝试了一个套接字操作。")
2025-11-25 18:22:49.644 +08:00 [arswebapiservice001] [Information] SkyApm.Transport.Grpc.ConnectionManager : Shutdown connection[172.20.64.1:11800].
2025-11-25 18:22:49.645 +08:00 [arswebapiservice001] [Information] SkyApm.Transport.Grpc.ConnectionManager : Connected server[172.20.64.1:11800].
2025-11-25 18:23:02.319 +08:00 [arswebapiservice001] [Error] SkyApm.Transport.Grpc.V8.ServiceRegister : Report service instance properties fail.
Grpc.Core.RpcException: Status(StatusCode="Unavailable", Detail="Error connecting to subchannel.", DebugException="System.Net.Sockets.SocketException: 向一个无法连接的网络尝试了一个套接字操作。")
 ---> System.Net.Sockets.SocketException (10051): 向一个无法连接的网络尝试了一个套接字操作。
   at System.Net.Sockets.Socket.AwaitableSocketAsyncEventArgs.CreateException(SocketError error, Boolean forAsyncThrow)
   at System.Net.Sockets.Socket.AwaitableSocketAsyncEventArgs.ConnectAsync(Socket socket)
   at System.Net.Sockets.Socket.ConnectAsync(EndPoint remoteEP, CancellationToken cancellationToken)
   at Grpc.Net.Client.Balancer.Internal.SocketConnectivitySubchannelTransport.OnConnect(Socket socket, DnsEndPoint endpoint, CancellationToken cancellationToken)
   at Grpc.Net.Client.Balancer.Internal.SocketConnectivitySubchannelTransport.TryConnectAsync(ConnectContext context, Int32 attempt)
   at System.Runtime.CompilerServices.AsyncMethodBuilderCore.Start[TStateMachine](TStateMachine& stateMachine)
   at Grpc.Net.Client.Balancer.Internal.SocketConnectivitySubchannelTransport.TryConnectAsync(ConnectContext context, Int32 attempt)
   at Grpc.Net.Client.Balancer.Subchannel.ConnectTransportAsync()
   at System.Runtime.CompilerServices.AsyncMethodBuilderCore.Start[TStateMachine](TStateMachine& stateMachine)
   at Grpc.Net.Client.Balancer.Subchannel.ConnectTransportAsync()
   at System.Threading.Tasks.Task`1.InnerInvoke()
   at System.Threading.Tasks.Task.ExecuteWithThreadLocal(Task& currentTaskSlot, Thread threadPoolThread)
   at System.Threading.ThreadPoolWorkQueue.Dispatch()
   at System.Threading.PortableThreadPool.WorkerThread.WorkerThreadStart()
--- End of stack trace from previous location ---
   at Grpc.Net.Client.Balancer.Internal.SocketConnectivitySubchannelTransport.TryConnectAsync(ConnectContext context, Int32 attempt)
   --- End of inner exception stack trace ---
   at Grpc.Net.Client.Balancer.Internal.ConnectionManager.PickAsync(PickContext context, Boolean waitForReady, CancellationToken cancellationToken)
   at Grpc.Net.Client.Balancer.Internal.BalancerHttpHandler.SendAsync(HttpRequestMessage request, CancellationToken cancellationToken)
   at System.Net.Http.HttpMessageInvoker.<SendAsync>g__SendAsyncWithTelemetry|6_0(HttpMessageHandler handler, HttpRequestMessage request, CancellationToken cancellationToken)
   at Grpc.Net.Client.Internal.GrpcCall`2.RunCall(HttpRequestMessage request, Nullable`1 timeout)
   at Grpc.Net.Client.Internal.GrpcCall`2.GetResponseHeadersCoreAsync()
   at SkyApm.Transport.Grpc.V8.ServiceRegister.<>c__DisplayClass9_0.<<ReportInstancePropertiesAsync>b__0>d.MoveNext()
--- End of stack trace from previous location ---
   at SkyApm.Transport.Grpc.Common.Call.Execute[T](Func`1 task, Func`1 errCallback, Func`1 errMessage)
2025-11-25 18:23:02.320 +08:00 [arswebapiservice001] [Warning] SkyApm.Transport.Grpc.ConnectionManager : Connection state changed. Status(StatusCode="Unavailable", Detail="Error connecting to subchannel.", DebugException="System.Net.Sockets.SocketException: 向一个无法连接的网络尝试了一个套接字操作。")
2025-11-25 18:23:17.227 +08:00 [arswebapiservice001] [Information] SkyApm.Transport.Grpc.ConnectionManager : Shutdown connection[172.20.64.1:11800].
2025-11-25 18:23:17.228 +08:00 [arswebapiservice001] [Information] SkyApm.Transport.Grpc.ConnectionManager : Connected server[172.20.64.1:11800].
2025-11-25 18:23:32.224 +08:00 [arswebapiservice001] [Error] SkyApm.Transport.Grpc.V8.ServiceRegister : Report service instance properties fail.
Grpc.Core.RpcException: Status(StatusCode="Unavailable", Detail="Error connecting to subchannel.", DebugException="System.Net.Sockets.SocketException: 向一个无法连接的网络尝试了一个套接字操作。")
 ---> System.Net.Sockets.SocketException (10051): 向一个无法连接的网络尝试了一个套接字操作。
   at System.Net.Sockets.Socket.AwaitableSocketAsyncEventArgs.ThrowException(SocketError error, CancellationToken cancellationToken)
   at System.Net.Sockets.Socket.AwaitableSocketAsyncEventArgs.System.Threading.Tasks.Sources.IValueTaskSource.GetResult(Int16 token)
   at System.Net.Sockets.Socket.<ConnectAsync>g__WaitForConnectWithCancellation|285_0(AwaitableSocketAsyncEventArgs saea, ValueTask connectTask, CancellationToken cancellationToken)
   at Grpc.Net.Client.Balancer.Internal.SocketConnectivitySubchannelTransport.TryConnectAsync(ConnectContext context, Int32 attempt)
   --- End of inner exception stack trace ---
   at Grpc.Net.Client.Balancer.Internal.ConnectionManager.PickAsync(PickContext context, Boolean waitForReady, CancellationToken cancellationToken)
   at Grpc.Net.Client.Balancer.Internal.BalancerHttpHandler.SendAsync(HttpRequestMessage request, CancellationToken cancellationToken)
   at System.Net.Http.HttpMessageInvoker.<SendAsync>g__SendAsyncWithTelemetry|6_0(HttpMessageHandler handler, HttpRequestMessage request, CancellationToken cancellationToken)
   at Grpc.Net.Client.Internal.GrpcCall`2.RunCall(HttpRequestMessage request, Nullable`1 timeout)
   at Grpc.Net.Client.Internal.GrpcCall`2.GetResponseHeadersCoreAsync()
   at SkyApm.Transport.Grpc.V8.ServiceRegister.<>c__DisplayClass9_0.<<ReportInstancePropertiesAsync>b__0>d.MoveNext()
--- End of stack trace from previous location ---
   at SkyApm.Transport.Grpc.Common.Call.Execute[T](Func`1 task, Func`1 errCallback, Func`1 errMessage)
2025-11-25 18:23:32.224 +08:00 [arswebapiservice001] [Warning] SkyApm.Transport.Grpc.ConnectionManager : Connection state changed. Status(StatusCode="Unavailable", Detail="Error connecting to subchannel.", DebugException="System.Net.Sockets.SocketException: 向一个无法连接的网络尝试了一个套接字操作。")
2025-11-25 18:23:47.221 +08:00 [arswebapiservice001] [Information] SkyApm.Transport.Grpc.ConnectionManager : Shutdown connection[172.20.64.1:11800].
2025-11-25 18:23:47.222 +08:00 [arswebapiservice001] [Information] SkyApm.Transport.Grpc.ConnectionManager : Connected server[172.20.64.1:11800].
2025-11-25 18:24:02.226 +08:00 [arswebapiservice001] [Error] SkyApm.Transport.Grpc.V8.ServiceRegister : Report service instance properties fail.
Grpc.Core.RpcException: Status(StatusCode="Unavailable", Detail="Error connecting to subchannel.", DebugException="System.Net.Sockets.SocketException: 向一个无法连接的网络尝试了一个套接字操作。")
 ---> System.Net.Sockets.SocketException (10051): 向一个无法连接的网络尝试了一个套接字操作。
   at System.Net.Sockets.Socket.AwaitableSocketAsyncEventArgs.ThrowException(SocketError error, CancellationToken cancellationToken)
   at System.Net.Sockets.Socket.AwaitableSocketAsyncEventArgs.System.Threading.Tasks.Sources.IValueTaskSource.GetResult(Int16 token)
   at System.Net.Sockets.Socket.<ConnectAsync>g__WaitForConnectWithCancellation|285_0(AwaitableSocketAsyncEventArgs saea, ValueTask connectTask, CancellationToken cancellationToken)
   at Grpc.Net.Client.Balancer.Internal.SocketConnectivitySubchannelTransport.TryConnectAsync(ConnectContext context, Int32 attempt)
   --- End of inner exception stack trace ---
   at Grpc.Net.Client.Balancer.Internal.ConnectionManager.PickAsync(PickContext context, Boolean waitForReady, CancellationToken cancellationToken)
   at Grpc.Net.Client.Balancer.Internal.BalancerHttpHandler.SendAsync(HttpRequestMessage request, CancellationToken cancellationToken)
   at System.Net.Http.HttpMessageInvoker.<SendAsync>g__SendAsyncWithTelemetry|6_0(HttpMessageHandler handler, HttpRequestMessage request, CancellationToken cancellationToken)
   at Grpc.Net.Client.Internal.GrpcCall`2.RunCall(HttpRequestMessage request, Nullable`1 timeout)
   at Grpc.Net.Client.Internal.GrpcCall`2.GetResponseHeadersCoreAsync()
   at SkyApm.Transport.Grpc.V8.ServiceRegister.<>c__DisplayClass9_0.<<ReportInstancePropertiesAsync>b__0>d.MoveNext()
--- End of stack trace from previous location ---
   at SkyApm.Transport.Grpc.Common.Call.Execute[T](Func`1 task, Func`1 errCallback, Func`1 errMessage)
2025-11-25 18:24:02.226 +08:00 [arswebapiservice001] [Warning] SkyApm.Transport.Grpc.ConnectionManager : Connection state changed. Status(StatusCode="Unavailable", Detail="Error connecting to subchannel.", DebugException="System.Net.Sockets.SocketException: 向一个无法连接的网络尝试了一个套接字操作。")
2025-11-25 18:24:17.217 +08:00 [arswebapiservice001] [Information] SkyApm.Transport.Grpc.ConnectionManager : Shutdown connection[172.20.64.1:11800].
2025-11-25 18:24:17.218 +08:00 [arswebapiservice001] [Information] SkyApm.Transport.Grpc.ConnectionManager : Connected server[172.20.64.1:11800].
2025-11-25 18:24:32.268 +08:00 [arswebapiservice001] [Error] SkyApm.Transport.Grpc.V8.ServiceRegister : Report service instance properties fail.
Grpc.Core.RpcException: Status(StatusCode="Unavailable", Detail="Error connecting to subchannel.", DebugException="System.Net.Sockets.SocketException: 向一个无法连接的网络尝试了一个套接字操作。")
 ---> System.Net.Sockets.SocketException (10051): 向一个无法连接的网络尝试了一个套接字操作。
   at System.Net.Sockets.Socket.AwaitableSocketAsyncEventArgs.CreateException(SocketError error, Boolean forAsyncThrow)
   at System.Net.Sockets.Socket.AwaitableSocketAsyncEventArgs.ConnectAsync(Socket socket)
   at System.Net.Sockets.Socket.ConnectAsync(EndPoint remoteEP, CancellationToken cancellationToken)
   at Grpc.Net.Client.Balancer.Internal.SocketConnectivitySubchannelTransport.OnConnect(Socket socket, DnsEndPoint endpoint, CancellationToken cancellationToken)
   at Grpc.Net.Client.Balancer.Internal.SocketConnectivitySubchannelTransport.TryConnectAsync(ConnectContext context, Int32 attempt)
   at System.Runtime.CompilerServices.AsyncMethodBuilderCore.Start[TStateMachine](TStateMachine& stateMachine)
   at Grpc.Net.Client.Balancer.Subchannel.ConnectTransportAsync()
   at System.Runtime.CompilerServices.AsyncMethodBuilderCore.Start[TStateMachine](TStateMachine& stateMachine)
   at Grpc.Net.Client.Balancer.Subchannel.ConnectTransportAsync()
   at System.Threading.Tasks.Task`1.InnerInvoke()
   at System.Threading.Tasks.Task.ExecuteWithThreadLocal(Task& currentTaskSlot, Thread threadPoolThread)
   at System.Threading.ThreadPoolWorkQueue.Dispatch()
   at System.Threading.PortableThreadPool.WorkerThread.WorkerThreadStart()
--- End of stack trace from previous location ---
   at Grpc.Net.Client.Balancer.Internal.SocketConnectivitySubchannelTransport.TryConnectAsync(ConnectContext context, Int32 attempt)
   --- End of inner exception stack trace ---
   at Grpc.Net.Client.Balancer.Internal.ConnectionManager.PickAsync(PickContext context, Boolean waitForReady, CancellationToken cancellationToken)
   at Grpc.Net.Client.Balancer.Internal.BalancerHttpHandler.SendAsync(HttpRequestMessage request, CancellationToken cancellationToken)
   at System.Net.Http.HttpMessageInvoker.<SendAsync>g__SendAsyncWithTelemetry|6_0(HttpMessageHandler handler, HttpRequestMessage request, CancellationToken cancellationToken)
   at Grpc.Net.Client.Internal.GrpcCall`2.RunCall(HttpRequestMessage request, Nullable`1 timeout)
   at Grpc.Net.Client.Internal.GrpcCall`2.GetResponseHeadersCoreAsync()
   at SkyApm.Transport.Grpc.V8.ServiceRegister.<>c__DisplayClass9_0.<<ReportInstancePropertiesAsync>b__0>d.MoveNext()
--- End of stack trace from previous location ---
   at SkyApm.Transport.Grpc.Common.Call.Execute[T](Func`1 task, Func`1 errCallback, Func`1 errMessage)
2025-11-25 18:24:32.268 +08:00 [arswebapiservice001] [Warning] SkyApm.Transport.Grpc.ConnectionManager : Connection state changed. Status(StatusCode="Unavailable", Detail="Error connecting to subchannel.", DebugException="System.Net.Sockets.SocketException: 向一个无法连接的网络尝试了一个套接字操作。")
2025-11-25 18:26:57.173 +08:00 [arswebapiservice001] [Information] SkyApm.InstrumentStartup : Initializing ...
2025-11-25 18:26:57.213 +08:00 [arswebapiservice001] [Information] SkyApm.Service.RegisterService : Loaded instrument service [SkyApm.Service.RegisterService].
2025-11-25 18:26:57.214 +08:00 [arswebapiservice001] [Information] SkyApm.Service.LogReportService : Loaded instrument service [SkyApm.Service.LogReportService].
2025-11-25 18:26:57.214 +08:00 [arswebapiservice001] [Information] SkyApm.Service.PingService : Loaded instrument service [SkyApm.Service.PingService].
2025-11-25 18:26:57.214 +08:00 [arswebapiservice001] [Information] SkyApm.Service.SegmentReportService : Loaded instrument service [SkyApm.Service.SegmentReportService].
2025-11-25 18:26:57.214 +08:00 [arswebapiservice001] [Information] SkyApm.Service.CLRStatsService : Loaded instrument service [SkyApm.Service.CLRStatsService].
2025-11-25 18:26:57.214 +08:00 [arswebapiservice001] [Information] SkyApm.Sampling.SimpleCountSamplingInterceptor : Loaded instrument service [SkyApm.Sampling.SimpleCountSamplingInterceptor].
2025-11-25 18:26:57.214 +08:00 [arswebapiservice001] [Information] SkyApm.Transport.Grpc.ConnectService : Loaded instrument service [SkyApm.Transport.Grpc.ConnectService].
2025-11-25 18:26:57.253 +08:00 [arswebapiservice001] [Information] SkyApm.Transport.Grpc.ConnectionManager : Connected server[172.20.64.1:11800].
2025-11-25 18:26:57.260 +08:00 [arswebapiservice001] [Information] SkyApm.Diagnostics.TracingDiagnosticProcessorObserver : Loaded diagnostic listener [HttpHandlerDiagnosticListener].
2025-11-25 18:26:57.260 +08:00 [arswebapiservice001] [Information] SkyApm.InstrumentStartup : Started SkyAPM .NET Core Agent.
2025-11-25 18:26:57.504 +08:00 [arswebapiservice001] [Information] SkyApm.Diagnostics.TracingDiagnosticProcessorObserver : Loaded diagnostic listener [Microsoft.EntityFrameworkCore].
2025-11-25 18:26:57.778 +08:00 [arswebapiservice001] [Information] SkyApm.Diagnostics.TracingDiagnosticProcessorObserver : Loaded diagnostic listener [Grpc.Net.Client].
2025-11-25 18:26:57.831 +08:00 [arswebapiservice001] [Error] SkyApm.Transport.Grpc.V8.ServiceRegister : Report service instance properties fail.
Grpc.Core.RpcException: Status(StatusCode="Unavailable", Detail="Error connecting to subchannel.", DebugException="System.Net.Sockets.SocketException: 向一个无法连接的网络尝试了一个套接字操作。")
 ---> System.Net.Sockets.SocketException (10051): 向一个无法连接的网络尝试了一个套接字操作。
   at System.Net.Sockets.Socket.AwaitableSocketAsyncEventArgs.ThrowException(SocketError error, CancellationToken cancellationToken)
   at System.Net.Sockets.Socket.AwaitableSocketAsyncEventArgs.System.Threading.Tasks.Sources.IValueTaskSource.GetResult(Int16 token)
   at System.Net.Sockets.Socket.<ConnectAsync>g__WaitForConnectWithCancellation|285_0(AwaitableSocketAsyncEventArgs saea, ValueTask connectTask, CancellationToken cancellationToken)
   at Grpc.Net.Client.Balancer.Internal.SocketConnectivitySubchannelTransport.TryConnectAsync(ConnectContext context, Int32 attempt)
   --- End of inner exception stack trace ---
   at Grpc.Net.Client.Balancer.Internal.ConnectionManager.PickAsync(PickContext context, Boolean waitForReady, CancellationToken cancellationToken)
   at Grpc.Net.Client.Balancer.Internal.BalancerHttpHandler.SendAsync(HttpRequestMessage request, CancellationToken cancellationToken)
   at System.Net.Http.HttpMessageInvoker.<SendAsync>g__SendAsyncWithTelemetry|6_0(HttpMessageHandler handler, HttpRequestMessage request, CancellationToken cancellationToken)
   at Grpc.Net.Client.Internal.GrpcCall`2.RunCall(HttpRequestMessage request, Nullable`1 timeout)
   at Grpc.Net.Client.Internal.GrpcCall`2.GetResponseHeadersCoreAsync()
   at SkyApm.Transport.Grpc.V8.ServiceRegister.<>c__DisplayClass9_0.<<ReportInstancePropertiesAsync>b__0>d.MoveNext()
--- End of stack trace from previous location ---
   at SkyApm.Transport.Grpc.Common.Call.Execute[T](Func`1 task, Func`1 errCallback, Func`1 errMessage)
2025-11-25 18:26:57.832 +08:00 [arswebapiservice001] [Warning] SkyApm.Transport.Grpc.ConnectionManager : Connection state changed. Status(StatusCode="Unavailable", Detail="Error connecting to subchannel.", DebugException="System.Net.Sockets.SocketException: 向一个无法连接的网络尝试了一个套接字操作。")
2025-11-25 18:27:49.298 +08:00 [arswebapiservice001] [Information] SkyApm.Transport.Grpc.ConnectionManager : Shutdown connection[172.20.64.1:11800].
2025-11-25 18:27:49.299 +08:00 [arswebapiservice001] [Information] SkyApm.Transport.Grpc.ConnectionManager : Connected server[172.20.64.1:11800].
2025-11-25 18:27:49.491 +08:00 [arswebapiservice001] [Error] SkyApm.Transport.Grpc.V8.ServiceRegister : Report service instance properties fail.
Grpc.Core.RpcException: Status(StatusCode="Unavailable", Detail="Error connecting to subchannel.", DebugException="System.Net.Sockets.SocketException: 向一个无法连接的网络尝试了一个套接字操作。")
 ---> System.Net.Sockets.SocketException (10051): 向一个无法连接的网络尝试了一个套接字操作。
   at System.Net.Sockets.Socket.AwaitableSocketAsyncEventArgs.ThrowException(SocketError error, CancellationToken cancellationToken)
   at System.Net.Sockets.Socket.AwaitableSocketAsyncEventArgs.System.Threading.Tasks.Sources.IValueTaskSource.GetResult(Int16 token)
   at System.Net.Sockets.Socket.<ConnectAsync>g__WaitForConnectWithCancellation|285_0(AwaitableSocketAsyncEventArgs saea, ValueTask connectTask, CancellationToken cancellationToken)
   at Grpc.Net.Client.Balancer.Internal.SocketConnectivitySubchannelTransport.TryConnectAsync(ConnectContext context, Int32 attempt)
   --- End of inner exception stack trace ---
   at Grpc.Net.Client.Balancer.Internal.ConnectionManager.PickAsync(PickContext context, Boolean waitForReady, CancellationToken cancellationToken)
   at Grpc.Net.Client.Balancer.Internal.BalancerHttpHandler.SendAsync(HttpRequestMessage request, CancellationToken cancellationToken)
   at System.Net.Http.HttpMessageInvoker.<SendAsync>g__SendAsyncWithTelemetry|6_0(HttpMessageHandler handler, HttpRequestMessage request, CancellationToken cancellationToken)
   at Grpc.Net.Client.Internal.GrpcCall`2.RunCall(HttpRequestMessage request, Nullable`1 timeout)
   at Grpc.Net.Client.Internal.GrpcCall`2.GetResponseHeadersCoreAsync()
   at SkyApm.Transport.Grpc.V8.ServiceRegister.<>c__DisplayClass9_0.<<ReportInstancePropertiesAsync>b__0>d.MoveNext()
--- End of stack trace from previous location ---
   at SkyApm.Transport.Grpc.Common.Call.Execute[T](Func`1 task, Func`1 errCallback, Func`1 errMessage)
2025-11-25 18:27:49.491 +08:00 [arswebapiservice001] [Warning] SkyApm.Transport.Grpc.ConnectionManager : Connection state changed. Status(StatusCode="Unavailable", Detail="Error connecting to subchannel.", DebugException="System.Net.Sockets.SocketException: 向一个无法连接的网络尝试了一个套接字操作。")
2025-11-25 18:28:32.359 +08:00 [arswebapiservice001] [Information] SkyApm.Transport.Grpc.ConnectionManager : Shutdown connection[172.20.64.1:11800].
2025-11-25 18:28:32.365 +08:00 [arswebapiservice001] [Information] SkyApm.Transport.Grpc.ConnectionManager : Connected server[172.20.64.1:11800].
2025-11-25 18:28:35.291 +08:00 [arswebapiservice001] [Error] SkyApm.Transport.Grpc.V8.ServiceRegister : Report service instance properties fail.
Grpc.Core.RpcException: Status(StatusCode="Unavailable", Detail="Error connecting to subchannel.", DebugException="System.Net.Sockets.SocketException: 向一个无法连接的网络尝试了一个套接字操作。")
 ---> System.Net.Sockets.SocketException (10051): 向一个无法连接的网络尝试了一个套接字操作。
   at System.Net.Sockets.Socket.AwaitableSocketAsyncEventArgs.ThrowException(SocketError error, CancellationToken cancellationToken)
   at System.Net.Sockets.Socket.AwaitableSocketAsyncEventArgs.System.Threading.Tasks.Sources.IValueTaskSource.GetResult(Int16 token)
   at System.Net.Sockets.Socket.<ConnectAsync>g__WaitForConnectWithCancellation|285_0(AwaitableSocketAsyncEventArgs saea, ValueTask connectTask, CancellationToken cancellationToken)
   at Grpc.Net.Client.Balancer.Internal.SocketConnectivitySubchannelTransport.TryConnectAsync(ConnectContext context, Int32 attempt)
   --- End of inner exception stack trace ---
   at Grpc.Net.Client.Balancer.Internal.ConnectionManager.PickAsync(PickContext context, Boolean waitForReady, CancellationToken cancellationToken)
   at Grpc.Net.Client.Balancer.Internal.BalancerHttpHandler.SendAsync(HttpRequestMessage request, CancellationToken cancellationToken)
   at System.Net.Http.HttpMessageInvoker.<SendAsync>g__SendAsyncWithTelemetry|6_0(HttpMessageHandler handler, HttpRequestMessage request, CancellationToken cancellationToken)
   at Grpc.Net.Client.Internal.GrpcCall`2.RunCall(HttpRequestMessage request, Nullable`1 timeout)
   at Grpc.Net.Client.Internal.GrpcCall`2.GetResponseHeadersCoreAsync()
   at SkyApm.Transport.Grpc.V8.ServiceRegister.<>c__DisplayClass9_0.<<ReportInstancePropertiesAsync>b__0>d.MoveNext()
--- End of stack trace from previous location ---
   at SkyApm.Transport.Grpc.Common.Call.Execute[T](Func`1 task, Func`1 errCallback, Func`1 errMessage)
2025-11-25 18:28:35.291 +08:00 [arswebapiservice001] [Warning] SkyApm.Transport.Grpc.ConnectionManager : Connection state changed. Status(StatusCode="Unavailable", Detail="Error connecting to subchannel.", DebugException="System.Net.Sockets.SocketException: 向一个无法连接的网络尝试了一个套接字操作。")
