2025-10-28 09:22:30.308 +08:00 [docker-arsidentityserver0421001] [Information] SkyApm.InstrumentStartup : Initializing ...
2025-10-28 09:22:30.561 +08:00 [docker-arsidentityserver0421001] [Information] SkyApm.Service.RegisterService : Loaded instrument service [SkyApm.Service.RegisterService].
2025-10-28 09:22:30.564 +08:00 [docker-arsidentityserver0421001] [Information] SkyApm.Service.LogReportService : Loaded instrument service [SkyApm.Service.LogReportService].
2025-10-28 09:22:30.565 +08:00 [docker-arsidentityserver0421001] [Information] SkyApm.Service.PingService : Loaded instrument service [SkyApm.Service.PingService].
2025-10-28 09:22:30.576 +08:00 [docker-arsidentityserver0421001] [Information] SkyApm.Service.SegmentReportService : Loaded instrument service [SkyApm.Service.SegmentReportService].
2025-10-28 09:22:30.579 +08:00 [docker-arsidentityserver0421001] [Information] SkyApm.Service.CLRStatsService : Loaded instrument service [SkyApm.Service.CLRStatsService].
2025-10-28 09:22:30.580 +08:00 [docker-arsidentityserver0421001] [Information] SkyApm.Sampling.SimpleCountSamplingInterceptor : Loaded instrument service [SkyApm.Sampling.SimpleCountSamplingInterceptor].
2025-10-28 09:22:30.580 +08:00 [docker-arsidentityserver0421001] [Information] SkyApm.Transport.Grpc.ConnectService : Loaded instrument service [SkyApm.Transport.Grpc.ConnectService].
2025-10-28 09:22:30.670 +08:00 [docker-arsidentityserver0421001] [Information] SkyApm.InstrumentStartup : Started SkyAPM .NET Core Agent.
2025-10-28 09:22:30.833 +08:00 [docker-arsidentityserver0421001] [Information] SkyApm.Transport.Grpc.ConnectionManager : Connected server[172.20.64.1:11800].
2025-10-28 09:22:31.485 +08:00 [docker-arsidentityserver0421001] [Information] SkyApm.Diagnostics.TracingDiagnosticProcessorObserver : Loaded diagnostic listener [Grpc.Net.Client].
2025-10-28 09:22:38.848 +08:00 [docker-arsidentityserver0421001] [Information] SkyApm.Diagnostics.TracingDiagnosticProcessorObserver : Loaded diagnostic listener [HttpHandlerDiagnosticListener].
2025-10-28 09:22:41.416 +08:00 [docker-arsidentityserver0421001] [Error] SkyApm.Transport.Grpc.V8.ServiceRegister : Report service instance properties fail.
Grpc.Core.RpcException: Status(StatusCode="DeadlineExceeded", Detail="")
   at SkyApm.Transport.Grpc.V8.ServiceRegister.<>c__DisplayClass9_0.<<ReportInstancePropertiesAsync>b__0>d.MoveNext()
--- End of stack trace from previous location ---
   at SkyApm.Transport.Grpc.Common.Call.Execute[T](Func`1 task, Func`1 errCallback, Func`1 errMessage)
2025-10-28 09:22:41.417 +08:00 [docker-arsidentityserver0421001] [Warning] SkyApm.Transport.Grpc.ConnectionManager : Connection state changed. Status(StatusCode="DeadlineExceeded", Detail="")
2025-10-28 09:22:45.585 +08:00 [docker-arsidentityserver0421001] [Information] SkyApm.Transport.Grpc.ConnectionManager : Shutdown connection[172.20.64.1:11800].
2025-10-28 09:22:45.586 +08:00 [docker-arsidentityserver0421001] [Information] SkyApm.Transport.Grpc.ConnectionManager : Connected server[172.20.64.1:11800].
2025-10-28 09:23:10.600 +08:00 [docker-arsidentityserver0421001] [Error] SkyApm.Transport.Grpc.V8.ServiceRegister : Report service instance properties fail.
Grpc.Core.RpcException: Status(StatusCode="DeadlineExceeded", Detail="")
   at SkyApm.Transport.Grpc.V8.ServiceRegister.<>c__DisplayClass9_0.<<ReportInstancePropertiesAsync>b__0>d.MoveNext()
--- End of stack trace from previous location ---
   at SkyApm.Transport.Grpc.Common.Call.Execute[T](Func`1 task, Func`1 errCallback, Func`1 errMessage)
2025-10-28 09:23:10.600 +08:00 [docker-arsidentityserver0421001] [Warning] SkyApm.Transport.Grpc.ConnectionManager : Connection state changed. Status(StatusCode="DeadlineExceeded", Detail="")
2025-10-28 09:23:15.584 +08:00 [docker-arsidentityserver0421001] [Information] SkyApm.Transport.Grpc.ConnectionManager : Shutdown connection[172.20.64.1:11800].
2025-10-28 09:23:15.584 +08:00 [docker-arsidentityserver0421001] [Information] SkyApm.Transport.Grpc.ConnectionManager : Connected server[172.20.64.1:11800].
2025-10-28 09:23:40.594 +08:00 [docker-arsidentityserver0421001] [Error] SkyApm.Transport.Grpc.V8.ServiceRegister : Report service instance properties fail.
Grpc.Core.RpcException: Status(StatusCode="DeadlineExceeded", Detail="")
   at SkyApm.Transport.Grpc.V8.ServiceRegister.<>c__DisplayClass9_0.<<ReportInstancePropertiesAsync>b__0>d.MoveNext()
--- End of stack trace from previous location ---
   at SkyApm.Transport.Grpc.Common.Call.Execute[T](Func`1 task, Func`1 errCallback, Func`1 errMessage)
2025-10-28 09:23:40.594 +08:00 [docker-arsidentityserver0421001] [Warning] SkyApm.Transport.Grpc.ConnectionManager : Connection state changed. Status(StatusCode="DeadlineExceeded", Detail="")
2025-10-28 09:23:45.593 +08:00 [docker-arsidentityserver0421001] [Information] SkyApm.Transport.Grpc.ConnectionManager : Shutdown connection[172.20.64.1:11800].
2025-10-28 09:23:45.594 +08:00 [docker-arsidentityserver0421001] [Information] SkyApm.Transport.Grpc.ConnectionManager : Connected server[172.20.64.1:11800].
2025-10-28 09:24:10.586 +08:00 [docker-arsidentityserver0421001] [Error] SkyApm.Transport.Grpc.V8.ServiceRegister : Report service instance properties fail.
Grpc.Core.RpcException: Status(StatusCode="DeadlineExceeded", Detail="")
   at SkyApm.Transport.Grpc.V8.ServiceRegister.<>c__DisplayClass9_0.<<ReportInstancePropertiesAsync>b__0>d.MoveNext()
--- End of stack trace from previous location ---
   at SkyApm.Transport.Grpc.Common.Call.Execute[T](Func`1 task, Func`1 errCallback, Func`1 errMessage)
2025-10-28 09:24:10.586 +08:00 [docker-arsidentityserver0421001] [Warning] SkyApm.Transport.Grpc.ConnectionManager : Connection state changed. Status(StatusCode="DeadlineExceeded", Detail="")
2025-10-28 09:24:15.593 +08:00 [docker-arsidentityserver0421001] [Information] SkyApm.Transport.Grpc.ConnectionManager : Shutdown connection[172.20.64.1:11800].
2025-10-28 09:24:15.593 +08:00 [docker-arsidentityserver0421001] [Information] SkyApm.Transport.Grpc.ConnectionManager : Connected server[172.20.64.1:11800].
2025-10-28 09:24:40.593 +08:00 [docker-arsidentityserver0421001] [Error] SkyApm.Transport.Grpc.V8.ServiceRegister : Report service instance properties fail.
Grpc.Core.RpcException: Status(StatusCode="DeadlineExceeded", Detail="")
   at SkyApm.Transport.Grpc.V8.ServiceRegister.<>c__DisplayClass9_0.<<ReportInstancePropertiesAsync>b__0>d.MoveNext()
--- End of stack trace from previous location ---
   at SkyApm.Transport.Grpc.Common.Call.Execute[T](Func`1 task, Func`1 errCallback, Func`1 errMessage)
2025-10-28 09:24:40.593 +08:00 [docker-arsidentityserver0421001] [Warning] SkyApm.Transport.Grpc.ConnectionManager : Connection state changed. Status(StatusCode="DeadlineExceeded", Detail="")
2025-10-28 09:24:45.588 +08:00 [docker-arsidentityserver0421001] [Information] SkyApm.Transport.Grpc.ConnectionManager : Shutdown connection[172.20.64.1:11800].
2025-10-28 09:24:45.589 +08:00 [docker-arsidentityserver0421001] [Information] SkyApm.Transport.Grpc.ConnectionManager : Connected server[172.20.64.1:11800].
2025-10-28 09:25:10.585 +08:00 [docker-arsidentityserver0421001] [Error] SkyApm.Transport.Grpc.V8.ServiceRegister : Report service instance properties fail.
Grpc.Core.RpcException: Status(StatusCode="DeadlineExceeded", Detail="")
   at SkyApm.Transport.Grpc.V8.ServiceRegister.<>c__DisplayClass9_0.<<ReportInstancePropertiesAsync>b__0>d.MoveNext()
--- End of stack trace from previous location ---
   at SkyApm.Transport.Grpc.Common.Call.Execute[T](Func`1 task, Func`1 errCallback, Func`1 errMessage)
2025-10-28 09:25:10.585 +08:00 [docker-arsidentityserver0421001] [Warning] SkyApm.Transport.Grpc.ConnectionManager : Connection state changed. Status(StatusCode="DeadlineExceeded", Detail="")
2025-10-28 09:25:15.589 +08:00 [docker-arsidentityserver0421001] [Information] SkyApm.Transport.Grpc.ConnectionManager : Shutdown connection[172.20.64.1:11800].
2025-10-28 09:25:15.589 +08:00 [docker-arsidentityserver0421001] [Information] SkyApm.Transport.Grpc.ConnectionManager : Connected server[172.20.64.1:11800].
2025-10-28 09:25:40.612 +08:00 [docker-arsidentityserver0421001] [Error] SkyApm.Transport.Grpc.V8.ServiceRegister : Report service instance properties fail.
Grpc.Core.RpcException: Status(StatusCode="DeadlineExceeded", Detail="")
   at SkyApm.Transport.Grpc.V8.ServiceRegister.<>c__DisplayClass9_0.<<ReportInstancePropertiesAsync>b__0>d.MoveNext()
--- End of stack trace from previous location ---
   at SkyApm.Transport.Grpc.Common.Call.Execute[T](Func`1 task, Func`1 errCallback, Func`1 errMessage)
2025-10-28 09:25:40.612 +08:00 [docker-arsidentityserver0421001] [Warning] SkyApm.Transport.Grpc.ConnectionManager : Connection state changed. Status(StatusCode="DeadlineExceeded", Detail="")
2025-10-28 09:25:45.588 +08:00 [docker-arsidentityserver0421001] [Information] SkyApm.Transport.Grpc.ConnectionManager : Shutdown connection[172.20.64.1:11800].
2025-10-28 09:25:45.588 +08:00 [docker-arsidentityserver0421001] [Information] SkyApm.Transport.Grpc.ConnectionManager : Connected server[172.20.64.1:11800].
2025-10-28 09:26:10.790 +08:00 [docker-arsidentityserver0421001] [Error] SkyApm.Transport.Grpc.V8.ServiceRegister : Report service instance properties fail.
Grpc.Core.RpcException: Status(StatusCode="DeadlineExceeded", Detail="")
   at SkyApm.Transport.Grpc.V8.ServiceRegister.<>c__DisplayClass9_0.<<ReportInstancePropertiesAsync>b__0>d.MoveNext()
--- End of stack trace from previous location ---
   at SkyApm.Transport.Grpc.Common.Call.Execute[T](Func`1 task, Func`1 errCallback, Func`1 errMessage)
2025-10-28 09:26:10.790 +08:00 [docker-arsidentityserver0421001] [Warning] SkyApm.Transport.Grpc.ConnectionManager : Connection state changed. Status(StatusCode="DeadlineExceeded", Detail="")
2025-10-28 09:26:15.598 +08:00 [docker-arsidentityserver0421001] [Information] SkyApm.Transport.Grpc.ConnectionManager : Shutdown connection[172.20.64.1:11800].
2025-10-28 09:26:15.599 +08:00 [docker-arsidentityserver0421001] [Information] SkyApm.Transport.Grpc.ConnectionManager : Connected server[172.20.64.1:11800].
2025-10-28 09:26:33.627 +08:00 [docker-arsidentityserver0421001] [Error] SkyApm.Transport.Grpc.V8.ServiceRegister : Report service instance properties fail.
Grpc.Core.RpcException: Status(StatusCode="Unavailable", Detail="Error connecting to subchannel.", DebugException="System.Net.Sockets.SocketException (10061): 由于目标计算机积极拒绝，无法连接。
   at System.Net.Sockets.Socket.AwaitableSocketAsyncEventArgs.ThrowException(SocketError error, CancellationToken cancellationToken)
   at System.Net.Sockets.Socket.AwaitableSocketAsyncEventArgs.System.Threading.Tasks.Sources.IValueTaskSource.GetResult(Int16 token)
   at System.Net.Sockets.Socket.<ConnectAsync>g__WaitForConnectWithCancellation|285_0(AwaitableSocketAsyncEventArgs saea, ValueTask connectTask, CancellationToken cancellationToken)
   at Grpc.Net.Client.Balancer.Internal.SocketConnectivitySubchannelTransport.TryConnectAsync(CancellationToken cancellationToken)")
   at Grpc.Net.Client.Balancer.Internal.ConnectionManager.PickAsync(PickContext context, Boolean waitForReady, CancellationToken cancellationToken)
   at Grpc.Net.Client.Balancer.Internal.BalancerHttpHandler.SendAsync(HttpRequestMessage request, CancellationToken cancellationToken)
   at Grpc.Net.Client.Internal.GrpcCall`2.RunCall(HttpRequestMessage request, Nullable`1 timeout)
   at SkyApm.Transport.Grpc.V8.ServiceRegister.<>c__DisplayClass9_0.<<ReportInstancePropertiesAsync>b__0>d.MoveNext()
--- End of stack trace from previous location ---
   at SkyApm.Transport.Grpc.Common.Call.Execute[T](Func`1 task, Func`1 errCallback, Func`1 errMessage)
2025-10-28 09:26:33.627 +08:00 [docker-arsidentityserver0421001] [Warning] SkyApm.Transport.Grpc.ConnectionManager : Connection state changed. Status(StatusCode="Unavailable", Detail="Error connecting to subchannel.", DebugException="System.Net.Sockets.SocketException (10061): 由于目标计算机积极拒绝，无法连接。
   at System.Net.Sockets.Socket.AwaitableSocketAsyncEventArgs.ThrowException(SocketError error, CancellationToken cancellationToken)
   at System.Net.Sockets.Socket.AwaitableSocketAsyncEventArgs.System.Threading.Tasks.Sources.IValueTaskSource.GetResult(Int16 token)
   at System.Net.Sockets.Socket.<ConnectAsync>g__WaitForConnectWithCancellation|285_0(AwaitableSocketAsyncEventArgs saea, ValueTask connectTask, CancellationToken cancellationToken)
   at Grpc.Net.Client.Balancer.Internal.SocketConnectivitySubchannelTransport.TryConnectAsync(CancellationToken cancellationToken)")
2025-10-28 09:26:45.622 +08:00 [docker-arsidentityserver0421001] [Information] SkyApm.Transport.Grpc.ConnectionManager : Shutdown connection[172.20.64.1:11800].
2025-10-28 09:26:45.622 +08:00 [docker-arsidentityserver0421001] [Information] SkyApm.Transport.Grpc.ConnectionManager : Connected server[172.20.64.1:11800].
2025-10-28 09:27:02.620 +08:00 [docker-arsidentityserver0421001] [Error] SkyApm.Transport.Grpc.V8.ServiceRegister : Report service instance properties fail.
Grpc.Core.RpcException: Status(StatusCode="Unavailable", Detail="Error connecting to subchannel.", DebugException="System.Net.Sockets.SocketException (10061): 由于目标计算机积极拒绝，无法连接。
   at System.Net.Sockets.Socket.AwaitableSocketAsyncEventArgs.System.Threading.Tasks.Sources.IValueTaskSource.GetResult(Int16 token)
   at System.Net.Sockets.Socket.<ConnectAsync>g__WaitForConnectWithCancellation|285_0(AwaitableSocketAsyncEventArgs saea, ValueTask connectTask, CancellationToken cancellationToken)
   at Grpc.Net.Client.Balancer.Internal.SocketConnectivitySubchannelTransport.TryConnectAsync(CancellationToken cancellationToken)")
   at Grpc.Net.Client.Balancer.Internal.ConnectionManager.PickAsync(PickContext context, Boolean waitForReady, CancellationToken cancellationToken)
   at Grpc.Net.Client.Balancer.Internal.BalancerHttpHandler.SendAsync(HttpRequestMessage request, CancellationToken cancellationToken)
   at Grpc.Net.Client.Internal.GrpcCall`2.RunCall(HttpRequestMessage request, Nullable`1 timeout)
   at SkyApm.Transport.Grpc.V8.ServiceRegister.<>c__DisplayClass9_0.<<ReportInstancePropertiesAsync>b__0>d.MoveNext()
--- End of stack trace from previous location ---
   at SkyApm.Transport.Grpc.Common.Call.Execute[T](Func`1 task, Func`1 errCallback, Func`1 errMessage)
2025-10-28 09:27:02.621 +08:00 [docker-arsidentityserver0421001] [Warning] SkyApm.Transport.Grpc.ConnectionManager : Connection state changed. Status(StatusCode="Unavailable", Detail="Error connecting to subchannel.", DebugException="System.Net.Sockets.SocketException (10061): 由于目标计算机积极拒绝，无法连接。
   at System.Net.Sockets.Socket.AwaitableSocketAsyncEventArgs.System.Threading.Tasks.Sources.IValueTaskSource.GetResult(Int16 token)
   at System.Net.Sockets.Socket.<ConnectAsync>g__WaitForConnectWithCancellation|285_0(AwaitableSocketAsyncEventArgs saea, ValueTask connectTask, CancellationToken cancellationToken)
   at Grpc.Net.Client.Balancer.Internal.SocketConnectivitySubchannelTransport.TryConnectAsync(CancellationToken cancellationToken)")
2025-10-28 09:27:15.590 +08:00 [docker-arsidentityserver0421001] [Information] SkyApm.Transport.Grpc.ConnectionManager : Shutdown connection[172.20.64.1:11800].
2025-10-28 09:27:15.590 +08:00 [docker-arsidentityserver0421001] [Information] SkyApm.Transport.Grpc.ConnectionManager : Connected server[172.20.64.1:11800].
2025-10-28 09:27:32.609 +08:00 [docker-arsidentityserver0421001] [Error] SkyApm.Transport.Grpc.V8.ServiceRegister : Report service instance properties fail.
Grpc.Core.RpcException: Status(StatusCode="Unavailable", Detail="Error connecting to subchannel.", DebugException="System.Net.Sockets.SocketException (10061): 由于目标计算机积极拒绝，无法连接。
   at System.Net.Sockets.Socket.AwaitableSocketAsyncEventArgs.System.Threading.Tasks.Sources.IValueTaskSource.GetResult(Int16 token)
   at System.Net.Sockets.Socket.<ConnectAsync>g__WaitForConnectWithCancellation|285_0(AwaitableSocketAsyncEventArgs saea, ValueTask connectTask, CancellationToken cancellationToken)
   at Grpc.Net.Client.Balancer.Internal.SocketConnectivitySubchannelTransport.TryConnectAsync(CancellationToken cancellationToken)")
   at Grpc.Net.Client.Balancer.Internal.ConnectionManager.PickAsync(PickContext context, Boolean waitForReady, CancellationToken cancellationToken)
   at Grpc.Net.Client.Balancer.Internal.BalancerHttpHandler.SendAsync(HttpRequestMessage request, CancellationToken cancellationToken)
   at Grpc.Net.Client.Internal.GrpcCall`2.RunCall(HttpRequestMessage request, Nullable`1 timeout)
   at SkyApm.Transport.Grpc.V8.ServiceRegister.<>c__DisplayClass9_0.<<ReportInstancePropertiesAsync>b__0>d.MoveNext()
--- End of stack trace from previous location ---
   at SkyApm.Transport.Grpc.Common.Call.Execute[T](Func`1 task, Func`1 errCallback, Func`1 errMessage)
2025-10-28 09:27:32.609 +08:00 [docker-arsidentityserver0421001] [Warning] SkyApm.Transport.Grpc.ConnectionManager : Connection state changed. Status(StatusCode="Unavailable", Detail="Error connecting to subchannel.", DebugException="System.Net.Sockets.SocketException (10061): 由于目标计算机积极拒绝，无法连接。
   at System.Net.Sockets.Socket.AwaitableSocketAsyncEventArgs.System.Threading.Tasks.Sources.IValueTaskSource.GetResult(Int16 token)
   at System.Net.Sockets.Socket.<ConnectAsync>g__WaitForConnectWithCancellation|285_0(AwaitableSocketAsyncEventArgs saea, ValueTask connectTask, CancellationToken cancellationToken)
   at Grpc.Net.Client.Balancer.Internal.SocketConnectivitySubchannelTransport.TryConnectAsync(CancellationToken cancellationToken)")
2025-10-28 09:27:48.080 +08:00 [docker-arsidentityserver0421001] [Information] SkyApm.Transport.Grpc.ConnectionManager : Shutdown connection[172.20.64.1:11800].
2025-10-28 09:27:48.082 +08:00 [docker-arsidentityserver0421001] [Information] SkyApm.Transport.Grpc.ConnectionManager : Connected server[172.20.64.1:11800].
2025-10-28 09:28:03.547 +08:00 [docker-arsidentityserver0421001] [Error] SkyApm.Transport.Grpc.V8.ServiceRegister : Report service instance properties fail.
Grpc.Core.RpcException: Status(StatusCode="Unavailable", Detail="Error connecting to subchannel.", DebugException="System.Net.Sockets.SocketException (10061): 由于目标计算机积极拒绝，无法连接。
   at System.Net.Sockets.Socket.AwaitableSocketAsyncEventArgs.System.Threading.Tasks.Sources.IValueTaskSource.GetResult(Int16 token)
   at System.Net.Sockets.Socket.<ConnectAsync>g__WaitForConnectWithCancellation|285_0(AwaitableSocketAsyncEventArgs saea, ValueTask connectTask, CancellationToken cancellationToken)
   at Grpc.Net.Client.Balancer.Internal.SocketConnectivitySubchannelTransport.TryConnectAsync(CancellationToken cancellationToken)")
   at Grpc.Net.Client.Balancer.Internal.ConnectionManager.PickAsync(PickContext context, Boolean waitForReady, CancellationToken cancellationToken)
   at Grpc.Net.Client.Balancer.Internal.BalancerHttpHandler.SendAsync(HttpRequestMessage request, CancellationToken cancellationToken)
   at Grpc.Net.Client.Internal.GrpcCall`2.RunCall(HttpRequestMessage request, Nullable`1 timeout)
   at SkyApm.Transport.Grpc.V8.ServiceRegister.<>c__DisplayClass9_0.<<ReportInstancePropertiesAsync>b__0>d.MoveNext()
--- End of stack trace from previous location ---
   at SkyApm.Transport.Grpc.Common.Call.Execute[T](Func`1 task, Func`1 errCallback, Func`1 errMessage)
2025-10-28 09:28:03.547 +08:00 [docker-arsidentityserver0421001] [Warning] SkyApm.Transport.Grpc.ConnectionManager : Connection state changed. Status(StatusCode="Unavailable", Detail="Error connecting to subchannel.", DebugException="System.Net.Sockets.SocketException (10061): 由于目标计算机积极拒绝，无法连接。
   at System.Net.Sockets.Socket.AwaitableSocketAsyncEventArgs.System.Threading.Tasks.Sources.IValueTaskSource.GetResult(Int16 token)
   at System.Net.Sockets.Socket.<ConnectAsync>g__WaitForConnectWithCancellation|285_0(AwaitableSocketAsyncEventArgs saea, ValueTask connectTask, CancellationToken cancellationToken)
   at Grpc.Net.Client.Balancer.Internal.SocketConnectivitySubchannelTransport.TryConnectAsync(CancellationToken cancellationToken)")
2025-10-28 09:28:15.803 +08:00 [docker-arsidentityserver0421001] [Information] SkyApm.Transport.Grpc.ConnectionManager : Shutdown connection[172.20.64.1:11800].
2025-10-28 09:28:15.893 +08:00 [docker-arsidentityserver0421001] [Information] SkyApm.Transport.Grpc.ConnectionManager : Connected server[172.20.64.1:11800].
2025-10-28 09:28:30.727 +08:00 [docker-arsidentityserver0421001] [Error] SkyApm.Transport.Grpc.V8.ServiceRegister : Report service instance properties fail.
Grpc.Core.RpcException: Status(StatusCode="Unavailable", Detail="Error starting gRPC call. HttpRequestException: An error occurred while sending the request. IOException: An HTTP/2 connection could not be established because the server did not complete the HTTP/2 handshake. ObjectDisposedException: Cannot access a disposed object.
Object name: 'System.Net.Sockets.NetworkStream'.", DebugException="System.Net.Http.HttpRequestException: An error occurred while sending the request.
 ---> System.IO.IOException: An HTTP/2 connection could not be established because the server did not complete the HTTP/2 handshake.
 ---> System.ObjectDisposedException: Cannot access a disposed object.
Object name: 'System.Net.Sockets.NetworkStream'.
   at System.Net.Sockets.NetworkStream.WriteAsync(ReadOnlyMemory`1 buffer, CancellationToken cancellationToken)
   at Grpc.Net.Client.Balancer.Internal.StreamWrapper.WriteAsync(ReadOnlyMemory`1 buffer, CancellationToken cancellationToken)
   at System.Net.Http.Http2Connection.SetupAsync(CancellationToken cancellationToken)
   --- End of inner exception stack trace ---
   at System.Net.Http.Http2Connection.SetupAsync(CancellationToken cancellationToken)
   at System.Net.Http.HttpConnectionPool.ConstructHttp2ConnectionAsync(Stream stream, HttpRequestMessage request, IPEndPoint remoteEndPoint, CancellationToken cancellationToken)
   --- End of inner exception stack trace ---
   at System.Net.Http.HttpConnectionPool.ConstructHttp2ConnectionAsync(Stream stream, HttpRequestMessage request, IPEndPoint remoteEndPoint, CancellationToken cancellationToken)
   at System.Net.Http.HttpConnectionPool.AddHttp2ConnectionAsync(QueueItem queueItem)
   at System.Threading.Tasks.TaskCompletionSourceWithCancellation`1.WaitWithCancellationAsync(CancellationToken cancellationToken)
   at System.Net.Http.HttpConnectionPool.SendWithVersionDetectionAndRetryAsync(HttpRequestMessage request, Boolean async, Boolean doRequestAuth, CancellationToken cancellationToken)
   at System.Net.Http.DiagnosticsHandler.SendAsyncCore(HttpRequestMessage request, Boolean async, CancellationToken cancellationToken)
   at System.Net.Http.RedirectHandler.SendAsync(HttpRequestMessage request, Boolean async, CancellationToken cancellationToken)
   at Grpc.Net.Client.Balancer.Internal.BalancerHttpHandler.SendAsync(HttpRequestMessage request, CancellationToken cancellationToken)
   at Grpc.Net.Client.Internal.GrpcCall`2.RunCall(HttpRequestMessage request, Nullable`1 timeout)")
   at SkyApm.Transport.Grpc.V8.ServiceRegister.<>c__DisplayClass9_0.<<ReportInstancePropertiesAsync>b__0>d.MoveNext()
--- End of stack trace from previous location ---
   at SkyApm.Transport.Grpc.Common.Call.Execute[T](Func`1 task, Func`1 errCallback, Func`1 errMessage)
2025-10-28 09:28:30.727 +08:00 [docker-arsidentityserver0421001] [Warning] SkyApm.Transport.Grpc.ConnectionManager : Connection state changed. Status(StatusCode="Unavailable", Detail="Error starting gRPC call. HttpRequestException: An error occurred while sending the request. IOException: An HTTP/2 connection could not be established because the server did not complete the HTTP/2 handshake. ObjectDisposedException: Cannot access a disposed object.
Object name: 'System.Net.Sockets.NetworkStream'.", DebugException="System.Net.Http.HttpRequestException: An error occurred while sending the request.
 ---> System.IO.IOException: An HTTP/2 connection could not be established because the server did not complete the HTTP/2 handshake.
 ---> System.ObjectDisposedException: Cannot access a disposed object.
Object name: 'System.Net.Sockets.NetworkStream'.
   at System.Net.Sockets.NetworkStream.WriteAsync(ReadOnlyMemory`1 buffer, CancellationToken cancellationToken)
   at Grpc.Net.Client.Balancer.Internal.StreamWrapper.WriteAsync(ReadOnlyMemory`1 buffer, CancellationToken cancellationToken)
   at System.Net.Http.Http2Connection.SetupAsync(CancellationToken cancellationToken)
   --- End of inner exception stack trace ---
   at System.Net.Http.Http2Connection.SetupAsync(CancellationToken cancellationToken)
   at System.Net.Http.HttpConnectionPool.ConstructHttp2ConnectionAsync(Stream stream, HttpRequestMessage request, IPEndPoint remoteEndPoint, CancellationToken cancellationToken)
   --- End of inner exception stack trace ---
   at System.Net.Http.HttpConnectionPool.ConstructHttp2ConnectionAsync(Stream stream, HttpRequestMessage request, IPEndPoint remoteEndPoint, CancellationToken cancellationToken)
   at System.Net.Http.HttpConnectionPool.AddHttp2ConnectionAsync(QueueItem queueItem)
   at System.Threading.Tasks.TaskCompletionSourceWithCancellation`1.WaitWithCancellationAsync(CancellationToken cancellationToken)
   at System.Net.Http.HttpConnectionPool.SendWithVersionDetectionAndRetryAsync(HttpRequestMessage request, Boolean async, Boolean doRequestAuth, CancellationToken cancellationToken)
   at System.Net.Http.DiagnosticsHandler.SendAsyncCore(HttpRequestMessage request, Boolean async, CancellationToken cancellationToken)
   at System.Net.Http.RedirectHandler.SendAsync(HttpRequestMessage request, Boolean async, CancellationToken cancellationToken)
   at Grpc.Net.Client.Balancer.Internal.BalancerHttpHandler.SendAsync(HttpRequestMessage request, CancellationToken cancellationToken)
   at Grpc.Net.Client.Internal.GrpcCall`2.RunCall(HttpRequestMessage request, Nullable`1 timeout)")
2025-10-28 09:28:45.592 +08:00 [docker-arsidentityserver0421001] [Information] SkyApm.Transport.Grpc.ConnectionManager : Shutdown connection[172.20.64.1:11800].
2025-10-28 09:28:45.593 +08:00 [docker-arsidentityserver0421001] [Information] SkyApm.Transport.Grpc.ConnectionManager : Connected server[172.20.64.1:11800].
2025-10-28 09:29:02.626 +08:00 [docker-arsidentityserver0421001] [Error] SkyApm.Transport.Grpc.V8.ServiceRegister : Report service instance properties fail.
Grpc.Core.RpcException: Status(StatusCode="Unavailable", Detail="Error connecting to subchannel.", DebugException="System.Net.Sockets.SocketException (10061): 由于目标计算机积极拒绝，无法连接。
   at System.Net.Sockets.Socket.AwaitableSocketAsyncEventArgs.System.Threading.Tasks.Sources.IValueTaskSource.GetResult(Int16 token)
   at System.Net.Sockets.Socket.<ConnectAsync>g__WaitForConnectWithCancellation|285_0(AwaitableSocketAsyncEventArgs saea, ValueTask connectTask, CancellationToken cancellationToken)
   at Grpc.Net.Client.Balancer.Internal.SocketConnectivitySubchannelTransport.TryConnectAsync(CancellationToken cancellationToken)")
   at Grpc.Net.Client.Balancer.Internal.ConnectionManager.PickAsync(PickContext context, Boolean waitForReady, CancellationToken cancellationToken)
   at Grpc.Net.Client.Balancer.Internal.BalancerHttpHandler.SendAsync(HttpRequestMessage request, CancellationToken cancellationToken)
   at Grpc.Net.Client.Internal.GrpcCall`2.RunCall(HttpRequestMessage request, Nullable`1 timeout)
   at SkyApm.Transport.Grpc.V8.ServiceRegister.<>c__DisplayClass9_0.<<ReportInstancePropertiesAsync>b__0>d.MoveNext()
--- End of stack trace from previous location ---
   at SkyApm.Transport.Grpc.Common.Call.Execute[T](Func`1 task, Func`1 errCallback, Func`1 errMessage)
2025-10-28 09:29:02.626 +08:00 [docker-arsidentityserver0421001] [Warning] SkyApm.Transport.Grpc.ConnectionManager : Connection state changed. Status(StatusCode="Unavailable", Detail="Error connecting to subchannel.", DebugException="System.Net.Sockets.SocketException (10061): 由于目标计算机积极拒绝，无法连接。
   at System.Net.Sockets.Socket.AwaitableSocketAsyncEventArgs.System.Threading.Tasks.Sources.IValueTaskSource.GetResult(Int16 token)
   at System.Net.Sockets.Socket.<ConnectAsync>g__WaitForConnectWithCancellation|285_0(AwaitableSocketAsyncEventArgs saea, ValueTask connectTask, CancellationToken cancellationToken)
   at Grpc.Net.Client.Balancer.Internal.SocketConnectivitySubchannelTransport.TryConnectAsync(CancellationToken cancellationToken)")
2025-10-28 09:29:15.586 +08:00 [docker-arsidentityserver0421001] [Information] SkyApm.Transport.Grpc.ConnectionManager : Shutdown connection[172.20.64.1:11800].
2025-10-28 09:29:15.587 +08:00 [docker-arsidentityserver0421001] [Information] SkyApm.Transport.Grpc.ConnectionManager : Connected server[172.20.64.1:11800].
2025-10-28 09:29:32.614 +08:00 [docker-arsidentityserver0421001] [Error] SkyApm.Transport.Grpc.V8.ServiceRegister : Report service instance properties fail.
Grpc.Core.RpcException: Status(StatusCode="Unavailable", Detail="Error connecting to subchannel.", DebugException="System.Net.Sockets.SocketException (10061): 由于目标计算机积极拒绝，无法连接。
   at System.Net.Sockets.Socket.AwaitableSocketAsyncEventArgs.System.Threading.Tasks.Sources.IValueTaskSource.GetResult(Int16 token)
   at System.Net.Sockets.Socket.<ConnectAsync>g__WaitForConnectWithCancellation|285_0(AwaitableSocketAsyncEventArgs saea, ValueTask connectTask, CancellationToken cancellationToken)
   at Grpc.Net.Client.Balancer.Internal.SocketConnectivitySubchannelTransport.TryConnectAsync(CancellationToken cancellationToken)")
   at Grpc.Net.Client.Balancer.Internal.ConnectionManager.PickAsync(PickContext context, Boolean waitForReady, CancellationToken cancellationToken)
   at Grpc.Net.Client.Balancer.Internal.BalancerHttpHandler.SendAsync(HttpRequestMessage request, CancellationToken cancellationToken)
   at Grpc.Net.Client.Internal.GrpcCall`2.RunCall(HttpRequestMessage request, Nullable`1 timeout)
   at SkyApm.Transport.Grpc.V8.ServiceRegister.<>c__DisplayClass9_0.<<ReportInstancePropertiesAsync>b__0>d.MoveNext()
--- End of stack trace from previous location ---
   at SkyApm.Transport.Grpc.Common.Call.Execute[T](Func`1 task, Func`1 errCallback, Func`1 errMessage)
2025-10-28 09:29:32.614 +08:00 [docker-arsidentityserver0421001] [Warning] SkyApm.Transport.Grpc.ConnectionManager : Connection state changed. Status(StatusCode="Unavailable", Detail="Error connecting to subchannel.", DebugException="System.Net.Sockets.SocketException (10061): 由于目标计算机积极拒绝，无法连接。
   at System.Net.Sockets.Socket.AwaitableSocketAsyncEventArgs.System.Threading.Tasks.Sources.IValueTaskSource.GetResult(Int16 token)
   at System.Net.Sockets.Socket.<ConnectAsync>g__WaitForConnectWithCancellation|285_0(AwaitableSocketAsyncEventArgs saea, ValueTask connectTask, CancellationToken cancellationToken)
   at Grpc.Net.Client.Balancer.Internal.SocketConnectivitySubchannelTransport.TryConnectAsync(CancellationToken cancellationToken)")
2025-10-28 09:29:45.588 +08:00 [docker-arsidentityserver0421001] [Information] SkyApm.Transport.Grpc.ConnectionManager : Shutdown connection[172.20.64.1:11800].
2025-10-28 09:29:45.588 +08:00 [docker-arsidentityserver0421001] [Information] SkyApm.Transport.Grpc.ConnectionManager : Connected server[172.20.64.1:11800].
2025-10-28 09:30:02.596 +08:00 [docker-arsidentityserver0421001] [Error] SkyApm.Transport.Grpc.V8.ServiceRegister : Report service instance properties fail.
Grpc.Core.RpcException: Status(StatusCode="Unavailable", Detail="Error connecting to subchannel.", DebugException="System.Net.Sockets.SocketException (10061): 由于目标计算机积极拒绝，无法连接。
   at System.Net.Sockets.Socket.AwaitableSocketAsyncEventArgs.System.Threading.Tasks.Sources.IValueTaskSource.GetResult(Int16 token)
   at System.Net.Sockets.Socket.<ConnectAsync>g__WaitForConnectWithCancellation|285_0(AwaitableSocketAsyncEventArgs saea, ValueTask connectTask, CancellationToken cancellationToken)
   at Grpc.Net.Client.Balancer.Internal.SocketConnectivitySubchannelTransport.TryConnectAsync(CancellationToken cancellationToken)")
   at Grpc.Net.Client.Balancer.Internal.ConnectionManager.PickAsync(PickContext context, Boolean waitForReady, CancellationToken cancellationToken)
   at Grpc.Net.Client.Balancer.Internal.BalancerHttpHandler.SendAsync(HttpRequestMessage request, CancellationToken cancellationToken)
   at Grpc.Net.Client.Internal.GrpcCall`2.RunCall(HttpRequestMessage request, Nullable`1 timeout)
   at SkyApm.Transport.Grpc.V8.ServiceRegister.<>c__DisplayClass9_0.<<ReportInstancePropertiesAsync>b__0>d.MoveNext()
--- End of stack trace from previous location ---
   at SkyApm.Transport.Grpc.Common.Call.Execute[T](Func`1 task, Func`1 errCallback, Func`1 errMessage)
2025-10-28 09:30:02.596 +08:00 [docker-arsidentityserver0421001] [Warning] SkyApm.Transport.Grpc.ConnectionManager : Connection state changed. Status(StatusCode="Unavailable", Detail="Error connecting to subchannel.", DebugException="System.Net.Sockets.SocketException (10061): 由于目标计算机积极拒绝，无法连接。
   at System.Net.Sockets.Socket.AwaitableSocketAsyncEventArgs.System.Threading.Tasks.Sources.IValueTaskSource.GetResult(Int16 token)
   at System.Net.Sockets.Socket.<ConnectAsync>g__WaitForConnectWithCancellation|285_0(AwaitableSocketAsyncEventArgs saea, ValueTask connectTask, CancellationToken cancellationToken)
   at Grpc.Net.Client.Balancer.Internal.SocketConnectivitySubchannelTransport.TryConnectAsync(CancellationToken cancellationToken)")
2025-10-28 09:30:15.591 +08:00 [docker-arsidentityserver0421001] [Information] SkyApm.Transport.Grpc.ConnectionManager : Shutdown connection[172.20.64.1:11800].
2025-10-28 09:30:15.591 +08:00 [docker-arsidentityserver0421001] [Information] SkyApm.Transport.Grpc.ConnectionManager : Connected server[172.20.64.1:11800].
2025-10-28 09:30:32.595 +08:00 [docker-arsidentityserver0421001] [Error] SkyApm.Transport.Grpc.V8.ServiceRegister : Report service instance properties fail.
Grpc.Core.RpcException: Status(StatusCode="Unavailable", Detail="Error connecting to subchannel.", DebugException="System.Net.Sockets.SocketException (10061): 由于目标计算机积极拒绝，无法连接。
   at System.Net.Sockets.Socket.AwaitableSocketAsyncEventArgs.System.Threading.Tasks.Sources.IValueTaskSource.GetResult(Int16 token)
   at System.Net.Sockets.Socket.<ConnectAsync>g__WaitForConnectWithCancellation|285_0(AwaitableSocketAsyncEventArgs saea, ValueTask connectTask, CancellationToken cancellationToken)
   at Grpc.Net.Client.Balancer.Internal.SocketConnectivitySubchannelTransport.TryConnectAsync(CancellationToken cancellationToken)")
   at Grpc.Net.Client.Balancer.Internal.ConnectionManager.PickAsync(PickContext context, Boolean waitForReady, CancellationToken cancellationToken)
   at Grpc.Net.Client.Balancer.Internal.BalancerHttpHandler.SendAsync(HttpRequestMessage request, CancellationToken cancellationToken)
   at Grpc.Net.Client.Internal.GrpcCall`2.RunCall(HttpRequestMessage request, Nullable`1 timeout)
   at SkyApm.Transport.Grpc.V8.ServiceRegister.<>c__DisplayClass9_0.<<ReportInstancePropertiesAsync>b__0>d.MoveNext()
--- End of stack trace from previous location ---
   at SkyApm.Transport.Grpc.Common.Call.Execute[T](Func`1 task, Func`1 errCallback, Func`1 errMessage)
2025-10-28 09:30:32.595 +08:00 [docker-arsidentityserver0421001] [Warning] SkyApm.Transport.Grpc.ConnectionManager : Connection state changed. Status(StatusCode="Unavailable", Detail="Error connecting to subchannel.", DebugException="System.Net.Sockets.SocketException (10061): 由于目标计算机积极拒绝，无法连接。
   at System.Net.Sockets.Socket.AwaitableSocketAsyncEventArgs.System.Threading.Tasks.Sources.IValueTaskSource.GetResult(Int16 token)
   at System.Net.Sockets.Socket.<ConnectAsync>g__WaitForConnectWithCancellation|285_0(AwaitableSocketAsyncEventArgs saea, ValueTask connectTask, CancellationToken cancellationToken)
   at Grpc.Net.Client.Balancer.Internal.SocketConnectivitySubchannelTransport.TryConnectAsync(CancellationToken cancellationToken)")
2025-10-28 09:30:45.584 +08:00 [docker-arsidentityserver0421001] [Information] SkyApm.Transport.Grpc.ConnectionManager : Shutdown connection[172.20.64.1:11800].
2025-10-28 09:30:45.584 +08:00 [docker-arsidentityserver0421001] [Information] SkyApm.Transport.Grpc.ConnectionManager : Connected server[172.20.64.1:11800].
2025-10-28 09:31:02.610 +08:00 [docker-arsidentityserver0421001] [Error] SkyApm.Transport.Grpc.V8.ServiceRegister : Report service instance properties fail.
Grpc.Core.RpcException: Status(StatusCode="Unavailable", Detail="Error connecting to subchannel.", DebugException="System.Net.Sockets.SocketException (10061): 由于目标计算机积极拒绝，无法连接。
   at System.Net.Sockets.Socket.AwaitableSocketAsyncEventArgs.System.Threading.Tasks.Sources.IValueTaskSource.GetResult(Int16 token)
   at System.Net.Sockets.Socket.<ConnectAsync>g__WaitForConnectWithCancellation|285_0(AwaitableSocketAsyncEventArgs saea, ValueTask connectTask, CancellationToken cancellationToken)
   at Grpc.Net.Client.Balancer.Internal.SocketConnectivitySubchannelTransport.TryConnectAsync(CancellationToken cancellationToken)")
   at Grpc.Net.Client.Balancer.Internal.ConnectionManager.PickAsync(PickContext context, Boolean waitForReady, CancellationToken cancellationToken)
   at Grpc.Net.Client.Balancer.Internal.BalancerHttpHandler.SendAsync(HttpRequestMessage request, CancellationToken cancellationToken)
   at Grpc.Net.Client.Internal.GrpcCall`2.RunCall(HttpRequestMessage request, Nullable`1 timeout)
   at SkyApm.Transport.Grpc.V8.ServiceRegister.<>c__DisplayClass9_0.<<ReportInstancePropertiesAsync>b__0>d.MoveNext()
--- End of stack trace from previous location ---
   at SkyApm.Transport.Grpc.Common.Call.Execute[T](Func`1 task, Func`1 errCallback, Func`1 errMessage)
2025-10-28 09:31:02.610 +08:00 [docker-arsidentityserver0421001] [Warning] SkyApm.Transport.Grpc.ConnectionManager : Connection state changed. Status(StatusCode="Unavailable", Detail="Error connecting to subchannel.", DebugException="System.Net.Sockets.SocketException (10061): 由于目标计算机积极拒绝，无法连接。
   at System.Net.Sockets.Socket.AwaitableSocketAsyncEventArgs.System.Threading.Tasks.Sources.IValueTaskSource.GetResult(Int16 token)
   at System.Net.Sockets.Socket.<ConnectAsync>g__WaitForConnectWithCancellation|285_0(AwaitableSocketAsyncEventArgs saea, ValueTask connectTask, CancellationToken cancellationToken)
   at Grpc.Net.Client.Balancer.Internal.SocketConnectivitySubchannelTransport.TryConnectAsync(CancellationToken cancellationToken)")
2025-10-28 09:31:15.589 +08:00 [docker-arsidentityserver0421001] [Information] SkyApm.Transport.Grpc.ConnectionManager : Shutdown connection[172.20.64.1:11800].
2025-10-28 09:31:15.589 +08:00 [docker-arsidentityserver0421001] [Information] SkyApm.Transport.Grpc.ConnectionManager : Connected server[172.20.64.1:11800].
2025-10-28 09:31:32.607 +08:00 [docker-arsidentityserver0421001] [Error] SkyApm.Transport.Grpc.V8.ServiceRegister : Report service instance properties fail.
Grpc.Core.RpcException: Status(StatusCode="Unavailable", Detail="Error connecting to subchannel.", DebugException="System.Net.Sockets.SocketException (10061): 由于目标计算机积极拒绝，无法连接。
   at System.Net.Sockets.Socket.AwaitableSocketAsyncEventArgs.System.Threading.Tasks.Sources.IValueTaskSource.GetResult(Int16 token)
   at System.Net.Sockets.Socket.<ConnectAsync>g__WaitForConnectWithCancellation|285_0(AwaitableSocketAsyncEventArgs saea, ValueTask connectTask, CancellationToken cancellationToken)
   at Grpc.Net.Client.Balancer.Internal.SocketConnectivitySubchannelTransport.TryConnectAsync(CancellationToken cancellationToken)")
   at Grpc.Net.Client.Balancer.Internal.ConnectionManager.PickAsync(PickContext context, Boolean waitForReady, CancellationToken cancellationToken)
   at Grpc.Net.Client.Balancer.Internal.BalancerHttpHandler.SendAsync(HttpRequestMessage request, CancellationToken cancellationToken)
   at Grpc.Net.Client.Internal.GrpcCall`2.RunCall(HttpRequestMessage request, Nullable`1 timeout)
   at SkyApm.Transport.Grpc.V8.ServiceRegister.<>c__DisplayClass9_0.<<ReportInstancePropertiesAsync>b__0>d.MoveNext()
--- End of stack trace from previous location ---
   at SkyApm.Transport.Grpc.Common.Call.Execute[T](Func`1 task, Func`1 errCallback, Func`1 errMessage)
2025-10-28 09:31:32.608 +08:00 [docker-arsidentityserver0421001] [Warning] SkyApm.Transport.Grpc.ConnectionManager : Connection state changed. Status(StatusCode="Unavailable", Detail="Error connecting to subchannel.", DebugException="System.Net.Sockets.SocketException (10061): 由于目标计算机积极拒绝，无法连接。
   at System.Net.Sockets.Socket.AwaitableSocketAsyncEventArgs.System.Threading.Tasks.Sources.IValueTaskSource.GetResult(Int16 token)
   at System.Net.Sockets.Socket.<ConnectAsync>g__WaitForConnectWithCancellation|285_0(AwaitableSocketAsyncEventArgs saea, ValueTask connectTask, CancellationToken cancellationToken)
   at Grpc.Net.Client.Balancer.Internal.SocketConnectivitySubchannelTransport.TryConnectAsync(CancellationToken cancellationToken)")
2025-10-28 09:31:45.581 +08:00 [docker-arsidentityserver0421001] [Information] SkyApm.Transport.Grpc.ConnectionManager : Shutdown connection[172.20.64.1:11800].
2025-10-28 09:31:45.581 +08:00 [docker-arsidentityserver0421001] [Information] SkyApm.Transport.Grpc.ConnectionManager : Connected server[172.20.64.1:11800].
2025-10-28 09:32:02.618 +08:00 [docker-arsidentityserver0421001] [Error] SkyApm.Transport.Grpc.V8.ServiceRegister : Report service instance properties fail.
Grpc.Core.RpcException: Status(StatusCode="Unavailable", Detail="Error connecting to subchannel.", DebugException="System.Net.Sockets.SocketException (10061): 由于目标计算机积极拒绝，无法连接。
   at System.Net.Sockets.Socket.AwaitableSocketAsyncEventArgs.System.Threading.Tasks.Sources.IValueTaskSource.GetResult(Int16 token)
   at System.Net.Sockets.Socket.<ConnectAsync>g__WaitForConnectWithCancellation|285_0(AwaitableSocketAsyncEventArgs saea, ValueTask connectTask, CancellationToken cancellationToken)
   at Grpc.Net.Client.Balancer.Internal.SocketConnectivitySubchannelTransport.TryConnectAsync(CancellationToken cancellationToken)")
   at Grpc.Net.Client.Balancer.Internal.ConnectionManager.PickAsync(PickContext context, Boolean waitForReady, CancellationToken cancellationToken)
   at Grpc.Net.Client.Balancer.Internal.BalancerHttpHandler.SendAsync(HttpRequestMessage request, CancellationToken cancellationToken)
   at Grpc.Net.Client.Internal.GrpcCall`2.RunCall(HttpRequestMessage request, Nullable`1 timeout)
   at SkyApm.Transport.Grpc.V8.ServiceRegister.<>c__DisplayClass9_0.<<ReportInstancePropertiesAsync>b__0>d.MoveNext()
--- End of stack trace from previous location ---
   at SkyApm.Transport.Grpc.Common.Call.Execute[T](Func`1 task, Func`1 errCallback, Func`1 errMessage)
2025-10-28 09:32:02.618 +08:00 [docker-arsidentityserver0421001] [Warning] SkyApm.Transport.Grpc.ConnectionManager : Connection state changed. Status(StatusCode="Unavailable", Detail="Error connecting to subchannel.", DebugException="System.Net.Sockets.SocketException (10061): 由于目标计算机积极拒绝，无法连接。
   at System.Net.Sockets.Socket.AwaitableSocketAsyncEventArgs.System.Threading.Tasks.Sources.IValueTaskSource.GetResult(Int16 token)
   at System.Net.Sockets.Socket.<ConnectAsync>g__WaitForConnectWithCancellation|285_0(AwaitableSocketAsyncEventArgs saea, ValueTask connectTask, CancellationToken cancellationToken)
   at Grpc.Net.Client.Balancer.Internal.SocketConnectivitySubchannelTransport.TryConnectAsync(CancellationToken cancellationToken)")
2025-10-28 09:32:15.593 +08:00 [docker-arsidentityserver0421001] [Information] SkyApm.Transport.Grpc.ConnectionManager : Shutdown connection[172.20.64.1:11800].
2025-10-28 09:32:15.593 +08:00 [docker-arsidentityserver0421001] [Information] SkyApm.Transport.Grpc.ConnectionManager : Connected server[172.20.64.1:11800].
2025-10-28 09:32:32.603 +08:00 [docker-arsidentityserver0421001] [Error] SkyApm.Transport.Grpc.V8.ServiceRegister : Report service instance properties fail.
Grpc.Core.RpcException: Status(StatusCode="Unavailable", Detail="Error connecting to subchannel.", DebugException="System.Net.Sockets.SocketException (10061): 由于目标计算机积极拒绝，无法连接。
   at System.Net.Sockets.Socket.AwaitableSocketAsyncEventArgs.System.Threading.Tasks.Sources.IValueTaskSource.GetResult(Int16 token)
   at System.Net.Sockets.Socket.<ConnectAsync>g__WaitForConnectWithCancellation|285_0(AwaitableSocketAsyncEventArgs saea, ValueTask connectTask, CancellationToken cancellationToken)
   at Grpc.Net.Client.Balancer.Internal.SocketConnectivitySubchannelTransport.TryConnectAsync(CancellationToken cancellationToken)")
   at Grpc.Net.Client.Balancer.Internal.ConnectionManager.PickAsync(PickContext context, Boolean waitForReady, CancellationToken cancellationToken)
   at Grpc.Net.Client.Balancer.Internal.BalancerHttpHandler.SendAsync(HttpRequestMessage request, CancellationToken cancellationToken)
   at Grpc.Net.Client.Internal.GrpcCall`2.RunCall(HttpRequestMessage request, Nullable`1 timeout)
   at SkyApm.Transport.Grpc.V8.ServiceRegister.<>c__DisplayClass9_0.<<ReportInstancePropertiesAsync>b__0>d.MoveNext()
--- End of stack trace from previous location ---
   at SkyApm.Transport.Grpc.Common.Call.Execute[T](Func`1 task, Func`1 errCallback, Func`1 errMessage)
2025-10-28 09:32:32.603 +08:00 [docker-arsidentityserver0421001] [Warning] SkyApm.Transport.Grpc.ConnectionManager : Connection state changed. Status(StatusCode="Unavailable", Detail="Error connecting to subchannel.", DebugException="System.Net.Sockets.SocketException (10061): 由于目标计算机积极拒绝，无法连接。
   at System.Net.Sockets.Socket.AwaitableSocketAsyncEventArgs.System.Threading.Tasks.Sources.IValueTaskSource.GetResult(Int16 token)
   at System.Net.Sockets.Socket.<ConnectAsync>g__WaitForConnectWithCancellation|285_0(AwaitableSocketAsyncEventArgs saea, ValueTask connectTask, CancellationToken cancellationToken)
   at Grpc.Net.Client.Balancer.Internal.SocketConnectivitySubchannelTransport.TryConnectAsync(CancellationToken cancellationToken)")
2025-10-28 09:32:45.580 +08:00 [docker-arsidentityserver0421001] [Information] SkyApm.Transport.Grpc.ConnectionManager : Shutdown connection[172.20.64.1:11800].
2025-10-28 09:32:45.580 +08:00 [docker-arsidentityserver0421001] [Information] SkyApm.Transport.Grpc.ConnectionManager : Connected server[172.20.64.1:11800].
2025-10-28 09:33:02.619 +08:00 [docker-arsidentityserver0421001] [Error] SkyApm.Transport.Grpc.V8.ServiceRegister : Report service instance properties fail.
Grpc.Core.RpcException: Status(StatusCode="Unavailable", Detail="Error connecting to subchannel.", DebugException="System.Net.Sockets.SocketException (10061): 由于目标计算机积极拒绝，无法连接。
   at System.Net.Sockets.Socket.AwaitableSocketAsyncEventArgs.System.Threading.Tasks.Sources.IValueTaskSource.GetResult(Int16 token)
   at System.Net.Sockets.Socket.<ConnectAsync>g__WaitForConnectWithCancellation|285_0(AwaitableSocketAsyncEventArgs saea, ValueTask connectTask, CancellationToken cancellationToken)
   at Grpc.Net.Client.Balancer.Internal.SocketConnectivitySubchannelTransport.TryConnectAsync(CancellationToken cancellationToken)")
   at Grpc.Net.Client.Balancer.Internal.ConnectionManager.PickAsync(PickContext context, Boolean waitForReady, CancellationToken cancellationToken)
   at Grpc.Net.Client.Balancer.Internal.BalancerHttpHandler.SendAsync(HttpRequestMessage request, CancellationToken cancellationToken)
   at Grpc.Net.Client.Internal.GrpcCall`2.RunCall(HttpRequestMessage request, Nullable`1 timeout)
   at SkyApm.Transport.Grpc.V8.ServiceRegister.<>c__DisplayClass9_0.<<ReportInstancePropertiesAsync>b__0>d.MoveNext()
--- End of stack trace from previous location ---
   at SkyApm.Transport.Grpc.Common.Call.Execute[T](Func`1 task, Func`1 errCallback, Func`1 errMessage)
2025-10-28 09:33:02.619 +08:00 [docker-arsidentityserver0421001] [Warning] SkyApm.Transport.Grpc.ConnectionManager : Connection state changed. Status(StatusCode="Unavailable", Detail="Error connecting to subchannel.", DebugException="System.Net.Sockets.SocketException (10061): 由于目标计算机积极拒绝，无法连接。
   at System.Net.Sockets.Socket.AwaitableSocketAsyncEventArgs.System.Threading.Tasks.Sources.IValueTaskSource.GetResult(Int16 token)
   at System.Net.Sockets.Socket.<ConnectAsync>g__WaitForConnectWithCancellation|285_0(AwaitableSocketAsyncEventArgs saea, ValueTask connectTask, CancellationToken cancellationToken)
   at Grpc.Net.Client.Balancer.Internal.SocketConnectivitySubchannelTransport.TryConnectAsync(CancellationToken cancellationToken)")
2025-10-28 09:33:15.588 +08:00 [docker-arsidentityserver0421001] [Information] SkyApm.Transport.Grpc.ConnectionManager : Shutdown connection[172.20.64.1:11800].
2025-10-28 09:33:15.588 +08:00 [docker-arsidentityserver0421001] [Information] SkyApm.Transport.Grpc.ConnectionManager : Connected server[172.20.64.1:11800].
2025-10-28 09:33:32.606 +08:00 [docker-arsidentityserver0421001] [Error] SkyApm.Transport.Grpc.V8.ServiceRegister : Report service instance properties fail.
Grpc.Core.RpcException: Status(StatusCode="Unavailable", Detail="Error connecting to subchannel.", DebugException="System.Net.Sockets.SocketException (10061): 由于目标计算机积极拒绝，无法连接。
   at System.Net.Sockets.Socket.AwaitableSocketAsyncEventArgs.System.Threading.Tasks.Sources.IValueTaskSource.GetResult(Int16 token)
   at System.Net.Sockets.Socket.<ConnectAsync>g__WaitForConnectWithCancellation|285_0(AwaitableSocketAsyncEventArgs saea, ValueTask connectTask, CancellationToken cancellationToken)
   at Grpc.Net.Client.Balancer.Internal.SocketConnectivitySubchannelTransport.TryConnectAsync(CancellationToken cancellationToken)")
   at Grpc.Net.Client.Balancer.Internal.ConnectionManager.PickAsync(PickContext context, Boolean waitForReady, CancellationToken cancellationToken)
   at Grpc.Net.Client.Balancer.Internal.BalancerHttpHandler.SendAsync(HttpRequestMessage request, CancellationToken cancellationToken)
   at Grpc.Net.Client.Internal.GrpcCall`2.RunCall(HttpRequestMessage request, Nullable`1 timeout)
   at SkyApm.Transport.Grpc.V8.ServiceRegister.<>c__DisplayClass9_0.<<ReportInstancePropertiesAsync>b__0>d.MoveNext()
--- End of stack trace from previous location ---
   at SkyApm.Transport.Grpc.Common.Call.Execute[T](Func`1 task, Func`1 errCallback, Func`1 errMessage)
2025-10-28 09:33:32.607 +08:00 [docker-arsidentityserver0421001] [Warning] SkyApm.Transport.Grpc.ConnectionManager : Connection state changed. Status(StatusCode="Unavailable", Detail="Error connecting to subchannel.", DebugException="System.Net.Sockets.SocketException (10061): 由于目标计算机积极拒绝，无法连接。
   at System.Net.Sockets.Socket.AwaitableSocketAsyncEventArgs.System.Threading.Tasks.Sources.IValueTaskSource.GetResult(Int16 token)
   at System.Net.Sockets.Socket.<ConnectAsync>g__WaitForConnectWithCancellation|285_0(AwaitableSocketAsyncEventArgs saea, ValueTask connectTask, CancellationToken cancellationToken)
   at Grpc.Net.Client.Balancer.Internal.SocketConnectivitySubchannelTransport.TryConnectAsync(CancellationToken cancellationToken)")
2025-10-28 09:33:45.592 +08:00 [docker-arsidentityserver0421001] [Information] SkyApm.Transport.Grpc.ConnectionManager : Shutdown connection[172.20.64.1:11800].
2025-10-28 09:33:45.592 +08:00 [docker-arsidentityserver0421001] [Information] SkyApm.Transport.Grpc.ConnectionManager : Connected server[172.20.64.1:11800].
2025-10-28 09:34:06.470 +08:00 [docker-arsidentityserver0421001] [Error] SkyApm.Transport.Grpc.V8.ServiceRegister : Report service instance properties fail.
Grpc.Core.RpcException: Status(StatusCode="Unavailable", Detail="Error connecting to subchannel.", DebugException="System.Net.Sockets.SocketException (10061): 由于目标计算机积极拒绝，无法连接。
   at System.Net.Sockets.Socket.AwaitableSocketAsyncEventArgs.System.Threading.Tasks.Sources.IValueTaskSource.GetResult(Int16 token)
   at System.Net.Sockets.Socket.<ConnectAsync>g__WaitForConnectWithCancellation|285_0(AwaitableSocketAsyncEventArgs saea, ValueTask connectTask, CancellationToken cancellationToken)
   at Grpc.Net.Client.Balancer.Internal.SocketConnectivitySubchannelTransport.TryConnectAsync(CancellationToken cancellationToken)")
   at Grpc.Net.Client.Balancer.Internal.ConnectionManager.PickAsync(PickContext context, Boolean waitForReady, CancellationToken cancellationToken)
   at Grpc.Net.Client.Balancer.Internal.BalancerHttpHandler.SendAsync(HttpRequestMessage request, CancellationToken cancellationToken)
   at Grpc.Net.Client.Internal.GrpcCall`2.RunCall(HttpRequestMessage request, Nullable`1 timeout)
   at SkyApm.Transport.Grpc.V8.ServiceRegister.<>c__DisplayClass9_0.<<ReportInstancePropertiesAsync>b__0>d.MoveNext()
--- End of stack trace from previous location ---
   at SkyApm.Transport.Grpc.Common.Call.Execute[T](Func`1 task, Func`1 errCallback, Func`1 errMessage)
2025-10-28 09:34:06.470 +08:00 [docker-arsidentityserver0421001] [Warning] SkyApm.Transport.Grpc.ConnectionManager : Connection state changed. Status(StatusCode="Unavailable", Detail="Error connecting to subchannel.", DebugException="System.Net.Sockets.SocketException (10061): 由于目标计算机积极拒绝，无法连接。
   at System.Net.Sockets.Socket.AwaitableSocketAsyncEventArgs.System.Threading.Tasks.Sources.IValueTaskSource.GetResult(Int16 token)
   at System.Net.Sockets.Socket.<ConnectAsync>g__WaitForConnectWithCancellation|285_0(AwaitableSocketAsyncEventArgs saea, ValueTask connectTask, CancellationToken cancellationToken)
   at Grpc.Net.Client.Balancer.Internal.SocketConnectivitySubchannelTransport.TryConnectAsync(CancellationToken cancellationToken)")
2025-10-28 09:35:41.454 +08:00 [docker-arsidentityserver0421001] [Information] SkyApm.Transport.Grpc.ConnectionManager : Shutdown connection[172.20.64.1:11800].
2025-10-28 09:35:41.455 +08:00 [docker-arsidentityserver0421001] [Information] SkyApm.Transport.Grpc.ConnectionManager : Connected server[172.20.64.1:11800].
2025-10-28 09:35:43.634 +08:00 [docker-arsidentityserver0421001] [Error] SkyApm.Transport.Grpc.V8.ServiceRegister : Report service instance properties fail.
Grpc.Core.RpcException: Status(StatusCode="Unavailable", Detail="Error connecting to subchannel.", DebugException="System.Net.Sockets.SocketException (10061): 由于目标计算机积极拒绝，无法连接。
   at System.Net.Sockets.Socket.AwaitableSocketAsyncEventArgs.System.Threading.Tasks.Sources.IValueTaskSource.GetResult(Int16 token)
   at System.Net.Sockets.Socket.<ConnectAsync>g__WaitForConnectWithCancellation|285_0(AwaitableSocketAsyncEventArgs saea, ValueTask connectTask, CancellationToken cancellationToken)
   at Grpc.Net.Client.Balancer.Internal.SocketConnectivitySubchannelTransport.TryConnectAsync(CancellationToken cancellationToken)")
   at Grpc.Net.Client.Balancer.Internal.ConnectionManager.PickAsync(PickContext context, Boolean waitForReady, CancellationToken cancellationToken)
   at Grpc.Net.Client.Balancer.Internal.BalancerHttpHandler.SendAsync(HttpRequestMessage request, CancellationToken cancellationToken)
   at Grpc.Net.Client.Internal.GrpcCall`2.RunCall(HttpRequestMessage request, Nullable`1 timeout)
   at SkyApm.Transport.Grpc.V8.ServiceRegister.<>c__DisplayClass9_0.<<ReportInstancePropertiesAsync>b__0>d.MoveNext()
--- End of stack trace from previous location ---
   at SkyApm.Transport.Grpc.Common.Call.Execute[T](Func`1 task, Func`1 errCallback, Func`1 errMessage)
2025-10-28 09:35:43.634 +08:00 [docker-arsidentityserver0421001] [Warning] SkyApm.Transport.Grpc.ConnectionManager : Connection state changed. Status(StatusCode="Unavailable", Detail="Error connecting to subchannel.", DebugException="System.Net.Sockets.SocketException (10061): 由于目标计算机积极拒绝，无法连接。
   at System.Net.Sockets.Socket.AwaitableSocketAsyncEventArgs.System.Threading.Tasks.Sources.IValueTaskSource.GetResult(Int16 token)
   at System.Net.Sockets.Socket.<ConnectAsync>g__WaitForConnectWithCancellation|285_0(AwaitableSocketAsyncEventArgs saea, ValueTask connectTask, CancellationToken cancellationToken)
   at Grpc.Net.Client.Balancer.Internal.SocketConnectivitySubchannelTransport.TryConnectAsync(CancellationToken cancellationToken)")
2025-10-28 09:35:43.654 +08:00 [docker-arsidentityserver0421001] [Error] SkyApm.Transport.Grpc.V8.ServiceRegister : Report service instance properties fail.
Grpc.Core.RpcException: Status(StatusCode="Unavailable", Detail="Error connecting to subchannel.", DebugException="System.Net.Sockets.SocketException (10061): 由于目标计算机积极拒绝，无法连接。
   at System.Net.Sockets.Socket.AwaitableSocketAsyncEventArgs.System.Threading.Tasks.Sources.IValueTaskSource.GetResult(Int16 token)
   at System.Net.Sockets.Socket.<ConnectAsync>g__WaitForConnectWithCancellation|285_0(AwaitableSocketAsyncEventArgs saea, ValueTask connectTask, CancellationToken cancellationToken)
   at Grpc.Net.Client.Balancer.Internal.SocketConnectivitySubchannelTransport.TryConnectAsync(CancellationToken cancellationToken)")
   at Grpc.Net.Client.Balancer.Internal.ConnectionManager.PickAsync(PickContext context, Boolean waitForReady, CancellationToken cancellationToken)
   at Grpc.Net.Client.Balancer.Internal.BalancerHttpHandler.SendAsync(HttpRequestMessage request, CancellationToken cancellationToken)
   at Grpc.Net.Client.Internal.GrpcCall`2.RunCall(HttpRequestMessage request, Nullable`1 timeout)
   at SkyApm.Transport.Grpc.V8.ServiceRegister.<>c__DisplayClass9_0.<<ReportInstancePropertiesAsync>b__0>d.MoveNext()
--- End of stack trace from previous location ---
   at SkyApm.Transport.Grpc.Common.Call.Execute[T](Func`1 task, Func`1 errCallback, Func`1 errMessage)
2025-10-28 09:35:56.438 +08:00 [docker-arsidentityserver0421001] [Information] SkyApm.Transport.Grpc.ConnectionManager : Shutdown connection[172.20.64.1:11800].
2025-10-28 09:35:56.439 +08:00 [docker-arsidentityserver0421001] [Information] SkyApm.Transport.Grpc.ConnectionManager : Connected server[172.20.64.1:11800].
2025-10-28 09:36:13.480 +08:00 [docker-arsidentityserver0421001] [Error] SkyApm.Transport.Grpc.V8.ServiceRegister : Report service instance properties fail.
Grpc.Core.RpcException: Status(StatusCode="Unavailable", Detail="Error connecting to subchannel.", DebugException="System.Net.Sockets.SocketException (10061): 由于目标计算机积极拒绝，无法连接。
   at System.Net.Sockets.Socket.AwaitableSocketAsyncEventArgs.System.Threading.Tasks.Sources.IValueTaskSource.GetResult(Int16 token)
   at System.Net.Sockets.Socket.<ConnectAsync>g__WaitForConnectWithCancellation|285_0(AwaitableSocketAsyncEventArgs saea, ValueTask connectTask, CancellationToken cancellationToken)
   at Grpc.Net.Client.Balancer.Internal.SocketConnectivitySubchannelTransport.TryConnectAsync(CancellationToken cancellationToken)")
   at Grpc.Net.Client.Balancer.Internal.ConnectionManager.PickAsync(PickContext context, Boolean waitForReady, CancellationToken cancellationToken)
   at Grpc.Net.Client.Balancer.Internal.BalancerHttpHandler.SendAsync(HttpRequestMessage request, CancellationToken cancellationToken)
   at Grpc.Net.Client.Internal.GrpcCall`2.RunCall(HttpRequestMessage request, Nullable`1 timeout)
   at SkyApm.Transport.Grpc.V8.ServiceRegister.<>c__DisplayClass9_0.<<ReportInstancePropertiesAsync>b__0>d.MoveNext()
--- End of stack trace from previous location ---
   at SkyApm.Transport.Grpc.Common.Call.Execute[T](Func`1 task, Func`1 errCallback, Func`1 errMessage)
2025-10-28 09:36:13.480 +08:00 [docker-arsidentityserver0421001] [Warning] SkyApm.Transport.Grpc.ConnectionManager : Connection state changed. Status(StatusCode="Unavailable", Detail="Error connecting to subchannel.", DebugException="System.Net.Sockets.SocketException (10061): 由于目标计算机积极拒绝，无法连接。
   at System.Net.Sockets.Socket.AwaitableSocketAsyncEventArgs.System.Threading.Tasks.Sources.IValueTaskSource.GetResult(Int16 token)
   at System.Net.Sockets.Socket.<ConnectAsync>g__WaitForConnectWithCancellation|285_0(AwaitableSocketAsyncEventArgs saea, ValueTask connectTask, CancellationToken cancellationToken)
   at Grpc.Net.Client.Balancer.Internal.SocketConnectivitySubchannelTransport.TryConnectAsync(CancellationToken cancellationToken)")
2025-10-28 09:36:26.431 +08:00 [docker-arsidentityserver0421001] [Information] SkyApm.Transport.Grpc.ConnectionManager : Shutdown connection[172.20.64.1:11800].
2025-10-28 09:36:26.431 +08:00 [docker-arsidentityserver0421001] [Information] SkyApm.Transport.Grpc.ConnectionManager : Connected server[172.20.64.1:11800].
2025-10-28 09:36:43.459 +08:00 [docker-arsidentityserver0421001] [Error] SkyApm.Transport.Grpc.V8.ServiceRegister : Report service instance properties fail.
Grpc.Core.RpcException: Status(StatusCode="Unavailable", Detail="Error connecting to subchannel.", DebugException="System.Net.Sockets.SocketException (10061): 由于目标计算机积极拒绝，无法连接。
   at System.Net.Sockets.Socket.AwaitableSocketAsyncEventArgs.System.Threading.Tasks.Sources.IValueTaskSource.GetResult(Int16 token)
   at System.Net.Sockets.Socket.<ConnectAsync>g__WaitForConnectWithCancellation|285_0(AwaitableSocketAsyncEventArgs saea, ValueTask connectTask, CancellationToken cancellationToken)
   at Grpc.Net.Client.Balancer.Internal.SocketConnectivitySubchannelTransport.TryConnectAsync(CancellationToken cancellationToken)")
   at Grpc.Net.Client.Balancer.Internal.ConnectionManager.PickAsync(PickContext context, Boolean waitForReady, CancellationToken cancellationToken)
   at Grpc.Net.Client.Balancer.Internal.BalancerHttpHandler.SendAsync(HttpRequestMessage request, CancellationToken cancellationToken)
   at Grpc.Net.Client.Internal.GrpcCall`2.RunCall(HttpRequestMessage request, Nullable`1 timeout)
   at SkyApm.Transport.Grpc.V8.ServiceRegister.<>c__DisplayClass9_0.<<ReportInstancePropertiesAsync>b__0>d.MoveNext()
--- End of stack trace from previous location ---
   at SkyApm.Transport.Grpc.Common.Call.Execute[T](Func`1 task, Func`1 errCallback, Func`1 errMessage)
2025-10-28 09:36:43.459 +08:00 [docker-arsidentityserver0421001] [Warning] SkyApm.Transport.Grpc.ConnectionManager : Connection state changed. Status(StatusCode="Unavailable", Detail="Error connecting to subchannel.", DebugException="System.Net.Sockets.SocketException (10061): 由于目标计算机积极拒绝，无法连接。
   at System.Net.Sockets.Socket.AwaitableSocketAsyncEventArgs.System.Threading.Tasks.Sources.IValueTaskSource.GetResult(Int16 token)
   at System.Net.Sockets.Socket.<ConnectAsync>g__WaitForConnectWithCancellation|285_0(AwaitableSocketAsyncEventArgs saea, ValueTask connectTask, CancellationToken cancellationToken)
   at Grpc.Net.Client.Balancer.Internal.SocketConnectivitySubchannelTransport.TryConnectAsync(CancellationToken cancellationToken)")
2025-10-28 09:36:56.438 +08:00 [docker-arsidentityserver0421001] [Information] SkyApm.Transport.Grpc.ConnectionManager : Shutdown connection[172.20.64.1:11800].
2025-10-28 09:36:56.438 +08:00 [docker-arsidentityserver0421001] [Information] SkyApm.Transport.Grpc.ConnectionManager : Connected server[172.20.64.1:11800].
2025-10-28 09:37:13.473 +08:00 [docker-arsidentityserver0421001] [Error] SkyApm.Transport.Grpc.V8.ServiceRegister : Report service instance properties fail.
Grpc.Core.RpcException: Status(StatusCode="Unavailable", Detail="Error connecting to subchannel.", DebugException="System.Net.Sockets.SocketException (10061): 由于目标计算机积极拒绝，无法连接。
   at System.Net.Sockets.Socket.AwaitableSocketAsyncEventArgs.System.Threading.Tasks.Sources.IValueTaskSource.GetResult(Int16 token)
   at System.Net.Sockets.Socket.<ConnectAsync>g__WaitForConnectWithCancellation|285_0(AwaitableSocketAsyncEventArgs saea, ValueTask connectTask, CancellationToken cancellationToken)
   at Grpc.Net.Client.Balancer.Internal.SocketConnectivitySubchannelTransport.TryConnectAsync(CancellationToken cancellationToken)")
   at Grpc.Net.Client.Balancer.Internal.ConnectionManager.PickAsync(PickContext context, Boolean waitForReady, CancellationToken cancellationToken)
   at Grpc.Net.Client.Balancer.Internal.BalancerHttpHandler.SendAsync(HttpRequestMessage request, CancellationToken cancellationToken)
   at Grpc.Net.Client.Internal.GrpcCall`2.RunCall(HttpRequestMessage request, Nullable`1 timeout)
   at SkyApm.Transport.Grpc.V8.ServiceRegister.<>c__DisplayClass9_0.<<ReportInstancePropertiesAsync>b__0>d.MoveNext()
--- End of stack trace from previous location ---
   at SkyApm.Transport.Grpc.Common.Call.Execute[T](Func`1 task, Func`1 errCallback, Func`1 errMessage)
2025-10-28 09:37:13.473 +08:00 [docker-arsidentityserver0421001] [Warning] SkyApm.Transport.Grpc.ConnectionManager : Connection state changed. Status(StatusCode="Unavailable", Detail="Error connecting to subchannel.", DebugException="System.Net.Sockets.SocketException (10061): 由于目标计算机积极拒绝，无法连接。
   at System.Net.Sockets.Socket.AwaitableSocketAsyncEventArgs.System.Threading.Tasks.Sources.IValueTaskSource.GetResult(Int16 token)
   at System.Net.Sockets.Socket.<ConnectAsync>g__WaitForConnectWithCancellation|285_0(AwaitableSocketAsyncEventArgs saea, ValueTask connectTask, CancellationToken cancellationToken)
   at Grpc.Net.Client.Balancer.Internal.SocketConnectivitySubchannelTransport.TryConnectAsync(CancellationToken cancellationToken)")
2025-10-28 09:37:29.042 +08:00 [docker-arsidentityserver0421001] [Information] SkyApm.Transport.Grpc.ConnectionManager : Shutdown connection[172.20.64.1:11800].
2025-10-28 09:37:29.043 +08:00 [docker-arsidentityserver0421001] [Information] SkyApm.Transport.Grpc.ConnectionManager : Connected server[172.20.64.1:11800].
2025-10-28 09:37:43.471 +08:00 [docker-arsidentityserver0421001] [Error] SkyApm.Transport.Grpc.V8.ServiceRegister : Report service instance properties fail.
Grpc.Core.RpcException: Status(StatusCode="Unavailable", Detail="Error connecting to subchannel.", DebugException="System.Net.Sockets.SocketException (10061): 由于目标计算机积极拒绝，无法连接。
   at System.Net.Sockets.Socket.AwaitableSocketAsyncEventArgs.System.Threading.Tasks.Sources.IValueTaskSource.GetResult(Int16 token)
   at System.Net.Sockets.Socket.<ConnectAsync>g__WaitForConnectWithCancellation|285_0(AwaitableSocketAsyncEventArgs saea, ValueTask connectTask, CancellationToken cancellationToken)
   at Grpc.Net.Client.Balancer.Internal.SocketConnectivitySubchannelTransport.TryConnectAsync(CancellationToken cancellationToken)")
   at Grpc.Net.Client.Balancer.Internal.ConnectionManager.PickAsync(PickContext context, Boolean waitForReady, CancellationToken cancellationToken)
   at Grpc.Net.Client.Balancer.Internal.BalancerHttpHandler.SendAsync(HttpRequestMessage request, CancellationToken cancellationToken)
   at Grpc.Net.Client.Internal.GrpcCall`2.RunCall(HttpRequestMessage request, Nullable`1 timeout)
   at SkyApm.Transport.Grpc.V8.ServiceRegister.<>c__DisplayClass9_0.<<ReportInstancePropertiesAsync>b__0>d.MoveNext()
--- End of stack trace from previous location ---
   at SkyApm.Transport.Grpc.Common.Call.Execute[T](Func`1 task, Func`1 errCallback, Func`1 errMessage)
2025-10-28 09:37:43.471 +08:00 [docker-arsidentityserver0421001] [Warning] SkyApm.Transport.Grpc.ConnectionManager : Connection state changed. Status(StatusCode="Unavailable", Detail="Error connecting to subchannel.", DebugException="System.Net.Sockets.SocketException (10061): 由于目标计算机积极拒绝，无法连接。
   at System.Net.Sockets.Socket.AwaitableSocketAsyncEventArgs.System.Threading.Tasks.Sources.IValueTaskSource.GetResult(Int16 token)
   at System.Net.Sockets.Socket.<ConnectAsync>g__WaitForConnectWithCancellation|285_0(AwaitableSocketAsyncEventArgs saea, ValueTask connectTask, CancellationToken cancellationToken)
   at Grpc.Net.Client.Balancer.Internal.SocketConnectivitySubchannelTransport.TryConnectAsync(CancellationToken cancellationToken)")
2025-10-28 09:40:38.298 +08:00 [docker-arsidentityserver0421001] [Information] SkyApm.InstrumentStartup : Initializing ...
2025-10-28 09:40:38.351 +08:00 [docker-arsidentityserver0421001] [Information] SkyApm.Service.RegisterService : Loaded instrument service [SkyApm.Service.RegisterService].
2025-10-28 09:40:38.352 +08:00 [docker-arsidentityserver0421001] [Information] SkyApm.Service.LogReportService : Loaded instrument service [SkyApm.Service.LogReportService].
2025-10-28 09:40:38.352 +08:00 [docker-arsidentityserver0421001] [Information] SkyApm.Service.PingService : Loaded instrument service [SkyApm.Service.PingService].
2025-10-28 09:40:38.352 +08:00 [docker-arsidentityserver0421001] [Information] SkyApm.Service.SegmentReportService : Loaded instrument service [SkyApm.Service.SegmentReportService].
2025-10-28 09:40:38.352 +08:00 [docker-arsidentityserver0421001] [Information] SkyApm.Service.CLRStatsService : Loaded instrument service [SkyApm.Service.CLRStatsService].
2025-10-28 09:40:38.352 +08:00 [docker-arsidentityserver0421001] [Information] SkyApm.Sampling.SimpleCountSamplingInterceptor : Loaded instrument service [SkyApm.Sampling.SimpleCountSamplingInterceptor].
2025-10-28 09:40:38.353 +08:00 [docker-arsidentityserver0421001] [Information] SkyApm.Transport.Grpc.ConnectService : Loaded instrument service [SkyApm.Transport.Grpc.ConnectService].
2025-10-28 09:40:38.356 +08:00 [docker-arsidentityserver0421001] [Information] SkyApm.InstrumentStartup : Started SkyAPM .NET Core Agent.
2025-10-28 09:40:38.428 +08:00 [docker-arsidentityserver0421001] [Information] SkyApm.Transport.Grpc.ConnectionManager : Connected server[172.20.64.1:11800].
2025-10-28 09:40:38.960 +08:00 [docker-arsidentityserver0421001] [Information] SkyApm.Diagnostics.TracingDiagnosticProcessorObserver : Loaded diagnostic listener [Grpc.Net.Client].
2025-10-28 09:40:41.137 +08:00 [docker-arsidentityserver0421001] [Error] SkyApm.Transport.Grpc.V8.ServiceRegister : Report service instance properties fail.
Grpc.Core.RpcException: Status(StatusCode="Unavailable", Detail="Error connecting to subchannel.", DebugException="System.Net.Sockets.SocketException (10061): 由于目标计算机积极拒绝，无法连接。
   at System.Net.Sockets.Socket.AwaitableSocketAsyncEventArgs.ThrowException(SocketError error, CancellationToken cancellationToken)
   at System.Net.Sockets.Socket.AwaitableSocketAsyncEventArgs.System.Threading.Tasks.Sources.IValueTaskSource.GetResult(Int16 token)
   at System.Net.Sockets.Socket.<ConnectAsync>g__WaitForConnectWithCancellation|285_0(AwaitableSocketAsyncEventArgs saea, ValueTask connectTask, CancellationToken cancellationToken)
   at Grpc.Net.Client.Balancer.Internal.SocketConnectivitySubchannelTransport.TryConnectAsync(CancellationToken cancellationToken)")
   at Grpc.Net.Client.Balancer.Internal.ConnectionManager.PickAsync(PickContext context, Boolean waitForReady, CancellationToken cancellationToken)
   at Grpc.Net.Client.Balancer.Internal.BalancerHttpHandler.SendAsync(HttpRequestMessage request, CancellationToken cancellationToken)
   at Grpc.Net.Client.Internal.GrpcCall`2.RunCall(HttpRequestMessage request, Nullable`1 timeout)
   at SkyApm.Transport.Grpc.V8.ServiceRegister.<>c__DisplayClass9_0.<<ReportInstancePropertiesAsync>b__0>d.MoveNext()
--- End of stack trace from previous location ---
   at SkyApm.Transport.Grpc.Common.Call.Execute[T](Func`1 task, Func`1 errCallback, Func`1 errMessage)
2025-10-28 09:40:41.137 +08:00 [docker-arsidentityserver0421001] [Warning] SkyApm.Transport.Grpc.ConnectionManager : Connection state changed. Status(StatusCode="Unavailable", Detail="Error connecting to subchannel.", DebugException="System.Net.Sockets.SocketException (10061): 由于目标计算机积极拒绝，无法连接。
   at System.Net.Sockets.Socket.AwaitableSocketAsyncEventArgs.ThrowException(SocketError error, CancellationToken cancellationToken)
   at System.Net.Sockets.Socket.AwaitableSocketAsyncEventArgs.System.Threading.Tasks.Sources.IValueTaskSource.GetResult(Int16 token)
   at System.Net.Sockets.Socket.<ConnectAsync>g__WaitForConnectWithCancellation|285_0(AwaitableSocketAsyncEventArgs saea, ValueTask connectTask, CancellationToken cancellationToken)
   at Grpc.Net.Client.Balancer.Internal.SocketConnectivitySubchannelTransport.TryConnectAsync(CancellationToken cancellationToken)")
2025-10-28 09:40:43.650 +08:00 [docker-arsidentityserver0421001] [Information] SkyApm.Diagnostics.TracingDiagnosticProcessorObserver : Loaded diagnostic listener [HttpHandlerDiagnosticListener].
2025-10-28 09:40:53.368 +08:00 [docker-arsidentityserver0421001] [Information] SkyApm.Transport.Grpc.ConnectionManager : Shutdown connection[172.20.64.1:11800].
2025-10-28 09:40:53.369 +08:00 [docker-arsidentityserver0421001] [Information] SkyApm.Transport.Grpc.ConnectionManager : Connected server[172.20.64.1:11800].
2025-10-28 09:41:10.394 +08:00 [docker-arsidentityserver0421001] [Error] SkyApm.Transport.Grpc.V8.ServiceRegister : Report service instance properties fail.
Grpc.Core.RpcException: Status(StatusCode="Unavailable", Detail="Error connecting to subchannel.", DebugException="System.Net.Sockets.SocketException (10061): 由于目标计算机积极拒绝，无法连接。
   at System.Net.Sockets.Socket.AwaitableSocketAsyncEventArgs.ThrowException(SocketError error, CancellationToken cancellationToken)
   at System.Net.Sockets.Socket.AwaitableSocketAsyncEventArgs.System.Threading.Tasks.Sources.IValueTaskSource.GetResult(Int16 token)
   at System.Net.Sockets.Socket.<ConnectAsync>g__WaitForConnectWithCancellation|285_0(AwaitableSocketAsyncEventArgs saea, ValueTask connectTask, CancellationToken cancellationToken)
   at Grpc.Net.Client.Balancer.Internal.SocketConnectivitySubchannelTransport.TryConnectAsync(CancellationToken cancellationToken)")
   at Grpc.Net.Client.Balancer.Internal.ConnectionManager.PickAsync(PickContext context, Boolean waitForReady, CancellationToken cancellationToken)
   at Grpc.Net.Client.Balancer.Internal.BalancerHttpHandler.SendAsync(HttpRequestMessage request, CancellationToken cancellationToken)
   at Grpc.Net.Client.Internal.GrpcCall`2.RunCall(HttpRequestMessage request, Nullable`1 timeout)
   at SkyApm.Transport.Grpc.V8.ServiceRegister.<>c__DisplayClass9_0.<<ReportInstancePropertiesAsync>b__0>d.MoveNext()
--- End of stack trace from previous location ---
   at SkyApm.Transport.Grpc.Common.Call.Execute[T](Func`1 task, Func`1 errCallback, Func`1 errMessage)
2025-10-28 09:41:10.394 +08:00 [docker-arsidentityserver0421001] [Warning] SkyApm.Transport.Grpc.ConnectionManager : Connection state changed. Status(StatusCode="Unavailable", Detail="Error connecting to subchannel.", DebugException="System.Net.Sockets.SocketException (10061): 由于目标计算机积极拒绝，无法连接。
   at System.Net.Sockets.Socket.AwaitableSocketAsyncEventArgs.ThrowException(SocketError error, CancellationToken cancellationToken)
   at System.Net.Sockets.Socket.AwaitableSocketAsyncEventArgs.System.Threading.Tasks.Sources.IValueTaskSource.GetResult(Int16 token)
   at System.Net.Sockets.Socket.<ConnectAsync>g__WaitForConnectWithCancellation|285_0(AwaitableSocketAsyncEventArgs saea, ValueTask connectTask, CancellationToken cancellationToken)
   at Grpc.Net.Client.Balancer.Internal.SocketConnectivitySubchannelTransport.TryConnectAsync(CancellationToken cancellationToken)")
2025-10-28 09:41:23.364 +08:00 [docker-arsidentityserver0421001] [Information] SkyApm.Transport.Grpc.ConnectionManager : Shutdown connection[172.20.64.1:11800].
2025-10-28 09:41:23.365 +08:00 [docker-arsidentityserver0421001] [Information] SkyApm.Transport.Grpc.ConnectionManager : Connected server[172.20.64.1:11800].
2025-10-28 09:41:40.396 +08:00 [docker-arsidentityserver0421001] [Error] SkyApm.Transport.Grpc.V8.ServiceRegister : Report service instance properties fail.
Grpc.Core.RpcException: Status(StatusCode="Unavailable", Detail="Error connecting to subchannel.", DebugException="System.Net.Sockets.SocketException (10061): 由于目标计算机积极拒绝，无法连接。
   at System.Net.Sockets.Socket.AwaitableSocketAsyncEventArgs.ThrowException(SocketError error, CancellationToken cancellationToken)
   at System.Net.Sockets.Socket.AwaitableSocketAsyncEventArgs.System.Threading.Tasks.Sources.IValueTaskSource.GetResult(Int16 token)
   at System.Net.Sockets.Socket.<ConnectAsync>g__WaitForConnectWithCancellation|285_0(AwaitableSocketAsyncEventArgs saea, ValueTask connectTask, CancellationToken cancellationToken)
   at Grpc.Net.Client.Balancer.Internal.SocketConnectivitySubchannelTransport.TryConnectAsync(CancellationToken cancellationToken)")
   at Grpc.Net.Client.Balancer.Internal.ConnectionManager.PickAsync(PickContext context, Boolean waitForReady, CancellationToken cancellationToken)
   at Grpc.Net.Client.Balancer.Internal.BalancerHttpHandler.SendAsync(HttpRequestMessage request, CancellationToken cancellationToken)
   at Grpc.Net.Client.Internal.GrpcCall`2.RunCall(HttpRequestMessage request, Nullable`1 timeout)
   at SkyApm.Transport.Grpc.V8.ServiceRegister.<>c__DisplayClass9_0.<<ReportInstancePropertiesAsync>b__0>d.MoveNext()
--- End of stack trace from previous location ---
   at SkyApm.Transport.Grpc.Common.Call.Execute[T](Func`1 task, Func`1 errCallback, Func`1 errMessage)
2025-10-28 09:41:40.396 +08:00 [docker-arsidentityserver0421001] [Warning] SkyApm.Transport.Grpc.ConnectionManager : Connection state changed. Status(StatusCode="Unavailable", Detail="Error connecting to subchannel.", DebugException="System.Net.Sockets.SocketException (10061): 由于目标计算机积极拒绝，无法连接。
   at System.Net.Sockets.Socket.AwaitableSocketAsyncEventArgs.ThrowException(SocketError error, CancellationToken cancellationToken)
   at System.Net.Sockets.Socket.AwaitableSocketAsyncEventArgs.System.Threading.Tasks.Sources.IValueTaskSource.GetResult(Int16 token)
   at System.Net.Sockets.Socket.<ConnectAsync>g__WaitForConnectWithCancellation|285_0(AwaitableSocketAsyncEventArgs saea, ValueTask connectTask, CancellationToken cancellationToken)
   at Grpc.Net.Client.Balancer.Internal.SocketConnectivitySubchannelTransport.TryConnectAsync(CancellationToken cancellationToken)")
2025-10-28 09:41:53.353 +08:00 [docker-arsidentityserver0421001] [Information] SkyApm.Transport.Grpc.ConnectionManager : Shutdown connection[172.20.64.1:11800].
2025-10-28 09:41:53.353 +08:00 [docker-arsidentityserver0421001] [Information] SkyApm.Transport.Grpc.ConnectionManager : Connected server[172.20.64.1:11800].
2025-10-28 09:42:10.458 +08:00 [docker-arsidentityserver0421001] [Error] SkyApm.Transport.Grpc.V8.ServiceRegister : Report service instance properties fail.
Grpc.Core.RpcException: Status(StatusCode="Unavailable", Detail="Error connecting to subchannel.", DebugException="System.Net.Sockets.SocketException (10061): 由于目标计算机积极拒绝，无法连接。
   at System.Net.Sockets.Socket.AwaitableSocketAsyncEventArgs.ThrowException(SocketError error, CancellationToken cancellationToken)
   at System.Net.Sockets.Socket.AwaitableSocketAsyncEventArgs.System.Threading.Tasks.Sources.IValueTaskSource.GetResult(Int16 token)
   at System.Net.Sockets.Socket.<ConnectAsync>g__WaitForConnectWithCancellation|285_0(AwaitableSocketAsyncEventArgs saea, ValueTask connectTask, CancellationToken cancellationToken)
   at Grpc.Net.Client.Balancer.Internal.SocketConnectivitySubchannelTransport.TryConnectAsync(CancellationToken cancellationToken)")
   at Grpc.Net.Client.Balancer.Internal.ConnectionManager.PickAsync(PickContext context, Boolean waitForReady, CancellationToken cancellationToken)
   at Grpc.Net.Client.Balancer.Internal.BalancerHttpHandler.SendAsync(HttpRequestMessage request, CancellationToken cancellationToken)
   at Grpc.Net.Client.Internal.GrpcCall`2.RunCall(HttpRequestMessage request, Nullable`1 timeout)
   at SkyApm.Transport.Grpc.V8.ServiceRegister.<>c__DisplayClass9_0.<<ReportInstancePropertiesAsync>b__0>d.MoveNext()
--- End of stack trace from previous location ---
   at SkyApm.Transport.Grpc.Common.Call.Execute[T](Func`1 task, Func`1 errCallback, Func`1 errMessage)
2025-10-28 09:42:10.459 +08:00 [docker-arsidentityserver0421001] [Warning] SkyApm.Transport.Grpc.ConnectionManager : Connection state changed. Status(StatusCode="Unavailable", Detail="Error connecting to subchannel.", DebugException="System.Net.Sockets.SocketException (10061): 由于目标计算机积极拒绝，无法连接。
   at System.Net.Sockets.Socket.AwaitableSocketAsyncEventArgs.ThrowException(SocketError error, CancellationToken cancellationToken)
   at System.Net.Sockets.Socket.AwaitableSocketAsyncEventArgs.System.Threading.Tasks.Sources.IValueTaskSource.GetResult(Int16 token)
   at System.Net.Sockets.Socket.<ConnectAsync>g__WaitForConnectWithCancellation|285_0(AwaitableSocketAsyncEventArgs saea, ValueTask connectTask, CancellationToken cancellationToken)
   at Grpc.Net.Client.Balancer.Internal.SocketConnectivitySubchannelTransport.TryConnectAsync(CancellationToken cancellationToken)")
2025-10-28 09:48:13.556 +08:00 [docker-arsidentityserver0421001] [Information] SkyApm.InstrumentStartup : Initializing ...
2025-10-28 09:48:13.653 +08:00 [docker-arsidentityserver0421001] [Information] SkyApm.Service.RegisterService : Loaded instrument service [SkyApm.Service.RegisterService].
2025-10-28 09:48:13.653 +08:00 [docker-arsidentityserver0421001] [Information] SkyApm.Service.LogReportService : Loaded instrument service [SkyApm.Service.LogReportService].
2025-10-28 09:48:13.654 +08:00 [docker-arsidentityserver0421001] [Information] SkyApm.Service.PingService : Loaded instrument service [SkyApm.Service.PingService].
2025-10-28 09:48:13.654 +08:00 [docker-arsidentityserver0421001] [Information] SkyApm.Service.SegmentReportService : Loaded instrument service [SkyApm.Service.SegmentReportService].
2025-10-28 09:48:13.654 +08:00 [docker-arsidentityserver0421001] [Information] SkyApm.Service.CLRStatsService : Loaded instrument service [SkyApm.Service.CLRStatsService].
2025-10-28 09:48:13.654 +08:00 [docker-arsidentityserver0421001] [Information] SkyApm.Sampling.SimpleCountSamplingInterceptor : Loaded instrument service [SkyApm.Sampling.SimpleCountSamplingInterceptor].
2025-10-28 09:48:13.655 +08:00 [docker-arsidentityserver0421001] [Information] SkyApm.Transport.Grpc.ConnectService : Loaded instrument service [SkyApm.Transport.Grpc.ConnectService].
2025-10-28 09:48:13.660 +08:00 [docker-arsidentityserver0421001] [Information] SkyApm.InstrumentStartup : Started SkyAPM .NET Core Agent.
2025-10-28 09:48:13.780 +08:00 [docker-arsidentityserver0421001] [Information] SkyApm.Transport.Grpc.ConnectionManager : Connected server[172.20.64.1:11800].
2025-10-28 09:48:14.361 +08:00 [docker-arsidentityserver0421001] [Information] SkyApm.Diagnostics.TracingDiagnosticProcessorObserver : Loaded diagnostic listener [Grpc.Net.Client].
2025-10-28 09:48:16.614 +08:00 [docker-arsidentityserver0421001] [Error] SkyApm.Transport.Grpc.V8.ServiceRegister : Report service instance properties fail.
Grpc.Core.RpcException: Status(StatusCode="Unavailable", Detail="Error connecting to subchannel.", DebugException="System.Net.Sockets.SocketException (10061): 由于目标计算机积极拒绝，无法连接。
   at System.Net.Sockets.Socket.AwaitableSocketAsyncEventArgs.ThrowException(SocketError error, CancellationToken cancellationToken)
   at System.Net.Sockets.Socket.AwaitableSocketAsyncEventArgs.System.Threading.Tasks.Sources.IValueTaskSource.GetResult(Int16 token)
   at System.Net.Sockets.Socket.<ConnectAsync>g__WaitForConnectWithCancellation|285_0(AwaitableSocketAsyncEventArgs saea, ValueTask connectTask, CancellationToken cancellationToken)
   at Grpc.Net.Client.Balancer.Internal.SocketConnectivitySubchannelTransport.TryConnectAsync(CancellationToken cancellationToken)")
   at Grpc.Net.Client.Balancer.Internal.ConnectionManager.PickAsync(PickContext context, Boolean waitForReady, CancellationToken cancellationToken)
   at Grpc.Net.Client.Balancer.Internal.BalancerHttpHandler.SendAsync(HttpRequestMessage request, CancellationToken cancellationToken)
   at Grpc.Net.Client.Internal.GrpcCall`2.RunCall(HttpRequestMessage request, Nullable`1 timeout)
   at SkyApm.Transport.Grpc.V8.ServiceRegister.<>c__DisplayClass9_0.<<ReportInstancePropertiesAsync>b__0>d.MoveNext()
--- End of stack trace from previous location ---
   at SkyApm.Transport.Grpc.Common.Call.Execute[T](Func`1 task, Func`1 errCallback, Func`1 errMessage)
2025-10-28 09:48:16.615 +08:00 [docker-arsidentityserver0421001] [Warning] SkyApm.Transport.Grpc.ConnectionManager : Connection state changed. Status(StatusCode="Unavailable", Detail="Error connecting to subchannel.", DebugException="System.Net.Sockets.SocketException (10061): 由于目标计算机积极拒绝，无法连接。
   at System.Net.Sockets.Socket.AwaitableSocketAsyncEventArgs.ThrowException(SocketError error, CancellationToken cancellationToken)
   at System.Net.Sockets.Socket.AwaitableSocketAsyncEventArgs.System.Threading.Tasks.Sources.IValueTaskSource.GetResult(Int16 token)
   at System.Net.Sockets.Socket.<ConnectAsync>g__WaitForConnectWithCancellation|285_0(AwaitableSocketAsyncEventArgs saea, ValueTask connectTask, CancellationToken cancellationToken)
   at Grpc.Net.Client.Balancer.Internal.SocketConnectivitySubchannelTransport.TryConnectAsync(CancellationToken cancellationToken)")
2025-10-28 09:48:19.824 +08:00 [docker-arsidentityserver0421001] [Information] SkyApm.Diagnostics.TracingDiagnosticProcessorObserver : Loaded diagnostic listener [HttpHandlerDiagnosticListener].
2025-10-28 09:48:28.662 +08:00 [docker-arsidentityserver0421001] [Information] SkyApm.Transport.Grpc.ConnectionManager : Shutdown connection[172.20.64.1:11800].
2025-10-28 09:48:28.663 +08:00 [docker-arsidentityserver0421001] [Information] SkyApm.Transport.Grpc.ConnectionManager : Connected server[172.20.64.1:11800].
2025-10-28 09:48:45.716 +08:00 [docker-arsidentityserver0421001] [Error] SkyApm.Transport.Grpc.V8.ServiceRegister : Report service instance properties fail.
Grpc.Core.RpcException: Status(StatusCode="Unavailable", Detail="Error connecting to subchannel.", DebugException="System.Net.Sockets.SocketException (10061): 由于目标计算机积极拒绝，无法连接。
   at System.Net.Sockets.Socket.AwaitableSocketAsyncEventArgs.ThrowException(SocketError error, CancellationToken cancellationToken)
   at System.Net.Sockets.Socket.AwaitableSocketAsyncEventArgs.System.Threading.Tasks.Sources.IValueTaskSource.GetResult(Int16 token)
   at System.Net.Sockets.Socket.<ConnectAsync>g__WaitForConnectWithCancellation|285_0(AwaitableSocketAsyncEventArgs saea, ValueTask connectTask, CancellationToken cancellationToken)
   at Grpc.Net.Client.Balancer.Internal.SocketConnectivitySubchannelTransport.TryConnectAsync(CancellationToken cancellationToken)")
   at Grpc.Net.Client.Balancer.Internal.ConnectionManager.PickAsync(PickContext context, Boolean waitForReady, CancellationToken cancellationToken)
   at Grpc.Net.Client.Balancer.Internal.BalancerHttpHandler.SendAsync(HttpRequestMessage request, CancellationToken cancellationToken)
   at Grpc.Net.Client.Internal.GrpcCall`2.RunCall(HttpRequestMessage request, Nullable`1 timeout)
   at SkyApm.Transport.Grpc.V8.ServiceRegister.<>c__DisplayClass9_0.<<ReportInstancePropertiesAsync>b__0>d.MoveNext()
--- End of stack trace from previous location ---
   at SkyApm.Transport.Grpc.Common.Call.Execute[T](Func`1 task, Func`1 errCallback, Func`1 errMessage)
2025-10-28 09:48:45.716 +08:00 [docker-arsidentityserver0421001] [Warning] SkyApm.Transport.Grpc.ConnectionManager : Connection state changed. Status(StatusCode="Unavailable", Detail="Error connecting to subchannel.", DebugException="System.Net.Sockets.SocketException (10061): 由于目标计算机积极拒绝，无法连接。
   at System.Net.Sockets.Socket.AwaitableSocketAsyncEventArgs.ThrowException(SocketError error, CancellationToken cancellationToken)
   at System.Net.Sockets.Socket.AwaitableSocketAsyncEventArgs.System.Threading.Tasks.Sources.IValueTaskSource.GetResult(Int16 token)
   at System.Net.Sockets.Socket.<ConnectAsync>g__WaitForConnectWithCancellation|285_0(AwaitableSocketAsyncEventArgs saea, ValueTask connectTask, CancellationToken cancellationToken)
   at Grpc.Net.Client.Balancer.Internal.SocketConnectivitySubchannelTransport.TryConnectAsync(CancellationToken cancellationToken)")
2025-10-28 09:48:58.663 +08:00 [docker-arsidentityserver0421001] [Information] SkyApm.Transport.Grpc.ConnectionManager : Shutdown connection[172.20.64.1:11800].
2025-10-28 09:48:58.664 +08:00 [docker-arsidentityserver0421001] [Information] SkyApm.Transport.Grpc.ConnectionManager : Connected server[172.20.64.1:11800].
2025-10-28 09:49:15.716 +08:00 [docker-arsidentityserver0421001] [Error] SkyApm.Transport.Grpc.V8.ServiceRegister : Report service instance properties fail.
Grpc.Core.RpcException: Status(StatusCode="Unavailable", Detail="Error connecting to subchannel.", DebugException="System.Net.Sockets.SocketException (10061): 由于目标计算机积极拒绝，无法连接。
   at System.Net.Sockets.Socket.AwaitableSocketAsyncEventArgs.ThrowException(SocketError error, CancellationToken cancellationToken)
   at System.Net.Sockets.Socket.AwaitableSocketAsyncEventArgs.System.Threading.Tasks.Sources.IValueTaskSource.GetResult(Int16 token)
   at System.Net.Sockets.Socket.<ConnectAsync>g__WaitForConnectWithCancellation|285_0(AwaitableSocketAsyncEventArgs saea, ValueTask connectTask, CancellationToken cancellationToken)
   at Grpc.Net.Client.Balancer.Internal.SocketConnectivitySubchannelTransport.TryConnectAsync(CancellationToken cancellationToken)")
   at Grpc.Net.Client.Balancer.Internal.ConnectionManager.PickAsync(PickContext context, Boolean waitForReady, CancellationToken cancellationToken)
   at Grpc.Net.Client.Balancer.Internal.BalancerHttpHandler.SendAsync(HttpRequestMessage request, CancellationToken cancellationToken)
   at Grpc.Net.Client.Internal.GrpcCall`2.RunCall(HttpRequestMessage request, Nullable`1 timeout)
   at SkyApm.Transport.Grpc.V8.ServiceRegister.<>c__DisplayClass9_0.<<ReportInstancePropertiesAsync>b__0>d.MoveNext()
--- End of stack trace from previous location ---
   at SkyApm.Transport.Grpc.Common.Call.Execute[T](Func`1 task, Func`1 errCallback, Func`1 errMessage)
2025-10-28 09:49:15.716 +08:00 [docker-arsidentityserver0421001] [Warning] SkyApm.Transport.Grpc.ConnectionManager : Connection state changed. Status(StatusCode="Unavailable", Detail="Error connecting to subchannel.", DebugException="System.Net.Sockets.SocketException (10061): 由于目标计算机积极拒绝，无法连接。
   at System.Net.Sockets.Socket.AwaitableSocketAsyncEventArgs.ThrowException(SocketError error, CancellationToken cancellationToken)
   at System.Net.Sockets.Socket.AwaitableSocketAsyncEventArgs.System.Threading.Tasks.Sources.IValueTaskSource.GetResult(Int16 token)
   at System.Net.Sockets.Socket.<ConnectAsync>g__WaitForConnectWithCancellation|285_0(AwaitableSocketAsyncEventArgs saea, ValueTask connectTask, CancellationToken cancellationToken)
   at Grpc.Net.Client.Balancer.Internal.SocketConnectivitySubchannelTransport.TryConnectAsync(CancellationToken cancellationToken)")
2025-10-28 09:49:28.660 +08:00 [docker-arsidentityserver0421001] [Information] SkyApm.Transport.Grpc.ConnectionManager : Shutdown connection[172.20.64.1:11800].
2025-10-28 09:49:28.661 +08:00 [docker-arsidentityserver0421001] [Information] SkyApm.Transport.Grpc.ConnectionManager : Connected server[172.20.64.1:11800].
2025-10-28 09:49:45.713 +08:00 [docker-arsidentityserver0421001] [Error] SkyApm.Transport.Grpc.V8.ServiceRegister : Report service instance properties fail.
Grpc.Core.RpcException: Status(StatusCode="Unavailable", Detail="Error connecting to subchannel.", DebugException="System.Net.Sockets.SocketException (10061): 由于目标计算机积极拒绝，无法连接。
   at System.Net.Sockets.Socket.AwaitableSocketAsyncEventArgs.ThrowException(SocketError error, CancellationToken cancellationToken)
   at System.Net.Sockets.Socket.AwaitableSocketAsyncEventArgs.System.Threading.Tasks.Sources.IValueTaskSource.GetResult(Int16 token)
   at System.Net.Sockets.Socket.<ConnectAsync>g__WaitForConnectWithCancellation|285_0(AwaitableSocketAsyncEventArgs saea, ValueTask connectTask, CancellationToken cancellationToken)
   at Grpc.Net.Client.Balancer.Internal.SocketConnectivitySubchannelTransport.TryConnectAsync(CancellationToken cancellationToken)")
   at Grpc.Net.Client.Balancer.Internal.ConnectionManager.PickAsync(PickContext context, Boolean waitForReady, CancellationToken cancellationToken)
   at Grpc.Net.Client.Balancer.Internal.BalancerHttpHandler.SendAsync(HttpRequestMessage request, CancellationToken cancellationToken)
   at Grpc.Net.Client.Internal.GrpcCall`2.RunCall(HttpRequestMessage request, Nullable`1 timeout)
   at SkyApm.Transport.Grpc.V8.ServiceRegister.<>c__DisplayClass9_0.<<ReportInstancePropertiesAsync>b__0>d.MoveNext()
--- End of stack trace from previous location ---
   at SkyApm.Transport.Grpc.Common.Call.Execute[T](Func`1 task, Func`1 errCallback, Func`1 errMessage)
2025-10-28 09:49:45.713 +08:00 [docker-arsidentityserver0421001] [Warning] SkyApm.Transport.Grpc.ConnectionManager : Connection state changed. Status(StatusCode="Unavailable", Detail="Error connecting to subchannel.", DebugException="System.Net.Sockets.SocketException (10061): 由于目标计算机积极拒绝，无法连接。
   at System.Net.Sockets.Socket.AwaitableSocketAsyncEventArgs.ThrowException(SocketError error, CancellationToken cancellationToken)
   at System.Net.Sockets.Socket.AwaitableSocketAsyncEventArgs.System.Threading.Tasks.Sources.IValueTaskSource.GetResult(Int16 token)
   at System.Net.Sockets.Socket.<ConnectAsync>g__WaitForConnectWithCancellation|285_0(AwaitableSocketAsyncEventArgs saea, ValueTask connectTask, CancellationToken cancellationToken)
   at Grpc.Net.Client.Balancer.Internal.SocketConnectivitySubchannelTransport.TryConnectAsync(CancellationToken cancellationToken)")
2025-10-28 09:49:58.669 +08:00 [docker-arsidentityserver0421001] [Information] SkyApm.Transport.Grpc.ConnectionManager : Shutdown connection[172.20.64.1:11800].
2025-10-28 09:49:58.670 +08:00 [docker-arsidentityserver0421001] [Information] SkyApm.Transport.Grpc.ConnectionManager : Connected server[172.20.64.1:11800].
2025-10-28 09:50:15.692 +08:00 [docker-arsidentityserver0421001] [Error] SkyApm.Transport.Grpc.V8.ServiceRegister : Report service instance properties fail.
Grpc.Core.RpcException: Status(StatusCode="Unavailable", Detail="Error connecting to subchannel.", DebugException="System.Net.Sockets.SocketException (10061): 由于目标计算机积极拒绝，无法连接。
   at System.Net.Sockets.Socket.AwaitableSocketAsyncEventArgs.ThrowException(SocketError error, CancellationToken cancellationToken)
   at System.Net.Sockets.Socket.AwaitableSocketAsyncEventArgs.System.Threading.Tasks.Sources.IValueTaskSource.GetResult(Int16 token)
   at System.Net.Sockets.Socket.<ConnectAsync>g__WaitForConnectWithCancellation|285_0(AwaitableSocketAsyncEventArgs saea, ValueTask connectTask, CancellationToken cancellationToken)
   at Grpc.Net.Client.Balancer.Internal.SocketConnectivitySubchannelTransport.TryConnectAsync(CancellationToken cancellationToken)")
   at Grpc.Net.Client.Balancer.Internal.ConnectionManager.PickAsync(PickContext context, Boolean waitForReady, CancellationToken cancellationToken)
   at Grpc.Net.Client.Balancer.Internal.BalancerHttpHandler.SendAsync(HttpRequestMessage request, CancellationToken cancellationToken)
   at Grpc.Net.Client.Internal.GrpcCall`2.RunCall(HttpRequestMessage request, Nullable`1 timeout)
   at SkyApm.Transport.Grpc.V8.ServiceRegister.<>c__DisplayClass9_0.<<ReportInstancePropertiesAsync>b__0>d.MoveNext()
--- End of stack trace from previous location ---
   at SkyApm.Transport.Grpc.Common.Call.Execute[T](Func`1 task, Func`1 errCallback, Func`1 errMessage)
2025-10-28 09:50:15.692 +08:00 [docker-arsidentityserver0421001] [Warning] SkyApm.Transport.Grpc.ConnectionManager : Connection state changed. Status(StatusCode="Unavailable", Detail="Error connecting to subchannel.", DebugException="System.Net.Sockets.SocketException (10061): 由于目标计算机积极拒绝，无法连接。
   at System.Net.Sockets.Socket.AwaitableSocketAsyncEventArgs.ThrowException(SocketError error, CancellationToken cancellationToken)
   at System.Net.Sockets.Socket.AwaitableSocketAsyncEventArgs.System.Threading.Tasks.Sources.IValueTaskSource.GetResult(Int16 token)
   at System.Net.Sockets.Socket.<ConnectAsync>g__WaitForConnectWithCancellation|285_0(AwaitableSocketAsyncEventArgs saea, ValueTask connectTask, CancellationToken cancellationToken)
   at Grpc.Net.Client.Balancer.Internal.SocketConnectivitySubchannelTransport.TryConnectAsync(CancellationToken cancellationToken)")
2025-10-28 09:50:28.659 +08:00 [docker-arsidentityserver0421001] [Information] SkyApm.Transport.Grpc.ConnectionManager : Shutdown connection[172.20.64.1:11800].
2025-10-28 09:50:28.660 +08:00 [docker-arsidentityserver0421001] [Information] SkyApm.Transport.Grpc.ConnectionManager : Connected server[172.20.64.1:11800].
2025-10-28 09:50:45.695 +08:00 [docker-arsidentityserver0421001] [Error] SkyApm.Transport.Grpc.V8.ServiceRegister : Report service instance properties fail.
Grpc.Core.RpcException: Status(StatusCode="Unavailable", Detail="Error connecting to subchannel.", DebugException="System.Net.Sockets.SocketException (10061): 由于目标计算机积极拒绝，无法连接。
   at System.Net.Sockets.Socket.AwaitableSocketAsyncEventArgs.ThrowException(SocketError error, CancellationToken cancellationToken)
   at System.Net.Sockets.Socket.AwaitableSocketAsyncEventArgs.System.Threading.Tasks.Sources.IValueTaskSource.GetResult(Int16 token)
   at System.Net.Sockets.Socket.<ConnectAsync>g__WaitForConnectWithCancellation|285_0(AwaitableSocketAsyncEventArgs saea, ValueTask connectTask, CancellationToken cancellationToken)
   at Grpc.Net.Client.Balancer.Internal.SocketConnectivitySubchannelTransport.TryConnectAsync(CancellationToken cancellationToken)")
   at Grpc.Net.Client.Balancer.Internal.ConnectionManager.PickAsync(PickContext context, Boolean waitForReady, CancellationToken cancellationToken)
   at Grpc.Net.Client.Balancer.Internal.BalancerHttpHandler.SendAsync(HttpRequestMessage request, CancellationToken cancellationToken)
   at Grpc.Net.Client.Internal.GrpcCall`2.RunCall(HttpRequestMessage request, Nullable`1 timeout)
   at SkyApm.Transport.Grpc.V8.ServiceRegister.<>c__DisplayClass9_0.<<ReportInstancePropertiesAsync>b__0>d.MoveNext()
--- End of stack trace from previous location ---
   at SkyApm.Transport.Grpc.Common.Call.Execute[T](Func`1 task, Func`1 errCallback, Func`1 errMessage)
2025-10-28 09:50:45.695 +08:00 [docker-arsidentityserver0421001] [Warning] SkyApm.Transport.Grpc.ConnectionManager : Connection state changed. Status(StatusCode="Unavailable", Detail="Error connecting to subchannel.", DebugException="System.Net.Sockets.SocketException (10061): 由于目标计算机积极拒绝，无法连接。
   at System.Net.Sockets.Socket.AwaitableSocketAsyncEventArgs.ThrowException(SocketError error, CancellationToken cancellationToken)
   at System.Net.Sockets.Socket.AwaitableSocketAsyncEventArgs.System.Threading.Tasks.Sources.IValueTaskSource.GetResult(Int16 token)
   at System.Net.Sockets.Socket.<ConnectAsync>g__WaitForConnectWithCancellation|285_0(AwaitableSocketAsyncEventArgs saea, ValueTask connectTask, CancellationToken cancellationToken)
   at Grpc.Net.Client.Balancer.Internal.SocketConnectivitySubchannelTransport.TryConnectAsync(CancellationToken cancellationToken)")
2025-10-28 09:50:58.658 +08:00 [docker-arsidentityserver0421001] [Information] SkyApm.Transport.Grpc.ConnectionManager : Shutdown connection[172.20.64.1:11800].
2025-10-28 09:50:58.658 +08:00 [docker-arsidentityserver0421001] [Information] SkyApm.Transport.Grpc.ConnectionManager : Connected server[172.20.64.1:11800].
2025-10-28 09:51:15.706 +08:00 [docker-arsidentityserver0421001] [Error] SkyApm.Transport.Grpc.V8.ServiceRegister : Report service instance properties fail.
Grpc.Core.RpcException: Status(StatusCode="Unavailable", Detail="Error connecting to subchannel.", DebugException="System.Net.Sockets.SocketException (10061): 由于目标计算机积极拒绝，无法连接。
   at System.Net.Sockets.Socket.AwaitableSocketAsyncEventArgs.ThrowException(SocketError error, CancellationToken cancellationToken)
   at System.Net.Sockets.Socket.AwaitableSocketAsyncEventArgs.System.Threading.Tasks.Sources.IValueTaskSource.GetResult(Int16 token)
   at System.Net.Sockets.Socket.<ConnectAsync>g__WaitForConnectWithCancellation|285_0(AwaitableSocketAsyncEventArgs saea, ValueTask connectTask, CancellationToken cancellationToken)
   at Grpc.Net.Client.Balancer.Internal.SocketConnectivitySubchannelTransport.TryConnectAsync(CancellationToken cancellationToken)")
   at Grpc.Net.Client.Balancer.Internal.ConnectionManager.PickAsync(PickContext context, Boolean waitForReady, CancellationToken cancellationToken)
   at Grpc.Net.Client.Balancer.Internal.BalancerHttpHandler.SendAsync(HttpRequestMessage request, CancellationToken cancellationToken)
   at Grpc.Net.Client.Internal.GrpcCall`2.RunCall(HttpRequestMessage request, Nullable`1 timeout)
   at SkyApm.Transport.Grpc.V8.ServiceRegister.<>c__DisplayClass9_0.<<ReportInstancePropertiesAsync>b__0>d.MoveNext()
--- End of stack trace from previous location ---
   at SkyApm.Transport.Grpc.Common.Call.Execute[T](Func`1 task, Func`1 errCallback, Func`1 errMessage)
2025-10-28 09:51:15.706 +08:00 [docker-arsidentityserver0421001] [Warning] SkyApm.Transport.Grpc.ConnectionManager : Connection state changed. Status(StatusCode="Unavailable", Detail="Error connecting to subchannel.", DebugException="System.Net.Sockets.SocketException (10061): 由于目标计算机积极拒绝，无法连接。
   at System.Net.Sockets.Socket.AwaitableSocketAsyncEventArgs.ThrowException(SocketError error, CancellationToken cancellationToken)
   at System.Net.Sockets.Socket.AwaitableSocketAsyncEventArgs.System.Threading.Tasks.Sources.IValueTaskSource.GetResult(Int16 token)
   at System.Net.Sockets.Socket.<ConnectAsync>g__WaitForConnectWithCancellation|285_0(AwaitableSocketAsyncEventArgs saea, ValueTask connectTask, CancellationToken cancellationToken)
   at Grpc.Net.Client.Balancer.Internal.SocketConnectivitySubchannelTransport.TryConnectAsync(CancellationToken cancellationToken)")
2025-10-28 09:51:28.657 +08:00 [docker-arsidentityserver0421001] [Information] SkyApm.Transport.Grpc.ConnectionManager : Shutdown connection[172.20.64.1:11800].
2025-10-28 09:51:28.657 +08:00 [docker-arsidentityserver0421001] [Information] SkyApm.Transport.Grpc.ConnectionManager : Connected server[172.20.64.1:11800].
2025-10-28 09:51:45.697 +08:00 [docker-arsidentityserver0421001] [Error] SkyApm.Transport.Grpc.V8.ServiceRegister : Report service instance properties fail.
Grpc.Core.RpcException: Status(StatusCode="Unavailable", Detail="Error connecting to subchannel.", DebugException="System.Net.Sockets.SocketException (10061): 由于目标计算机积极拒绝，无法连接。
   at System.Net.Sockets.Socket.AwaitableSocketAsyncEventArgs.System.Threading.Tasks.Sources.IValueTaskSource.GetResult(Int16 token)
   at System.Net.Sockets.Socket.<ConnectAsync>g__WaitForConnectWithCancellation|285_0(AwaitableSocketAsyncEventArgs saea, ValueTask connectTask, CancellationToken cancellationToken)
   at Grpc.Net.Client.Balancer.Internal.SocketConnectivitySubchannelTransport.TryConnectAsync(CancellationToken cancellationToken)")
   at Grpc.Net.Client.Balancer.Internal.ConnectionManager.PickAsync(PickContext context, Boolean waitForReady, CancellationToken cancellationToken)
   at Grpc.Net.Client.Balancer.Internal.BalancerHttpHandler.SendAsync(HttpRequestMessage request, CancellationToken cancellationToken)
   at Grpc.Net.Client.Internal.GrpcCall`2.RunCall(HttpRequestMessage request, Nullable`1 timeout)
   at SkyApm.Transport.Grpc.V8.ServiceRegister.<>c__DisplayClass9_0.<<ReportInstancePropertiesAsync>b__0>d.MoveNext()
--- End of stack trace from previous location ---
   at SkyApm.Transport.Grpc.Common.Call.Execute[T](Func`1 task, Func`1 errCallback, Func`1 errMessage)
2025-10-28 09:51:45.697 +08:00 [docker-arsidentityserver0421001] [Warning] SkyApm.Transport.Grpc.ConnectionManager : Connection state changed. Status(StatusCode="Unavailable", Detail="Error connecting to subchannel.", DebugException="System.Net.Sockets.SocketException (10061): 由于目标计算机积极拒绝，无法连接。
   at System.Net.Sockets.Socket.AwaitableSocketAsyncEventArgs.System.Threading.Tasks.Sources.IValueTaskSource.GetResult(Int16 token)
   at System.Net.Sockets.Socket.<ConnectAsync>g__WaitForConnectWithCancellation|285_0(AwaitableSocketAsyncEventArgs saea, ValueTask connectTask, CancellationToken cancellationToken)
   at Grpc.Net.Client.Balancer.Internal.SocketConnectivitySubchannelTransport.TryConnectAsync(CancellationToken cancellationToken)")
2025-10-28 09:51:58.670 +08:00 [docker-arsidentityserver0421001] [Information] SkyApm.Transport.Grpc.ConnectionManager : Shutdown connection[172.20.64.1:11800].
2025-10-28 09:51:58.670 +08:00 [docker-arsidentityserver0421001] [Information] SkyApm.Transport.Grpc.ConnectionManager : Connected server[172.20.64.1:11800].
2025-10-28 09:52:15.705 +08:00 [docker-arsidentityserver0421001] [Error] SkyApm.Transport.Grpc.V8.ServiceRegister : Report service instance properties fail.
Grpc.Core.RpcException: Status(StatusCode="Unavailable", Detail="Error connecting to subchannel.", DebugException="System.Net.Sockets.SocketException (10061): 由于目标计算机积极拒绝，无法连接。
   at System.Net.Sockets.Socket.AwaitableSocketAsyncEventArgs.System.Threading.Tasks.Sources.IValueTaskSource.GetResult(Int16 token)
   at System.Net.Sockets.Socket.<ConnectAsync>g__WaitForConnectWithCancellation|285_0(AwaitableSocketAsyncEventArgs saea, ValueTask connectTask, CancellationToken cancellationToken)
   at Grpc.Net.Client.Balancer.Internal.SocketConnectivitySubchannelTransport.TryConnectAsync(CancellationToken cancellationToken)")
   at Grpc.Net.Client.Balancer.Internal.ConnectionManager.PickAsync(PickContext context, Boolean waitForReady, CancellationToken cancellationToken)
   at Grpc.Net.Client.Balancer.Internal.BalancerHttpHandler.SendAsync(HttpRequestMessage request, CancellationToken cancellationToken)
   at Grpc.Net.Client.Internal.GrpcCall`2.RunCall(HttpRequestMessage request, Nullable`1 timeout)
   at SkyApm.Transport.Grpc.V8.ServiceRegister.<>c__DisplayClass9_0.<<ReportInstancePropertiesAsync>b__0>d.MoveNext()
--- End of stack trace from previous location ---
   at SkyApm.Transport.Grpc.Common.Call.Execute[T](Func`1 task, Func`1 errCallback, Func`1 errMessage)
2025-10-28 09:52:15.706 +08:00 [docker-arsidentityserver0421001] [Warning] SkyApm.Transport.Grpc.ConnectionManager : Connection state changed. Status(StatusCode="Unavailable", Detail="Error connecting to subchannel.", DebugException="System.Net.Sockets.SocketException (10061): 由于目标计算机积极拒绝，无法连接。
   at System.Net.Sockets.Socket.AwaitableSocketAsyncEventArgs.System.Threading.Tasks.Sources.IValueTaskSource.GetResult(Int16 token)
   at System.Net.Sockets.Socket.<ConnectAsync>g__WaitForConnectWithCancellation|285_0(AwaitableSocketAsyncEventArgs saea, ValueTask connectTask, CancellationToken cancellationToken)
   at Grpc.Net.Client.Balancer.Internal.SocketConnectivitySubchannelTransport.TryConnectAsync(CancellationToken cancellationToken)")
2025-10-28 09:52:28.657 +08:00 [docker-arsidentityserver0421001] [Information] SkyApm.Transport.Grpc.ConnectionManager : Shutdown connection[172.20.64.1:11800].
2025-10-28 09:52:28.658 +08:00 [docker-arsidentityserver0421001] [Information] SkyApm.Transport.Grpc.ConnectionManager : Connected server[172.20.64.1:11800].
2025-10-28 09:52:45.683 +08:00 [docker-arsidentityserver0421001] [Error] SkyApm.Transport.Grpc.V8.ServiceRegister : Report service instance properties fail.
Grpc.Core.RpcException: Status(StatusCode="Unavailable", Detail="Error connecting to subchannel.", DebugException="System.Net.Sockets.SocketException (10061): 由于目标计算机积极拒绝，无法连接。
   at System.Net.Sockets.Socket.AwaitableSocketAsyncEventArgs.System.Threading.Tasks.Sources.IValueTaskSource.GetResult(Int16 token)
   at System.Net.Sockets.Socket.<ConnectAsync>g__WaitForConnectWithCancellation|285_0(AwaitableSocketAsyncEventArgs saea, ValueTask connectTask, CancellationToken cancellationToken)
   at Grpc.Net.Client.Balancer.Internal.SocketConnectivitySubchannelTransport.TryConnectAsync(CancellationToken cancellationToken)")
   at Grpc.Net.Client.Balancer.Internal.ConnectionManager.PickAsync(PickContext context, Boolean waitForReady, CancellationToken cancellationToken)
   at Grpc.Net.Client.Balancer.Internal.BalancerHttpHandler.SendAsync(HttpRequestMessage request, CancellationToken cancellationToken)
   at Grpc.Net.Client.Internal.GrpcCall`2.RunCall(HttpRequestMessage request, Nullable`1 timeout)
   at SkyApm.Transport.Grpc.V8.ServiceRegister.<>c__DisplayClass9_0.<<ReportInstancePropertiesAsync>b__0>d.MoveNext()
--- End of stack trace from previous location ---
   at SkyApm.Transport.Grpc.Common.Call.Execute[T](Func`1 task, Func`1 errCallback, Func`1 errMessage)
2025-10-28 09:52:45.684 +08:00 [docker-arsidentityserver0421001] [Warning] SkyApm.Transport.Grpc.ConnectionManager : Connection state changed. Status(StatusCode="Unavailable", Detail="Error connecting to subchannel.", DebugException="System.Net.Sockets.SocketException (10061): 由于目标计算机积极拒绝，无法连接。
   at System.Net.Sockets.Socket.AwaitableSocketAsyncEventArgs.System.Threading.Tasks.Sources.IValueTaskSource.GetResult(Int16 token)
   at System.Net.Sockets.Socket.<ConnectAsync>g__WaitForConnectWithCancellation|285_0(AwaitableSocketAsyncEventArgs saea, ValueTask connectTask, CancellationToken cancellationToken)
   at Grpc.Net.Client.Balancer.Internal.SocketConnectivitySubchannelTransport.TryConnectAsync(CancellationToken cancellationToken)")
2025-10-28 09:52:58.657 +08:00 [docker-arsidentityserver0421001] [Information] SkyApm.Transport.Grpc.ConnectionManager : Shutdown connection[172.20.64.1:11800].
2025-10-28 09:52:58.658 +08:00 [docker-arsidentityserver0421001] [Information] SkyApm.Transport.Grpc.ConnectionManager : Connected server[172.20.64.1:11800].
2025-10-28 09:53:15.695 +08:00 [docker-arsidentityserver0421001] [Error] SkyApm.Transport.Grpc.V8.ServiceRegister : Report service instance properties fail.
Grpc.Core.RpcException: Status(StatusCode="Unavailable", Detail="Error connecting to subchannel.", DebugException="System.Net.Sockets.SocketException (10061): 由于目标计算机积极拒绝，无法连接。
   at System.Net.Sockets.Socket.AwaitableSocketAsyncEventArgs.System.Threading.Tasks.Sources.IValueTaskSource.GetResult(Int16 token)
   at System.Net.Sockets.Socket.<ConnectAsync>g__WaitForConnectWithCancellation|285_0(AwaitableSocketAsyncEventArgs saea, ValueTask connectTask, CancellationToken cancellationToken)
   at Grpc.Net.Client.Balancer.Internal.SocketConnectivitySubchannelTransport.TryConnectAsync(CancellationToken cancellationToken)")
   at Grpc.Net.Client.Balancer.Internal.ConnectionManager.PickAsync(PickContext context, Boolean waitForReady, CancellationToken cancellationToken)
   at Grpc.Net.Client.Balancer.Internal.BalancerHttpHandler.SendAsync(HttpRequestMessage request, CancellationToken cancellationToken)
   at Grpc.Net.Client.Internal.GrpcCall`2.RunCall(HttpRequestMessage request, Nullable`1 timeout)
   at SkyApm.Transport.Grpc.V8.ServiceRegister.<>c__DisplayClass9_0.<<ReportInstancePropertiesAsync>b__0>d.MoveNext()
--- End of stack trace from previous location ---
   at SkyApm.Transport.Grpc.Common.Call.Execute[T](Func`1 task, Func`1 errCallback, Func`1 errMessage)
2025-10-28 09:53:15.695 +08:00 [docker-arsidentityserver0421001] [Warning] SkyApm.Transport.Grpc.ConnectionManager : Connection state changed. Status(StatusCode="Unavailable", Detail="Error connecting to subchannel.", DebugException="System.Net.Sockets.SocketException (10061): 由于目标计算机积极拒绝，无法连接。
   at System.Net.Sockets.Socket.AwaitableSocketAsyncEventArgs.System.Threading.Tasks.Sources.IValueTaskSource.GetResult(Int16 token)
   at System.Net.Sockets.Socket.<ConnectAsync>g__WaitForConnectWithCancellation|285_0(AwaitableSocketAsyncEventArgs saea, ValueTask connectTask, CancellationToken cancellationToken)
   at Grpc.Net.Client.Balancer.Internal.SocketConnectivitySubchannelTransport.TryConnectAsync(CancellationToken cancellationToken)")
2025-10-28 09:53:28.667 +08:00 [docker-arsidentityserver0421001] [Information] SkyApm.Transport.Grpc.ConnectionManager : Shutdown connection[172.20.64.1:11800].
2025-10-28 09:53:28.667 +08:00 [docker-arsidentityserver0421001] [Information] SkyApm.Transport.Grpc.ConnectionManager : Connected server[172.20.64.1:11800].
2025-10-28 09:53:45.714 +08:00 [docker-arsidentityserver0421001] [Error] SkyApm.Transport.Grpc.V8.ServiceRegister : Report service instance properties fail.
Grpc.Core.RpcException: Status(StatusCode="Unavailable", Detail="Error connecting to subchannel.", DebugException="System.Net.Sockets.SocketException (10061): 由于目标计算机积极拒绝，无法连接。
   at System.Net.Sockets.Socket.AwaitableSocketAsyncEventArgs.System.Threading.Tasks.Sources.IValueTaskSource.GetResult(Int16 token)
   at System.Net.Sockets.Socket.<ConnectAsync>g__WaitForConnectWithCancellation|285_0(AwaitableSocketAsyncEventArgs saea, ValueTask connectTask, CancellationToken cancellationToken)
   at Grpc.Net.Client.Balancer.Internal.SocketConnectivitySubchannelTransport.TryConnectAsync(CancellationToken cancellationToken)")
   at Grpc.Net.Client.Balancer.Internal.ConnectionManager.PickAsync(PickContext context, Boolean waitForReady, CancellationToken cancellationToken)
   at Grpc.Net.Client.Balancer.Internal.BalancerHttpHandler.SendAsync(HttpRequestMessage request, CancellationToken cancellationToken)
   at Grpc.Net.Client.Internal.GrpcCall`2.RunCall(HttpRequestMessage request, Nullable`1 timeout)
   at SkyApm.Transport.Grpc.V8.ServiceRegister.<>c__DisplayClass9_0.<<ReportInstancePropertiesAsync>b__0>d.MoveNext()
--- End of stack trace from previous location ---
   at SkyApm.Transport.Grpc.Common.Call.Execute[T](Func`1 task, Func`1 errCallback, Func`1 errMessage)
2025-10-28 09:53:45.714 +08:00 [docker-arsidentityserver0421001] [Warning] SkyApm.Transport.Grpc.ConnectionManager : Connection state changed. Status(StatusCode="Unavailable", Detail="Error connecting to subchannel.", DebugException="System.Net.Sockets.SocketException (10061): 由于目标计算机积极拒绝，无法连接。
   at System.Net.Sockets.Socket.AwaitableSocketAsyncEventArgs.System.Threading.Tasks.Sources.IValueTaskSource.GetResult(Int16 token)
   at System.Net.Sockets.Socket.<ConnectAsync>g__WaitForConnectWithCancellation|285_0(AwaitableSocketAsyncEventArgs saea, ValueTask connectTask, CancellationToken cancellationToken)
   at Grpc.Net.Client.Balancer.Internal.SocketConnectivitySubchannelTransport.TryConnectAsync(CancellationToken cancellationToken)")
2025-10-28 09:53:58.658 +08:00 [docker-arsidentityserver0421001] [Information] SkyApm.Transport.Grpc.ConnectionManager : Shutdown connection[172.20.64.1:11800].
2025-10-28 09:53:58.659 +08:00 [docker-arsidentityserver0421001] [Information] SkyApm.Transport.Grpc.ConnectionManager : Connected server[172.20.64.1:11800].
2025-10-28 09:54:15.693 +08:00 [docker-arsidentityserver0421001] [Error] SkyApm.Transport.Grpc.V8.ServiceRegister : Report service instance properties fail.
Grpc.Core.RpcException: Status(StatusCode="Unavailable", Detail="Error connecting to subchannel.", DebugException="System.Net.Sockets.SocketException (10061): 由于目标计算机积极拒绝，无法连接。
   at System.Net.Sockets.Socket.AwaitableSocketAsyncEventArgs.System.Threading.Tasks.Sources.IValueTaskSource.GetResult(Int16 token)
   at System.Net.Sockets.Socket.<ConnectAsync>g__WaitForConnectWithCancellation|285_0(AwaitableSocketAsyncEventArgs saea, ValueTask connectTask, CancellationToken cancellationToken)
   at Grpc.Net.Client.Balancer.Internal.SocketConnectivitySubchannelTransport.TryConnectAsync(CancellationToken cancellationToken)")
   at Grpc.Net.Client.Balancer.Internal.ConnectionManager.PickAsync(PickContext context, Boolean waitForReady, CancellationToken cancellationToken)
   at Grpc.Net.Client.Balancer.Internal.BalancerHttpHandler.SendAsync(HttpRequestMessage request, CancellationToken cancellationToken)
   at Grpc.Net.Client.Internal.GrpcCall`2.RunCall(HttpRequestMessage request, Nullable`1 timeout)
   at SkyApm.Transport.Grpc.V8.ServiceRegister.<>c__DisplayClass9_0.<<ReportInstancePropertiesAsync>b__0>d.MoveNext()
--- End of stack trace from previous location ---
   at SkyApm.Transport.Grpc.Common.Call.Execute[T](Func`1 task, Func`1 errCallback, Func`1 errMessage)
2025-10-28 09:54:15.694 +08:00 [docker-arsidentityserver0421001] [Warning] SkyApm.Transport.Grpc.ConnectionManager : Connection state changed. Status(StatusCode="Unavailable", Detail="Error connecting to subchannel.", DebugException="System.Net.Sockets.SocketException (10061): 由于目标计算机积极拒绝，无法连接。
   at System.Net.Sockets.Socket.AwaitableSocketAsyncEventArgs.System.Threading.Tasks.Sources.IValueTaskSource.GetResult(Int16 token)
   at System.Net.Sockets.Socket.<ConnectAsync>g__WaitForConnectWithCancellation|285_0(AwaitableSocketAsyncEventArgs saea, ValueTask connectTask, CancellationToken cancellationToken)
   at Grpc.Net.Client.Balancer.Internal.SocketConnectivitySubchannelTransport.TryConnectAsync(CancellationToken cancellationToken)")
2025-10-28 09:54:28.654 +08:00 [docker-arsidentityserver0421001] [Information] SkyApm.Transport.Grpc.ConnectionManager : Shutdown connection[172.20.64.1:11800].
2025-10-28 09:54:28.654 +08:00 [docker-arsidentityserver0421001] [Information] SkyApm.Transport.Grpc.ConnectionManager : Connected server[172.20.64.1:11800].
2025-10-28 09:54:45.707 +08:00 [docker-arsidentityserver0421001] [Error] SkyApm.Transport.Grpc.V8.ServiceRegister : Report service instance properties fail.
Grpc.Core.RpcException: Status(StatusCode="Unavailable", Detail="Error connecting to subchannel.", DebugException="System.Net.Sockets.SocketException (10061): 由于目标计算机积极拒绝，无法连接。
   at System.Net.Sockets.Socket.AwaitableSocketAsyncEventArgs.System.Threading.Tasks.Sources.IValueTaskSource.GetResult(Int16 token)
   at System.Net.Sockets.Socket.<ConnectAsync>g__WaitForConnectWithCancellation|285_0(AwaitableSocketAsyncEventArgs saea, ValueTask connectTask, CancellationToken cancellationToken)
   at Grpc.Net.Client.Balancer.Internal.SocketConnectivitySubchannelTransport.TryConnectAsync(CancellationToken cancellationToken)")
   at Grpc.Net.Client.Balancer.Internal.ConnectionManager.PickAsync(PickContext context, Boolean waitForReady, CancellationToken cancellationToken)
   at Grpc.Net.Client.Balancer.Internal.BalancerHttpHandler.SendAsync(HttpRequestMessage request, CancellationToken cancellationToken)
   at Grpc.Net.Client.Internal.GrpcCall`2.RunCall(HttpRequestMessage request, Nullable`1 timeout)
   at SkyApm.Transport.Grpc.V8.ServiceRegister.<>c__DisplayClass9_0.<<ReportInstancePropertiesAsync>b__0>d.MoveNext()
--- End of stack trace from previous location ---
   at SkyApm.Transport.Grpc.Common.Call.Execute[T](Func`1 task, Func`1 errCallback, Func`1 errMessage)
2025-10-28 09:54:45.707 +08:00 [docker-arsidentityserver0421001] [Warning] SkyApm.Transport.Grpc.ConnectionManager : Connection state changed. Status(StatusCode="Unavailable", Detail="Error connecting to subchannel.", DebugException="System.Net.Sockets.SocketException (10061): 由于目标计算机积极拒绝，无法连接。
   at System.Net.Sockets.Socket.AwaitableSocketAsyncEventArgs.System.Threading.Tasks.Sources.IValueTaskSource.GetResult(Int16 token)
   at System.Net.Sockets.Socket.<ConnectAsync>g__WaitForConnectWithCancellation|285_0(AwaitableSocketAsyncEventArgs saea, ValueTask connectTask, CancellationToken cancellationToken)
   at Grpc.Net.Client.Balancer.Internal.SocketConnectivitySubchannelTransport.TryConnectAsync(CancellationToken cancellationToken)")
2025-10-28 09:54:58.659 +08:00 [docker-arsidentityserver0421001] [Information] SkyApm.Transport.Grpc.ConnectionManager : Shutdown connection[172.20.64.1:11800].
2025-10-28 09:54:58.659 +08:00 [docker-arsidentityserver0421001] [Information] SkyApm.Transport.Grpc.ConnectionManager : Connected server[172.20.64.1:11800].
2025-10-28 09:55:15.712 +08:00 [docker-arsidentityserver0421001] [Error] SkyApm.Transport.Grpc.V8.ServiceRegister : Report service instance properties fail.
Grpc.Core.RpcException: Status(StatusCode="Unavailable", Detail="Error connecting to subchannel.", DebugException="System.Net.Sockets.SocketException (10061): 由于目标计算机积极拒绝，无法连接。
   at System.Net.Sockets.Socket.AwaitableSocketAsyncEventArgs.System.Threading.Tasks.Sources.IValueTaskSource.GetResult(Int16 token)
   at System.Net.Sockets.Socket.<ConnectAsync>g__WaitForConnectWithCancellation|285_0(AwaitableSocketAsyncEventArgs saea, ValueTask connectTask, CancellationToken cancellationToken)
   at Grpc.Net.Client.Balancer.Internal.SocketConnectivitySubchannelTransport.TryConnectAsync(CancellationToken cancellationToken)")
   at Grpc.Net.Client.Balancer.Internal.ConnectionManager.PickAsync(PickContext context, Boolean waitForReady, CancellationToken cancellationToken)
   at Grpc.Net.Client.Balancer.Internal.BalancerHttpHandler.SendAsync(HttpRequestMessage request, CancellationToken cancellationToken)
   at Grpc.Net.Client.Internal.GrpcCall`2.RunCall(HttpRequestMessage request, Nullable`1 timeout)
   at SkyApm.Transport.Grpc.V8.ServiceRegister.<>c__DisplayClass9_0.<<ReportInstancePropertiesAsync>b__0>d.MoveNext()
--- End of stack trace from previous location ---
   at SkyApm.Transport.Grpc.Common.Call.Execute[T](Func`1 task, Func`1 errCallback, Func`1 errMessage)
2025-10-28 09:55:15.712 +08:00 [docker-arsidentityserver0421001] [Warning] SkyApm.Transport.Grpc.ConnectionManager : Connection state changed. Status(StatusCode="Unavailable", Detail="Error connecting to subchannel.", DebugException="System.Net.Sockets.SocketException (10061): 由于目标计算机积极拒绝，无法连接。
   at System.Net.Sockets.Socket.AwaitableSocketAsyncEventArgs.System.Threading.Tasks.Sources.IValueTaskSource.GetResult(Int16 token)
   at System.Net.Sockets.Socket.<ConnectAsync>g__WaitForConnectWithCancellation|285_0(AwaitableSocketAsyncEventArgs saea, ValueTask connectTask, CancellationToken cancellationToken)
   at Grpc.Net.Client.Balancer.Internal.SocketConnectivitySubchannelTransport.TryConnectAsync(CancellationToken cancellationToken)")
2025-10-28 09:55:28.667 +08:00 [docker-arsidentityserver0421001] [Information] SkyApm.Transport.Grpc.ConnectionManager : Shutdown connection[172.20.64.1:11800].
2025-10-28 09:55:28.667 +08:00 [docker-arsidentityserver0421001] [Information] SkyApm.Transport.Grpc.ConnectionManager : Connected server[172.20.64.1:11800].
2025-10-28 09:55:45.707 +08:00 [docker-arsidentityserver0421001] [Error] SkyApm.Transport.Grpc.V8.ServiceRegister : Report service instance properties fail.
Grpc.Core.RpcException: Status(StatusCode="Unavailable", Detail="Error connecting to subchannel.", DebugException="System.Net.Sockets.SocketException (10061): 由于目标计算机积极拒绝，无法连接。
   at System.Net.Sockets.Socket.AwaitableSocketAsyncEventArgs.System.Threading.Tasks.Sources.IValueTaskSource.GetResult(Int16 token)
   at System.Net.Sockets.Socket.<ConnectAsync>g__WaitForConnectWithCancellation|285_0(AwaitableSocketAsyncEventArgs saea, ValueTask connectTask, CancellationToken cancellationToken)
   at Grpc.Net.Client.Balancer.Internal.SocketConnectivitySubchannelTransport.TryConnectAsync(CancellationToken cancellationToken)")
   at Grpc.Net.Client.Balancer.Internal.ConnectionManager.PickAsync(PickContext context, Boolean waitForReady, CancellationToken cancellationToken)
   at Grpc.Net.Client.Balancer.Internal.BalancerHttpHandler.SendAsync(HttpRequestMessage request, CancellationToken cancellationToken)
   at Grpc.Net.Client.Internal.GrpcCall`2.RunCall(HttpRequestMessage request, Nullable`1 timeout)
   at SkyApm.Transport.Grpc.V8.ServiceRegister.<>c__DisplayClass9_0.<<ReportInstancePropertiesAsync>b__0>d.MoveNext()
--- End of stack trace from previous location ---
   at SkyApm.Transport.Grpc.Common.Call.Execute[T](Func`1 task, Func`1 errCallback, Func`1 errMessage)
2025-10-28 09:55:45.707 +08:00 [docker-arsidentityserver0421001] [Warning] SkyApm.Transport.Grpc.ConnectionManager : Connection state changed. Status(StatusCode="Unavailable", Detail="Error connecting to subchannel.", DebugException="System.Net.Sockets.SocketException (10061): 由于目标计算机积极拒绝，无法连接。
   at System.Net.Sockets.Socket.AwaitableSocketAsyncEventArgs.System.Threading.Tasks.Sources.IValueTaskSource.GetResult(Int16 token)
   at System.Net.Sockets.Socket.<ConnectAsync>g__WaitForConnectWithCancellation|285_0(AwaitableSocketAsyncEventArgs saea, ValueTask connectTask, CancellationToken cancellationToken)
   at Grpc.Net.Client.Balancer.Internal.SocketConnectivitySubchannelTransport.TryConnectAsync(CancellationToken cancellationToken)")
2025-10-28 09:55:58.658 +08:00 [docker-arsidentityserver0421001] [Information] SkyApm.Transport.Grpc.ConnectionManager : Shutdown connection[172.20.64.1:11800].
2025-10-28 09:55:58.658 +08:00 [docker-arsidentityserver0421001] [Information] SkyApm.Transport.Grpc.ConnectionManager : Connected server[172.20.64.1:11800].
2025-10-28 09:56:15.706 +08:00 [docker-arsidentityserver0421001] [Error] SkyApm.Transport.Grpc.V8.ServiceRegister : Report service instance properties fail.
Grpc.Core.RpcException: Status(StatusCode="Unavailable", Detail="Error connecting to subchannel.", DebugException="System.Net.Sockets.SocketException (10061): 由于目标计算机积极拒绝，无法连接。
   at System.Net.Sockets.Socket.AwaitableSocketAsyncEventArgs.System.Threading.Tasks.Sources.IValueTaskSource.GetResult(Int16 token)
   at System.Net.Sockets.Socket.<ConnectAsync>g__WaitForConnectWithCancellation|285_0(AwaitableSocketAsyncEventArgs saea, ValueTask connectTask, CancellationToken cancellationToken)
   at Grpc.Net.Client.Balancer.Internal.SocketConnectivitySubchannelTransport.TryConnectAsync(CancellationToken cancellationToken)")
   at Grpc.Net.Client.Balancer.Internal.ConnectionManager.PickAsync(PickContext context, Boolean waitForReady, CancellationToken cancellationToken)
   at Grpc.Net.Client.Balancer.Internal.BalancerHttpHandler.SendAsync(HttpRequestMessage request, CancellationToken cancellationToken)
   at Grpc.Net.Client.Internal.GrpcCall`2.RunCall(HttpRequestMessage request, Nullable`1 timeout)
   at SkyApm.Transport.Grpc.V8.ServiceRegister.<>c__DisplayClass9_0.<<ReportInstancePropertiesAsync>b__0>d.MoveNext()
--- End of stack trace from previous location ---
   at SkyApm.Transport.Grpc.Common.Call.Execute[T](Func`1 task, Func`1 errCallback, Func`1 errMessage)
2025-10-28 09:56:15.706 +08:00 [docker-arsidentityserver0421001] [Warning] SkyApm.Transport.Grpc.ConnectionManager : Connection state changed. Status(StatusCode="Unavailable", Detail="Error connecting to subchannel.", DebugException="System.Net.Sockets.SocketException (10061): 由于目标计算机积极拒绝，无法连接。
   at System.Net.Sockets.Socket.AwaitableSocketAsyncEventArgs.System.Threading.Tasks.Sources.IValueTaskSource.GetResult(Int16 token)
   at System.Net.Sockets.Socket.<ConnectAsync>g__WaitForConnectWithCancellation|285_0(AwaitableSocketAsyncEventArgs saea, ValueTask connectTask, CancellationToken cancellationToken)
   at Grpc.Net.Client.Balancer.Internal.SocketConnectivitySubchannelTransport.TryConnectAsync(CancellationToken cancellationToken)")
2025-10-28 09:56:28.661 +08:00 [docker-arsidentityserver0421001] [Information] SkyApm.Transport.Grpc.ConnectionManager : Shutdown connection[172.20.64.1:11800].
2025-10-28 09:56:28.662 +08:00 [docker-arsidentityserver0421001] [Information] SkyApm.Transport.Grpc.ConnectionManager : Connected server[172.20.64.1:11800].
2025-10-28 09:56:45.712 +08:00 [docker-arsidentityserver0421001] [Error] SkyApm.Transport.Grpc.V8.ServiceRegister : Report service instance properties fail.
Grpc.Core.RpcException: Status(StatusCode="Unavailable", Detail="Error connecting to subchannel.", DebugException="System.Net.Sockets.SocketException (10061): 由于目标计算机积极拒绝，无法连接。
   at System.Net.Sockets.Socket.AwaitableSocketAsyncEventArgs.System.Threading.Tasks.Sources.IValueTaskSource.GetResult(Int16 token)
   at System.Net.Sockets.Socket.<ConnectAsync>g__WaitForConnectWithCancellation|285_0(AwaitableSocketAsyncEventArgs saea, ValueTask connectTask, CancellationToken cancellationToken)
   at Grpc.Net.Client.Balancer.Internal.SocketConnectivitySubchannelTransport.TryConnectAsync(CancellationToken cancellationToken)")
   at Grpc.Net.Client.Balancer.Internal.ConnectionManager.PickAsync(PickContext context, Boolean waitForReady, CancellationToken cancellationToken)
   at Grpc.Net.Client.Balancer.Internal.BalancerHttpHandler.SendAsync(HttpRequestMessage request, CancellationToken cancellationToken)
   at Grpc.Net.Client.Internal.GrpcCall`2.RunCall(HttpRequestMessage request, Nullable`1 timeout)
   at SkyApm.Transport.Grpc.V8.ServiceRegister.<>c__DisplayClass9_0.<<ReportInstancePropertiesAsync>b__0>d.MoveNext()
--- End of stack trace from previous location ---
   at SkyApm.Transport.Grpc.Common.Call.Execute[T](Func`1 task, Func`1 errCallback, Func`1 errMessage)
2025-10-28 09:56:45.712 +08:00 [docker-arsidentityserver0421001] [Warning] SkyApm.Transport.Grpc.ConnectionManager : Connection state changed. Status(StatusCode="Unavailable", Detail="Error connecting to subchannel.", DebugException="System.Net.Sockets.SocketException (10061): 由于目标计算机积极拒绝，无法连接。
   at System.Net.Sockets.Socket.AwaitableSocketAsyncEventArgs.System.Threading.Tasks.Sources.IValueTaskSource.GetResult(Int16 token)
   at System.Net.Sockets.Socket.<ConnectAsync>g__WaitForConnectWithCancellation|285_0(AwaitableSocketAsyncEventArgs saea, ValueTask connectTask, CancellationToken cancellationToken)
   at Grpc.Net.Client.Balancer.Internal.SocketConnectivitySubchannelTransport.TryConnectAsync(CancellationToken cancellationToken)")
2025-10-28 09:56:58.663 +08:00 [docker-arsidentityserver0421001] [Information] SkyApm.Transport.Grpc.ConnectionManager : Shutdown connection[172.20.64.1:11800].
2025-10-28 09:56:58.664 +08:00 [docker-arsidentityserver0421001] [Information] SkyApm.Transport.Grpc.ConnectionManager : Connected server[172.20.64.1:11800].
2025-10-28 09:57:15.705 +08:00 [docker-arsidentityserver0421001] [Error] SkyApm.Transport.Grpc.V8.ServiceRegister : Report service instance properties fail.
Grpc.Core.RpcException: Status(StatusCode="Unavailable", Detail="Error connecting to subchannel.", DebugException="System.Net.Sockets.SocketException (10061): 由于目标计算机积极拒绝，无法连接。
   at System.Net.Sockets.Socket.AwaitableSocketAsyncEventArgs.System.Threading.Tasks.Sources.IValueTaskSource.GetResult(Int16 token)
   at System.Net.Sockets.Socket.<ConnectAsync>g__WaitForConnectWithCancellation|285_0(AwaitableSocketAsyncEventArgs saea, ValueTask connectTask, CancellationToken cancellationToken)
   at Grpc.Net.Client.Balancer.Internal.SocketConnectivitySubchannelTransport.TryConnectAsync(CancellationToken cancellationToken)")
   at Grpc.Net.Client.Balancer.Internal.ConnectionManager.PickAsync(PickContext context, Boolean waitForReady, CancellationToken cancellationToken)
   at Grpc.Net.Client.Balancer.Internal.BalancerHttpHandler.SendAsync(HttpRequestMessage request, CancellationToken cancellationToken)
   at Grpc.Net.Client.Internal.GrpcCall`2.RunCall(HttpRequestMessage request, Nullable`1 timeout)
   at SkyApm.Transport.Grpc.V8.ServiceRegister.<>c__DisplayClass9_0.<<ReportInstancePropertiesAsync>b__0>d.MoveNext()
--- End of stack trace from previous location ---
   at SkyApm.Transport.Grpc.Common.Call.Execute[T](Func`1 task, Func`1 errCallback, Func`1 errMessage)
2025-10-28 09:57:15.705 +08:00 [docker-arsidentityserver0421001] [Warning] SkyApm.Transport.Grpc.ConnectionManager : Connection state changed. Status(StatusCode="Unavailable", Detail="Error connecting to subchannel.", DebugException="System.Net.Sockets.SocketException (10061): 由于目标计算机积极拒绝，无法连接。
   at System.Net.Sockets.Socket.AwaitableSocketAsyncEventArgs.System.Threading.Tasks.Sources.IValueTaskSource.GetResult(Int16 token)
   at System.Net.Sockets.Socket.<ConnectAsync>g__WaitForConnectWithCancellation|285_0(AwaitableSocketAsyncEventArgs saea, ValueTask connectTask, CancellationToken cancellationToken)
   at Grpc.Net.Client.Balancer.Internal.SocketConnectivitySubchannelTransport.TryConnectAsync(CancellationToken cancellationToken)")
2025-10-28 09:57:28.666 +08:00 [docker-arsidentityserver0421001] [Information] SkyApm.Transport.Grpc.ConnectionManager : Shutdown connection[172.20.64.1:11800].
2025-10-28 09:57:28.666 +08:00 [docker-arsidentityserver0421001] [Information] SkyApm.Transport.Grpc.ConnectionManager : Connected server[172.20.64.1:11800].
2025-10-28 09:57:45.700 +08:00 [docker-arsidentityserver0421001] [Error] SkyApm.Transport.Grpc.V8.ServiceRegister : Report service instance properties fail.
Grpc.Core.RpcException: Status(StatusCode="Unavailable", Detail="Error connecting to subchannel.", DebugException="System.Net.Sockets.SocketException (10061): 由于目标计算机积极拒绝，无法连接。
   at System.Net.Sockets.Socket.AwaitableSocketAsyncEventArgs.System.Threading.Tasks.Sources.IValueTaskSource.GetResult(Int16 token)
   at System.Net.Sockets.Socket.<ConnectAsync>g__WaitForConnectWithCancellation|285_0(AwaitableSocketAsyncEventArgs saea, ValueTask connectTask, CancellationToken cancellationToken)
   at Grpc.Net.Client.Balancer.Internal.SocketConnectivitySubchannelTransport.TryConnectAsync(CancellationToken cancellationToken)")
   at Grpc.Net.Client.Balancer.Internal.ConnectionManager.PickAsync(PickContext context, Boolean waitForReady, CancellationToken cancellationToken)
   at Grpc.Net.Client.Balancer.Internal.BalancerHttpHandler.SendAsync(HttpRequestMessage request, CancellationToken cancellationToken)
   at Grpc.Net.Client.Internal.GrpcCall`2.RunCall(HttpRequestMessage request, Nullable`1 timeout)
   at SkyApm.Transport.Grpc.V8.ServiceRegister.<>c__DisplayClass9_0.<<ReportInstancePropertiesAsync>b__0>d.MoveNext()
--- End of stack trace from previous location ---
   at SkyApm.Transport.Grpc.Common.Call.Execute[T](Func`1 task, Func`1 errCallback, Func`1 errMessage)
2025-10-28 09:57:45.700 +08:00 [docker-arsidentityserver0421001] [Warning] SkyApm.Transport.Grpc.ConnectionManager : Connection state changed. Status(StatusCode="Unavailable", Detail="Error connecting to subchannel.", DebugException="System.Net.Sockets.SocketException (10061): 由于目标计算机积极拒绝，无法连接。
   at System.Net.Sockets.Socket.AwaitableSocketAsyncEventArgs.System.Threading.Tasks.Sources.IValueTaskSource.GetResult(Int16 token)
   at System.Net.Sockets.Socket.<ConnectAsync>g__WaitForConnectWithCancellation|285_0(AwaitableSocketAsyncEventArgs saea, ValueTask connectTask, CancellationToken cancellationToken)
   at Grpc.Net.Client.Balancer.Internal.SocketConnectivitySubchannelTransport.TryConnectAsync(CancellationToken cancellationToken)")
2025-10-28 09:57:58.670 +08:00 [docker-arsidentityserver0421001] [Information] SkyApm.Transport.Grpc.ConnectionManager : Shutdown connection[172.20.64.1:11800].
2025-10-28 09:57:58.671 +08:00 [docker-arsidentityserver0421001] [Information] SkyApm.Transport.Grpc.ConnectionManager : Connected server[172.20.64.1:11800].
2025-10-28 09:58:15.710 +08:00 [docker-arsidentityserver0421001] [Error] SkyApm.Transport.Grpc.V8.ServiceRegister : Report service instance properties fail.
Grpc.Core.RpcException: Status(StatusCode="Unavailable", Detail="Error connecting to subchannel.", DebugException="System.Net.Sockets.SocketException (10061): 由于目标计算机积极拒绝，无法连接。
   at System.Net.Sockets.Socket.AwaitableSocketAsyncEventArgs.System.Threading.Tasks.Sources.IValueTaskSource.GetResult(Int16 token)
   at System.Net.Sockets.Socket.<ConnectAsync>g__WaitForConnectWithCancellation|285_0(AwaitableSocketAsyncEventArgs saea, ValueTask connectTask, CancellationToken cancellationToken)
   at Grpc.Net.Client.Balancer.Internal.SocketConnectivitySubchannelTransport.TryConnectAsync(CancellationToken cancellationToken)")
   at Grpc.Net.Client.Balancer.Internal.ConnectionManager.PickAsync(PickContext context, Boolean waitForReady, CancellationToken cancellationToken)
   at Grpc.Net.Client.Balancer.Internal.BalancerHttpHandler.SendAsync(HttpRequestMessage request, CancellationToken cancellationToken)
   at Grpc.Net.Client.Internal.GrpcCall`2.RunCall(HttpRequestMessage request, Nullable`1 timeout)
   at SkyApm.Transport.Grpc.V8.ServiceRegister.<>c__DisplayClass9_0.<<ReportInstancePropertiesAsync>b__0>d.MoveNext()
--- End of stack trace from previous location ---
   at SkyApm.Transport.Grpc.Common.Call.Execute[T](Func`1 task, Func`1 errCallback, Func`1 errMessage)
2025-10-28 09:58:15.710 +08:00 [docker-arsidentityserver0421001] [Warning] SkyApm.Transport.Grpc.ConnectionManager : Connection state changed. Status(StatusCode="Unavailable", Detail="Error connecting to subchannel.", DebugException="System.Net.Sockets.SocketException (10061): 由于目标计算机积极拒绝，无法连接。
   at System.Net.Sockets.Socket.AwaitableSocketAsyncEventArgs.System.Threading.Tasks.Sources.IValueTaskSource.GetResult(Int16 token)
   at System.Net.Sockets.Socket.<ConnectAsync>g__WaitForConnectWithCancellation|285_0(AwaitableSocketAsyncEventArgs saea, ValueTask connectTask, CancellationToken cancellationToken)
   at Grpc.Net.Client.Balancer.Internal.SocketConnectivitySubchannelTransport.TryConnectAsync(CancellationToken cancellationToken)")
2025-10-28 09:58:28.661 +08:00 [docker-arsidentityserver0421001] [Information] SkyApm.Transport.Grpc.ConnectionManager : Shutdown connection[172.20.64.1:11800].
2025-10-28 09:58:28.661 +08:00 [docker-arsidentityserver0421001] [Information] SkyApm.Transport.Grpc.ConnectionManager : Connected server[172.20.64.1:11800].
2025-10-28 09:58:45.715 +08:00 [docker-arsidentityserver0421001] [Error] SkyApm.Transport.Grpc.V8.ServiceRegister : Report service instance properties fail.
Grpc.Core.RpcException: Status(StatusCode="Unavailable", Detail="Error connecting to subchannel.", DebugException="System.Net.Sockets.SocketException (10061): 由于目标计算机积极拒绝，无法连接。
   at System.Net.Sockets.Socket.AwaitableSocketAsyncEventArgs.System.Threading.Tasks.Sources.IValueTaskSource.GetResult(Int16 token)
   at System.Net.Sockets.Socket.<ConnectAsync>g__WaitForConnectWithCancellation|285_0(AwaitableSocketAsyncEventArgs saea, ValueTask connectTask, CancellationToken cancellationToken)
   at Grpc.Net.Client.Balancer.Internal.SocketConnectivitySubchannelTransport.TryConnectAsync(CancellationToken cancellationToken)")
   at Grpc.Net.Client.Balancer.Internal.ConnectionManager.PickAsync(PickContext context, Boolean waitForReady, CancellationToken cancellationToken)
   at Grpc.Net.Client.Balancer.Internal.BalancerHttpHandler.SendAsync(HttpRequestMessage request, CancellationToken cancellationToken)
   at Grpc.Net.Client.Internal.GrpcCall`2.RunCall(HttpRequestMessage request, Nullable`1 timeout)
   at SkyApm.Transport.Grpc.V8.ServiceRegister.<>c__DisplayClass9_0.<<ReportInstancePropertiesAsync>b__0>d.MoveNext()
--- End of stack trace from previous location ---
   at SkyApm.Transport.Grpc.Common.Call.Execute[T](Func`1 task, Func`1 errCallback, Func`1 errMessage)
2025-10-28 09:58:45.715 +08:00 [docker-arsidentityserver0421001] [Warning] SkyApm.Transport.Grpc.ConnectionManager : Connection state changed. Status(StatusCode="Unavailable", Detail="Error connecting to subchannel.", DebugException="System.Net.Sockets.SocketException (10061): 由于目标计算机积极拒绝，无法连接。
   at System.Net.Sockets.Socket.AwaitableSocketAsyncEventArgs.System.Threading.Tasks.Sources.IValueTaskSource.GetResult(Int16 token)
   at System.Net.Sockets.Socket.<ConnectAsync>g__WaitForConnectWithCancellation|285_0(AwaitableSocketAsyncEventArgs saea, ValueTask connectTask, CancellationToken cancellationToken)
   at Grpc.Net.Client.Balancer.Internal.SocketConnectivitySubchannelTransport.TryConnectAsync(CancellationToken cancellationToken)")
2025-10-28 09:58:58.659 +08:00 [docker-arsidentityserver0421001] [Information] SkyApm.Transport.Grpc.ConnectionManager : Shutdown connection[172.20.64.1:11800].
2025-10-28 09:58:58.659 +08:00 [docker-arsidentityserver0421001] [Information] SkyApm.Transport.Grpc.ConnectionManager : Connected server[172.20.64.1:11800].
2025-10-28 09:59:15.671 +08:00 [docker-arsidentityserver0421001] [Error] SkyApm.Transport.Grpc.V8.ServiceRegister : Report service instance properties fail.
Grpc.Core.RpcException: Status(StatusCode="Unavailable", Detail="Error connecting to subchannel.", DebugException="System.Net.Sockets.SocketException (10061): 由于目标计算机积极拒绝，无法连接。
   at System.Net.Sockets.Socket.AwaitableSocketAsyncEventArgs.System.Threading.Tasks.Sources.IValueTaskSource.GetResult(Int16 token)
   at System.Net.Sockets.Socket.<ConnectAsync>g__WaitForConnectWithCancellation|285_0(AwaitableSocketAsyncEventArgs saea, ValueTask connectTask, CancellationToken cancellationToken)
   at Grpc.Net.Client.Balancer.Internal.SocketConnectivitySubchannelTransport.TryConnectAsync(CancellationToken cancellationToken)")
   at Grpc.Net.Client.Balancer.Internal.ConnectionManager.PickAsync(PickContext context, Boolean waitForReady, CancellationToken cancellationToken)
   at Grpc.Net.Client.Balancer.Internal.BalancerHttpHandler.SendAsync(HttpRequestMessage request, CancellationToken cancellationToken)
   at Grpc.Net.Client.Internal.GrpcCall`2.RunCall(HttpRequestMessage request, Nullable`1 timeout)
   at SkyApm.Transport.Grpc.V8.ServiceRegister.<>c__DisplayClass9_0.<<ReportInstancePropertiesAsync>b__0>d.MoveNext()
--- End of stack trace from previous location ---
   at SkyApm.Transport.Grpc.Common.Call.Execute[T](Func`1 task, Func`1 errCallback, Func`1 errMessage)
2025-10-28 09:59:15.671 +08:00 [docker-arsidentityserver0421001] [Warning] SkyApm.Transport.Grpc.ConnectionManager : Connection state changed. Status(StatusCode="Unavailable", Detail="Error connecting to subchannel.", DebugException="System.Net.Sockets.SocketException (10061): 由于目标计算机积极拒绝，无法连接。
   at System.Net.Sockets.Socket.AwaitableSocketAsyncEventArgs.System.Threading.Tasks.Sources.IValueTaskSource.GetResult(Int16 token)
   at System.Net.Sockets.Socket.<ConnectAsync>g__WaitForConnectWithCancellation|285_0(AwaitableSocketAsyncEventArgs saea, ValueTask connectTask, CancellationToken cancellationToken)
   at Grpc.Net.Client.Balancer.Internal.SocketConnectivitySubchannelTransport.TryConnectAsync(CancellationToken cancellationToken)")
2025-10-28 09:59:28.666 +08:00 [docker-arsidentityserver0421001] [Information] SkyApm.Transport.Grpc.ConnectionManager : Shutdown connection[172.20.64.1:11800].
2025-10-28 09:59:28.666 +08:00 [docker-arsidentityserver0421001] [Information] SkyApm.Transport.Grpc.ConnectionManager : Connected server[172.20.64.1:11800].
2025-10-28 09:59:49.447 +08:00 [docker-arsidentityserver0421001] [Error] SkyApm.Transport.Grpc.V8.ServiceRegister : Report service instance properties fail.
Grpc.Core.RpcException: Status(StatusCode="Unavailable", Detail="Error connecting to subchannel.", DebugException="System.Net.Sockets.SocketException (10061): 由于目标计算机积极拒绝，无法连接。
   at System.Net.Sockets.Socket.AwaitableSocketAsyncEventArgs.System.Threading.Tasks.Sources.IValueTaskSource.GetResult(Int16 token)
   at System.Net.Sockets.Socket.<ConnectAsync>g__WaitForConnectWithCancellation|285_0(AwaitableSocketAsyncEventArgs saea, ValueTask connectTask, CancellationToken cancellationToken)
   at Grpc.Net.Client.Balancer.Internal.SocketConnectivitySubchannelTransport.TryConnectAsync(CancellationToken cancellationToken)")
   at Grpc.Net.Client.Balancer.Internal.ConnectionManager.PickAsync(PickContext context, Boolean waitForReady, CancellationToken cancellationToken)
   at Grpc.Net.Client.Balancer.Internal.BalancerHttpHandler.SendAsync(HttpRequestMessage request, CancellationToken cancellationToken)
   at Grpc.Net.Client.Internal.GrpcCall`2.RunCall(HttpRequestMessage request, Nullable`1 timeout)
   at SkyApm.Transport.Grpc.V8.ServiceRegister.<>c__DisplayClass9_0.<<ReportInstancePropertiesAsync>b__0>d.MoveNext()
--- End of stack trace from previous location ---
   at SkyApm.Transport.Grpc.Common.Call.Execute[T](Func`1 task, Func`1 errCallback, Func`1 errMessage)
2025-10-28 09:59:49.447 +08:00 [docker-arsidentityserver0421001] [Warning] SkyApm.Transport.Grpc.ConnectionManager : Connection state changed. Status(StatusCode="Unavailable", Detail="Error connecting to subchannel.", DebugException="System.Net.Sockets.SocketException (10061): 由于目标计算机积极拒绝，无法连接。
   at System.Net.Sockets.Socket.AwaitableSocketAsyncEventArgs.System.Threading.Tasks.Sources.IValueTaskSource.GetResult(Int16 token)
   at System.Net.Sockets.Socket.<ConnectAsync>g__WaitForConnectWithCancellation|285_0(AwaitableSocketAsyncEventArgs saea, ValueTask connectTask, CancellationToken cancellationToken)
   at Grpc.Net.Client.Balancer.Internal.SocketConnectivitySubchannelTransport.TryConnectAsync(CancellationToken cancellationToken)")
2025-10-28 09:59:58.669 +08:00 [docker-arsidentityserver0421001] [Information] SkyApm.Transport.Grpc.ConnectionManager : Shutdown connection[172.20.64.1:11800].
2025-10-28 09:59:58.670 +08:00 [docker-arsidentityserver0421001] [Information] SkyApm.Transport.Grpc.ConnectionManager : Connected server[172.20.64.1:11800].
2025-10-28 10:00:15.688 +08:00 [docker-arsidentityserver0421001] [Error] SkyApm.Transport.Grpc.V8.ServiceRegister : Report service instance properties fail.
Grpc.Core.RpcException: Status(StatusCode="Unavailable", Detail="Error connecting to subchannel.", DebugException="System.Net.Sockets.SocketException (10061): 由于目标计算机积极拒绝，无法连接。
   at System.Net.Sockets.Socket.AwaitableSocketAsyncEventArgs.System.Threading.Tasks.Sources.IValueTaskSource.GetResult(Int16 token)
   at System.Net.Sockets.Socket.<ConnectAsync>g__WaitForConnectWithCancellation|285_0(AwaitableSocketAsyncEventArgs saea, ValueTask connectTask, CancellationToken cancellationToken)
   at Grpc.Net.Client.Balancer.Internal.SocketConnectivitySubchannelTransport.TryConnectAsync(CancellationToken cancellationToken)")
   at Grpc.Net.Client.Balancer.Internal.ConnectionManager.PickAsync(PickContext context, Boolean waitForReady, CancellationToken cancellationToken)
   at Grpc.Net.Client.Balancer.Internal.BalancerHttpHandler.SendAsync(HttpRequestMessage request, CancellationToken cancellationToken)
   at Grpc.Net.Client.Internal.GrpcCall`2.RunCall(HttpRequestMessage request, Nullable`1 timeout)
   at SkyApm.Transport.Grpc.V8.ServiceRegister.<>c__DisplayClass9_0.<<ReportInstancePropertiesAsync>b__0>d.MoveNext()
--- End of stack trace from previous location ---
   at SkyApm.Transport.Grpc.Common.Call.Execute[T](Func`1 task, Func`1 errCallback, Func`1 errMessage)
2025-10-28 10:00:15.688 +08:00 [docker-arsidentityserver0421001] [Warning] SkyApm.Transport.Grpc.ConnectionManager : Connection state changed. Status(StatusCode="Unavailable", Detail="Error connecting to subchannel.", DebugException="System.Net.Sockets.SocketException (10061): 由于目标计算机积极拒绝，无法连接。
   at System.Net.Sockets.Socket.AwaitableSocketAsyncEventArgs.System.Threading.Tasks.Sources.IValueTaskSource.GetResult(Int16 token)
   at System.Net.Sockets.Socket.<ConnectAsync>g__WaitForConnectWithCancellation|285_0(AwaitableSocketAsyncEventArgs saea, ValueTask connectTask, CancellationToken cancellationToken)
   at Grpc.Net.Client.Balancer.Internal.SocketConnectivitySubchannelTransport.TryConnectAsync(CancellationToken cancellationToken)")
2025-10-28 10:00:28.657 +08:00 [docker-arsidentityserver0421001] [Information] SkyApm.Transport.Grpc.ConnectionManager : Shutdown connection[172.20.64.1:11800].
2025-10-28 10:00:28.658 +08:00 [docker-arsidentityserver0421001] [Information] SkyApm.Transport.Grpc.ConnectionManager : Connected server[172.20.64.1:11800].
2025-10-28 10:00:45.713 +08:00 [docker-arsidentityserver0421001] [Error] SkyApm.Transport.Grpc.V8.ServiceRegister : Report service instance properties fail.
Grpc.Core.RpcException: Status(StatusCode="Unavailable", Detail="Error connecting to subchannel.", DebugException="System.Net.Sockets.SocketException (10061): 由于目标计算机积极拒绝，无法连接。
   at System.Net.Sockets.Socket.AwaitableSocketAsyncEventArgs.System.Threading.Tasks.Sources.IValueTaskSource.GetResult(Int16 token)
   at System.Net.Sockets.Socket.<ConnectAsync>g__WaitForConnectWithCancellation|285_0(AwaitableSocketAsyncEventArgs saea, ValueTask connectTask, CancellationToken cancellationToken)
   at Grpc.Net.Client.Balancer.Internal.SocketConnectivitySubchannelTransport.TryConnectAsync(CancellationToken cancellationToken)")
   at Grpc.Net.Client.Balancer.Internal.ConnectionManager.PickAsync(PickContext context, Boolean waitForReady, CancellationToken cancellationToken)
   at Grpc.Net.Client.Balancer.Internal.BalancerHttpHandler.SendAsync(HttpRequestMessage request, CancellationToken cancellationToken)
   at Grpc.Net.Client.Internal.GrpcCall`2.RunCall(HttpRequestMessage request, Nullable`1 timeout)
   at SkyApm.Transport.Grpc.V8.ServiceRegister.<>c__DisplayClass9_0.<<ReportInstancePropertiesAsync>b__0>d.MoveNext()
--- End of stack trace from previous location ---
   at SkyApm.Transport.Grpc.Common.Call.Execute[T](Func`1 task, Func`1 errCallback, Func`1 errMessage)
2025-10-28 10:00:45.713 +08:00 [docker-arsidentityserver0421001] [Warning] SkyApm.Transport.Grpc.ConnectionManager : Connection state changed. Status(StatusCode="Unavailable", Detail="Error connecting to subchannel.", DebugException="System.Net.Sockets.SocketException (10061): 由于目标计算机积极拒绝，无法连接。
   at System.Net.Sockets.Socket.AwaitableSocketAsyncEventArgs.System.Threading.Tasks.Sources.IValueTaskSource.GetResult(Int16 token)
   at System.Net.Sockets.Socket.<ConnectAsync>g__WaitForConnectWithCancellation|285_0(AwaitableSocketAsyncEventArgs saea, ValueTask connectTask, CancellationToken cancellationToken)
   at Grpc.Net.Client.Balancer.Internal.SocketConnectivitySubchannelTransport.TryConnectAsync(CancellationToken cancellationToken)")
2025-10-28 10:00:58.661 +08:00 [docker-arsidentityserver0421001] [Information] SkyApm.Transport.Grpc.ConnectionManager : Shutdown connection[172.20.64.1:11800].
2025-10-28 10:00:58.662 +08:00 [docker-arsidentityserver0421001] [Information] SkyApm.Transport.Grpc.ConnectionManager : Connected server[172.20.64.1:11800].
2025-10-28 10:01:15.693 +08:00 [docker-arsidentityserver0421001] [Error] SkyApm.Transport.Grpc.V8.ServiceRegister : Report service instance properties fail.
Grpc.Core.RpcException: Status(StatusCode="Unavailable", Detail="Error connecting to subchannel.", DebugException="System.Net.Sockets.SocketException (10061): 由于目标计算机积极拒绝，无法连接。
   at System.Net.Sockets.Socket.AwaitableSocketAsyncEventArgs.System.Threading.Tasks.Sources.IValueTaskSource.GetResult(Int16 token)
   at System.Net.Sockets.Socket.<ConnectAsync>g__WaitForConnectWithCancellation|285_0(AwaitableSocketAsyncEventArgs saea, ValueTask connectTask, CancellationToken cancellationToken)
   at Grpc.Net.Client.Balancer.Internal.SocketConnectivitySubchannelTransport.TryConnectAsync(CancellationToken cancellationToken)")
   at Grpc.Net.Client.Balancer.Internal.ConnectionManager.PickAsync(PickContext context, Boolean waitForReady, CancellationToken cancellationToken)
   at Grpc.Net.Client.Balancer.Internal.BalancerHttpHandler.SendAsync(HttpRequestMessage request, CancellationToken cancellationToken)
   at Grpc.Net.Client.Internal.GrpcCall`2.RunCall(HttpRequestMessage request, Nullable`1 timeout)
   at SkyApm.Transport.Grpc.V8.ServiceRegister.<>c__DisplayClass9_0.<<ReportInstancePropertiesAsync>b__0>d.MoveNext()
--- End of stack trace from previous location ---
   at SkyApm.Transport.Grpc.Common.Call.Execute[T](Func`1 task, Func`1 errCallback, Func`1 errMessage)
2025-10-28 10:01:15.693 +08:00 [docker-arsidentityserver0421001] [Warning] SkyApm.Transport.Grpc.ConnectionManager : Connection state changed. Status(StatusCode="Unavailable", Detail="Error connecting to subchannel.", DebugException="System.Net.Sockets.SocketException (10061): 由于目标计算机积极拒绝，无法连接。
   at System.Net.Sockets.Socket.AwaitableSocketAsyncEventArgs.System.Threading.Tasks.Sources.IValueTaskSource.GetResult(Int16 token)
   at System.Net.Sockets.Socket.<ConnectAsync>g__WaitForConnectWithCancellation|285_0(AwaitableSocketAsyncEventArgs saea, ValueTask connectTask, CancellationToken cancellationToken)
   at Grpc.Net.Client.Balancer.Internal.SocketConnectivitySubchannelTransport.TryConnectAsync(CancellationToken cancellationToken)")
2025-10-28 10:01:28.665 +08:00 [docker-arsidentityserver0421001] [Information] SkyApm.Transport.Grpc.ConnectionManager : Shutdown connection[172.20.64.1:11800].
2025-10-28 10:01:28.665 +08:00 [docker-arsidentityserver0421001] [Information] SkyApm.Transport.Grpc.ConnectionManager : Connected server[172.20.64.1:11800].
2025-10-28 10:02:08.701 +08:00 [docker-arsidentityserver0421001] [Error] SkyApm.Transport.Grpc.V8.ServiceRegister : Report service instance properties fail.
Grpc.Core.RpcException: Status(StatusCode="Unavailable", Detail="Error connecting to subchannel.", DebugException="System.Net.Sockets.SocketException (10061): 由于目标计算机积极拒绝，无法连接。
   at System.Net.Sockets.Socket.AwaitableSocketAsyncEventArgs.System.Threading.Tasks.Sources.IValueTaskSource.GetResult(Int16 token)
   at System.Net.Sockets.Socket.<ConnectAsync>g__WaitForConnectWithCancellation|285_0(AwaitableSocketAsyncEventArgs saea, ValueTask connectTask, CancellationToken cancellationToken)
   at Grpc.Net.Client.Balancer.Internal.SocketConnectivitySubchannelTransport.TryConnectAsync(CancellationToken cancellationToken)")
   at Grpc.Net.Client.Balancer.Internal.ConnectionManager.PickAsync(PickContext context, Boolean waitForReady, CancellationToken cancellationToken)
   at Grpc.Net.Client.Balancer.Internal.BalancerHttpHandler.SendAsync(HttpRequestMessage request, CancellationToken cancellationToken)
   at Grpc.Net.Client.Internal.GrpcCall`2.RunCall(HttpRequestMessage request, Nullable`1 timeout)
   at SkyApm.Transport.Grpc.V8.ServiceRegister.<>c__DisplayClass9_0.<<ReportInstancePropertiesAsync>b__0>d.MoveNext()
--- End of stack trace from previous location ---
   at SkyApm.Transport.Grpc.Common.Call.Execute[T](Func`1 task, Func`1 errCallback, Func`1 errMessage)
2025-10-28 10:02:08.701 +08:00 [docker-arsidentityserver0421001] [Warning] SkyApm.Transport.Grpc.ConnectionManager : Connection state changed. Status(StatusCode="Unavailable", Detail="Error connecting to subchannel.", DebugException="System.Net.Sockets.SocketException (10061): 由于目标计算机积极拒绝，无法连接。
   at System.Net.Sockets.Socket.AwaitableSocketAsyncEventArgs.System.Threading.Tasks.Sources.IValueTaskSource.GetResult(Int16 token)
   at System.Net.Sockets.Socket.<ConnectAsync>g__WaitForConnectWithCancellation|285_0(AwaitableSocketAsyncEventArgs saea, ValueTask connectTask, CancellationToken cancellationToken)
   at Grpc.Net.Client.Balancer.Internal.SocketConnectivitySubchannelTransport.TryConnectAsync(CancellationToken cancellationToken)")
2025-10-28 10:02:15.019 +08:00 [docker-arsidentityserver0421001] [Information] SkyApm.Transport.Grpc.ConnectionManager : Shutdown connection[172.20.64.1:11800].
2025-10-28 10:02:15.020 +08:00 [docker-arsidentityserver0421001] [Information] SkyApm.Transport.Grpc.ConnectionManager : Connected server[172.20.64.1:11800].
2025-10-28 10:03:14.230 +08:00 [docker-arsidentityserver0421001] [Error] SkyApm.Transport.Grpc.V8.ServiceRegister : Report service instance properties fail.
Grpc.Core.RpcException: Status(StatusCode="DeadlineExceeded", Detail="")
   at SkyApm.Transport.Grpc.V8.ServiceRegister.<>c__DisplayClass9_0.<<ReportInstancePropertiesAsync>b__0>d.MoveNext()
--- End of stack trace from previous location ---
   at SkyApm.Transport.Grpc.Common.Call.Execute[T](Func`1 task, Func`1 errCallback, Func`1 errMessage)
2025-10-28 10:03:14.233 +08:00 [docker-arsidentityserver0421001] [Warning] SkyApm.Transport.Grpc.ConnectionManager : Connection state changed. Status(StatusCode="DeadlineExceeded", Detail="")
2025-10-28 10:03:14.235 +08:00 [docker-arsidentityserver0421001] [Error] SkyApm.Transport.Grpc.V8.ServiceRegister : Report service instance properties fail.
Grpc.Core.RpcException: Status(StatusCode="Unavailable", Detail="Error connecting to subchannel.", DebugException="System.Net.Sockets.SocketException (10061): 由于目标计算机积极拒绝，无法连接。
   at System.Net.Sockets.Socket.AwaitableSocketAsyncEventArgs.System.Threading.Tasks.Sources.IValueTaskSource.GetResult(Int16 token)
   at System.Net.Sockets.Socket.<ConnectAsync>g__WaitForConnectWithCancellation|285_0(AwaitableSocketAsyncEventArgs saea, ValueTask connectTask, CancellationToken cancellationToken)
   at Grpc.Net.Client.Balancer.Internal.SocketConnectivitySubchannelTransport.TryConnectAsync(CancellationToken cancellationToken)")
   at Grpc.Net.Client.Balancer.Internal.ConnectionManager.PickAsync(PickContext context, Boolean waitForReady, CancellationToken cancellationToken)
   at Grpc.Net.Client.Balancer.Internal.BalancerHttpHandler.SendAsync(HttpRequestMessage request, CancellationToken cancellationToken)
   at Grpc.Net.Client.Internal.GrpcCall`2.RunCall(HttpRequestMessage request, Nullable`1 timeout)
   at SkyApm.Transport.Grpc.V8.ServiceRegister.<>c__DisplayClass9_0.<<ReportInstancePropertiesAsync>b__0>d.MoveNext()
--- End of stack trace from previous location ---
   at SkyApm.Transport.Grpc.Common.Call.Execute[T](Func`1 task, Func`1 errCallback, Func`1 errMessage)
2025-10-28 10:03:14.235 +08:00 [docker-arsidentityserver0421001] [Error] SkyApm.Transport.Grpc.V8.ServiceRegister : Report service instance properties fail.
Grpc.Core.RpcException: Status(StatusCode="Unavailable", Detail="Error connecting to subchannel.", DebugException="System.Net.Sockets.SocketException (10061): 由于目标计算机积极拒绝，无法连接。
   at System.Net.Sockets.Socket.AwaitableSocketAsyncEventArgs.System.Threading.Tasks.Sources.IValueTaskSource.GetResult(Int16 token)
   at System.Net.Sockets.Socket.<ConnectAsync>g__WaitForConnectWithCancellation|285_0(AwaitableSocketAsyncEventArgs saea, ValueTask connectTask, CancellationToken cancellationToken)
   at Grpc.Net.Client.Balancer.Internal.SocketConnectivitySubchannelTransport.TryConnectAsync(CancellationToken cancellationToken)")
   at Grpc.Net.Client.Balancer.Internal.ConnectionManager.PickAsync(PickContext context, Boolean waitForReady, CancellationToken cancellationToken)
   at Grpc.Net.Client.Balancer.Internal.BalancerHttpHandler.SendAsync(HttpRequestMessage request, CancellationToken cancellationToken)
   at Grpc.Net.Client.Internal.GrpcCall`2.RunCall(HttpRequestMessage request, Nullable`1 timeout)
   at SkyApm.Transport.Grpc.V8.ServiceRegister.<>c__DisplayClass9_0.<<ReportInstancePropertiesAsync>b__0>d.MoveNext()
--- End of stack trace from previous location ---
   at SkyApm.Transport.Grpc.Common.Call.Execute[T](Func`1 task, Func`1 errCallback, Func`1 errMessage)
2025-10-28 10:03:14.236 +08:00 [docker-arsidentityserver0421001] [Information] SkyApm.Transport.Grpc.ConnectionManager : Shutdown connection[172.20.64.1:11800].
2025-10-28 10:03:14.236 +08:00 [docker-arsidentityserver0421001] [Information] SkyApm.Transport.Grpc.ConnectionManager : Connected server[172.20.64.1:11800].
2025-10-28 10:03:14.236 +08:00 [docker-arsidentityserver0421001] [Error] SkyApm.Transport.Grpc.V8.ServiceRegister : Report service instance properties fail.
Grpc.Core.RpcException: Status(StatusCode="Unavailable", Detail="Error connecting to subchannel.", DebugException="System.Net.Sockets.SocketException (10061): 由于目标计算机积极拒绝，无法连接。
   at System.Net.Sockets.Socket.AwaitableSocketAsyncEventArgs.System.Threading.Tasks.Sources.IValueTaskSource.GetResult(Int16 token)
   at System.Net.Sockets.Socket.<ConnectAsync>g__WaitForConnectWithCancellation|285_0(AwaitableSocketAsyncEventArgs saea, ValueTask connectTask, CancellationToken cancellationToken)
   at Grpc.Net.Client.Balancer.Internal.SocketConnectivitySubchannelTransport.TryConnectAsync(CancellationToken cancellationToken)")
   at Grpc.Net.Client.Balancer.Internal.ConnectionManager.PickAsync(PickContext context, Boolean waitForReady, CancellationToken cancellationToken)
   at Grpc.Net.Client.Balancer.Internal.BalancerHttpHandler.SendAsync(HttpRequestMessage request, CancellationToken cancellationToken)
   at Grpc.Net.Client.Internal.GrpcCall`2.RunCall(HttpRequestMessage request, Nullable`1 timeout)
   at SkyApm.Transport.Grpc.V8.ServiceRegister.<>c__DisplayClass9_0.<<ReportInstancePropertiesAsync>b__0>d.MoveNext()
--- End of stack trace from previous location ---
   at SkyApm.Transport.Grpc.Common.Call.Execute[T](Func`1 task, Func`1 errCallback, Func`1 errMessage)
2025-10-28 10:03:14.236 +08:00 [docker-arsidentityserver0421001] [Warning] SkyApm.Transport.Grpc.ConnectionManager : Connection state changed. Status(StatusCode="Unavailable", Detail="Error connecting to subchannel.", DebugException="System.Net.Sockets.SocketException (10061): 由于目标计算机积极拒绝，无法连接。
   at System.Net.Sockets.Socket.AwaitableSocketAsyncEventArgs.System.Threading.Tasks.Sources.IValueTaskSource.GetResult(Int16 token)
   at System.Net.Sockets.Socket.<ConnectAsync>g__WaitForConnectWithCancellation|285_0(AwaitableSocketAsyncEventArgs saea, ValueTask connectTask, CancellationToken cancellationToken)
   at Grpc.Net.Client.Balancer.Internal.SocketConnectivitySubchannelTransport.TryConnectAsync(CancellationToken cancellationToken)")
2025-10-28 10:03:35.235 +08:00 [docker-arsidentityserver0421001] [Information] SkyApm.Transport.Grpc.ConnectionManager : Shutdown connection[172.20.64.1:11800].
2025-10-28 10:03:35.235 +08:00 [docker-arsidentityserver0421001] [Information] SkyApm.Transport.Grpc.ConnectionManager : Connected server[172.20.64.1:11800].
2025-10-28 10:05:29.273 +08:00 [docker-arsidentityserver0421001] [Information] SkyApm.InstrumentStartup : Initializing ...
2025-10-28 10:05:29.381 +08:00 [docker-arsidentityserver0421001] [Information] SkyApm.Service.RegisterService : Loaded instrument service [SkyApm.Service.RegisterService].
2025-10-28 10:05:29.382 +08:00 [docker-arsidentityserver0421001] [Information] SkyApm.Service.LogReportService : Loaded instrument service [SkyApm.Service.LogReportService].
2025-10-28 10:05:29.382 +08:00 [docker-arsidentityserver0421001] [Information] SkyApm.Service.PingService : Loaded instrument service [SkyApm.Service.PingService].
2025-10-28 10:05:29.382 +08:00 [docker-arsidentityserver0421001] [Information] SkyApm.Service.SegmentReportService : Loaded instrument service [SkyApm.Service.SegmentReportService].
2025-10-28 10:05:29.383 +08:00 [docker-arsidentityserver0421001] [Information] SkyApm.Service.CLRStatsService : Loaded instrument service [SkyApm.Service.CLRStatsService].
2025-10-28 10:05:29.383 +08:00 [docker-arsidentityserver0421001] [Information] SkyApm.Sampling.SimpleCountSamplingInterceptor : Loaded instrument service [SkyApm.Sampling.SimpleCountSamplingInterceptor].
2025-10-28 10:05:29.383 +08:00 [docker-arsidentityserver0421001] [Information] SkyApm.Transport.Grpc.ConnectService : Loaded instrument service [SkyApm.Transport.Grpc.ConnectService].
2025-10-28 10:05:29.388 +08:00 [docker-arsidentityserver0421001] [Information] SkyApm.InstrumentStartup : Started SkyAPM .NET Core Agent.
2025-10-28 10:05:29.746 +08:00 [docker-arsidentityserver0421001] [Information] SkyApm.Transport.Grpc.ConnectionManager : Connected server[172.20.64.1:11800].
2025-10-28 10:05:30.129 +08:00 [docker-arsidentityserver0421001] [Information] SkyApm.Diagnostics.TracingDiagnosticProcessorObserver : Loaded diagnostic listener [Grpc.Net.Client].
2025-10-28 10:05:32.374 +08:00 [docker-arsidentityserver0421001] [Error] SkyApm.Transport.Grpc.V8.ServiceRegister : Report service instance properties fail.
Grpc.Core.RpcException: Status(StatusCode="Unavailable", Detail="Error connecting to subchannel.", DebugException="System.Net.Sockets.SocketException (10061): 由于目标计算机积极拒绝，无法连接。
   at System.Net.Sockets.Socket.AwaitableSocketAsyncEventArgs.ThrowException(SocketError error, CancellationToken cancellationToken)
   at System.Net.Sockets.Socket.AwaitableSocketAsyncEventArgs.System.Threading.Tasks.Sources.IValueTaskSource.GetResult(Int16 token)
   at System.Net.Sockets.Socket.<ConnectAsync>g__WaitForConnectWithCancellation|285_0(AwaitableSocketAsyncEventArgs saea, ValueTask connectTask, CancellationToken cancellationToken)
   at Grpc.Net.Client.Balancer.Internal.SocketConnectivitySubchannelTransport.TryConnectAsync(CancellationToken cancellationToken)")
   at Grpc.Net.Client.Balancer.Internal.ConnectionManager.PickAsync(PickContext context, Boolean waitForReady, CancellationToken cancellationToken)
   at Grpc.Net.Client.Balancer.Internal.BalancerHttpHandler.SendAsync(HttpRequestMessage request, CancellationToken cancellationToken)
   at Grpc.Net.Client.Internal.GrpcCall`2.RunCall(HttpRequestMessage request, Nullable`1 timeout)
   at SkyApm.Transport.Grpc.V8.ServiceRegister.<>c__DisplayClass9_0.<<ReportInstancePropertiesAsync>b__0>d.MoveNext()
--- End of stack trace from previous location ---
   at SkyApm.Transport.Grpc.Common.Call.Execute[T](Func`1 task, Func`1 errCallback, Func`1 errMessage)
2025-10-28 10:05:32.375 +08:00 [docker-arsidentityserver0421001] [Warning] SkyApm.Transport.Grpc.ConnectionManager : Connection state changed. Status(StatusCode="Unavailable", Detail="Error connecting to subchannel.", DebugException="System.Net.Sockets.SocketException (10061): 由于目标计算机积极拒绝，无法连接。
   at System.Net.Sockets.Socket.AwaitableSocketAsyncEventArgs.ThrowException(SocketError error, CancellationToken cancellationToken)
   at System.Net.Sockets.Socket.AwaitableSocketAsyncEventArgs.System.Threading.Tasks.Sources.IValueTaskSource.GetResult(Int16 token)
   at System.Net.Sockets.Socket.<ConnectAsync>g__WaitForConnectWithCancellation|285_0(AwaitableSocketAsyncEventArgs saea, ValueTask connectTask, CancellationToken cancellationToken)
   at Grpc.Net.Client.Balancer.Internal.SocketConnectivitySubchannelTransport.TryConnectAsync(CancellationToken cancellationToken)")
2025-10-28 10:05:35.494 +08:00 [docker-arsidentityserver0421001] [Information] SkyApm.Diagnostics.TracingDiagnosticProcessorObserver : Loaded diagnostic listener [HttpHandlerDiagnosticListener].
2025-10-28 10:05:44.407 +08:00 [docker-arsidentityserver0421001] [Information] SkyApm.Transport.Grpc.ConnectionManager : Shutdown connection[172.20.64.1:11800].
2025-10-28 10:05:44.408 +08:00 [docker-arsidentityserver0421001] [Information] SkyApm.Transport.Grpc.ConnectionManager : Connected server[172.20.64.1:11800].
2025-10-28 10:06:44.355 +08:00 [docker-arsidentityserver0421001] [Information] SkyApm.InstrumentStartup : Initializing ...
2025-10-28 10:06:44.432 +08:00 [docker-arsidentityserver0421001] [Information] SkyApm.Service.RegisterService : Loaded instrument service [SkyApm.Service.RegisterService].
2025-10-28 10:06:44.433 +08:00 [docker-arsidentityserver0421001] [Information] SkyApm.Service.LogReportService : Loaded instrument service [SkyApm.Service.LogReportService].
2025-10-28 10:06:44.433 +08:00 [docker-arsidentityserver0421001] [Information] SkyApm.Service.PingService : Loaded instrument service [SkyApm.Service.PingService].
2025-10-28 10:06:44.433 +08:00 [docker-arsidentityserver0421001] [Information] SkyApm.Service.SegmentReportService : Loaded instrument service [SkyApm.Service.SegmentReportService].
2025-10-28 10:06:44.434 +08:00 [docker-arsidentityserver0421001] [Information] SkyApm.Service.CLRStatsService : Loaded instrument service [SkyApm.Service.CLRStatsService].
2025-10-28 10:06:44.434 +08:00 [docker-arsidentityserver0421001] [Information] SkyApm.Sampling.SimpleCountSamplingInterceptor : Loaded instrument service [SkyApm.Sampling.SimpleCountSamplingInterceptor].
2025-10-28 10:06:44.434 +08:00 [docker-arsidentityserver0421001] [Information] SkyApm.Transport.Grpc.ConnectService : Loaded instrument service [SkyApm.Transport.Grpc.ConnectService].
2025-10-28 10:06:44.459 +08:00 [docker-arsidentityserver0421001] [Information] SkyApm.InstrumentStartup : Started SkyAPM .NET Core Agent.
2025-10-28 10:06:44.549 +08:00 [docker-arsidentityserver0421001] [Information] SkyApm.Transport.Grpc.ConnectionManager : Connected server[172.20.64.1:11800].
2025-10-28 10:06:45.091 +08:00 [docker-arsidentityserver0421001] [Information] SkyApm.Diagnostics.TracingDiagnosticProcessorObserver : Loaded diagnostic listener [Grpc.Net.Client].
2025-10-28 10:06:47.286 +08:00 [docker-arsidentityserver0421001] [Error] SkyApm.Transport.Grpc.V8.ServiceRegister : Report service instance properties fail.
Grpc.Core.RpcException: Status(StatusCode="Unavailable", Detail="Error connecting to subchannel.", DebugException="System.Net.Sockets.SocketException (10061): 由于目标计算机积极拒绝，无法连接。
   at System.Net.Sockets.Socket.AwaitableSocketAsyncEventArgs.ThrowException(SocketError error, CancellationToken cancellationToken)
   at System.Net.Sockets.Socket.AwaitableSocketAsyncEventArgs.System.Threading.Tasks.Sources.IValueTaskSource.GetResult(Int16 token)
   at System.Net.Sockets.Socket.<ConnectAsync>g__WaitForConnectWithCancellation|285_0(AwaitableSocketAsyncEventArgs saea, ValueTask connectTask, CancellationToken cancellationToken)
   at Grpc.Net.Client.Balancer.Internal.SocketConnectivitySubchannelTransport.TryConnectAsync(CancellationToken cancellationToken)")
   at Grpc.Net.Client.Balancer.Internal.ConnectionManager.PickAsync(PickContext context, Boolean waitForReady, CancellationToken cancellationToken)
   at Grpc.Net.Client.Balancer.Internal.BalancerHttpHandler.SendAsync(HttpRequestMessage request, CancellationToken cancellationToken)
   at Grpc.Net.Client.Internal.GrpcCall`2.RunCall(HttpRequestMessage request, Nullable`1 timeout)
   at SkyApm.Transport.Grpc.V8.ServiceRegister.<>c__DisplayClass9_0.<<ReportInstancePropertiesAsync>b__0>d.MoveNext()
--- End of stack trace from previous location ---
   at SkyApm.Transport.Grpc.Common.Call.Execute[T](Func`1 task, Func`1 errCallback, Func`1 errMessage)
2025-10-28 10:06:47.287 +08:00 [docker-arsidentityserver0421001] [Warning] SkyApm.Transport.Grpc.ConnectionManager : Connection state changed. Status(StatusCode="Unavailable", Detail="Error connecting to subchannel.", DebugException="System.Net.Sockets.SocketException (10061): 由于目标计算机积极拒绝，无法连接。
   at System.Net.Sockets.Socket.AwaitableSocketAsyncEventArgs.ThrowException(SocketError error, CancellationToken cancellationToken)
   at System.Net.Sockets.Socket.AwaitableSocketAsyncEventArgs.System.Threading.Tasks.Sources.IValueTaskSource.GetResult(Int16 token)
   at System.Net.Sockets.Socket.<ConnectAsync>g__WaitForConnectWithCancellation|285_0(AwaitableSocketAsyncEventArgs saea, ValueTask connectTask, CancellationToken cancellationToken)
   at Grpc.Net.Client.Balancer.Internal.SocketConnectivitySubchannelTransport.TryConnectAsync(CancellationToken cancellationToken)")
2025-10-28 10:06:51.420 +08:00 [docker-arsidentityserver0421001] [Information] SkyApm.Diagnostics.TracingDiagnosticProcessorObserver : Loaded diagnostic listener [HttpHandlerDiagnosticListener].
2025-10-28 10:06:59.436 +08:00 [docker-arsidentityserver0421001] [Information] SkyApm.Transport.Grpc.ConnectionManager : Shutdown connection[172.20.64.1:11800].
2025-10-28 10:06:59.437 +08:00 [docker-arsidentityserver0421001] [Information] SkyApm.Transport.Grpc.ConnectionManager : Connected server[172.20.64.1:11800].
2025-10-28 10:07:16.479 +08:00 [docker-arsidentityserver0421001] [Error] SkyApm.Transport.Grpc.V8.ServiceRegister : Report service instance properties fail.
Grpc.Core.RpcException: Status(StatusCode="Unavailable", Detail="Error connecting to subchannel.", DebugException="System.Net.Sockets.SocketException (10061): 由于目标计算机积极拒绝，无法连接。
   at System.Net.Sockets.Socket.AwaitableSocketAsyncEventArgs.ThrowException(SocketError error, CancellationToken cancellationToken)
   at System.Net.Sockets.Socket.AwaitableSocketAsyncEventArgs.System.Threading.Tasks.Sources.IValueTaskSource.GetResult(Int16 token)
   at System.Net.Sockets.Socket.<ConnectAsync>g__WaitForConnectWithCancellation|285_0(AwaitableSocketAsyncEventArgs saea, ValueTask connectTask, CancellationToken cancellationToken)
   at Grpc.Net.Client.Balancer.Internal.SocketConnectivitySubchannelTransport.TryConnectAsync(CancellationToken cancellationToken)")
   at Grpc.Net.Client.Balancer.Internal.ConnectionManager.PickAsync(PickContext context, Boolean waitForReady, CancellationToken cancellationToken)
   at Grpc.Net.Client.Balancer.Internal.BalancerHttpHandler.SendAsync(HttpRequestMessage request, CancellationToken cancellationToken)
   at Grpc.Net.Client.Internal.GrpcCall`2.RunCall(HttpRequestMessage request, Nullable`1 timeout)
   at SkyApm.Transport.Grpc.V8.ServiceRegister.<>c__DisplayClass9_0.<<ReportInstancePropertiesAsync>b__0>d.MoveNext()
--- End of stack trace from previous location ---
   at SkyApm.Transport.Grpc.Common.Call.Execute[T](Func`1 task, Func`1 errCallback, Func`1 errMessage)
2025-10-28 10:07:16.479 +08:00 [docker-arsidentityserver0421001] [Warning] SkyApm.Transport.Grpc.ConnectionManager : Connection state changed. Status(StatusCode="Unavailable", Detail="Error connecting to subchannel.", DebugException="System.Net.Sockets.SocketException (10061): 由于目标计算机积极拒绝，无法连接。
   at System.Net.Sockets.Socket.AwaitableSocketAsyncEventArgs.ThrowException(SocketError error, CancellationToken cancellationToken)
   at System.Net.Sockets.Socket.AwaitableSocketAsyncEventArgs.System.Threading.Tasks.Sources.IValueTaskSource.GetResult(Int16 token)
   at System.Net.Sockets.Socket.<ConnectAsync>g__WaitForConnectWithCancellation|285_0(AwaitableSocketAsyncEventArgs saea, ValueTask connectTask, CancellationToken cancellationToken)
   at Grpc.Net.Client.Balancer.Internal.SocketConnectivitySubchannelTransport.TryConnectAsync(CancellationToken cancellationToken)")
2025-10-28 10:07:29.445 +08:00 [docker-arsidentityserver0421001] [Information] SkyApm.Transport.Grpc.ConnectionManager : Shutdown connection[172.20.64.1:11800].
2025-10-28 10:07:29.445 +08:00 [docker-arsidentityserver0421001] [Information] SkyApm.Transport.Grpc.ConnectionManager : Connected server[172.20.64.1:11800].
2025-10-28 10:07:46.481 +08:00 [docker-arsidentityserver0421001] [Error] SkyApm.Transport.Grpc.V8.ServiceRegister : Report service instance properties fail.
Grpc.Core.RpcException: Status(StatusCode="Unavailable", Detail="Error connecting to subchannel.", DebugException="System.Net.Sockets.SocketException (10061): 由于目标计算机积极拒绝，无法连接。
   at System.Net.Sockets.Socket.AwaitableSocketAsyncEventArgs.ThrowException(SocketError error, CancellationToken cancellationToken)
   at System.Net.Sockets.Socket.AwaitableSocketAsyncEventArgs.System.Threading.Tasks.Sources.IValueTaskSource.GetResult(Int16 token)
   at System.Net.Sockets.Socket.<ConnectAsync>g__WaitForConnectWithCancellation|285_0(AwaitableSocketAsyncEventArgs saea, ValueTask connectTask, CancellationToken cancellationToken)
   at Grpc.Net.Client.Balancer.Internal.SocketConnectivitySubchannelTransport.TryConnectAsync(CancellationToken cancellationToken)")
   at Grpc.Net.Client.Balancer.Internal.ConnectionManager.PickAsync(PickContext context, Boolean waitForReady, CancellationToken cancellationToken)
   at Grpc.Net.Client.Balancer.Internal.BalancerHttpHandler.SendAsync(HttpRequestMessage request, CancellationToken cancellationToken)
   at Grpc.Net.Client.Internal.GrpcCall`2.RunCall(HttpRequestMessage request, Nullable`1 timeout)
   at SkyApm.Transport.Grpc.V8.ServiceRegister.<>c__DisplayClass9_0.<<ReportInstancePropertiesAsync>b__0>d.MoveNext()
--- End of stack trace from previous location ---
   at SkyApm.Transport.Grpc.Common.Call.Execute[T](Func`1 task, Func`1 errCallback, Func`1 errMessage)
2025-10-28 10:07:46.481 +08:00 [docker-arsidentityserver0421001] [Warning] SkyApm.Transport.Grpc.ConnectionManager : Connection state changed. Status(StatusCode="Unavailable", Detail="Error connecting to subchannel.", DebugException="System.Net.Sockets.SocketException (10061): 由于目标计算机积极拒绝，无法连接。
   at System.Net.Sockets.Socket.AwaitableSocketAsyncEventArgs.ThrowException(SocketError error, CancellationToken cancellationToken)
   at System.Net.Sockets.Socket.AwaitableSocketAsyncEventArgs.System.Threading.Tasks.Sources.IValueTaskSource.GetResult(Int16 token)
   at System.Net.Sockets.Socket.<ConnectAsync>g__WaitForConnectWithCancellation|285_0(AwaitableSocketAsyncEventArgs saea, ValueTask connectTask, CancellationToken cancellationToken)
   at Grpc.Net.Client.Balancer.Internal.SocketConnectivitySubchannelTransport.TryConnectAsync(CancellationToken cancellationToken)")
2025-10-28 10:07:59.445 +08:00 [docker-arsidentityserver0421001] [Information] SkyApm.Transport.Grpc.ConnectionManager : Shutdown connection[172.20.64.1:11800].
2025-10-28 10:07:59.445 +08:00 [docker-arsidentityserver0421001] [Information] SkyApm.Transport.Grpc.ConnectionManager : Connected server[172.20.64.1:11800].
2025-10-28 10:08:16.480 +08:00 [docker-arsidentityserver0421001] [Error] SkyApm.Transport.Grpc.V8.ServiceRegister : Report service instance properties fail.
Grpc.Core.RpcException: Status(StatusCode="Unavailable", Detail="Error connecting to subchannel.", DebugException="System.Net.Sockets.SocketException (10061): 由于目标计算机积极拒绝，无法连接。
   at System.Net.Sockets.Socket.AwaitableSocketAsyncEventArgs.ThrowException(SocketError error, CancellationToken cancellationToken)
   at System.Net.Sockets.Socket.AwaitableSocketAsyncEventArgs.System.Threading.Tasks.Sources.IValueTaskSource.GetResult(Int16 token)
   at System.Net.Sockets.Socket.<ConnectAsync>g__WaitForConnectWithCancellation|285_0(AwaitableSocketAsyncEventArgs saea, ValueTask connectTask, CancellationToken cancellationToken)
   at Grpc.Net.Client.Balancer.Internal.SocketConnectivitySubchannelTransport.TryConnectAsync(CancellationToken cancellationToken)")
   at Grpc.Net.Client.Balancer.Internal.ConnectionManager.PickAsync(PickContext context, Boolean waitForReady, CancellationToken cancellationToken)
   at Grpc.Net.Client.Balancer.Internal.BalancerHttpHandler.SendAsync(HttpRequestMessage request, CancellationToken cancellationToken)
   at Grpc.Net.Client.Internal.GrpcCall`2.RunCall(HttpRequestMessage request, Nullable`1 timeout)
   at SkyApm.Transport.Grpc.V8.ServiceRegister.<>c__DisplayClass9_0.<<ReportInstancePropertiesAsync>b__0>d.MoveNext()
--- End of stack trace from previous location ---
   at SkyApm.Transport.Grpc.Common.Call.Execute[T](Func`1 task, Func`1 errCallback, Func`1 errMessage)
2025-10-28 10:08:16.480 +08:00 [docker-arsidentityserver0421001] [Warning] SkyApm.Transport.Grpc.ConnectionManager : Connection state changed. Status(StatusCode="Unavailable", Detail="Error connecting to subchannel.", DebugException="System.Net.Sockets.SocketException (10061): 由于目标计算机积极拒绝，无法连接。
   at System.Net.Sockets.Socket.AwaitableSocketAsyncEventArgs.ThrowException(SocketError error, CancellationToken cancellationToken)
   at System.Net.Sockets.Socket.AwaitableSocketAsyncEventArgs.System.Threading.Tasks.Sources.IValueTaskSource.GetResult(Int16 token)
   at System.Net.Sockets.Socket.<ConnectAsync>g__WaitForConnectWithCancellation|285_0(AwaitableSocketAsyncEventArgs saea, ValueTask connectTask, CancellationToken cancellationToken)
   at Grpc.Net.Client.Balancer.Internal.SocketConnectivitySubchannelTransport.TryConnectAsync(CancellationToken cancellationToken)")
2025-10-28 10:08:29.444 +08:00 [docker-arsidentityserver0421001] [Information] SkyApm.Transport.Grpc.ConnectionManager : Shutdown connection[172.20.64.1:11800].
2025-10-28 10:08:29.445 +08:00 [docker-arsidentityserver0421001] [Information] SkyApm.Transport.Grpc.ConnectionManager : Connected server[172.20.64.1:11800].
2025-10-28 10:08:46.480 +08:00 [docker-arsidentityserver0421001] [Error] SkyApm.Transport.Grpc.V8.ServiceRegister : Report service instance properties fail.
Grpc.Core.RpcException: Status(StatusCode="Unavailable", Detail="Error connecting to subchannel.", DebugException="System.Net.Sockets.SocketException (10061): 由于目标计算机积极拒绝，无法连接。
   at System.Net.Sockets.Socket.AwaitableSocketAsyncEventArgs.ThrowException(SocketError error, CancellationToken cancellationToken)
   at System.Net.Sockets.Socket.AwaitableSocketAsyncEventArgs.System.Threading.Tasks.Sources.IValueTaskSource.GetResult(Int16 token)
   at System.Net.Sockets.Socket.<ConnectAsync>g__WaitForConnectWithCancellation|285_0(AwaitableSocketAsyncEventArgs saea, ValueTask connectTask, CancellationToken cancellationToken)
   at Grpc.Net.Client.Balancer.Internal.SocketConnectivitySubchannelTransport.TryConnectAsync(CancellationToken cancellationToken)")
   at Grpc.Net.Client.Balancer.Internal.ConnectionManager.PickAsync(PickContext context, Boolean waitForReady, CancellationToken cancellationToken)
   at Grpc.Net.Client.Balancer.Internal.BalancerHttpHandler.SendAsync(HttpRequestMessage request, CancellationToken cancellationToken)
   at Grpc.Net.Client.Internal.GrpcCall`2.RunCall(HttpRequestMessage request, Nullable`1 timeout)
   at SkyApm.Transport.Grpc.V8.ServiceRegister.<>c__DisplayClass9_0.<<ReportInstancePropertiesAsync>b__0>d.MoveNext()
--- End of stack trace from previous location ---
   at SkyApm.Transport.Grpc.Common.Call.Execute[T](Func`1 task, Func`1 errCallback, Func`1 errMessage)
2025-10-28 10:08:46.480 +08:00 [docker-arsidentityserver0421001] [Warning] SkyApm.Transport.Grpc.ConnectionManager : Connection state changed. Status(StatusCode="Unavailable", Detail="Error connecting to subchannel.", DebugException="System.Net.Sockets.SocketException (10061): 由于目标计算机积极拒绝，无法连接。
   at System.Net.Sockets.Socket.AwaitableSocketAsyncEventArgs.ThrowException(SocketError error, CancellationToken cancellationToken)
   at System.Net.Sockets.Socket.AwaitableSocketAsyncEventArgs.System.Threading.Tasks.Sources.IValueTaskSource.GetResult(Int16 token)
   at System.Net.Sockets.Socket.<ConnectAsync>g__WaitForConnectWithCancellation|285_0(AwaitableSocketAsyncEventArgs saea, ValueTask connectTask, CancellationToken cancellationToken)
   at Grpc.Net.Client.Balancer.Internal.SocketConnectivitySubchannelTransport.TryConnectAsync(CancellationToken cancellationToken)")
2025-10-28 10:08:59.438 +08:00 [docker-arsidentityserver0421001] [Information] SkyApm.Transport.Grpc.ConnectionManager : Shutdown connection[172.20.64.1:11800].
2025-10-28 10:08:59.438 +08:00 [docker-arsidentityserver0421001] [Information] SkyApm.Transport.Grpc.ConnectionManager : Connected server[172.20.64.1:11800].
2025-10-28 10:09:16.480 +08:00 [docker-arsidentityserver0421001] [Error] SkyApm.Transport.Grpc.V8.ServiceRegister : Report service instance properties fail.
Grpc.Core.RpcException: Status(StatusCode="Unavailable", Detail="Error connecting to subchannel.", DebugException="System.Net.Sockets.SocketException (10061): 由于目标计算机积极拒绝，无法连接。
   at System.Net.Sockets.Socket.AwaitableSocketAsyncEventArgs.ThrowException(SocketError error, CancellationToken cancellationToken)
   at System.Net.Sockets.Socket.AwaitableSocketAsyncEventArgs.System.Threading.Tasks.Sources.IValueTaskSource.GetResult(Int16 token)
   at System.Net.Sockets.Socket.<ConnectAsync>g__WaitForConnectWithCancellation|285_0(AwaitableSocketAsyncEventArgs saea, ValueTask connectTask, CancellationToken cancellationToken)
   at Grpc.Net.Client.Balancer.Internal.SocketConnectivitySubchannelTransport.TryConnectAsync(CancellationToken cancellationToken)")
   at Grpc.Net.Client.Balancer.Internal.ConnectionManager.PickAsync(PickContext context, Boolean waitForReady, CancellationToken cancellationToken)
   at Grpc.Net.Client.Balancer.Internal.BalancerHttpHandler.SendAsync(HttpRequestMessage request, CancellationToken cancellationToken)
   at Grpc.Net.Client.Internal.GrpcCall`2.RunCall(HttpRequestMessage request, Nullable`1 timeout)
   at SkyApm.Transport.Grpc.V8.ServiceRegister.<>c__DisplayClass9_0.<<ReportInstancePropertiesAsync>b__0>d.MoveNext()
--- End of stack trace from previous location ---
   at SkyApm.Transport.Grpc.Common.Call.Execute[T](Func`1 task, Func`1 errCallback, Func`1 errMessage)
2025-10-28 10:09:16.480 +08:00 [docker-arsidentityserver0421001] [Warning] SkyApm.Transport.Grpc.ConnectionManager : Connection state changed. Status(StatusCode="Unavailable", Detail="Error connecting to subchannel.", DebugException="System.Net.Sockets.SocketException (10061): 由于目标计算机积极拒绝，无法连接。
   at System.Net.Sockets.Socket.AwaitableSocketAsyncEventArgs.ThrowException(SocketError error, CancellationToken cancellationToken)
   at System.Net.Sockets.Socket.AwaitableSocketAsyncEventArgs.System.Threading.Tasks.Sources.IValueTaskSource.GetResult(Int16 token)
   at System.Net.Sockets.Socket.<ConnectAsync>g__WaitForConnectWithCancellation|285_0(AwaitableSocketAsyncEventArgs saea, ValueTask connectTask, CancellationToken cancellationToken)
   at Grpc.Net.Client.Balancer.Internal.SocketConnectivitySubchannelTransport.TryConnectAsync(CancellationToken cancellationToken)")
2025-10-28 10:09:29.445 +08:00 [docker-arsidentityserver0421001] [Information] SkyApm.Transport.Grpc.ConnectionManager : Shutdown connection[172.20.64.1:11800].
2025-10-28 10:09:29.445 +08:00 [docker-arsidentityserver0421001] [Information] SkyApm.Transport.Grpc.ConnectionManager : Connected server[172.20.64.1:11800].
2025-10-28 10:09:46.478 +08:00 [docker-arsidentityserver0421001] [Error] SkyApm.Transport.Grpc.V8.ServiceRegister : Report service instance properties fail.
Grpc.Core.RpcException: Status(StatusCode="Unavailable", Detail="Error connecting to subchannel.", DebugException="System.Net.Sockets.SocketException (10061): 由于目标计算机积极拒绝，无法连接。
   at System.Net.Sockets.Socket.AwaitableSocketAsyncEventArgs.ThrowException(SocketError error, CancellationToken cancellationToken)
   at System.Net.Sockets.Socket.AwaitableSocketAsyncEventArgs.System.Threading.Tasks.Sources.IValueTaskSource.GetResult(Int16 token)
   at System.Net.Sockets.Socket.<ConnectAsync>g__WaitForConnectWithCancellation|285_0(AwaitableSocketAsyncEventArgs saea, ValueTask connectTask, CancellationToken cancellationToken)
   at Grpc.Net.Client.Balancer.Internal.SocketConnectivitySubchannelTransport.TryConnectAsync(CancellationToken cancellationToken)")
   at Grpc.Net.Client.Balancer.Internal.ConnectionManager.PickAsync(PickContext context, Boolean waitForReady, CancellationToken cancellationToken)
   at Grpc.Net.Client.Balancer.Internal.BalancerHttpHandler.SendAsync(HttpRequestMessage request, CancellationToken cancellationToken)
   at Grpc.Net.Client.Internal.GrpcCall`2.RunCall(HttpRequestMessage request, Nullable`1 timeout)
   at SkyApm.Transport.Grpc.V8.ServiceRegister.<>c__DisplayClass9_0.<<ReportInstancePropertiesAsync>b__0>d.MoveNext()
--- End of stack trace from previous location ---
   at SkyApm.Transport.Grpc.Common.Call.Execute[T](Func`1 task, Func`1 errCallback, Func`1 errMessage)
2025-10-28 10:09:46.478 +08:00 [docker-arsidentityserver0421001] [Warning] SkyApm.Transport.Grpc.ConnectionManager : Connection state changed. Status(StatusCode="Unavailable", Detail="Error connecting to subchannel.", DebugException="System.Net.Sockets.SocketException (10061): 由于目标计算机积极拒绝，无法连接。
   at System.Net.Sockets.Socket.AwaitableSocketAsyncEventArgs.ThrowException(SocketError error, CancellationToken cancellationToken)
   at System.Net.Sockets.Socket.AwaitableSocketAsyncEventArgs.System.Threading.Tasks.Sources.IValueTaskSource.GetResult(Int16 token)
   at System.Net.Sockets.Socket.<ConnectAsync>g__WaitForConnectWithCancellation|285_0(AwaitableSocketAsyncEventArgs saea, ValueTask connectTask, CancellationToken cancellationToken)
   at Grpc.Net.Client.Balancer.Internal.SocketConnectivitySubchannelTransport.TryConnectAsync(CancellationToken cancellationToken)")
2025-10-28 10:09:59.445 +08:00 [docker-arsidentityserver0421001] [Information] SkyApm.Transport.Grpc.ConnectionManager : Shutdown connection[172.20.64.1:11800].
2025-10-28 10:09:59.446 +08:00 [docker-arsidentityserver0421001] [Information] SkyApm.Transport.Grpc.ConnectionManager : Connected server[172.20.64.1:11800].
2025-10-28 10:10:16.464 +08:00 [docker-arsidentityserver0421001] [Error] SkyApm.Transport.Grpc.V8.ServiceRegister : Report service instance properties fail.
Grpc.Core.RpcException: Status(StatusCode="Unavailable", Detail="Error connecting to subchannel.", DebugException="System.Net.Sockets.SocketException (10061): 由于目标计算机积极拒绝，无法连接。
   at System.Net.Sockets.Socket.AwaitableSocketAsyncEventArgs.System.Threading.Tasks.Sources.IValueTaskSource.GetResult(Int16 token)
   at System.Net.Sockets.Socket.<ConnectAsync>g__WaitForConnectWithCancellation|285_0(AwaitableSocketAsyncEventArgs saea, ValueTask connectTask, CancellationToken cancellationToken)
   at Grpc.Net.Client.Balancer.Internal.SocketConnectivitySubchannelTransport.TryConnectAsync(CancellationToken cancellationToken)")
   at Grpc.Net.Client.Balancer.Internal.ConnectionManager.PickAsync(PickContext context, Boolean waitForReady, CancellationToken cancellationToken)
   at Grpc.Net.Client.Balancer.Internal.BalancerHttpHandler.SendAsync(HttpRequestMessage request, CancellationToken cancellationToken)
   at Grpc.Net.Client.Internal.GrpcCall`2.RunCall(HttpRequestMessage request, Nullable`1 timeout)
   at SkyApm.Transport.Grpc.V8.ServiceRegister.<>c__DisplayClass9_0.<<ReportInstancePropertiesAsync>b__0>d.MoveNext()
--- End of stack trace from previous location ---
   at SkyApm.Transport.Grpc.Common.Call.Execute[T](Func`1 task, Func`1 errCallback, Func`1 errMessage)
2025-10-28 10:10:16.464 +08:00 [docker-arsidentityserver0421001] [Warning] SkyApm.Transport.Grpc.ConnectionManager : Connection state changed. Status(StatusCode="Unavailable", Detail="Error connecting to subchannel.", DebugException="System.Net.Sockets.SocketException (10061): 由于目标计算机积极拒绝，无法连接。
   at System.Net.Sockets.Socket.AwaitableSocketAsyncEventArgs.System.Threading.Tasks.Sources.IValueTaskSource.GetResult(Int16 token)
   at System.Net.Sockets.Socket.<ConnectAsync>g__WaitForConnectWithCancellation|285_0(AwaitableSocketAsyncEventArgs saea, ValueTask connectTask, CancellationToken cancellationToken)
   at Grpc.Net.Client.Balancer.Internal.SocketConnectivitySubchannelTransport.TryConnectAsync(CancellationToken cancellationToken)")
2025-10-28 10:10:29.444 +08:00 [docker-arsidentityserver0421001] [Information] SkyApm.Transport.Grpc.ConnectionManager : Shutdown connection[172.20.64.1:11800].
2025-10-28 10:10:29.444 +08:00 [docker-arsidentityserver0421001] [Information] SkyApm.Transport.Grpc.ConnectionManager : Connected server[172.20.64.1:11800].
2025-10-28 10:10:46.481 +08:00 [docker-arsidentityserver0421001] [Error] SkyApm.Transport.Grpc.V8.ServiceRegister : Report service instance properties fail.
Grpc.Core.RpcException: Status(StatusCode="Unavailable", Detail="Error connecting to subchannel.", DebugException="System.Net.Sockets.SocketException (10061): 由于目标计算机积极拒绝，无法连接。
   at System.Net.Sockets.Socket.AwaitableSocketAsyncEventArgs.System.Threading.Tasks.Sources.IValueTaskSource.GetResult(Int16 token)
   at System.Net.Sockets.Socket.<ConnectAsync>g__WaitForConnectWithCancellation|285_0(AwaitableSocketAsyncEventArgs saea, ValueTask connectTask, CancellationToken cancellationToken)
   at Grpc.Net.Client.Balancer.Internal.SocketConnectivitySubchannelTransport.TryConnectAsync(CancellationToken cancellationToken)")
   at Grpc.Net.Client.Balancer.Internal.ConnectionManager.PickAsync(PickContext context, Boolean waitForReady, CancellationToken cancellationToken)
   at Grpc.Net.Client.Balancer.Internal.BalancerHttpHandler.SendAsync(HttpRequestMessage request, CancellationToken cancellationToken)
   at Grpc.Net.Client.Internal.GrpcCall`2.RunCall(HttpRequestMessage request, Nullable`1 timeout)
   at SkyApm.Transport.Grpc.V8.ServiceRegister.<>c__DisplayClass9_0.<<ReportInstancePropertiesAsync>b__0>d.MoveNext()
--- End of stack trace from previous location ---
   at SkyApm.Transport.Grpc.Common.Call.Execute[T](Func`1 task, Func`1 errCallback, Func`1 errMessage)
2025-10-28 10:10:46.481 +08:00 [docker-arsidentityserver0421001] [Warning] SkyApm.Transport.Grpc.ConnectionManager : Connection state changed. Status(StatusCode="Unavailable", Detail="Error connecting to subchannel.", DebugException="System.Net.Sockets.SocketException (10061): 由于目标计算机积极拒绝，无法连接。
   at System.Net.Sockets.Socket.AwaitableSocketAsyncEventArgs.System.Threading.Tasks.Sources.IValueTaskSource.GetResult(Int16 token)
   at System.Net.Sockets.Socket.<ConnectAsync>g__WaitForConnectWithCancellation|285_0(AwaitableSocketAsyncEventArgs saea, ValueTask connectTask, CancellationToken cancellationToken)
   at Grpc.Net.Client.Balancer.Internal.SocketConnectivitySubchannelTransport.TryConnectAsync(CancellationToken cancellationToken)")
2025-10-28 10:10:59.444 +08:00 [docker-arsidentityserver0421001] [Information] SkyApm.Transport.Grpc.ConnectionManager : Shutdown connection[172.20.64.1:11800].
2025-10-28 10:10:59.444 +08:00 [docker-arsidentityserver0421001] [Information] SkyApm.Transport.Grpc.ConnectionManager : Connected server[172.20.64.1:11800].
2025-10-28 10:11:16.479 +08:00 [docker-arsidentityserver0421001] [Error] SkyApm.Transport.Grpc.V8.ServiceRegister : Report service instance properties fail.
Grpc.Core.RpcException: Status(StatusCode="Unavailable", Detail="Error connecting to subchannel.", DebugException="System.Net.Sockets.SocketException (10061): 由于目标计算机积极拒绝，无法连接。
   at System.Net.Sockets.Socket.AwaitableSocketAsyncEventArgs.System.Threading.Tasks.Sources.IValueTaskSource.GetResult(Int16 token)
   at System.Net.Sockets.Socket.<ConnectAsync>g__WaitForConnectWithCancellation|285_0(AwaitableSocketAsyncEventArgs saea, ValueTask connectTask, CancellationToken cancellationToken)
   at Grpc.Net.Client.Balancer.Internal.SocketConnectivitySubchannelTransport.TryConnectAsync(CancellationToken cancellationToken)")
   at Grpc.Net.Client.Balancer.Internal.ConnectionManager.PickAsync(PickContext context, Boolean waitForReady, CancellationToken cancellationToken)
   at Grpc.Net.Client.Balancer.Internal.BalancerHttpHandler.SendAsync(HttpRequestMessage request, CancellationToken cancellationToken)
   at Grpc.Net.Client.Internal.GrpcCall`2.RunCall(HttpRequestMessage request, Nullable`1 timeout)
   at SkyApm.Transport.Grpc.V8.ServiceRegister.<>c__DisplayClass9_0.<<ReportInstancePropertiesAsync>b__0>d.MoveNext()
--- End of stack trace from previous location ---
   at SkyApm.Transport.Grpc.Common.Call.Execute[T](Func`1 task, Func`1 errCallback, Func`1 errMessage)
2025-10-28 10:11:16.480 +08:00 [docker-arsidentityserver0421001] [Warning] SkyApm.Transport.Grpc.ConnectionManager : Connection state changed. Status(StatusCode="Unavailable", Detail="Error connecting to subchannel.", DebugException="System.Net.Sockets.SocketException (10061): 由于目标计算机积极拒绝，无法连接。
   at System.Net.Sockets.Socket.AwaitableSocketAsyncEventArgs.System.Threading.Tasks.Sources.IValueTaskSource.GetResult(Int16 token)
   at System.Net.Sockets.Socket.<ConnectAsync>g__WaitForConnectWithCancellation|285_0(AwaitableSocketAsyncEventArgs saea, ValueTask connectTask, CancellationToken cancellationToken)
   at Grpc.Net.Client.Balancer.Internal.SocketConnectivitySubchannelTransport.TryConnectAsync(CancellationToken cancellationToken)")
2025-10-28 10:11:29.444 +08:00 [docker-arsidentityserver0421001] [Information] SkyApm.Transport.Grpc.ConnectionManager : Shutdown connection[172.20.64.1:11800].
2025-10-28 10:11:29.445 +08:00 [docker-arsidentityserver0421001] [Information] SkyApm.Transport.Grpc.ConnectionManager : Connected server[172.20.64.1:11800].
2025-10-28 10:11:46.480 +08:00 [docker-arsidentityserver0421001] [Error] SkyApm.Transport.Grpc.V8.ServiceRegister : Report service instance properties fail.
Grpc.Core.RpcException: Status(StatusCode="Unavailable", Detail="Error connecting to subchannel.", DebugException="System.Net.Sockets.SocketException (10061): 由于目标计算机积极拒绝，无法连接。
   at System.Net.Sockets.Socket.AwaitableSocketAsyncEventArgs.System.Threading.Tasks.Sources.IValueTaskSource.GetResult(Int16 token)
   at System.Net.Sockets.Socket.<ConnectAsync>g__WaitForConnectWithCancellation|285_0(AwaitableSocketAsyncEventArgs saea, ValueTask connectTask, CancellationToken cancellationToken)
   at Grpc.Net.Client.Balancer.Internal.SocketConnectivitySubchannelTransport.TryConnectAsync(CancellationToken cancellationToken)")
   at Grpc.Net.Client.Balancer.Internal.ConnectionManager.PickAsync(PickContext context, Boolean waitForReady, CancellationToken cancellationToken)
   at Grpc.Net.Client.Balancer.Internal.BalancerHttpHandler.SendAsync(HttpRequestMessage request, CancellationToken cancellationToken)
   at Grpc.Net.Client.Internal.GrpcCall`2.RunCall(HttpRequestMessage request, Nullable`1 timeout)
   at SkyApm.Transport.Grpc.V8.ServiceRegister.<>c__DisplayClass9_0.<<ReportInstancePropertiesAsync>b__0>d.MoveNext()
--- End of stack trace from previous location ---
   at SkyApm.Transport.Grpc.Common.Call.Execute[T](Func`1 task, Func`1 errCallback, Func`1 errMessage)
2025-10-28 10:11:46.480 +08:00 [docker-arsidentityserver0421001] [Warning] SkyApm.Transport.Grpc.ConnectionManager : Connection state changed. Status(StatusCode="Unavailable", Detail="Error connecting to subchannel.", DebugException="System.Net.Sockets.SocketException (10061): 由于目标计算机积极拒绝，无法连接。
   at System.Net.Sockets.Socket.AwaitableSocketAsyncEventArgs.System.Threading.Tasks.Sources.IValueTaskSource.GetResult(Int16 token)
   at System.Net.Sockets.Socket.<ConnectAsync>g__WaitForConnectWithCancellation|285_0(AwaitableSocketAsyncEventArgs saea, ValueTask connectTask, CancellationToken cancellationToken)
   at Grpc.Net.Client.Balancer.Internal.SocketConnectivitySubchannelTransport.TryConnectAsync(CancellationToken cancellationToken)")
2025-10-28 10:11:59.445 +08:00 [docker-arsidentityserver0421001] [Information] SkyApm.Transport.Grpc.ConnectionManager : Shutdown connection[172.20.64.1:11800].
2025-10-28 10:11:59.446 +08:00 [docker-arsidentityserver0421001] [Information] SkyApm.Transport.Grpc.ConnectionManager : Connected server[172.20.64.1:11800].
2025-10-28 10:12:16.480 +08:00 [docker-arsidentityserver0421001] [Error] SkyApm.Transport.Grpc.V8.ServiceRegister : Report service instance properties fail.
Grpc.Core.RpcException: Status(StatusCode="Unavailable", Detail="Error connecting to subchannel.", DebugException="System.Net.Sockets.SocketException (10061): 由于目标计算机积极拒绝，无法连接。
   at System.Net.Sockets.Socket.AwaitableSocketAsyncEventArgs.System.Threading.Tasks.Sources.IValueTaskSource.GetResult(Int16 token)
   at System.Net.Sockets.Socket.<ConnectAsync>g__WaitForConnectWithCancellation|285_0(AwaitableSocketAsyncEventArgs saea, ValueTask connectTask, CancellationToken cancellationToken)
   at Grpc.Net.Client.Balancer.Internal.SocketConnectivitySubchannelTransport.TryConnectAsync(CancellationToken cancellationToken)")
   at Grpc.Net.Client.Balancer.Internal.ConnectionManager.PickAsync(PickContext context, Boolean waitForReady, CancellationToken cancellationToken)
   at Grpc.Net.Client.Balancer.Internal.BalancerHttpHandler.SendAsync(HttpRequestMessage request, CancellationToken cancellationToken)
   at Grpc.Net.Client.Internal.GrpcCall`2.RunCall(HttpRequestMessage request, Nullable`1 timeout)
   at SkyApm.Transport.Grpc.V8.ServiceRegister.<>c__DisplayClass9_0.<<ReportInstancePropertiesAsync>b__0>d.MoveNext()
--- End of stack trace from previous location ---
   at SkyApm.Transport.Grpc.Common.Call.Execute[T](Func`1 task, Func`1 errCallback, Func`1 errMessage)
2025-10-28 10:12:16.480 +08:00 [docker-arsidentityserver0421001] [Warning] SkyApm.Transport.Grpc.ConnectionManager : Connection state changed. Status(StatusCode="Unavailable", Detail="Error connecting to subchannel.", DebugException="System.Net.Sockets.SocketException (10061): 由于目标计算机积极拒绝，无法连接。
   at System.Net.Sockets.Socket.AwaitableSocketAsyncEventArgs.System.Threading.Tasks.Sources.IValueTaskSource.GetResult(Int16 token)
   at System.Net.Sockets.Socket.<ConnectAsync>g__WaitForConnectWithCancellation|285_0(AwaitableSocketAsyncEventArgs saea, ValueTask connectTask, CancellationToken cancellationToken)
   at Grpc.Net.Client.Balancer.Internal.SocketConnectivitySubchannelTransport.TryConnectAsync(CancellationToken cancellationToken)")
2025-10-28 10:12:29.437 +08:00 [docker-arsidentityserver0421001] [Information] SkyApm.Transport.Grpc.ConnectionManager : Shutdown connection[172.20.64.1:11800].
2025-10-28 10:12:29.437 +08:00 [docker-arsidentityserver0421001] [Information] SkyApm.Transport.Grpc.ConnectionManager : Connected server[172.20.64.1:11800].
2025-10-28 10:12:46.480 +08:00 [docker-arsidentityserver0421001] [Error] SkyApm.Transport.Grpc.V8.ServiceRegister : Report service instance properties fail.
Grpc.Core.RpcException: Status(StatusCode="Unavailable", Detail="Error connecting to subchannel.", DebugException="System.Net.Sockets.SocketException (10061): 由于目标计算机积极拒绝，无法连接。
   at System.Net.Sockets.Socket.AwaitableSocketAsyncEventArgs.System.Threading.Tasks.Sources.IValueTaskSource.GetResult(Int16 token)
   at System.Net.Sockets.Socket.<ConnectAsync>g__WaitForConnectWithCancellation|285_0(AwaitableSocketAsyncEventArgs saea, ValueTask connectTask, CancellationToken cancellationToken)
   at Grpc.Net.Client.Balancer.Internal.SocketConnectivitySubchannelTransport.TryConnectAsync(CancellationToken cancellationToken)")
   at Grpc.Net.Client.Balancer.Internal.ConnectionManager.PickAsync(PickContext context, Boolean waitForReady, CancellationToken cancellationToken)
   at Grpc.Net.Client.Balancer.Internal.BalancerHttpHandler.SendAsync(HttpRequestMessage request, CancellationToken cancellationToken)
   at Grpc.Net.Client.Internal.GrpcCall`2.RunCall(HttpRequestMessage request, Nullable`1 timeout)
   at SkyApm.Transport.Grpc.V8.ServiceRegister.<>c__DisplayClass9_0.<<ReportInstancePropertiesAsync>b__0>d.MoveNext()
--- End of stack trace from previous location ---
   at SkyApm.Transport.Grpc.Common.Call.Execute[T](Func`1 task, Func`1 errCallback, Func`1 errMessage)
2025-10-28 10:12:46.480 +08:00 [docker-arsidentityserver0421001] [Warning] SkyApm.Transport.Grpc.ConnectionManager : Connection state changed. Status(StatusCode="Unavailable", Detail="Error connecting to subchannel.", DebugException="System.Net.Sockets.SocketException (10061): 由于目标计算机积极拒绝，无法连接。
   at System.Net.Sockets.Socket.AwaitableSocketAsyncEventArgs.System.Threading.Tasks.Sources.IValueTaskSource.GetResult(Int16 token)
   at System.Net.Sockets.Socket.<ConnectAsync>g__WaitForConnectWithCancellation|285_0(AwaitableSocketAsyncEventArgs saea, ValueTask connectTask, CancellationToken cancellationToken)
   at Grpc.Net.Client.Balancer.Internal.SocketConnectivitySubchannelTransport.TryConnectAsync(CancellationToken cancellationToken)")
2025-10-28 10:12:59.435 +08:00 [docker-arsidentityserver0421001] [Information] SkyApm.Transport.Grpc.ConnectionManager : Shutdown connection[172.20.64.1:11800].
2025-10-28 10:12:59.435 +08:00 [docker-arsidentityserver0421001] [Information] SkyApm.Transport.Grpc.ConnectionManager : Connected server[172.20.64.1:11800].
2025-10-28 10:13:16.479 +08:00 [docker-arsidentityserver0421001] [Error] SkyApm.Transport.Grpc.V8.ServiceRegister : Report service instance properties fail.
Grpc.Core.RpcException: Status(StatusCode="Unavailable", Detail="Error connecting to subchannel.", DebugException="System.Net.Sockets.SocketException (10061): 由于目标计算机积极拒绝，无法连接。
   at System.Net.Sockets.Socket.AwaitableSocketAsyncEventArgs.System.Threading.Tasks.Sources.IValueTaskSource.GetResult(Int16 token)
   at System.Net.Sockets.Socket.<ConnectAsync>g__WaitForConnectWithCancellation|285_0(AwaitableSocketAsyncEventArgs saea, ValueTask connectTask, CancellationToken cancellationToken)
   at Grpc.Net.Client.Balancer.Internal.SocketConnectivitySubchannelTransport.TryConnectAsync(CancellationToken cancellationToken)")
   at Grpc.Net.Client.Balancer.Internal.ConnectionManager.PickAsync(PickContext context, Boolean waitForReady, CancellationToken cancellationToken)
   at Grpc.Net.Client.Balancer.Internal.BalancerHttpHandler.SendAsync(HttpRequestMessage request, CancellationToken cancellationToken)
   at Grpc.Net.Client.Internal.GrpcCall`2.RunCall(HttpRequestMessage request, Nullable`1 timeout)
   at SkyApm.Transport.Grpc.V8.ServiceRegister.<>c__DisplayClass9_0.<<ReportInstancePropertiesAsync>b__0>d.MoveNext()
--- End of stack trace from previous location ---
   at SkyApm.Transport.Grpc.Common.Call.Execute[T](Func`1 task, Func`1 errCallback, Func`1 errMessage)
2025-10-28 10:13:16.479 +08:00 [docker-arsidentityserver0421001] [Warning] SkyApm.Transport.Grpc.ConnectionManager : Connection state changed. Status(StatusCode="Unavailable", Detail="Error connecting to subchannel.", DebugException="System.Net.Sockets.SocketException (10061): 由于目标计算机积极拒绝，无法连接。
   at System.Net.Sockets.Socket.AwaitableSocketAsyncEventArgs.System.Threading.Tasks.Sources.IValueTaskSource.GetResult(Int16 token)
   at System.Net.Sockets.Socket.<ConnectAsync>g__WaitForConnectWithCancellation|285_0(AwaitableSocketAsyncEventArgs saea, ValueTask connectTask, CancellationToken cancellationToken)
   at Grpc.Net.Client.Balancer.Internal.SocketConnectivitySubchannelTransport.TryConnectAsync(CancellationToken cancellationToken)")
2025-10-28 10:13:29.444 +08:00 [docker-arsidentityserver0421001] [Information] SkyApm.Transport.Grpc.ConnectionManager : Shutdown connection[172.20.64.1:11800].
2025-10-28 10:13:29.444 +08:00 [docker-arsidentityserver0421001] [Information] SkyApm.Transport.Grpc.ConnectionManager : Connected server[172.20.64.1:11800].
2025-10-28 10:13:46.481 +08:00 [docker-arsidentityserver0421001] [Error] SkyApm.Transport.Grpc.V8.ServiceRegister : Report service instance properties fail.
Grpc.Core.RpcException: Status(StatusCode="Unavailable", Detail="Error connecting to subchannel.", DebugException="System.Net.Sockets.SocketException (10061): 由于目标计算机积极拒绝，无法连接。
   at System.Net.Sockets.Socket.AwaitableSocketAsyncEventArgs.System.Threading.Tasks.Sources.IValueTaskSource.GetResult(Int16 token)
   at System.Net.Sockets.Socket.<ConnectAsync>g__WaitForConnectWithCancellation|285_0(AwaitableSocketAsyncEventArgs saea, ValueTask connectTask, CancellationToken cancellationToken)
   at Grpc.Net.Client.Balancer.Internal.SocketConnectivitySubchannelTransport.TryConnectAsync(CancellationToken cancellationToken)")
   at Grpc.Net.Client.Balancer.Internal.ConnectionManager.PickAsync(PickContext context, Boolean waitForReady, CancellationToken cancellationToken)
   at Grpc.Net.Client.Balancer.Internal.BalancerHttpHandler.SendAsync(HttpRequestMessage request, CancellationToken cancellationToken)
   at Grpc.Net.Client.Internal.GrpcCall`2.RunCall(HttpRequestMessage request, Nullable`1 timeout)
   at SkyApm.Transport.Grpc.V8.ServiceRegister.<>c__DisplayClass9_0.<<ReportInstancePropertiesAsync>b__0>d.MoveNext()
--- End of stack trace from previous location ---
   at SkyApm.Transport.Grpc.Common.Call.Execute[T](Func`1 task, Func`1 errCallback, Func`1 errMessage)
2025-10-28 10:13:46.481 +08:00 [docker-arsidentityserver0421001] [Warning] SkyApm.Transport.Grpc.ConnectionManager : Connection state changed. Status(StatusCode="Unavailable", Detail="Error connecting to subchannel.", DebugException="System.Net.Sockets.SocketException (10061): 由于目标计算机积极拒绝，无法连接。
   at System.Net.Sockets.Socket.AwaitableSocketAsyncEventArgs.System.Threading.Tasks.Sources.IValueTaskSource.GetResult(Int16 token)
   at System.Net.Sockets.Socket.<ConnectAsync>g__WaitForConnectWithCancellation|285_0(AwaitableSocketAsyncEventArgs saea, ValueTask connectTask, CancellationToken cancellationToken)
   at Grpc.Net.Client.Balancer.Internal.SocketConnectivitySubchannelTransport.TryConnectAsync(CancellationToken cancellationToken)")
2025-10-28 10:13:59.445 +08:00 [docker-arsidentityserver0421001] [Information] SkyApm.Transport.Grpc.ConnectionManager : Shutdown connection[172.20.64.1:11800].
2025-10-28 10:13:59.446 +08:00 [docker-arsidentityserver0421001] [Information] SkyApm.Transport.Grpc.ConnectionManager : Connected server[172.20.64.1:11800].
2025-10-28 10:14:16.480 +08:00 [docker-arsidentityserver0421001] [Error] SkyApm.Transport.Grpc.V8.ServiceRegister : Report service instance properties fail.
Grpc.Core.RpcException: Status(StatusCode="Unavailable", Detail="Error connecting to subchannel.", DebugException="System.Net.Sockets.SocketException (10061): 由于目标计算机积极拒绝，无法连接。
   at System.Net.Sockets.Socket.AwaitableSocketAsyncEventArgs.System.Threading.Tasks.Sources.IValueTaskSource.GetResult(Int16 token)
   at System.Net.Sockets.Socket.<ConnectAsync>g__WaitForConnectWithCancellation|285_0(AwaitableSocketAsyncEventArgs saea, ValueTask connectTask, CancellationToken cancellationToken)
   at Grpc.Net.Client.Balancer.Internal.SocketConnectivitySubchannelTransport.TryConnectAsync(CancellationToken cancellationToken)")
   at Grpc.Net.Client.Balancer.Internal.ConnectionManager.PickAsync(PickContext context, Boolean waitForReady, CancellationToken cancellationToken)
   at Grpc.Net.Client.Balancer.Internal.BalancerHttpHandler.SendAsync(HttpRequestMessage request, CancellationToken cancellationToken)
   at Grpc.Net.Client.Internal.GrpcCall`2.RunCall(HttpRequestMessage request, Nullable`1 timeout)
   at SkyApm.Transport.Grpc.V8.ServiceRegister.<>c__DisplayClass9_0.<<ReportInstancePropertiesAsync>b__0>d.MoveNext()
--- End of stack trace from previous location ---
   at SkyApm.Transport.Grpc.Common.Call.Execute[T](Func`1 task, Func`1 errCallback, Func`1 errMessage)
2025-10-28 10:14:16.480 +08:00 [docker-arsidentityserver0421001] [Warning] SkyApm.Transport.Grpc.ConnectionManager : Connection state changed. Status(StatusCode="Unavailable", Detail="Error connecting to subchannel.", DebugException="System.Net.Sockets.SocketException (10061): 由于目标计算机积极拒绝，无法连接。
   at System.Net.Sockets.Socket.AwaitableSocketAsyncEventArgs.System.Threading.Tasks.Sources.IValueTaskSource.GetResult(Int16 token)
   at System.Net.Sockets.Socket.<ConnectAsync>g__WaitForConnectWithCancellation|285_0(AwaitableSocketAsyncEventArgs saea, ValueTask connectTask, CancellationToken cancellationToken)
   at Grpc.Net.Client.Balancer.Internal.SocketConnectivitySubchannelTransport.TryConnectAsync(CancellationToken cancellationToken)")
2025-10-28 10:14:29.444 +08:00 [docker-arsidentityserver0421001] [Information] SkyApm.Transport.Grpc.ConnectionManager : Shutdown connection[172.20.64.1:11800].
2025-10-28 10:14:29.444 +08:00 [docker-arsidentityserver0421001] [Information] SkyApm.Transport.Grpc.ConnectionManager : Connected server[172.20.64.1:11800].
2025-10-28 10:14:46.478 +08:00 [docker-arsidentityserver0421001] [Error] SkyApm.Transport.Grpc.V8.ServiceRegister : Report service instance properties fail.
Grpc.Core.RpcException: Status(StatusCode="Unavailable", Detail="Error connecting to subchannel.", DebugException="System.Net.Sockets.SocketException (10061): 由于目标计算机积极拒绝，无法连接。
   at System.Net.Sockets.Socket.AwaitableSocketAsyncEventArgs.System.Threading.Tasks.Sources.IValueTaskSource.GetResult(Int16 token)
   at System.Net.Sockets.Socket.<ConnectAsync>g__WaitForConnectWithCancellation|285_0(AwaitableSocketAsyncEventArgs saea, ValueTask connectTask, CancellationToken cancellationToken)
   at Grpc.Net.Client.Balancer.Internal.SocketConnectivitySubchannelTransport.TryConnectAsync(CancellationToken cancellationToken)")
   at Grpc.Net.Client.Balancer.Internal.ConnectionManager.PickAsync(PickContext context, Boolean waitForReady, CancellationToken cancellationToken)
   at Grpc.Net.Client.Balancer.Internal.BalancerHttpHandler.SendAsync(HttpRequestMessage request, CancellationToken cancellationToken)
   at Grpc.Net.Client.Internal.GrpcCall`2.RunCall(HttpRequestMessage request, Nullable`1 timeout)
   at SkyApm.Transport.Grpc.V8.ServiceRegister.<>c__DisplayClass9_0.<<ReportInstancePropertiesAsync>b__0>d.MoveNext()
--- End of stack trace from previous location ---
   at SkyApm.Transport.Grpc.Common.Call.Execute[T](Func`1 task, Func`1 errCallback, Func`1 errMessage)
2025-10-28 10:14:46.478 +08:00 [docker-arsidentityserver0421001] [Warning] SkyApm.Transport.Grpc.ConnectionManager : Connection state changed. Status(StatusCode="Unavailable", Detail="Error connecting to subchannel.", DebugException="System.Net.Sockets.SocketException (10061): 由于目标计算机积极拒绝，无法连接。
   at System.Net.Sockets.Socket.AwaitableSocketAsyncEventArgs.System.Threading.Tasks.Sources.IValueTaskSource.GetResult(Int16 token)
   at System.Net.Sockets.Socket.<ConnectAsync>g__WaitForConnectWithCancellation|285_0(AwaitableSocketAsyncEventArgs saea, ValueTask connectTask, CancellationToken cancellationToken)
   at Grpc.Net.Client.Balancer.Internal.SocketConnectivitySubchannelTransport.TryConnectAsync(CancellationToken cancellationToken)")
2025-10-28 10:14:59.439 +08:00 [docker-arsidentityserver0421001] [Information] SkyApm.Transport.Grpc.ConnectionManager : Shutdown connection[172.20.64.1:11800].
2025-10-28 10:14:59.439 +08:00 [docker-arsidentityserver0421001] [Information] SkyApm.Transport.Grpc.ConnectionManager : Connected server[172.20.64.1:11800].
2025-10-28 10:15:16.480 +08:00 [docker-arsidentityserver0421001] [Error] SkyApm.Transport.Grpc.V8.ServiceRegister : Report service instance properties fail.
Grpc.Core.RpcException: Status(StatusCode="Unavailable", Detail="Error connecting to subchannel.", DebugException="System.Net.Sockets.SocketException (10061): 由于目标计算机积极拒绝，无法连接。
   at System.Net.Sockets.Socket.AwaitableSocketAsyncEventArgs.System.Threading.Tasks.Sources.IValueTaskSource.GetResult(Int16 token)
   at System.Net.Sockets.Socket.<ConnectAsync>g__WaitForConnectWithCancellation|285_0(AwaitableSocketAsyncEventArgs saea, ValueTask connectTask, CancellationToken cancellationToken)
   at Grpc.Net.Client.Balancer.Internal.SocketConnectivitySubchannelTransport.TryConnectAsync(CancellationToken cancellationToken)")
   at Grpc.Net.Client.Balancer.Internal.ConnectionManager.PickAsync(PickContext context, Boolean waitForReady, CancellationToken cancellationToken)
   at Grpc.Net.Client.Balancer.Internal.BalancerHttpHandler.SendAsync(HttpRequestMessage request, CancellationToken cancellationToken)
   at Grpc.Net.Client.Internal.GrpcCall`2.RunCall(HttpRequestMessage request, Nullable`1 timeout)
   at SkyApm.Transport.Grpc.V8.ServiceRegister.<>c__DisplayClass9_0.<<ReportInstancePropertiesAsync>b__0>d.MoveNext()
--- End of stack trace from previous location ---
   at SkyApm.Transport.Grpc.Common.Call.Execute[T](Func`1 task, Func`1 errCallback, Func`1 errMessage)
2025-10-28 10:15:16.480 +08:00 [docker-arsidentityserver0421001] [Warning] SkyApm.Transport.Grpc.ConnectionManager : Connection state changed. Status(StatusCode="Unavailable", Detail="Error connecting to subchannel.", DebugException="System.Net.Sockets.SocketException (10061): 由于目标计算机积极拒绝，无法连接。
   at System.Net.Sockets.Socket.AwaitableSocketAsyncEventArgs.System.Threading.Tasks.Sources.IValueTaskSource.GetResult(Int16 token)
   at System.Net.Sockets.Socket.<ConnectAsync>g__WaitForConnectWithCancellation|285_0(AwaitableSocketAsyncEventArgs saea, ValueTask connectTask, CancellationToken cancellationToken)
   at Grpc.Net.Client.Balancer.Internal.SocketConnectivitySubchannelTransport.TryConnectAsync(CancellationToken cancellationToken)")
2025-10-28 10:15:29.445 +08:00 [docker-arsidentityserver0421001] [Information] SkyApm.Transport.Grpc.ConnectionManager : Shutdown connection[172.20.64.1:11800].
2025-10-28 10:15:29.445 +08:00 [docker-arsidentityserver0421001] [Information] SkyApm.Transport.Grpc.ConnectionManager : Connected server[172.20.64.1:11800].
2025-10-28 10:15:46.481 +08:00 [docker-arsidentityserver0421001] [Error] SkyApm.Transport.Grpc.V8.ServiceRegister : Report service instance properties fail.
Grpc.Core.RpcException: Status(StatusCode="Unavailable", Detail="Error connecting to subchannel.", DebugException="System.Net.Sockets.SocketException (10061): 由于目标计算机积极拒绝，无法连接。
   at System.Net.Sockets.Socket.AwaitableSocketAsyncEventArgs.System.Threading.Tasks.Sources.IValueTaskSource.GetResult(Int16 token)
   at System.Net.Sockets.Socket.<ConnectAsync>g__WaitForConnectWithCancellation|285_0(AwaitableSocketAsyncEventArgs saea, ValueTask connectTask, CancellationToken cancellationToken)
   at Grpc.Net.Client.Balancer.Internal.SocketConnectivitySubchannelTransport.TryConnectAsync(CancellationToken cancellationToken)")
   at Grpc.Net.Client.Balancer.Internal.ConnectionManager.PickAsync(PickContext context, Boolean waitForReady, CancellationToken cancellationToken)
   at Grpc.Net.Client.Balancer.Internal.BalancerHttpHandler.SendAsync(HttpRequestMessage request, CancellationToken cancellationToken)
   at Grpc.Net.Client.Internal.GrpcCall`2.RunCall(HttpRequestMessage request, Nullable`1 timeout)
   at SkyApm.Transport.Grpc.V8.ServiceRegister.<>c__DisplayClass9_0.<<ReportInstancePropertiesAsync>b__0>d.MoveNext()
--- End of stack trace from previous location ---
   at SkyApm.Transport.Grpc.Common.Call.Execute[T](Func`1 task, Func`1 errCallback, Func`1 errMessage)
2025-10-28 10:15:46.481 +08:00 [docker-arsidentityserver0421001] [Warning] SkyApm.Transport.Grpc.ConnectionManager : Connection state changed. Status(StatusCode="Unavailable", Detail="Error connecting to subchannel.", DebugException="System.Net.Sockets.SocketException (10061): 由于目标计算机积极拒绝，无法连接。
   at System.Net.Sockets.Socket.AwaitableSocketAsyncEventArgs.System.Threading.Tasks.Sources.IValueTaskSource.GetResult(Int16 token)
   at System.Net.Sockets.Socket.<ConnectAsync>g__WaitForConnectWithCancellation|285_0(AwaitableSocketAsyncEventArgs saea, ValueTask connectTask, CancellationToken cancellationToken)
   at Grpc.Net.Client.Balancer.Internal.SocketConnectivitySubchannelTransport.TryConnectAsync(CancellationToken cancellationToken)")
2025-10-28 10:15:59.445 +08:00 [docker-arsidentityserver0421001] [Information] SkyApm.Transport.Grpc.ConnectionManager : Shutdown connection[172.20.64.1:11800].
2025-10-28 10:15:59.445 +08:00 [docker-arsidentityserver0421001] [Information] SkyApm.Transport.Grpc.ConnectionManager : Connected server[172.20.64.1:11800].
2025-10-28 10:16:16.480 +08:00 [docker-arsidentityserver0421001] [Error] SkyApm.Transport.Grpc.V8.ServiceRegister : Report service instance properties fail.
Grpc.Core.RpcException: Status(StatusCode="Unavailable", Detail="Error connecting to subchannel.", DebugException="System.Net.Sockets.SocketException (10061): 由于目标计算机积极拒绝，无法连接。
   at System.Net.Sockets.Socket.AwaitableSocketAsyncEventArgs.System.Threading.Tasks.Sources.IValueTaskSource.GetResult(Int16 token)
   at System.Net.Sockets.Socket.<ConnectAsync>g__WaitForConnectWithCancellation|285_0(AwaitableSocketAsyncEventArgs saea, ValueTask connectTask, CancellationToken cancellationToken)
   at Grpc.Net.Client.Balancer.Internal.SocketConnectivitySubchannelTransport.TryConnectAsync(CancellationToken cancellationToken)")
   at Grpc.Net.Client.Balancer.Internal.ConnectionManager.PickAsync(PickContext context, Boolean waitForReady, CancellationToken cancellationToken)
   at Grpc.Net.Client.Balancer.Internal.BalancerHttpHandler.SendAsync(HttpRequestMessage request, CancellationToken cancellationToken)
   at Grpc.Net.Client.Internal.GrpcCall`2.RunCall(HttpRequestMessage request, Nullable`1 timeout)
   at SkyApm.Transport.Grpc.V8.ServiceRegister.<>c__DisplayClass9_0.<<ReportInstancePropertiesAsync>b__0>d.MoveNext()
--- End of stack trace from previous location ---
   at SkyApm.Transport.Grpc.Common.Call.Execute[T](Func`1 task, Func`1 errCallback, Func`1 errMessage)
2025-10-28 10:16:16.480 +08:00 [docker-arsidentityserver0421001] [Warning] SkyApm.Transport.Grpc.ConnectionManager : Connection state changed. Status(StatusCode="Unavailable", Detail="Error connecting to subchannel.", DebugException="System.Net.Sockets.SocketException (10061): 由于目标计算机积极拒绝，无法连接。
   at System.Net.Sockets.Socket.AwaitableSocketAsyncEventArgs.System.Threading.Tasks.Sources.IValueTaskSource.GetResult(Int16 token)
   at System.Net.Sockets.Socket.<ConnectAsync>g__WaitForConnectWithCancellation|285_0(AwaitableSocketAsyncEventArgs saea, ValueTask connectTask, CancellationToken cancellationToken)
   at Grpc.Net.Client.Balancer.Internal.SocketConnectivitySubchannelTransport.TryConnectAsync(CancellationToken cancellationToken)")
2025-10-28 10:16:29.443 +08:00 [docker-arsidentityserver0421001] [Information] SkyApm.Transport.Grpc.ConnectionManager : Shutdown connection[172.20.64.1:11800].
2025-10-28 10:16:29.444 +08:00 [docker-arsidentityserver0421001] [Information] SkyApm.Transport.Grpc.ConnectionManager : Connected server[172.20.64.1:11800].
2025-10-28 10:16:46.464 +08:00 [docker-arsidentityserver0421001] [Error] SkyApm.Transport.Grpc.V8.ServiceRegister : Report service instance properties fail.
Grpc.Core.RpcException: Status(StatusCode="Unavailable", Detail="Error connecting to subchannel.", DebugException="System.Net.Sockets.SocketException (10061): 由于目标计算机积极拒绝，无法连接。
   at System.Net.Sockets.Socket.AwaitableSocketAsyncEventArgs.System.Threading.Tasks.Sources.IValueTaskSource.GetResult(Int16 token)
   at System.Net.Sockets.Socket.<ConnectAsync>g__WaitForConnectWithCancellation|285_0(AwaitableSocketAsyncEventArgs saea, ValueTask connectTask, CancellationToken cancellationToken)
   at Grpc.Net.Client.Balancer.Internal.SocketConnectivitySubchannelTransport.TryConnectAsync(CancellationToken cancellationToken)")
   at Grpc.Net.Client.Balancer.Internal.ConnectionManager.PickAsync(PickContext context, Boolean waitForReady, CancellationToken cancellationToken)
   at Grpc.Net.Client.Balancer.Internal.BalancerHttpHandler.SendAsync(HttpRequestMessage request, CancellationToken cancellationToken)
   at Grpc.Net.Client.Internal.GrpcCall`2.RunCall(HttpRequestMessage request, Nullable`1 timeout)
   at SkyApm.Transport.Grpc.V8.ServiceRegister.<>c__DisplayClass9_0.<<ReportInstancePropertiesAsync>b__0>d.MoveNext()
--- End of stack trace from previous location ---
   at SkyApm.Transport.Grpc.Common.Call.Execute[T](Func`1 task, Func`1 errCallback, Func`1 errMessage)
2025-10-28 10:16:46.464 +08:00 [docker-arsidentityserver0421001] [Warning] SkyApm.Transport.Grpc.ConnectionManager : Connection state changed. Status(StatusCode="Unavailable", Detail="Error connecting to subchannel.", DebugException="System.Net.Sockets.SocketException (10061): 由于目标计算机积极拒绝，无法连接。
   at System.Net.Sockets.Socket.AwaitableSocketAsyncEventArgs.System.Threading.Tasks.Sources.IValueTaskSource.GetResult(Int16 token)
   at System.Net.Sockets.Socket.<ConnectAsync>g__WaitForConnectWithCancellation|285_0(AwaitableSocketAsyncEventArgs saea, ValueTask connectTask, CancellationToken cancellationToken)
   at Grpc.Net.Client.Balancer.Internal.SocketConnectivitySubchannelTransport.TryConnectAsync(CancellationToken cancellationToken)")
2025-10-28 10:16:59.435 +08:00 [docker-arsidentityserver0421001] [Information] SkyApm.Transport.Grpc.ConnectionManager : Shutdown connection[172.20.64.1:11800].
2025-10-28 10:16:59.436 +08:00 [docker-arsidentityserver0421001] [Information] SkyApm.Transport.Grpc.ConnectionManager : Connected server[172.20.64.1:11800].
2025-10-28 10:17:16.479 +08:00 [docker-arsidentityserver0421001] [Error] SkyApm.Transport.Grpc.V8.ServiceRegister : Report service instance properties fail.
Grpc.Core.RpcException: Status(StatusCode="Unavailable", Detail="Error connecting to subchannel.", DebugException="System.Net.Sockets.SocketException (10061): 由于目标计算机积极拒绝，无法连接。
   at System.Net.Sockets.Socket.AwaitableSocketAsyncEventArgs.System.Threading.Tasks.Sources.IValueTaskSource.GetResult(Int16 token)
   at System.Net.Sockets.Socket.<ConnectAsync>g__WaitForConnectWithCancellation|285_0(AwaitableSocketAsyncEventArgs saea, ValueTask connectTask, CancellationToken cancellationToken)
   at Grpc.Net.Client.Balancer.Internal.SocketConnectivitySubchannelTransport.TryConnectAsync(CancellationToken cancellationToken)")
   at Grpc.Net.Client.Balancer.Internal.ConnectionManager.PickAsync(PickContext context, Boolean waitForReady, CancellationToken cancellationToken)
   at Grpc.Net.Client.Balancer.Internal.BalancerHttpHandler.SendAsync(HttpRequestMessage request, CancellationToken cancellationToken)
   at Grpc.Net.Client.Internal.GrpcCall`2.RunCall(HttpRequestMessage request, Nullable`1 timeout)
   at SkyApm.Transport.Grpc.V8.ServiceRegister.<>c__DisplayClass9_0.<<ReportInstancePropertiesAsync>b__0>d.MoveNext()
--- End of stack trace from previous location ---
   at SkyApm.Transport.Grpc.Common.Call.Execute[T](Func`1 task, Func`1 errCallback, Func`1 errMessage)
2025-10-28 10:17:16.479 +08:00 [docker-arsidentityserver0421001] [Warning] SkyApm.Transport.Grpc.ConnectionManager : Connection state changed. Status(StatusCode="Unavailable", Detail="Error connecting to subchannel.", DebugException="System.Net.Sockets.SocketException (10061): 由于目标计算机积极拒绝，无法连接。
   at System.Net.Sockets.Socket.AwaitableSocketAsyncEventArgs.System.Threading.Tasks.Sources.IValueTaskSource.GetResult(Int16 token)
   at System.Net.Sockets.Socket.<ConnectAsync>g__WaitForConnectWithCancellation|285_0(AwaitableSocketAsyncEventArgs saea, ValueTask connectTask, CancellationToken cancellationToken)
   at Grpc.Net.Client.Balancer.Internal.SocketConnectivitySubchannelTransport.TryConnectAsync(CancellationToken cancellationToken)")
2025-10-28 10:17:29.434 +08:00 [docker-arsidentityserver0421001] [Information] SkyApm.Transport.Grpc.ConnectionManager : Shutdown connection[172.20.64.1:11800].
2025-10-28 10:17:29.434 +08:00 [docker-arsidentityserver0421001] [Information] SkyApm.Transport.Grpc.ConnectionManager : Connected server[172.20.64.1:11800].
2025-10-28 10:17:46.479 +08:00 [docker-arsidentityserver0421001] [Error] SkyApm.Transport.Grpc.V8.ServiceRegister : Report service instance properties fail.
Grpc.Core.RpcException: Status(StatusCode="Unavailable", Detail="Error connecting to subchannel.", DebugException="System.Net.Sockets.SocketException (10061): 由于目标计算机积极拒绝，无法连接。
   at System.Net.Sockets.Socket.AwaitableSocketAsyncEventArgs.System.Threading.Tasks.Sources.IValueTaskSource.GetResult(Int16 token)
   at System.Net.Sockets.Socket.<ConnectAsync>g__WaitForConnectWithCancellation|285_0(AwaitableSocketAsyncEventArgs saea, ValueTask connectTask, CancellationToken cancellationToken)
   at Grpc.Net.Client.Balancer.Internal.SocketConnectivitySubchannelTransport.TryConnectAsync(CancellationToken cancellationToken)")
   at Grpc.Net.Client.Balancer.Internal.ConnectionManager.PickAsync(PickContext context, Boolean waitForReady, CancellationToken cancellationToken)
   at Grpc.Net.Client.Balancer.Internal.BalancerHttpHandler.SendAsync(HttpRequestMessage request, CancellationToken cancellationToken)
   at Grpc.Net.Client.Internal.GrpcCall`2.RunCall(HttpRequestMessage request, Nullable`1 timeout)
   at SkyApm.Transport.Grpc.V8.ServiceRegister.<>c__DisplayClass9_0.<<ReportInstancePropertiesAsync>b__0>d.MoveNext()
--- End of stack trace from previous location ---
   at SkyApm.Transport.Grpc.Common.Call.Execute[T](Func`1 task, Func`1 errCallback, Func`1 errMessage)
2025-10-28 10:17:46.479 +08:00 [docker-arsidentityserver0421001] [Warning] SkyApm.Transport.Grpc.ConnectionManager : Connection state changed. Status(StatusCode="Unavailable", Detail="Error connecting to subchannel.", DebugException="System.Net.Sockets.SocketException (10061): 由于目标计算机积极拒绝，无法连接。
   at System.Net.Sockets.Socket.AwaitableSocketAsyncEventArgs.System.Threading.Tasks.Sources.IValueTaskSource.GetResult(Int16 token)
   at System.Net.Sockets.Socket.<ConnectAsync>g__WaitForConnectWithCancellation|285_0(AwaitableSocketAsyncEventArgs saea, ValueTask connectTask, CancellationToken cancellationToken)
   at Grpc.Net.Client.Balancer.Internal.SocketConnectivitySubchannelTransport.TryConnectAsync(CancellationToken cancellationToken)")
2025-10-28 10:17:59.445 +08:00 [docker-arsidentityserver0421001] [Information] SkyApm.Transport.Grpc.ConnectionManager : Shutdown connection[172.20.64.1:11800].
2025-10-28 10:17:59.445 +08:00 [docker-arsidentityserver0421001] [Information] SkyApm.Transport.Grpc.ConnectionManager : Connected server[172.20.64.1:11800].
2025-10-28 10:18:16.479 +08:00 [docker-arsidentityserver0421001] [Error] SkyApm.Transport.Grpc.V8.ServiceRegister : Report service instance properties fail.
Grpc.Core.RpcException: Status(StatusCode="Unavailable", Detail="Error connecting to subchannel.", DebugException="System.Net.Sockets.SocketException (10061): 由于目标计算机积极拒绝，无法连接。
   at System.Net.Sockets.Socket.AwaitableSocketAsyncEventArgs.System.Threading.Tasks.Sources.IValueTaskSource.GetResult(Int16 token)
   at System.Net.Sockets.Socket.<ConnectAsync>g__WaitForConnectWithCancellation|285_0(AwaitableSocketAsyncEventArgs saea, ValueTask connectTask, CancellationToken cancellationToken)
   at Grpc.Net.Client.Balancer.Internal.SocketConnectivitySubchannelTransport.TryConnectAsync(CancellationToken cancellationToken)")
   at Grpc.Net.Client.Balancer.Internal.ConnectionManager.PickAsync(PickContext context, Boolean waitForReady, CancellationToken cancellationToken)
   at Grpc.Net.Client.Balancer.Internal.BalancerHttpHandler.SendAsync(HttpRequestMessage request, CancellationToken cancellationToken)
   at Grpc.Net.Client.Internal.GrpcCall`2.RunCall(HttpRequestMessage request, Nullable`1 timeout)
   at SkyApm.Transport.Grpc.V8.ServiceRegister.<>c__DisplayClass9_0.<<ReportInstancePropertiesAsync>b__0>d.MoveNext()
--- End of stack trace from previous location ---
   at SkyApm.Transport.Grpc.Common.Call.Execute[T](Func`1 task, Func`1 errCallback, Func`1 errMessage)
2025-10-28 10:18:16.479 +08:00 [docker-arsidentityserver0421001] [Warning] SkyApm.Transport.Grpc.ConnectionManager : Connection state changed. Status(StatusCode="Unavailable", Detail="Error connecting to subchannel.", DebugException="System.Net.Sockets.SocketException (10061): 由于目标计算机积极拒绝，无法连接。
   at System.Net.Sockets.Socket.AwaitableSocketAsyncEventArgs.System.Threading.Tasks.Sources.IValueTaskSource.GetResult(Int16 token)
   at System.Net.Sockets.Socket.<ConnectAsync>g__WaitForConnectWithCancellation|285_0(AwaitableSocketAsyncEventArgs saea, ValueTask connectTask, CancellationToken cancellationToken)
   at Grpc.Net.Client.Balancer.Internal.SocketConnectivitySubchannelTransport.TryConnectAsync(CancellationToken cancellationToken)")
2025-10-28 10:18:29.439 +08:00 [docker-arsidentityserver0421001] [Information] SkyApm.Transport.Grpc.ConnectionManager : Shutdown connection[172.20.64.1:11800].
2025-10-28 10:18:29.439 +08:00 [docker-arsidentityserver0421001] [Information] SkyApm.Transport.Grpc.ConnectionManager : Connected server[172.20.64.1:11800].
2025-10-28 10:18:46.481 +08:00 [docker-arsidentityserver0421001] [Error] SkyApm.Transport.Grpc.V8.ServiceRegister : Report service instance properties fail.
Grpc.Core.RpcException: Status(StatusCode="Unavailable", Detail="Error connecting to subchannel.", DebugException="System.Net.Sockets.SocketException (10061): 由于目标计算机积极拒绝，无法连接。
   at System.Net.Sockets.Socket.AwaitableSocketAsyncEventArgs.System.Threading.Tasks.Sources.IValueTaskSource.GetResult(Int16 token)
   at System.Net.Sockets.Socket.<ConnectAsync>g__WaitForConnectWithCancellation|285_0(AwaitableSocketAsyncEventArgs saea, ValueTask connectTask, CancellationToken cancellationToken)
   at Grpc.Net.Client.Balancer.Internal.SocketConnectivitySubchannelTransport.TryConnectAsync(CancellationToken cancellationToken)")
   at Grpc.Net.Client.Balancer.Internal.ConnectionManager.PickAsync(PickContext context, Boolean waitForReady, CancellationToken cancellationToken)
   at Grpc.Net.Client.Balancer.Internal.BalancerHttpHandler.SendAsync(HttpRequestMessage request, CancellationToken cancellationToken)
   at Grpc.Net.Client.Internal.GrpcCall`2.RunCall(HttpRequestMessage request, Nullable`1 timeout)
   at SkyApm.Transport.Grpc.V8.ServiceRegister.<>c__DisplayClass9_0.<<ReportInstancePropertiesAsync>b__0>d.MoveNext()
--- End of stack trace from previous location ---
   at SkyApm.Transport.Grpc.Common.Call.Execute[T](Func`1 task, Func`1 errCallback, Func`1 errMessage)
2025-10-28 10:18:46.481 +08:00 [docker-arsidentityserver0421001] [Warning] SkyApm.Transport.Grpc.ConnectionManager : Connection state changed. Status(StatusCode="Unavailable", Detail="Error connecting to subchannel.", DebugException="System.Net.Sockets.SocketException (10061): 由于目标计算机积极拒绝，无法连接。
   at System.Net.Sockets.Socket.AwaitableSocketAsyncEventArgs.System.Threading.Tasks.Sources.IValueTaskSource.GetResult(Int16 token)
   at System.Net.Sockets.Socket.<ConnectAsync>g__WaitForConnectWithCancellation|285_0(AwaitableSocketAsyncEventArgs saea, ValueTask connectTask, CancellationToken cancellationToken)
   at Grpc.Net.Client.Balancer.Internal.SocketConnectivitySubchannelTransport.TryConnectAsync(CancellationToken cancellationToken)")
2025-10-28 10:18:59.445 +08:00 [docker-arsidentityserver0421001] [Information] SkyApm.Transport.Grpc.ConnectionManager : Shutdown connection[172.20.64.1:11800].
2025-10-28 10:18:59.445 +08:00 [docker-arsidentityserver0421001] [Information] SkyApm.Transport.Grpc.ConnectionManager : Connected server[172.20.64.1:11800].
2025-10-28 10:19:16.463 +08:00 [docker-arsidentityserver0421001] [Error] SkyApm.Transport.Grpc.V8.ServiceRegister : Report service instance properties fail.
Grpc.Core.RpcException: Status(StatusCode="Unavailable", Detail="Error connecting to subchannel.", DebugException="System.Net.Sockets.SocketException (10061): 由于目标计算机积极拒绝，无法连接。
   at System.Net.Sockets.Socket.AwaitableSocketAsyncEventArgs.System.Threading.Tasks.Sources.IValueTaskSource.GetResult(Int16 token)
   at System.Net.Sockets.Socket.<ConnectAsync>g__WaitForConnectWithCancellation|285_0(AwaitableSocketAsyncEventArgs saea, ValueTask connectTask, CancellationToken cancellationToken)
   at Grpc.Net.Client.Balancer.Internal.SocketConnectivitySubchannelTransport.TryConnectAsync(CancellationToken cancellationToken)")
   at Grpc.Net.Client.Balancer.Internal.ConnectionManager.PickAsync(PickContext context, Boolean waitForReady, CancellationToken cancellationToken)
   at Grpc.Net.Client.Balancer.Internal.BalancerHttpHandler.SendAsync(HttpRequestMessage request, CancellationToken cancellationToken)
   at Grpc.Net.Client.Internal.GrpcCall`2.RunCall(HttpRequestMessage request, Nullable`1 timeout)
   at SkyApm.Transport.Grpc.V8.ServiceRegister.<>c__DisplayClass9_0.<<ReportInstancePropertiesAsync>b__0>d.MoveNext()
--- End of stack trace from previous location ---
   at SkyApm.Transport.Grpc.Common.Call.Execute[T](Func`1 task, Func`1 errCallback, Func`1 errMessage)
2025-10-28 10:19:16.463 +08:00 [docker-arsidentityserver0421001] [Warning] SkyApm.Transport.Grpc.ConnectionManager : Connection state changed. Status(StatusCode="Unavailable", Detail="Error connecting to subchannel.", DebugException="System.Net.Sockets.SocketException (10061): 由于目标计算机积极拒绝，无法连接。
   at System.Net.Sockets.Socket.AwaitableSocketAsyncEventArgs.System.Threading.Tasks.Sources.IValueTaskSource.GetResult(Int16 token)
   at System.Net.Sockets.Socket.<ConnectAsync>g__WaitForConnectWithCancellation|285_0(AwaitableSocketAsyncEventArgs saea, ValueTask connectTask, CancellationToken cancellationToken)
   at Grpc.Net.Client.Balancer.Internal.SocketConnectivitySubchannelTransport.TryConnectAsync(CancellationToken cancellationToken)")
2025-10-28 10:19:29.434 +08:00 [docker-arsidentityserver0421001] [Information] SkyApm.Transport.Grpc.ConnectionManager : Shutdown connection[172.20.64.1:11800].
2025-10-28 10:19:29.434 +08:00 [docker-arsidentityserver0421001] [Information] SkyApm.Transport.Grpc.ConnectionManager : Connected server[172.20.64.1:11800].
2025-10-28 10:19:46.480 +08:00 [docker-arsidentityserver0421001] [Error] SkyApm.Transport.Grpc.V8.ServiceRegister : Report service instance properties fail.
Grpc.Core.RpcException: Status(StatusCode="Unavailable", Detail="Error connecting to subchannel.", DebugException="System.Net.Sockets.SocketException (10061): 由于目标计算机积极拒绝，无法连接。
   at System.Net.Sockets.Socket.AwaitableSocketAsyncEventArgs.System.Threading.Tasks.Sources.IValueTaskSource.GetResult(Int16 token)
   at System.Net.Sockets.Socket.<ConnectAsync>g__WaitForConnectWithCancellation|285_0(AwaitableSocketAsyncEventArgs saea, ValueTask connectTask, CancellationToken cancellationToken)
   at Grpc.Net.Client.Balancer.Internal.SocketConnectivitySubchannelTransport.TryConnectAsync(CancellationToken cancellationToken)")
   at Grpc.Net.Client.Balancer.Internal.ConnectionManager.PickAsync(PickContext context, Boolean waitForReady, CancellationToken cancellationToken)
   at Grpc.Net.Client.Balancer.Internal.BalancerHttpHandler.SendAsync(HttpRequestMessage request, CancellationToken cancellationToken)
   at Grpc.Net.Client.Internal.GrpcCall`2.RunCall(HttpRequestMessage request, Nullable`1 timeout)
   at SkyApm.Transport.Grpc.V8.ServiceRegister.<>c__DisplayClass9_0.<<ReportInstancePropertiesAsync>b__0>d.MoveNext()
--- End of stack trace from previous location ---
   at SkyApm.Transport.Grpc.Common.Call.Execute[T](Func`1 task, Func`1 errCallback, Func`1 errMessage)
2025-10-28 10:19:46.480 +08:00 [docker-arsidentityserver0421001] [Warning] SkyApm.Transport.Grpc.ConnectionManager : Connection state changed. Status(StatusCode="Unavailable", Detail="Error connecting to subchannel.", DebugException="System.Net.Sockets.SocketException (10061): 由于目标计算机积极拒绝，无法连接。
   at System.Net.Sockets.Socket.AwaitableSocketAsyncEventArgs.System.Threading.Tasks.Sources.IValueTaskSource.GetResult(Int16 token)
   at System.Net.Sockets.Socket.<ConnectAsync>g__WaitForConnectWithCancellation|285_0(AwaitableSocketAsyncEventArgs saea, ValueTask connectTask, CancellationToken cancellationToken)
   at Grpc.Net.Client.Balancer.Internal.SocketConnectivitySubchannelTransport.TryConnectAsync(CancellationToken cancellationToken)")
2025-10-28 10:19:59.445 +08:00 [docker-arsidentityserver0421001] [Information] SkyApm.Transport.Grpc.ConnectionManager : Shutdown connection[172.20.64.1:11800].
2025-10-28 10:19:59.445 +08:00 [docker-arsidentityserver0421001] [Information] SkyApm.Transport.Grpc.ConnectionManager : Connected server[172.20.64.1:11800].
2025-10-28 10:20:16.479 +08:00 [docker-arsidentityserver0421001] [Error] SkyApm.Transport.Grpc.V8.ServiceRegister : Report service instance properties fail.
Grpc.Core.RpcException: Status(StatusCode="Unavailable", Detail="Error connecting to subchannel.", DebugException="System.Net.Sockets.SocketException (10061): 由于目标计算机积极拒绝，无法连接。
   at System.Net.Sockets.Socket.AwaitableSocketAsyncEventArgs.System.Threading.Tasks.Sources.IValueTaskSource.GetResult(Int16 token)
   at System.Net.Sockets.Socket.<ConnectAsync>g__WaitForConnectWithCancellation|285_0(AwaitableSocketAsyncEventArgs saea, ValueTask connectTask, CancellationToken cancellationToken)
   at Grpc.Net.Client.Balancer.Internal.SocketConnectivitySubchannelTransport.TryConnectAsync(CancellationToken cancellationToken)")
   at Grpc.Net.Client.Balancer.Internal.ConnectionManager.PickAsync(PickContext context, Boolean waitForReady, CancellationToken cancellationToken)
   at Grpc.Net.Client.Balancer.Internal.BalancerHttpHandler.SendAsync(HttpRequestMessage request, CancellationToken cancellationToken)
   at Grpc.Net.Client.Internal.GrpcCall`2.RunCall(HttpRequestMessage request, Nullable`1 timeout)
   at SkyApm.Transport.Grpc.V8.ServiceRegister.<>c__DisplayClass9_0.<<ReportInstancePropertiesAsync>b__0>d.MoveNext()
--- End of stack trace from previous location ---
   at SkyApm.Transport.Grpc.Common.Call.Execute[T](Func`1 task, Func`1 errCallback, Func`1 errMessage)
2025-10-28 10:20:16.480 +08:00 [docker-arsidentityserver0421001] [Warning] SkyApm.Transport.Grpc.ConnectionManager : Connection state changed. Status(StatusCode="Unavailable", Detail="Error connecting to subchannel.", DebugException="System.Net.Sockets.SocketException (10061): 由于目标计算机积极拒绝，无法连接。
   at System.Net.Sockets.Socket.AwaitableSocketAsyncEventArgs.System.Threading.Tasks.Sources.IValueTaskSource.GetResult(Int16 token)
   at System.Net.Sockets.Socket.<ConnectAsync>g__WaitForConnectWithCancellation|285_0(AwaitableSocketAsyncEventArgs saea, ValueTask connectTask, CancellationToken cancellationToken)
   at Grpc.Net.Client.Balancer.Internal.SocketConnectivitySubchannelTransport.TryConnectAsync(CancellationToken cancellationToken)")
2025-10-28 10:20:29.444 +08:00 [docker-arsidentityserver0421001] [Information] SkyApm.Transport.Grpc.ConnectionManager : Shutdown connection[172.20.64.1:11800].
2025-10-28 10:20:29.444 +08:00 [docker-arsidentityserver0421001] [Information] SkyApm.Transport.Grpc.ConnectionManager : Connected server[172.20.64.1:11800].
2025-10-28 10:20:46.480 +08:00 [docker-arsidentityserver0421001] [Error] SkyApm.Transport.Grpc.V8.ServiceRegister : Report service instance properties fail.
Grpc.Core.RpcException: Status(StatusCode="Unavailable", Detail="Error connecting to subchannel.", DebugException="System.Net.Sockets.SocketException (10061): 由于目标计算机积极拒绝，无法连接。
   at System.Net.Sockets.Socket.AwaitableSocketAsyncEventArgs.System.Threading.Tasks.Sources.IValueTaskSource.GetResult(Int16 token)
   at System.Net.Sockets.Socket.<ConnectAsync>g__WaitForConnectWithCancellation|285_0(AwaitableSocketAsyncEventArgs saea, ValueTask connectTask, CancellationToken cancellationToken)
   at Grpc.Net.Client.Balancer.Internal.SocketConnectivitySubchannelTransport.TryConnectAsync(CancellationToken cancellationToken)")
   at Grpc.Net.Client.Balancer.Internal.ConnectionManager.PickAsync(PickContext context, Boolean waitForReady, CancellationToken cancellationToken)
   at Grpc.Net.Client.Balancer.Internal.BalancerHttpHandler.SendAsync(HttpRequestMessage request, CancellationToken cancellationToken)
   at Grpc.Net.Client.Internal.GrpcCall`2.RunCall(HttpRequestMessage request, Nullable`1 timeout)
   at SkyApm.Transport.Grpc.V8.ServiceRegister.<>c__DisplayClass9_0.<<ReportInstancePropertiesAsync>b__0>d.MoveNext()
--- End of stack trace from previous location ---
   at SkyApm.Transport.Grpc.Common.Call.Execute[T](Func`1 task, Func`1 errCallback, Func`1 errMessage)
2025-10-28 10:20:46.480 +08:00 [docker-arsidentityserver0421001] [Warning] SkyApm.Transport.Grpc.ConnectionManager : Connection state changed. Status(StatusCode="Unavailable", Detail="Error connecting to subchannel.", DebugException="System.Net.Sockets.SocketException (10061): 由于目标计算机积极拒绝，无法连接。
   at System.Net.Sockets.Socket.AwaitableSocketAsyncEventArgs.System.Threading.Tasks.Sources.IValueTaskSource.GetResult(Int16 token)
   at System.Net.Sockets.Socket.<ConnectAsync>g__WaitForConnectWithCancellation|285_0(AwaitableSocketAsyncEventArgs saea, ValueTask connectTask, CancellationToken cancellationToken)
   at Grpc.Net.Client.Balancer.Internal.SocketConnectivitySubchannelTransport.TryConnectAsync(CancellationToken cancellationToken)")
2025-10-28 10:20:59.444 +08:00 [docker-arsidentityserver0421001] [Information] SkyApm.Transport.Grpc.ConnectionManager : Shutdown connection[172.20.64.1:11800].
2025-10-28 10:20:59.444 +08:00 [docker-arsidentityserver0421001] [Information] SkyApm.Transport.Grpc.ConnectionManager : Connected server[172.20.64.1:11800].
2025-10-28 10:21:16.479 +08:00 [docker-arsidentityserver0421001] [Error] SkyApm.Transport.Grpc.V8.ServiceRegister : Report service instance properties fail.
Grpc.Core.RpcException: Status(StatusCode="Unavailable", Detail="Error connecting to subchannel.", DebugException="System.Net.Sockets.SocketException (10061): 由于目标计算机积极拒绝，无法连接。
   at System.Net.Sockets.Socket.AwaitableSocketAsyncEventArgs.System.Threading.Tasks.Sources.IValueTaskSource.GetResult(Int16 token)
   at System.Net.Sockets.Socket.<ConnectAsync>g__WaitForConnectWithCancellation|285_0(AwaitableSocketAsyncEventArgs saea, ValueTask connectTask, CancellationToken cancellationToken)
   at Grpc.Net.Client.Balancer.Internal.SocketConnectivitySubchannelTransport.TryConnectAsync(CancellationToken cancellationToken)")
   at Grpc.Net.Client.Balancer.Internal.ConnectionManager.PickAsync(PickContext context, Boolean waitForReady, CancellationToken cancellationToken)
   at Grpc.Net.Client.Balancer.Internal.BalancerHttpHandler.SendAsync(HttpRequestMessage request, CancellationToken cancellationToken)
   at Grpc.Net.Client.Internal.GrpcCall`2.RunCall(HttpRequestMessage request, Nullable`1 timeout)
   at SkyApm.Transport.Grpc.V8.ServiceRegister.<>c__DisplayClass9_0.<<ReportInstancePropertiesAsync>b__0>d.MoveNext()
--- End of stack trace from previous location ---
   at SkyApm.Transport.Grpc.Common.Call.Execute[T](Func`1 task, Func`1 errCallback, Func`1 errMessage)
2025-10-28 10:21:16.479 +08:00 [docker-arsidentityserver0421001] [Warning] SkyApm.Transport.Grpc.ConnectionManager : Connection state changed. Status(StatusCode="Unavailable", Detail="Error connecting to subchannel.", DebugException="System.Net.Sockets.SocketException (10061): 由于目标计算机积极拒绝，无法连接。
   at System.Net.Sockets.Socket.AwaitableSocketAsyncEventArgs.System.Threading.Tasks.Sources.IValueTaskSource.GetResult(Int16 token)
   at System.Net.Sockets.Socket.<ConnectAsync>g__WaitForConnectWithCancellation|285_0(AwaitableSocketAsyncEventArgs saea, ValueTask connectTask, CancellationToken cancellationToken)
   at Grpc.Net.Client.Balancer.Internal.SocketConnectivitySubchannelTransport.TryConnectAsync(CancellationToken cancellationToken)")
2025-10-28 10:21:29.444 +08:00 [docker-arsidentityserver0421001] [Information] SkyApm.Transport.Grpc.ConnectionManager : Shutdown connection[172.20.64.1:11800].
2025-10-28 10:21:29.444 +08:00 [docker-arsidentityserver0421001] [Information] SkyApm.Transport.Grpc.ConnectionManager : Connected server[172.20.64.1:11800].
2025-10-28 10:21:46.480 +08:00 [docker-arsidentityserver0421001] [Error] SkyApm.Transport.Grpc.V8.ServiceRegister : Report service instance properties fail.
Grpc.Core.RpcException: Status(StatusCode="Unavailable", Detail="Error connecting to subchannel.", DebugException="System.Net.Sockets.SocketException (10061): 由于目标计算机积极拒绝，无法连接。
   at System.Net.Sockets.Socket.AwaitableSocketAsyncEventArgs.System.Threading.Tasks.Sources.IValueTaskSource.GetResult(Int16 token)
   at System.Net.Sockets.Socket.<ConnectAsync>g__WaitForConnectWithCancellation|285_0(AwaitableSocketAsyncEventArgs saea, ValueTask connectTask, CancellationToken cancellationToken)
   at Grpc.Net.Client.Balancer.Internal.SocketConnectivitySubchannelTransport.TryConnectAsync(CancellationToken cancellationToken)")
   at Grpc.Net.Client.Balancer.Internal.ConnectionManager.PickAsync(PickContext context, Boolean waitForReady, CancellationToken cancellationToken)
   at Grpc.Net.Client.Balancer.Internal.BalancerHttpHandler.SendAsync(HttpRequestMessage request, CancellationToken cancellationToken)
   at Grpc.Net.Client.Internal.GrpcCall`2.RunCall(HttpRequestMessage request, Nullable`1 timeout)
   at SkyApm.Transport.Grpc.V8.ServiceRegister.<>c__DisplayClass9_0.<<ReportInstancePropertiesAsync>b__0>d.MoveNext()
--- End of stack trace from previous location ---
   at SkyApm.Transport.Grpc.Common.Call.Execute[T](Func`1 task, Func`1 errCallback, Func`1 errMessage)
2025-10-28 10:21:46.480 +08:00 [docker-arsidentityserver0421001] [Warning] SkyApm.Transport.Grpc.ConnectionManager : Connection state changed. Status(StatusCode="Unavailable", Detail="Error connecting to subchannel.", DebugException="System.Net.Sockets.SocketException (10061): 由于目标计算机积极拒绝，无法连接。
   at System.Net.Sockets.Socket.AwaitableSocketAsyncEventArgs.System.Threading.Tasks.Sources.IValueTaskSource.GetResult(Int16 token)
   at System.Net.Sockets.Socket.<ConnectAsync>g__WaitForConnectWithCancellation|285_0(AwaitableSocketAsyncEventArgs saea, ValueTask connectTask, CancellationToken cancellationToken)
   at Grpc.Net.Client.Balancer.Internal.SocketConnectivitySubchannelTransport.TryConnectAsync(CancellationToken cancellationToken)")
2025-10-28 10:21:59.444 +08:00 [docker-arsidentityserver0421001] [Information] SkyApm.Transport.Grpc.ConnectionManager : Shutdown connection[172.20.64.1:11800].
2025-10-28 10:21:59.444 +08:00 [docker-arsidentityserver0421001] [Information] SkyApm.Transport.Grpc.ConnectionManager : Connected server[172.20.64.1:11800].
2025-10-28 10:22:16.480 +08:00 [docker-arsidentityserver0421001] [Error] SkyApm.Transport.Grpc.V8.ServiceRegister : Report service instance properties fail.
Grpc.Core.RpcException: Status(StatusCode="Unavailable", Detail="Error connecting to subchannel.", DebugException="System.Net.Sockets.SocketException (10061): 由于目标计算机积极拒绝，无法连接。
   at System.Net.Sockets.Socket.AwaitableSocketAsyncEventArgs.System.Threading.Tasks.Sources.IValueTaskSource.GetResult(Int16 token)
   at System.Net.Sockets.Socket.<ConnectAsync>g__WaitForConnectWithCancellation|285_0(AwaitableSocketAsyncEventArgs saea, ValueTask connectTask, CancellationToken cancellationToken)
   at Grpc.Net.Client.Balancer.Internal.SocketConnectivitySubchannelTransport.TryConnectAsync(CancellationToken cancellationToken)")
   at Grpc.Net.Client.Balancer.Internal.ConnectionManager.PickAsync(PickContext context, Boolean waitForReady, CancellationToken cancellationToken)
   at Grpc.Net.Client.Balancer.Internal.BalancerHttpHandler.SendAsync(HttpRequestMessage request, CancellationToken cancellationToken)
   at Grpc.Net.Client.Internal.GrpcCall`2.RunCall(HttpRequestMessage request, Nullable`1 timeout)
   at SkyApm.Transport.Grpc.V8.ServiceRegister.<>c__DisplayClass9_0.<<ReportInstancePropertiesAsync>b__0>d.MoveNext()
--- End of stack trace from previous location ---
   at SkyApm.Transport.Grpc.Common.Call.Execute[T](Func`1 task, Func`1 errCallback, Func`1 errMessage)
2025-10-28 10:22:16.481 +08:00 [docker-arsidentityserver0421001] [Warning] SkyApm.Transport.Grpc.ConnectionManager : Connection state changed. Status(StatusCode="Unavailable", Detail="Error connecting to subchannel.", DebugException="System.Net.Sockets.SocketException (10061): 由于目标计算机积极拒绝，无法连接。
   at System.Net.Sockets.Socket.AwaitableSocketAsyncEventArgs.System.Threading.Tasks.Sources.IValueTaskSource.GetResult(Int16 token)
   at System.Net.Sockets.Socket.<ConnectAsync>g__WaitForConnectWithCancellation|285_0(AwaitableSocketAsyncEventArgs saea, ValueTask connectTask, CancellationToken cancellationToken)
   at Grpc.Net.Client.Balancer.Internal.SocketConnectivitySubchannelTransport.TryConnectAsync(CancellationToken cancellationToken)")
2025-10-28 10:22:29.434 +08:00 [docker-arsidentityserver0421001] [Information] SkyApm.Transport.Grpc.ConnectionManager : Shutdown connection[172.20.64.1:11800].
2025-10-28 10:22:29.434 +08:00 [docker-arsidentityserver0421001] [Information] SkyApm.Transport.Grpc.ConnectionManager : Connected server[172.20.64.1:11800].
2025-10-28 10:22:46.464 +08:00 [docker-arsidentityserver0421001] [Error] SkyApm.Transport.Grpc.V8.ServiceRegister : Report service instance properties fail.
Grpc.Core.RpcException: Status(StatusCode="Unavailable", Detail="Error connecting to subchannel.", DebugException="System.Net.Sockets.SocketException (10061): 由于目标计算机积极拒绝，无法连接。
   at System.Net.Sockets.Socket.AwaitableSocketAsyncEventArgs.System.Threading.Tasks.Sources.IValueTaskSource.GetResult(Int16 token)
   at System.Net.Sockets.Socket.<ConnectAsync>g__WaitForConnectWithCancellation|285_0(AwaitableSocketAsyncEventArgs saea, ValueTask connectTask, CancellationToken cancellationToken)
   at Grpc.Net.Client.Balancer.Internal.SocketConnectivitySubchannelTransport.TryConnectAsync(CancellationToken cancellationToken)")
   at Grpc.Net.Client.Balancer.Internal.ConnectionManager.PickAsync(PickContext context, Boolean waitForReady, CancellationToken cancellationToken)
   at Grpc.Net.Client.Balancer.Internal.BalancerHttpHandler.SendAsync(HttpRequestMessage request, CancellationToken cancellationToken)
   at Grpc.Net.Client.Internal.GrpcCall`2.RunCall(HttpRequestMessage request, Nullable`1 timeout)
   at SkyApm.Transport.Grpc.V8.ServiceRegister.<>c__DisplayClass9_0.<<ReportInstancePropertiesAsync>b__0>d.MoveNext()
--- End of stack trace from previous location ---
   at SkyApm.Transport.Grpc.Common.Call.Execute[T](Func`1 task, Func`1 errCallback, Func`1 errMessage)
2025-10-28 10:22:46.464 +08:00 [docker-arsidentityserver0421001] [Warning] SkyApm.Transport.Grpc.ConnectionManager : Connection state changed. Status(StatusCode="Unavailable", Detail="Error connecting to subchannel.", DebugException="System.Net.Sockets.SocketException (10061): 由于目标计算机积极拒绝，无法连接。
   at System.Net.Sockets.Socket.AwaitableSocketAsyncEventArgs.System.Threading.Tasks.Sources.IValueTaskSource.GetResult(Int16 token)
   at System.Net.Sockets.Socket.<ConnectAsync>g__WaitForConnectWithCancellation|285_0(AwaitableSocketAsyncEventArgs saea, ValueTask connectTask, CancellationToken cancellationToken)
   at Grpc.Net.Client.Balancer.Internal.SocketConnectivitySubchannelTransport.TryConnectAsync(CancellationToken cancellationToken)")
2025-10-28 10:22:59.444 +08:00 [docker-arsidentityserver0421001] [Information] SkyApm.Transport.Grpc.ConnectionManager : Shutdown connection[172.20.64.1:11800].
2025-10-28 10:22:59.444 +08:00 [docker-arsidentityserver0421001] [Information] SkyApm.Transport.Grpc.ConnectionManager : Connected server[172.20.64.1:11800].
2025-10-28 10:23:16.462 +08:00 [docker-arsidentityserver0421001] [Error] SkyApm.Transport.Grpc.V8.ServiceRegister : Report service instance properties fail.
Grpc.Core.RpcException: Status(StatusCode="Unavailable", Detail="Error connecting to subchannel.", DebugException="System.Net.Sockets.SocketException (10061): 由于目标计算机积极拒绝，无法连接。
   at System.Net.Sockets.Socket.AwaitableSocketAsyncEventArgs.System.Threading.Tasks.Sources.IValueTaskSource.GetResult(Int16 token)
   at System.Net.Sockets.Socket.<ConnectAsync>g__WaitForConnectWithCancellation|285_0(AwaitableSocketAsyncEventArgs saea, ValueTask connectTask, CancellationToken cancellationToken)
   at Grpc.Net.Client.Balancer.Internal.SocketConnectivitySubchannelTransport.TryConnectAsync(CancellationToken cancellationToken)")
   at Grpc.Net.Client.Balancer.Internal.ConnectionManager.PickAsync(PickContext context, Boolean waitForReady, CancellationToken cancellationToken)
   at Grpc.Net.Client.Balancer.Internal.BalancerHttpHandler.SendAsync(HttpRequestMessage request, CancellationToken cancellationToken)
   at Grpc.Net.Client.Internal.GrpcCall`2.RunCall(HttpRequestMessage request, Nullable`1 timeout)
   at SkyApm.Transport.Grpc.V8.ServiceRegister.<>c__DisplayClass9_0.<<ReportInstancePropertiesAsync>b__0>d.MoveNext()
--- End of stack trace from previous location ---
   at SkyApm.Transport.Grpc.Common.Call.Execute[T](Func`1 task, Func`1 errCallback, Func`1 errMessage)
2025-10-28 10:23:16.462 +08:00 [docker-arsidentityserver0421001] [Warning] SkyApm.Transport.Grpc.ConnectionManager : Connection state changed. Status(StatusCode="Unavailable", Detail="Error connecting to subchannel.", DebugException="System.Net.Sockets.SocketException (10061): 由于目标计算机积极拒绝，无法连接。
   at System.Net.Sockets.Socket.AwaitableSocketAsyncEventArgs.System.Threading.Tasks.Sources.IValueTaskSource.GetResult(Int16 token)
   at System.Net.Sockets.Socket.<ConnectAsync>g__WaitForConnectWithCancellation|285_0(AwaitableSocketAsyncEventArgs saea, ValueTask connectTask, CancellationToken cancellationToken)
   at Grpc.Net.Client.Balancer.Internal.SocketConnectivitySubchannelTransport.TryConnectAsync(CancellationToken cancellationToken)")
2025-10-28 10:23:29.444 +08:00 [docker-arsidentityserver0421001] [Information] SkyApm.Transport.Grpc.ConnectionManager : Shutdown connection[172.20.64.1:11800].
2025-10-28 10:23:29.444 +08:00 [docker-arsidentityserver0421001] [Information] SkyApm.Transport.Grpc.ConnectionManager : Connected server[172.20.64.1:11800].
2025-10-28 10:23:46.479 +08:00 [docker-arsidentityserver0421001] [Error] SkyApm.Transport.Grpc.V8.ServiceRegister : Report service instance properties fail.
Grpc.Core.RpcException: Status(StatusCode="Unavailable", Detail="Error connecting to subchannel.", DebugException="System.Net.Sockets.SocketException (10061): 由于目标计算机积极拒绝，无法连接。
   at System.Net.Sockets.Socket.AwaitableSocketAsyncEventArgs.System.Threading.Tasks.Sources.IValueTaskSource.GetResult(Int16 token)
   at System.Net.Sockets.Socket.<ConnectAsync>g__WaitForConnectWithCancellation|285_0(AwaitableSocketAsyncEventArgs saea, ValueTask connectTask, CancellationToken cancellationToken)
   at Grpc.Net.Client.Balancer.Internal.SocketConnectivitySubchannelTransport.TryConnectAsync(CancellationToken cancellationToken)")
   at Grpc.Net.Client.Balancer.Internal.ConnectionManager.PickAsync(PickContext context, Boolean waitForReady, CancellationToken cancellationToken)
   at Grpc.Net.Client.Balancer.Internal.BalancerHttpHandler.SendAsync(HttpRequestMessage request, CancellationToken cancellationToken)
   at Grpc.Net.Client.Internal.GrpcCall`2.RunCall(HttpRequestMessage request, Nullable`1 timeout)
   at SkyApm.Transport.Grpc.V8.ServiceRegister.<>c__DisplayClass9_0.<<ReportInstancePropertiesAsync>b__0>d.MoveNext()
--- End of stack trace from previous location ---
   at SkyApm.Transport.Grpc.Common.Call.Execute[T](Func`1 task, Func`1 errCallback, Func`1 errMessage)
2025-10-28 10:23:46.479 +08:00 [docker-arsidentityserver0421001] [Warning] SkyApm.Transport.Grpc.ConnectionManager : Connection state changed. Status(StatusCode="Unavailable", Detail="Error connecting to subchannel.", DebugException="System.Net.Sockets.SocketException (10061): 由于目标计算机积极拒绝，无法连接。
   at System.Net.Sockets.Socket.AwaitableSocketAsyncEventArgs.System.Threading.Tasks.Sources.IValueTaskSource.GetResult(Int16 token)
   at System.Net.Sockets.Socket.<ConnectAsync>g__WaitForConnectWithCancellation|285_0(AwaitableSocketAsyncEventArgs saea, ValueTask connectTask, CancellationToken cancellationToken)
   at Grpc.Net.Client.Balancer.Internal.SocketConnectivitySubchannelTransport.TryConnectAsync(CancellationToken cancellationToken)")
2025-10-28 10:23:59.434 +08:00 [docker-arsidentityserver0421001] [Information] SkyApm.Transport.Grpc.ConnectionManager : Shutdown connection[172.20.64.1:11800].
2025-10-28 10:23:59.435 +08:00 [docker-arsidentityserver0421001] [Information] SkyApm.Transport.Grpc.ConnectionManager : Connected server[172.20.64.1:11800].
2025-10-28 10:24:16.464 +08:00 [docker-arsidentityserver0421001] [Error] SkyApm.Transport.Grpc.V8.ServiceRegister : Report service instance properties fail.
Grpc.Core.RpcException: Status(StatusCode="Unavailable", Detail="Error connecting to subchannel.", DebugException="System.Net.Sockets.SocketException (10061): 由于目标计算机积极拒绝，无法连接。
   at System.Net.Sockets.Socket.AwaitableSocketAsyncEventArgs.System.Threading.Tasks.Sources.IValueTaskSource.GetResult(Int16 token)
   at System.Net.Sockets.Socket.<ConnectAsync>g__WaitForConnectWithCancellation|285_0(AwaitableSocketAsyncEventArgs saea, ValueTask connectTask, CancellationToken cancellationToken)
   at Grpc.Net.Client.Balancer.Internal.SocketConnectivitySubchannelTransport.TryConnectAsync(CancellationToken cancellationToken)")
   at Grpc.Net.Client.Balancer.Internal.ConnectionManager.PickAsync(PickContext context, Boolean waitForReady, CancellationToken cancellationToken)
   at Grpc.Net.Client.Balancer.Internal.BalancerHttpHandler.SendAsync(HttpRequestMessage request, CancellationToken cancellationToken)
   at Grpc.Net.Client.Internal.GrpcCall`2.RunCall(HttpRequestMessage request, Nullable`1 timeout)
   at SkyApm.Transport.Grpc.V8.ServiceRegister.<>c__DisplayClass9_0.<<ReportInstancePropertiesAsync>b__0>d.MoveNext()
--- End of stack trace from previous location ---
   at SkyApm.Transport.Grpc.Common.Call.Execute[T](Func`1 task, Func`1 errCallback, Func`1 errMessage)
2025-10-28 10:24:16.464 +08:00 [docker-arsidentityserver0421001] [Warning] SkyApm.Transport.Grpc.ConnectionManager : Connection state changed. Status(StatusCode="Unavailable", Detail="Error connecting to subchannel.", DebugException="System.Net.Sockets.SocketException (10061): 由于目标计算机积极拒绝，无法连接。
   at System.Net.Sockets.Socket.AwaitableSocketAsyncEventArgs.System.Threading.Tasks.Sources.IValueTaskSource.GetResult(Int16 token)
   at System.Net.Sockets.Socket.<ConnectAsync>g__WaitForConnectWithCancellation|285_0(AwaitableSocketAsyncEventArgs saea, ValueTask connectTask, CancellationToken cancellationToken)
   at Grpc.Net.Client.Balancer.Internal.SocketConnectivitySubchannelTransport.TryConnectAsync(CancellationToken cancellationToken)")
2025-10-28 10:24:29.443 +08:00 [docker-arsidentityserver0421001] [Information] SkyApm.Transport.Grpc.ConnectionManager : Shutdown connection[172.20.64.1:11800].
2025-10-28 10:24:29.443 +08:00 [docker-arsidentityserver0421001] [Information] SkyApm.Transport.Grpc.ConnectionManager : Connected server[172.20.64.1:11800].
2025-10-28 10:24:46.480 +08:00 [docker-arsidentityserver0421001] [Error] SkyApm.Transport.Grpc.V8.ServiceRegister : Report service instance properties fail.
Grpc.Core.RpcException: Status(StatusCode="Unavailable", Detail="Error connecting to subchannel.", DebugException="System.Net.Sockets.SocketException (10061): 由于目标计算机积极拒绝，无法连接。
   at System.Net.Sockets.Socket.AwaitableSocketAsyncEventArgs.System.Threading.Tasks.Sources.IValueTaskSource.GetResult(Int16 token)
   at System.Net.Sockets.Socket.<ConnectAsync>g__WaitForConnectWithCancellation|285_0(AwaitableSocketAsyncEventArgs saea, ValueTask connectTask, CancellationToken cancellationToken)
   at Grpc.Net.Client.Balancer.Internal.SocketConnectivitySubchannelTransport.TryConnectAsync(CancellationToken cancellationToken)")
   at Grpc.Net.Client.Balancer.Internal.ConnectionManager.PickAsync(PickContext context, Boolean waitForReady, CancellationToken cancellationToken)
   at Grpc.Net.Client.Balancer.Internal.BalancerHttpHandler.SendAsync(HttpRequestMessage request, CancellationToken cancellationToken)
   at Grpc.Net.Client.Internal.GrpcCall`2.RunCall(HttpRequestMessage request, Nullable`1 timeout)
   at SkyApm.Transport.Grpc.V8.ServiceRegister.<>c__DisplayClass9_0.<<ReportInstancePropertiesAsync>b__0>d.MoveNext()
--- End of stack trace from previous location ---
   at SkyApm.Transport.Grpc.Common.Call.Execute[T](Func`1 task, Func`1 errCallback, Func`1 errMessage)
2025-10-28 10:24:46.480 +08:00 [docker-arsidentityserver0421001] [Warning] SkyApm.Transport.Grpc.ConnectionManager : Connection state changed. Status(StatusCode="Unavailable", Detail="Error connecting to subchannel.", DebugException="System.Net.Sockets.SocketException (10061): 由于目标计算机积极拒绝，无法连接。
   at System.Net.Sockets.Socket.AwaitableSocketAsyncEventArgs.System.Threading.Tasks.Sources.IValueTaskSource.GetResult(Int16 token)
   at System.Net.Sockets.Socket.<ConnectAsync>g__WaitForConnectWithCancellation|285_0(AwaitableSocketAsyncEventArgs saea, ValueTask connectTask, CancellationToken cancellationToken)
   at Grpc.Net.Client.Balancer.Internal.SocketConnectivitySubchannelTransport.TryConnectAsync(CancellationToken cancellationToken)")
2025-10-28 10:24:59.435 +08:00 [docker-arsidentityserver0421001] [Information] SkyApm.Transport.Grpc.ConnectionManager : Shutdown connection[172.20.64.1:11800].
2025-10-28 10:24:59.435 +08:00 [docker-arsidentityserver0421001] [Information] SkyApm.Transport.Grpc.ConnectionManager : Connected server[172.20.64.1:11800].
2025-10-28 10:25:16.480 +08:00 [docker-arsidentityserver0421001] [Error] SkyApm.Transport.Grpc.V8.ServiceRegister : Report service instance properties fail.
Grpc.Core.RpcException: Status(StatusCode="Unavailable", Detail="Error connecting to subchannel.", DebugException="System.Net.Sockets.SocketException (10061): 由于目标计算机积极拒绝，无法连接。
   at System.Net.Sockets.Socket.AwaitableSocketAsyncEventArgs.System.Threading.Tasks.Sources.IValueTaskSource.GetResult(Int16 token)
   at System.Net.Sockets.Socket.<ConnectAsync>g__WaitForConnectWithCancellation|285_0(AwaitableSocketAsyncEventArgs saea, ValueTask connectTask, CancellationToken cancellationToken)
   at Grpc.Net.Client.Balancer.Internal.SocketConnectivitySubchannelTransport.TryConnectAsync(CancellationToken cancellationToken)")
   at Grpc.Net.Client.Balancer.Internal.ConnectionManager.PickAsync(PickContext context, Boolean waitForReady, CancellationToken cancellationToken)
   at Grpc.Net.Client.Balancer.Internal.BalancerHttpHandler.SendAsync(HttpRequestMessage request, CancellationToken cancellationToken)
   at Grpc.Net.Client.Internal.GrpcCall`2.RunCall(HttpRequestMessage request, Nullable`1 timeout)
   at SkyApm.Transport.Grpc.V8.ServiceRegister.<>c__DisplayClass9_0.<<ReportInstancePropertiesAsync>b__0>d.MoveNext()
--- End of stack trace from previous location ---
   at SkyApm.Transport.Grpc.Common.Call.Execute[T](Func`1 task, Func`1 errCallback, Func`1 errMessage)
2025-10-28 10:25:16.481 +08:00 [docker-arsidentityserver0421001] [Warning] SkyApm.Transport.Grpc.ConnectionManager : Connection state changed. Status(StatusCode="Unavailable", Detail="Error connecting to subchannel.", DebugException="System.Net.Sockets.SocketException (10061): 由于目标计算机积极拒绝，无法连接。
   at System.Net.Sockets.Socket.AwaitableSocketAsyncEventArgs.System.Threading.Tasks.Sources.IValueTaskSource.GetResult(Int16 token)
   at System.Net.Sockets.Socket.<ConnectAsync>g__WaitForConnectWithCancellation|285_0(AwaitableSocketAsyncEventArgs saea, ValueTask connectTask, CancellationToken cancellationToken)
   at Grpc.Net.Client.Balancer.Internal.SocketConnectivitySubchannelTransport.TryConnectAsync(CancellationToken cancellationToken)")
2025-10-28 10:25:29.435 +08:00 [docker-arsidentityserver0421001] [Information] SkyApm.Transport.Grpc.ConnectionManager : Shutdown connection[172.20.64.1:11800].
2025-10-28 10:25:29.435 +08:00 [docker-arsidentityserver0421001] [Information] SkyApm.Transport.Grpc.ConnectionManager : Connected server[172.20.64.1:11800].
2025-10-28 10:25:46.462 +08:00 [docker-arsidentityserver0421001] [Error] SkyApm.Transport.Grpc.V8.ServiceRegister : Report service instance properties fail.
Grpc.Core.RpcException: Status(StatusCode="Unavailable", Detail="Error connecting to subchannel.", DebugException="System.Net.Sockets.SocketException (10061): 由于目标计算机积极拒绝，无法连接。
   at System.Net.Sockets.Socket.AwaitableSocketAsyncEventArgs.System.Threading.Tasks.Sources.IValueTaskSource.GetResult(Int16 token)
   at System.Net.Sockets.Socket.<ConnectAsync>g__WaitForConnectWithCancellation|285_0(AwaitableSocketAsyncEventArgs saea, ValueTask connectTask, CancellationToken cancellationToken)
   at Grpc.Net.Client.Balancer.Internal.SocketConnectivitySubchannelTransport.TryConnectAsync(CancellationToken cancellationToken)")
   at Grpc.Net.Client.Balancer.Internal.ConnectionManager.PickAsync(PickContext context, Boolean waitForReady, CancellationToken cancellationToken)
   at Grpc.Net.Client.Balancer.Internal.BalancerHttpHandler.SendAsync(HttpRequestMessage request, CancellationToken cancellationToken)
   at Grpc.Net.Client.Internal.GrpcCall`2.RunCall(HttpRequestMessage request, Nullable`1 timeout)
   at SkyApm.Transport.Grpc.V8.ServiceRegister.<>c__DisplayClass9_0.<<ReportInstancePropertiesAsync>b__0>d.MoveNext()
--- End of stack trace from previous location ---
   at SkyApm.Transport.Grpc.Common.Call.Execute[T](Func`1 task, Func`1 errCallback, Func`1 errMessage)
2025-10-28 10:25:46.462 +08:00 [docker-arsidentityserver0421001] [Warning] SkyApm.Transport.Grpc.ConnectionManager : Connection state changed. Status(StatusCode="Unavailable", Detail="Error connecting to subchannel.", DebugException="System.Net.Sockets.SocketException (10061): 由于目标计算机积极拒绝，无法连接。
   at System.Net.Sockets.Socket.AwaitableSocketAsyncEventArgs.System.Threading.Tasks.Sources.IValueTaskSource.GetResult(Int16 token)
   at System.Net.Sockets.Socket.<ConnectAsync>g__WaitForConnectWithCancellation|285_0(AwaitableSocketAsyncEventArgs saea, ValueTask connectTask, CancellationToken cancellationToken)
   at Grpc.Net.Client.Balancer.Internal.SocketConnectivitySubchannelTransport.TryConnectAsync(CancellationToken cancellationToken)")
2025-10-28 10:25:59.445 +08:00 [docker-arsidentityserver0421001] [Information] SkyApm.Transport.Grpc.ConnectionManager : Shutdown connection[172.20.64.1:11800].
2025-10-28 10:25:59.445 +08:00 [docker-arsidentityserver0421001] [Information] SkyApm.Transport.Grpc.ConnectionManager : Connected server[172.20.64.1:11800].
2025-10-28 10:26:16.480 +08:00 [docker-arsidentityserver0421001] [Error] SkyApm.Transport.Grpc.V8.ServiceRegister : Report service instance properties fail.
Grpc.Core.RpcException: Status(StatusCode="Unavailable", Detail="Error connecting to subchannel.", DebugException="System.Net.Sockets.SocketException (10061): 由于目标计算机积极拒绝，无法连接。
   at System.Net.Sockets.Socket.AwaitableSocketAsyncEventArgs.System.Threading.Tasks.Sources.IValueTaskSource.GetResult(Int16 token)
   at System.Net.Sockets.Socket.<ConnectAsync>g__WaitForConnectWithCancellation|285_0(AwaitableSocketAsyncEventArgs saea, ValueTask connectTask, CancellationToken cancellationToken)
   at Grpc.Net.Client.Balancer.Internal.SocketConnectivitySubchannelTransport.TryConnectAsync(CancellationToken cancellationToken)")
   at Grpc.Net.Client.Balancer.Internal.ConnectionManager.PickAsync(PickContext context, Boolean waitForReady, CancellationToken cancellationToken)
   at Grpc.Net.Client.Balancer.Internal.BalancerHttpHandler.SendAsync(HttpRequestMessage request, CancellationToken cancellationToken)
   at Grpc.Net.Client.Internal.GrpcCall`2.RunCall(HttpRequestMessage request, Nullable`1 timeout)
   at SkyApm.Transport.Grpc.V8.ServiceRegister.<>c__DisplayClass9_0.<<ReportInstancePropertiesAsync>b__0>d.MoveNext()
--- End of stack trace from previous location ---
   at SkyApm.Transport.Grpc.Common.Call.Execute[T](Func`1 task, Func`1 errCallback, Func`1 errMessage)
2025-10-28 10:26:16.480 +08:00 [docker-arsidentityserver0421001] [Warning] SkyApm.Transport.Grpc.ConnectionManager : Connection state changed. Status(StatusCode="Unavailable", Detail="Error connecting to subchannel.", DebugException="System.Net.Sockets.SocketException (10061): 由于目标计算机积极拒绝，无法连接。
   at System.Net.Sockets.Socket.AwaitableSocketAsyncEventArgs.System.Threading.Tasks.Sources.IValueTaskSource.GetResult(Int16 token)
   at System.Net.Sockets.Socket.<ConnectAsync>g__WaitForConnectWithCancellation|285_0(AwaitableSocketAsyncEventArgs saea, ValueTask connectTask, CancellationToken cancellationToken)
   at Grpc.Net.Client.Balancer.Internal.SocketConnectivitySubchannelTransport.TryConnectAsync(CancellationToken cancellationToken)")
2025-10-28 10:26:29.444 +08:00 [docker-arsidentityserver0421001] [Information] SkyApm.Transport.Grpc.ConnectionManager : Shutdown connection[172.20.64.1:11800].
2025-10-28 10:26:29.444 +08:00 [docker-arsidentityserver0421001] [Information] SkyApm.Transport.Grpc.ConnectionManager : Connected server[172.20.64.1:11800].
2025-10-28 10:26:46.463 +08:00 [docker-arsidentityserver0421001] [Error] SkyApm.Transport.Grpc.V8.ServiceRegister : Report service instance properties fail.
Grpc.Core.RpcException: Status(StatusCode="Unavailable", Detail="Error connecting to subchannel.", DebugException="System.Net.Sockets.SocketException (10061): 由于目标计算机积极拒绝，无法连接。
   at System.Net.Sockets.Socket.AwaitableSocketAsyncEventArgs.System.Threading.Tasks.Sources.IValueTaskSource.GetResult(Int16 token)
   at System.Net.Sockets.Socket.<ConnectAsync>g__WaitForConnectWithCancellation|285_0(AwaitableSocketAsyncEventArgs saea, ValueTask connectTask, CancellationToken cancellationToken)
   at Grpc.Net.Client.Balancer.Internal.SocketConnectivitySubchannelTransport.TryConnectAsync(CancellationToken cancellationToken)")
   at Grpc.Net.Client.Balancer.Internal.ConnectionManager.PickAsync(PickContext context, Boolean waitForReady, CancellationToken cancellationToken)
   at Grpc.Net.Client.Balancer.Internal.BalancerHttpHandler.SendAsync(HttpRequestMessage request, CancellationToken cancellationToken)
   at Grpc.Net.Client.Internal.GrpcCall`2.RunCall(HttpRequestMessage request, Nullable`1 timeout)
   at SkyApm.Transport.Grpc.V8.ServiceRegister.<>c__DisplayClass9_0.<<ReportInstancePropertiesAsync>b__0>d.MoveNext()
--- End of stack trace from previous location ---
   at SkyApm.Transport.Grpc.Common.Call.Execute[T](Func`1 task, Func`1 errCallback, Func`1 errMessage)
2025-10-28 10:26:46.463 +08:00 [docker-arsidentityserver0421001] [Warning] SkyApm.Transport.Grpc.ConnectionManager : Connection state changed. Status(StatusCode="Unavailable", Detail="Error connecting to subchannel.", DebugException="System.Net.Sockets.SocketException (10061): 由于目标计算机积极拒绝，无法连接。
   at System.Net.Sockets.Socket.AwaitableSocketAsyncEventArgs.System.Threading.Tasks.Sources.IValueTaskSource.GetResult(Int16 token)
   at System.Net.Sockets.Socket.<ConnectAsync>g__WaitForConnectWithCancellation|285_0(AwaitableSocketAsyncEventArgs saea, ValueTask connectTask, CancellationToken cancellationToken)
   at Grpc.Net.Client.Balancer.Internal.SocketConnectivitySubchannelTransport.TryConnectAsync(CancellationToken cancellationToken)")
2025-10-28 10:26:59.444 +08:00 [docker-arsidentityserver0421001] [Information] SkyApm.Transport.Grpc.ConnectionManager : Shutdown connection[172.20.64.1:11800].
2025-10-28 10:26:59.444 +08:00 [docker-arsidentityserver0421001] [Information] SkyApm.Transport.Grpc.ConnectionManager : Connected server[172.20.64.1:11800].
2025-10-28 10:27:16.480 +08:00 [docker-arsidentityserver0421001] [Error] SkyApm.Transport.Grpc.V8.ServiceRegister : Report service instance properties fail.
Grpc.Core.RpcException: Status(StatusCode="Unavailable", Detail="Error connecting to subchannel.", DebugException="System.Net.Sockets.SocketException (10061): 由于目标计算机积极拒绝，无法连接。
   at System.Net.Sockets.Socket.AwaitableSocketAsyncEventArgs.System.Threading.Tasks.Sources.IValueTaskSource.GetResult(Int16 token)
   at System.Net.Sockets.Socket.<ConnectAsync>g__WaitForConnectWithCancellation|285_0(AwaitableSocketAsyncEventArgs saea, ValueTask connectTask, CancellationToken cancellationToken)
   at Grpc.Net.Client.Balancer.Internal.SocketConnectivitySubchannelTransport.TryConnectAsync(CancellationToken cancellationToken)")
   at Grpc.Net.Client.Balancer.Internal.ConnectionManager.PickAsync(PickContext context, Boolean waitForReady, CancellationToken cancellationToken)
   at Grpc.Net.Client.Balancer.Internal.BalancerHttpHandler.SendAsync(HttpRequestMessage request, CancellationToken cancellationToken)
   at Grpc.Net.Client.Internal.GrpcCall`2.RunCall(HttpRequestMessage request, Nullable`1 timeout)
   at SkyApm.Transport.Grpc.V8.ServiceRegister.<>c__DisplayClass9_0.<<ReportInstancePropertiesAsync>b__0>d.MoveNext()
--- End of stack trace from previous location ---
   at SkyApm.Transport.Grpc.Common.Call.Execute[T](Func`1 task, Func`1 errCallback, Func`1 errMessage)
2025-10-28 10:27:16.480 +08:00 [docker-arsidentityserver0421001] [Warning] SkyApm.Transport.Grpc.ConnectionManager : Connection state changed. Status(StatusCode="Unavailable", Detail="Error connecting to subchannel.", DebugException="System.Net.Sockets.SocketException (10061): 由于目标计算机积极拒绝，无法连接。
   at System.Net.Sockets.Socket.AwaitableSocketAsyncEventArgs.System.Threading.Tasks.Sources.IValueTaskSource.GetResult(Int16 token)
   at System.Net.Sockets.Socket.<ConnectAsync>g__WaitForConnectWithCancellation|285_0(AwaitableSocketAsyncEventArgs saea, ValueTask connectTask, CancellationToken cancellationToken)
   at Grpc.Net.Client.Balancer.Internal.SocketConnectivitySubchannelTransport.TryConnectAsync(CancellationToken cancellationToken)")
2025-10-28 10:27:29.445 +08:00 [docker-arsidentityserver0421001] [Information] SkyApm.Transport.Grpc.ConnectionManager : Shutdown connection[172.20.64.1:11800].
2025-10-28 10:27:29.445 +08:00 [docker-arsidentityserver0421001] [Information] SkyApm.Transport.Grpc.ConnectionManager : Connected server[172.20.64.1:11800].
2025-10-28 10:27:46.478 +08:00 [docker-arsidentityserver0421001] [Error] SkyApm.Transport.Grpc.V8.ServiceRegister : Report service instance properties fail.
Grpc.Core.RpcException: Status(StatusCode="Unavailable", Detail="Error connecting to subchannel.", DebugException="System.Net.Sockets.SocketException (10061): 由于目标计算机积极拒绝，无法连接。
   at System.Net.Sockets.Socket.AwaitableSocketAsyncEventArgs.System.Threading.Tasks.Sources.IValueTaskSource.GetResult(Int16 token)
   at System.Net.Sockets.Socket.<ConnectAsync>g__WaitForConnectWithCancellation|285_0(AwaitableSocketAsyncEventArgs saea, ValueTask connectTask, CancellationToken cancellationToken)
   at Grpc.Net.Client.Balancer.Internal.SocketConnectivitySubchannelTransport.TryConnectAsync(CancellationToken cancellationToken)")
   at Grpc.Net.Client.Balancer.Internal.ConnectionManager.PickAsync(PickContext context, Boolean waitForReady, CancellationToken cancellationToken)
   at Grpc.Net.Client.Balancer.Internal.BalancerHttpHandler.SendAsync(HttpRequestMessage request, CancellationToken cancellationToken)
   at Grpc.Net.Client.Internal.GrpcCall`2.RunCall(HttpRequestMessage request, Nullable`1 timeout)
   at SkyApm.Transport.Grpc.V8.ServiceRegister.<>c__DisplayClass9_0.<<ReportInstancePropertiesAsync>b__0>d.MoveNext()
--- End of stack trace from previous location ---
   at SkyApm.Transport.Grpc.Common.Call.Execute[T](Func`1 task, Func`1 errCallback, Func`1 errMessage)
2025-10-28 10:27:46.478 +08:00 [docker-arsidentityserver0421001] [Warning] SkyApm.Transport.Grpc.ConnectionManager : Connection state changed. Status(StatusCode="Unavailable", Detail="Error connecting to subchannel.", DebugException="System.Net.Sockets.SocketException (10061): 由于目标计算机积极拒绝，无法连接。
   at System.Net.Sockets.Socket.AwaitableSocketAsyncEventArgs.System.Threading.Tasks.Sources.IValueTaskSource.GetResult(Int16 token)
   at System.Net.Sockets.Socket.<ConnectAsync>g__WaitForConnectWithCancellation|285_0(AwaitableSocketAsyncEventArgs saea, ValueTask connectTask, CancellationToken cancellationToken)
   at Grpc.Net.Client.Balancer.Internal.SocketConnectivitySubchannelTransport.TryConnectAsync(CancellationToken cancellationToken)")
2025-10-28 10:27:59.443 +08:00 [docker-arsidentityserver0421001] [Information] SkyApm.Transport.Grpc.ConnectionManager : Shutdown connection[172.20.64.1:11800].
2025-10-28 10:27:59.443 +08:00 [docker-arsidentityserver0421001] [Information] SkyApm.Transport.Grpc.ConnectionManager : Connected server[172.20.64.1:11800].
2025-10-28 10:28:16.481 +08:00 [docker-arsidentityserver0421001] [Error] SkyApm.Transport.Grpc.V8.ServiceRegister : Report service instance properties fail.
Grpc.Core.RpcException: Status(StatusCode="Unavailable", Detail="Error connecting to subchannel.", DebugException="System.Net.Sockets.SocketException (10061): 由于目标计算机积极拒绝，无法连接。
   at System.Net.Sockets.Socket.AwaitableSocketAsyncEventArgs.System.Threading.Tasks.Sources.IValueTaskSource.GetResult(Int16 token)
   at System.Net.Sockets.Socket.<ConnectAsync>g__WaitForConnectWithCancellation|285_0(AwaitableSocketAsyncEventArgs saea, ValueTask connectTask, CancellationToken cancellationToken)
   at Grpc.Net.Client.Balancer.Internal.SocketConnectivitySubchannelTransport.TryConnectAsync(CancellationToken cancellationToken)")
   at Grpc.Net.Client.Balancer.Internal.ConnectionManager.PickAsync(PickContext context, Boolean waitForReady, CancellationToken cancellationToken)
   at Grpc.Net.Client.Balancer.Internal.BalancerHttpHandler.SendAsync(HttpRequestMessage request, CancellationToken cancellationToken)
   at Grpc.Net.Client.Internal.GrpcCall`2.RunCall(HttpRequestMessage request, Nullable`1 timeout)
   at SkyApm.Transport.Grpc.V8.ServiceRegister.<>c__DisplayClass9_0.<<ReportInstancePropertiesAsync>b__0>d.MoveNext()
--- End of stack trace from previous location ---
   at SkyApm.Transport.Grpc.Common.Call.Execute[T](Func`1 task, Func`1 errCallback, Func`1 errMessage)
2025-10-28 10:28:16.481 +08:00 [docker-arsidentityserver0421001] [Warning] SkyApm.Transport.Grpc.ConnectionManager : Connection state changed. Status(StatusCode="Unavailable", Detail="Error connecting to subchannel.", DebugException="System.Net.Sockets.SocketException (10061): 由于目标计算机积极拒绝，无法连接。
   at System.Net.Sockets.Socket.AwaitableSocketAsyncEventArgs.System.Threading.Tasks.Sources.IValueTaskSource.GetResult(Int16 token)
   at System.Net.Sockets.Socket.<ConnectAsync>g__WaitForConnectWithCancellation|285_0(AwaitableSocketAsyncEventArgs saea, ValueTask connectTask, CancellationToken cancellationToken)
   at Grpc.Net.Client.Balancer.Internal.SocketConnectivitySubchannelTransport.TryConnectAsync(CancellationToken cancellationToken)")
2025-10-28 10:28:29.445 +08:00 [docker-arsidentityserver0421001] [Information] SkyApm.Transport.Grpc.ConnectionManager : Shutdown connection[172.20.64.1:11800].
2025-10-28 10:28:29.445 +08:00 [docker-arsidentityserver0421001] [Information] SkyApm.Transport.Grpc.ConnectionManager : Connected server[172.20.64.1:11800].
2025-10-28 10:28:46.478 +08:00 [docker-arsidentityserver0421001] [Error] SkyApm.Transport.Grpc.V8.ServiceRegister : Report service instance properties fail.
Grpc.Core.RpcException: Status(StatusCode="Unavailable", Detail="Error connecting to subchannel.", DebugException="System.Net.Sockets.SocketException (10061): 由于目标计算机积极拒绝，无法连接。
   at System.Net.Sockets.Socket.AwaitableSocketAsyncEventArgs.System.Threading.Tasks.Sources.IValueTaskSource.GetResult(Int16 token)
   at System.Net.Sockets.Socket.<ConnectAsync>g__WaitForConnectWithCancellation|285_0(AwaitableSocketAsyncEventArgs saea, ValueTask connectTask, CancellationToken cancellationToken)
   at Grpc.Net.Client.Balancer.Internal.SocketConnectivitySubchannelTransport.TryConnectAsync(CancellationToken cancellationToken)")
   at Grpc.Net.Client.Balancer.Internal.ConnectionManager.PickAsync(PickContext context, Boolean waitForReady, CancellationToken cancellationToken)
   at Grpc.Net.Client.Balancer.Internal.BalancerHttpHandler.SendAsync(HttpRequestMessage request, CancellationToken cancellationToken)
   at Grpc.Net.Client.Internal.GrpcCall`2.RunCall(HttpRequestMessage request, Nullable`1 timeout)
   at SkyApm.Transport.Grpc.V8.ServiceRegister.<>c__DisplayClass9_0.<<ReportInstancePropertiesAsync>b__0>d.MoveNext()
--- End of stack trace from previous location ---
   at SkyApm.Transport.Grpc.Common.Call.Execute[T](Func`1 task, Func`1 errCallback, Func`1 errMessage)
2025-10-28 10:28:46.478 +08:00 [docker-arsidentityserver0421001] [Warning] SkyApm.Transport.Grpc.ConnectionManager : Connection state changed. Status(StatusCode="Unavailable", Detail="Error connecting to subchannel.", DebugException="System.Net.Sockets.SocketException (10061): 由于目标计算机积极拒绝，无法连接。
   at System.Net.Sockets.Socket.AwaitableSocketAsyncEventArgs.System.Threading.Tasks.Sources.IValueTaskSource.GetResult(Int16 token)
   at System.Net.Sockets.Socket.<ConnectAsync>g__WaitForConnectWithCancellation|285_0(AwaitableSocketAsyncEventArgs saea, ValueTask connectTask, CancellationToken cancellationToken)
   at Grpc.Net.Client.Balancer.Internal.SocketConnectivitySubchannelTransport.TryConnectAsync(CancellationToken cancellationToken)")
2025-10-28 10:28:59.445 +08:00 [docker-arsidentityserver0421001] [Information] SkyApm.Transport.Grpc.ConnectionManager : Shutdown connection[172.20.64.1:11800].
2025-10-28 10:28:59.446 +08:00 [docker-arsidentityserver0421001] [Information] SkyApm.Transport.Grpc.ConnectionManager : Connected server[172.20.64.1:11800].
2025-10-28 10:29:16.480 +08:00 [docker-arsidentityserver0421001] [Error] SkyApm.Transport.Grpc.V8.ServiceRegister : Report service instance properties fail.
Grpc.Core.RpcException: Status(StatusCode="Unavailable", Detail="Error connecting to subchannel.", DebugException="System.Net.Sockets.SocketException (10061): 由于目标计算机积极拒绝，无法连接。
   at System.Net.Sockets.Socket.AwaitableSocketAsyncEventArgs.System.Threading.Tasks.Sources.IValueTaskSource.GetResult(Int16 token)
   at System.Net.Sockets.Socket.<ConnectAsync>g__WaitForConnectWithCancellation|285_0(AwaitableSocketAsyncEventArgs saea, ValueTask connectTask, CancellationToken cancellationToken)
   at Grpc.Net.Client.Balancer.Internal.SocketConnectivitySubchannelTransport.TryConnectAsync(CancellationToken cancellationToken)")
   at Grpc.Net.Client.Balancer.Internal.ConnectionManager.PickAsync(PickContext context, Boolean waitForReady, CancellationToken cancellationToken)
   at Grpc.Net.Client.Balancer.Internal.BalancerHttpHandler.SendAsync(HttpRequestMessage request, CancellationToken cancellationToken)
   at Grpc.Net.Client.Internal.GrpcCall`2.RunCall(HttpRequestMessage request, Nullable`1 timeout)
   at SkyApm.Transport.Grpc.V8.ServiceRegister.<>c__DisplayClass9_0.<<ReportInstancePropertiesAsync>b__0>d.MoveNext()
--- End of stack trace from previous location ---
   at SkyApm.Transport.Grpc.Common.Call.Execute[T](Func`1 task, Func`1 errCallback, Func`1 errMessage)
2025-10-28 10:29:16.480 +08:00 [docker-arsidentityserver0421001] [Warning] SkyApm.Transport.Grpc.ConnectionManager : Connection state changed. Status(StatusCode="Unavailable", Detail="Error connecting to subchannel.", DebugException="System.Net.Sockets.SocketException (10061): 由于目标计算机积极拒绝，无法连接。
   at System.Net.Sockets.Socket.AwaitableSocketAsyncEventArgs.System.Threading.Tasks.Sources.IValueTaskSource.GetResult(Int16 token)
   at System.Net.Sockets.Socket.<ConnectAsync>g__WaitForConnectWithCancellation|285_0(AwaitableSocketAsyncEventArgs saea, ValueTask connectTask, CancellationToken cancellationToken)
   at Grpc.Net.Client.Balancer.Internal.SocketConnectivitySubchannelTransport.TryConnectAsync(CancellationToken cancellationToken)")
2025-10-28 10:29:29.444 +08:00 [docker-arsidentityserver0421001] [Information] SkyApm.Transport.Grpc.ConnectionManager : Shutdown connection[172.20.64.1:11800].
2025-10-28 10:29:29.444 +08:00 [docker-arsidentityserver0421001] [Information] SkyApm.Transport.Grpc.ConnectionManager : Connected server[172.20.64.1:11800].
2025-10-28 10:29:46.480 +08:00 [docker-arsidentityserver0421001] [Error] SkyApm.Transport.Grpc.V8.ServiceRegister : Report service instance properties fail.
Grpc.Core.RpcException: Status(StatusCode="Unavailable", Detail="Error connecting to subchannel.", DebugException="System.Net.Sockets.SocketException (10061): 由于目标计算机积极拒绝，无法连接。
   at System.Net.Sockets.Socket.AwaitableSocketAsyncEventArgs.System.Threading.Tasks.Sources.IValueTaskSource.GetResult(Int16 token)
   at System.Net.Sockets.Socket.<ConnectAsync>g__WaitForConnectWithCancellation|285_0(AwaitableSocketAsyncEventArgs saea, ValueTask connectTask, CancellationToken cancellationToken)
   at Grpc.Net.Client.Balancer.Internal.SocketConnectivitySubchannelTransport.TryConnectAsync(CancellationToken cancellationToken)")
   at Grpc.Net.Client.Balancer.Internal.ConnectionManager.PickAsync(PickContext context, Boolean waitForReady, CancellationToken cancellationToken)
   at Grpc.Net.Client.Balancer.Internal.BalancerHttpHandler.SendAsync(HttpRequestMessage request, CancellationToken cancellationToken)
   at Grpc.Net.Client.Internal.GrpcCall`2.RunCall(HttpRequestMessage request, Nullable`1 timeout)
   at SkyApm.Transport.Grpc.V8.ServiceRegister.<>c__DisplayClass9_0.<<ReportInstancePropertiesAsync>b__0>d.MoveNext()
--- End of stack trace from previous location ---
   at SkyApm.Transport.Grpc.Common.Call.Execute[T](Func`1 task, Func`1 errCallback, Func`1 errMessage)
2025-10-28 10:29:46.480 +08:00 [docker-arsidentityserver0421001] [Warning] SkyApm.Transport.Grpc.ConnectionManager : Connection state changed. Status(StatusCode="Unavailable", Detail="Error connecting to subchannel.", DebugException="System.Net.Sockets.SocketException (10061): 由于目标计算机积极拒绝，无法连接。
   at System.Net.Sockets.Socket.AwaitableSocketAsyncEventArgs.System.Threading.Tasks.Sources.IValueTaskSource.GetResult(Int16 token)
   at System.Net.Sockets.Socket.<ConnectAsync>g__WaitForConnectWithCancellation|285_0(AwaitableSocketAsyncEventArgs saea, ValueTask connectTask, CancellationToken cancellationToken)
   at Grpc.Net.Client.Balancer.Internal.SocketConnectivitySubchannelTransport.TryConnectAsync(CancellationToken cancellationToken)")
2025-10-28 10:29:59.444 +08:00 [docker-arsidentityserver0421001] [Information] SkyApm.Transport.Grpc.ConnectionManager : Shutdown connection[172.20.64.1:11800].
2025-10-28 10:29:59.444 +08:00 [docker-arsidentityserver0421001] [Information] SkyApm.Transport.Grpc.ConnectionManager : Connected server[172.20.64.1:11800].
2025-10-28 10:30:16.463 +08:00 [docker-arsidentityserver0421001] [Error] SkyApm.Transport.Grpc.V8.ServiceRegister : Report service instance properties fail.
Grpc.Core.RpcException: Status(StatusCode="Unavailable", Detail="Error connecting to subchannel.", DebugException="System.Net.Sockets.SocketException (10061): 由于目标计算机积极拒绝，无法连接。
   at System.Net.Sockets.Socket.AwaitableSocketAsyncEventArgs.System.Threading.Tasks.Sources.IValueTaskSource.GetResult(Int16 token)
   at System.Net.Sockets.Socket.<ConnectAsync>g__WaitForConnectWithCancellation|285_0(AwaitableSocketAsyncEventArgs saea, ValueTask connectTask, CancellationToken cancellationToken)
   at Grpc.Net.Client.Balancer.Internal.SocketConnectivitySubchannelTransport.TryConnectAsync(CancellationToken cancellationToken)")
   at Grpc.Net.Client.Balancer.Internal.ConnectionManager.PickAsync(PickContext context, Boolean waitForReady, CancellationToken cancellationToken)
   at Grpc.Net.Client.Balancer.Internal.BalancerHttpHandler.SendAsync(HttpRequestMessage request, CancellationToken cancellationToken)
   at Grpc.Net.Client.Internal.GrpcCall`2.RunCall(HttpRequestMessage request, Nullable`1 timeout)
   at SkyApm.Transport.Grpc.V8.ServiceRegister.<>c__DisplayClass9_0.<<ReportInstancePropertiesAsync>b__0>d.MoveNext()
--- End of stack trace from previous location ---
   at SkyApm.Transport.Grpc.Common.Call.Execute[T](Func`1 task, Func`1 errCallback, Func`1 errMessage)
2025-10-28 10:30:16.463 +08:00 [docker-arsidentityserver0421001] [Warning] SkyApm.Transport.Grpc.ConnectionManager : Connection state changed. Status(StatusCode="Unavailable", Detail="Error connecting to subchannel.", DebugException="System.Net.Sockets.SocketException (10061): 由于目标计算机积极拒绝，无法连接。
   at System.Net.Sockets.Socket.AwaitableSocketAsyncEventArgs.System.Threading.Tasks.Sources.IValueTaskSource.GetResult(Int16 token)
   at System.Net.Sockets.Socket.<ConnectAsync>g__WaitForConnectWithCancellation|285_0(AwaitableSocketAsyncEventArgs saea, ValueTask connectTask, CancellationToken cancellationToken)
   at Grpc.Net.Client.Balancer.Internal.SocketConnectivitySubchannelTransport.TryConnectAsync(CancellationToken cancellationToken)")
2025-10-28 10:30:29.445 +08:00 [docker-arsidentityserver0421001] [Information] SkyApm.Transport.Grpc.ConnectionManager : Shutdown connection[172.20.64.1:11800].
2025-10-28 10:30:29.445 +08:00 [docker-arsidentityserver0421001] [Information] SkyApm.Transport.Grpc.ConnectionManager : Connected server[172.20.64.1:11800].
2025-10-28 10:30:46.481 +08:00 [docker-arsidentityserver0421001] [Error] SkyApm.Transport.Grpc.V8.ServiceRegister : Report service instance properties fail.
Grpc.Core.RpcException: Status(StatusCode="Unavailable", Detail="Error connecting to subchannel.", DebugException="System.Net.Sockets.SocketException (10061): 由于目标计算机积极拒绝，无法连接。
   at System.Net.Sockets.Socket.AwaitableSocketAsyncEventArgs.System.Threading.Tasks.Sources.IValueTaskSource.GetResult(Int16 token)
   at System.Net.Sockets.Socket.<ConnectAsync>g__WaitForConnectWithCancellation|285_0(AwaitableSocketAsyncEventArgs saea, ValueTask connectTask, CancellationToken cancellationToken)
   at Grpc.Net.Client.Balancer.Internal.SocketConnectivitySubchannelTransport.TryConnectAsync(CancellationToken cancellationToken)")
   at Grpc.Net.Client.Balancer.Internal.ConnectionManager.PickAsync(PickContext context, Boolean waitForReady, CancellationToken cancellationToken)
   at Grpc.Net.Client.Balancer.Internal.BalancerHttpHandler.SendAsync(HttpRequestMessage request, CancellationToken cancellationToken)
   at Grpc.Net.Client.Internal.GrpcCall`2.RunCall(HttpRequestMessage request, Nullable`1 timeout)
   at SkyApm.Transport.Grpc.V8.ServiceRegister.<>c__DisplayClass9_0.<<ReportInstancePropertiesAsync>b__0>d.MoveNext()
--- End of stack trace from previous location ---
   at SkyApm.Transport.Grpc.Common.Call.Execute[T](Func`1 task, Func`1 errCallback, Func`1 errMessage)
2025-10-28 10:30:46.481 +08:00 [docker-arsidentityserver0421001] [Warning] SkyApm.Transport.Grpc.ConnectionManager : Connection state changed. Status(StatusCode="Unavailable", Detail="Error connecting to subchannel.", DebugException="System.Net.Sockets.SocketException (10061): 由于目标计算机积极拒绝，无法连接。
   at System.Net.Sockets.Socket.AwaitableSocketAsyncEventArgs.System.Threading.Tasks.Sources.IValueTaskSource.GetResult(Int16 token)
   at System.Net.Sockets.Socket.<ConnectAsync>g__WaitForConnectWithCancellation|285_0(AwaitableSocketAsyncEventArgs saea, ValueTask connectTask, CancellationToken cancellationToken)
   at Grpc.Net.Client.Balancer.Internal.SocketConnectivitySubchannelTransport.TryConnectAsync(CancellationToken cancellationToken)")
2025-10-28 10:30:59.444 +08:00 [docker-arsidentityserver0421001] [Information] SkyApm.Transport.Grpc.ConnectionManager : Shutdown connection[172.20.64.1:11800].
2025-10-28 10:30:59.444 +08:00 [docker-arsidentityserver0421001] [Information] SkyApm.Transport.Grpc.ConnectionManager : Connected server[172.20.64.1:11800].
2025-10-28 10:31:16.481 +08:00 [docker-arsidentityserver0421001] [Error] SkyApm.Transport.Grpc.V8.ServiceRegister : Report service instance properties fail.
Grpc.Core.RpcException: Status(StatusCode="Unavailable", Detail="Error connecting to subchannel.", DebugException="System.Net.Sockets.SocketException (10061): 由于目标计算机积极拒绝，无法连接。
   at System.Net.Sockets.Socket.AwaitableSocketAsyncEventArgs.System.Threading.Tasks.Sources.IValueTaskSource.GetResult(Int16 token)
   at System.Net.Sockets.Socket.<ConnectAsync>g__WaitForConnectWithCancellation|285_0(AwaitableSocketAsyncEventArgs saea, ValueTask connectTask, CancellationToken cancellationToken)
   at Grpc.Net.Client.Balancer.Internal.SocketConnectivitySubchannelTransport.TryConnectAsync(CancellationToken cancellationToken)")
   at Grpc.Net.Client.Balancer.Internal.ConnectionManager.PickAsync(PickContext context, Boolean waitForReady, CancellationToken cancellationToken)
   at Grpc.Net.Client.Balancer.Internal.BalancerHttpHandler.SendAsync(HttpRequestMessage request, CancellationToken cancellationToken)
   at Grpc.Net.Client.Internal.GrpcCall`2.RunCall(HttpRequestMessage request, Nullable`1 timeout)
   at SkyApm.Transport.Grpc.V8.ServiceRegister.<>c__DisplayClass9_0.<<ReportInstancePropertiesAsync>b__0>d.MoveNext()
--- End of stack trace from previous location ---
   at SkyApm.Transport.Grpc.Common.Call.Execute[T](Func`1 task, Func`1 errCallback, Func`1 errMessage)
2025-10-28 10:31:16.481 +08:00 [docker-arsidentityserver0421001] [Warning] SkyApm.Transport.Grpc.ConnectionManager : Connection state changed. Status(StatusCode="Unavailable", Detail="Error connecting to subchannel.", DebugException="System.Net.Sockets.SocketException (10061): 由于目标计算机积极拒绝，无法连接。
   at System.Net.Sockets.Socket.AwaitableSocketAsyncEventArgs.System.Threading.Tasks.Sources.IValueTaskSource.GetResult(Int16 token)
   at System.Net.Sockets.Socket.<ConnectAsync>g__WaitForConnectWithCancellation|285_0(AwaitableSocketAsyncEventArgs saea, ValueTask connectTask, CancellationToken cancellationToken)
   at Grpc.Net.Client.Balancer.Internal.SocketConnectivitySubchannelTransport.TryConnectAsync(CancellationToken cancellationToken)")
2025-10-28 10:31:29.445 +08:00 [docker-arsidentityserver0421001] [Information] SkyApm.Transport.Grpc.ConnectionManager : Shutdown connection[172.20.64.1:11800].
2025-10-28 10:31:29.445 +08:00 [docker-arsidentityserver0421001] [Information] SkyApm.Transport.Grpc.ConnectionManager : Connected server[172.20.64.1:11800].
2025-10-28 10:31:46.465 +08:00 [docker-arsidentityserver0421001] [Error] SkyApm.Transport.Grpc.V8.ServiceRegister : Report service instance properties fail.
Grpc.Core.RpcException: Status(StatusCode="Unavailable", Detail="Error connecting to subchannel.", DebugException="System.Net.Sockets.SocketException (10061): 由于目标计算机积极拒绝，无法连接。
   at System.Net.Sockets.Socket.AwaitableSocketAsyncEventArgs.System.Threading.Tasks.Sources.IValueTaskSource.GetResult(Int16 token)
   at System.Net.Sockets.Socket.<ConnectAsync>g__WaitForConnectWithCancellation|285_0(AwaitableSocketAsyncEventArgs saea, ValueTask connectTask, CancellationToken cancellationToken)
   at Grpc.Net.Client.Balancer.Internal.SocketConnectivitySubchannelTransport.TryConnectAsync(CancellationToken cancellationToken)")
   at Grpc.Net.Client.Balancer.Internal.ConnectionManager.PickAsync(PickContext context, Boolean waitForReady, CancellationToken cancellationToken)
   at Grpc.Net.Client.Balancer.Internal.BalancerHttpHandler.SendAsync(HttpRequestMessage request, CancellationToken cancellationToken)
   at Grpc.Net.Client.Internal.GrpcCall`2.RunCall(HttpRequestMessage request, Nullable`1 timeout)
   at SkyApm.Transport.Grpc.V8.ServiceRegister.<>c__DisplayClass9_0.<<ReportInstancePropertiesAsync>b__0>d.MoveNext()
--- End of stack trace from previous location ---
   at SkyApm.Transport.Grpc.Common.Call.Execute[T](Func`1 task, Func`1 errCallback, Func`1 errMessage)
2025-10-28 10:31:46.466 +08:00 [docker-arsidentityserver0421001] [Warning] SkyApm.Transport.Grpc.ConnectionManager : Connection state changed. Status(StatusCode="Unavailable", Detail="Error connecting to subchannel.", DebugException="System.Net.Sockets.SocketException (10061): 由于目标计算机积极拒绝，无法连接。
   at System.Net.Sockets.Socket.AwaitableSocketAsyncEventArgs.System.Threading.Tasks.Sources.IValueTaskSource.GetResult(Int16 token)
   at System.Net.Sockets.Socket.<ConnectAsync>g__WaitForConnectWithCancellation|285_0(AwaitableSocketAsyncEventArgs saea, ValueTask connectTask, CancellationToken cancellationToken)
   at Grpc.Net.Client.Balancer.Internal.SocketConnectivitySubchannelTransport.TryConnectAsync(CancellationToken cancellationToken)")
2025-10-28 10:32:22.286 +08:00 [docker-arsidentityserver0421001] [Information] SkyApm.Transport.Grpc.ConnectionManager : Shutdown connection[172.20.64.1:11800].
2025-10-28 10:32:22.287 +08:00 [docker-arsidentityserver0421001] [Information] SkyApm.Transport.Grpc.ConnectionManager : Connected server[172.20.64.1:11800].
2025-10-28 10:32:24.328 +08:00 [docker-arsidentityserver0421001] [Error] SkyApm.Transport.Grpc.V8.ServiceRegister : Report service instance properties fail.
Grpc.Core.RpcException: Status(StatusCode="Unavailable", Detail="Error connecting to subchannel.", DebugException="System.Net.Sockets.SocketException (10061): 由于目标计算机积极拒绝，无法连接。
   at System.Net.Sockets.Socket.AwaitableSocketAsyncEventArgs.System.Threading.Tasks.Sources.IValueTaskSource.GetResult(Int16 token)
   at System.Net.Sockets.Socket.<ConnectAsync>g__WaitForConnectWithCancellation|285_0(AwaitableSocketAsyncEventArgs saea, ValueTask connectTask, CancellationToken cancellationToken)
   at Grpc.Net.Client.Balancer.Internal.SocketConnectivitySubchannelTransport.TryConnectAsync(CancellationToken cancellationToken)")
   at Grpc.Net.Client.Balancer.Internal.ConnectionManager.PickAsync(PickContext context, Boolean waitForReady, CancellationToken cancellationToken)
   at Grpc.Net.Client.Balancer.Internal.BalancerHttpHandler.SendAsync(HttpRequestMessage request, CancellationToken cancellationToken)
   at Grpc.Net.Client.Internal.GrpcCall`2.RunCall(HttpRequestMessage request, Nullable`1 timeout)
   at SkyApm.Transport.Grpc.V8.ServiceRegister.<>c__DisplayClass9_0.<<ReportInstancePropertiesAsync>b__0>d.MoveNext()
--- End of stack trace from previous location ---
   at SkyApm.Transport.Grpc.Common.Call.Execute[T](Func`1 task, Func`1 errCallback, Func`1 errMessage)
2025-10-28 10:32:24.328 +08:00 [docker-arsidentityserver0421001] [Warning] SkyApm.Transport.Grpc.ConnectionManager : Connection state changed. Status(StatusCode="Unavailable", Detail="Error connecting to subchannel.", DebugException="System.Net.Sockets.SocketException (10061): 由于目标计算机积极拒绝，无法连接。
   at System.Net.Sockets.Socket.AwaitableSocketAsyncEventArgs.System.Threading.Tasks.Sources.IValueTaskSource.GetResult(Int16 token)
   at System.Net.Sockets.Socket.<ConnectAsync>g__WaitForConnectWithCancellation|285_0(AwaitableSocketAsyncEventArgs saea, ValueTask connectTask, CancellationToken cancellationToken)
   at Grpc.Net.Client.Balancer.Internal.SocketConnectivitySubchannelTransport.TryConnectAsync(CancellationToken cancellationToken)")
2025-10-28 10:32:37.260 +08:00 [docker-arsidentityserver0421001] [Information] SkyApm.Transport.Grpc.ConnectionManager : Shutdown connection[172.20.64.1:11800].
2025-10-28 10:32:37.260 +08:00 [docker-arsidentityserver0421001] [Information] SkyApm.Transport.Grpc.ConnectionManager : Connected server[172.20.64.1:11800].
2025-10-28 10:32:46.467 +08:00 [docker-arsidentityserver0421001] [Error] SkyApm.Transport.Grpc.V8.ServiceRegister : Report service instance properties fail.
Grpc.Core.RpcException: Status(StatusCode="Unavailable", Detail="Error connecting to subchannel.", DebugException="System.Net.Sockets.SocketException (10061): 由于目标计算机积极拒绝，无法连接。
   at System.Net.Sockets.Socket.AwaitableSocketAsyncEventArgs.System.Threading.Tasks.Sources.IValueTaskSource.GetResult(Int16 token)
   at System.Net.Sockets.Socket.<ConnectAsync>g__WaitForConnectWithCancellation|285_0(AwaitableSocketAsyncEventArgs saea, ValueTask connectTask, CancellationToken cancellationToken)
   at Grpc.Net.Client.Balancer.Internal.SocketConnectivitySubchannelTransport.TryConnectAsync(CancellationToken cancellationToken)")
   at Grpc.Net.Client.Balancer.Internal.ConnectionManager.PickAsync(PickContext context, Boolean waitForReady, CancellationToken cancellationToken)
   at Grpc.Net.Client.Balancer.Internal.BalancerHttpHandler.SendAsync(HttpRequestMessage request, CancellationToken cancellationToken)
   at Grpc.Net.Client.Internal.GrpcCall`2.RunCall(HttpRequestMessage request, Nullable`1 timeout)
   at SkyApm.Transport.Grpc.V8.ServiceRegister.<>c__DisplayClass9_0.<<ReportInstancePropertiesAsync>b__0>d.MoveNext()
--- End of stack trace from previous location ---
   at SkyApm.Transport.Grpc.Common.Call.Execute[T](Func`1 task, Func`1 errCallback, Func`1 errMessage)
2025-10-28 10:32:46.467 +08:00 [docker-arsidentityserver0421001] [Warning] SkyApm.Transport.Grpc.ConnectionManager : Connection state changed. Status(StatusCode="Unavailable", Detail="Error connecting to subchannel.", DebugException="System.Net.Sockets.SocketException (10061): 由于目标计算机积极拒绝，无法连接。
   at System.Net.Sockets.Socket.AwaitableSocketAsyncEventArgs.System.Threading.Tasks.Sources.IValueTaskSource.GetResult(Int16 token)
   at System.Net.Sockets.Socket.<ConnectAsync>g__WaitForConnectWithCancellation|285_0(AwaitableSocketAsyncEventArgs saea, ValueTask connectTask, CancellationToken cancellationToken)
   at Grpc.Net.Client.Balancer.Internal.SocketConnectivitySubchannelTransport.TryConnectAsync(CancellationToken cancellationToken)")
2025-10-28 10:35:31.361 +08:00 [docker-arsidentityserver0421001] [Information] SkyApm.Transport.Grpc.ConnectionManager : Shutdown connection[172.20.64.1:11800].
2025-10-28 10:35:31.363 +08:00 [docker-arsidentityserver0421001] [Information] SkyApm.Transport.Grpc.ConnectionManager : Connected server[172.20.64.1:11800].
2025-10-28 10:35:36.099 +08:00 [docker-arsidentityserver0421001] [Error] SkyApm.Transport.Grpc.V8.ServiceRegister : Report service instance properties fail.
Grpc.Core.RpcException: Status(StatusCode="Unavailable", Detail="Error connecting to subchannel.", DebugException="System.Net.Sockets.SocketException (10061): 由于目标计算机积极拒绝，无法连接。
   at System.Net.Sockets.Socket.AwaitableSocketAsyncEventArgs.System.Threading.Tasks.Sources.IValueTaskSource.GetResult(Int16 token)
   at System.Net.Sockets.Socket.<ConnectAsync>g__WaitForConnectWithCancellation|285_0(AwaitableSocketAsyncEventArgs saea, ValueTask connectTask, CancellationToken cancellationToken)
   at Grpc.Net.Client.Balancer.Internal.SocketConnectivitySubchannelTransport.TryConnectAsync(CancellationToken cancellationToken)")
   at Grpc.Net.Client.Balancer.Internal.ConnectionManager.PickAsync(PickContext context, Boolean waitForReady, CancellationToken cancellationToken)
   at Grpc.Net.Client.Balancer.Internal.BalancerHttpHandler.SendAsync(HttpRequestMessage request, CancellationToken cancellationToken)
   at Grpc.Net.Client.Internal.GrpcCall`2.RunCall(HttpRequestMessage request, Nullable`1 timeout)
   at SkyApm.Transport.Grpc.V8.ServiceRegister.<>c__DisplayClass9_0.<<ReportInstancePropertiesAsync>b__0>d.MoveNext()
--- End of stack trace from previous location ---
   at SkyApm.Transport.Grpc.Common.Call.Execute[T](Func`1 task, Func`1 errCallback, Func`1 errMessage)
2025-10-28 10:35:36.099 +08:00 [docker-arsidentityserver0421001] [Warning] SkyApm.Transport.Grpc.ConnectionManager : Connection state changed. Status(StatusCode="Unavailable", Detail="Error connecting to subchannel.", DebugException="System.Net.Sockets.SocketException (10061): 由于目标计算机积极拒绝，无法连接。
   at System.Net.Sockets.Socket.AwaitableSocketAsyncEventArgs.System.Threading.Tasks.Sources.IValueTaskSource.GetResult(Int16 token)
   at System.Net.Sockets.Socket.<ConnectAsync>g__WaitForConnectWithCancellation|285_0(AwaitableSocketAsyncEventArgs saea, ValueTask connectTask, CancellationToken cancellationToken)
   at Grpc.Net.Client.Balancer.Internal.SocketConnectivitySubchannelTransport.TryConnectAsync(CancellationToken cancellationToken)")
2025-10-28 10:35:36.100 +08:00 [docker-arsidentityserver0421001] [Error] SkyApm.Transport.Grpc.V8.ServiceRegister : Report service instance properties fail.
Grpc.Core.RpcException: Status(StatusCode="Unavailable", Detail="Error connecting to subchannel.", DebugException="System.Net.Sockets.SocketException (10061): 由于目标计算机积极拒绝，无法连接。
   at System.Net.Sockets.Socket.AwaitableSocketAsyncEventArgs.System.Threading.Tasks.Sources.IValueTaskSource.GetResult(Int16 token)
   at System.Net.Sockets.Socket.<ConnectAsync>g__WaitForConnectWithCancellation|285_0(AwaitableSocketAsyncEventArgs saea, ValueTask connectTask, CancellationToken cancellationToken)
   at Grpc.Net.Client.Balancer.Internal.SocketConnectivitySubchannelTransport.TryConnectAsync(CancellationToken cancellationToken)")
   at Grpc.Net.Client.Balancer.Internal.ConnectionManager.PickAsync(PickContext context, Boolean waitForReady, CancellationToken cancellationToken)
   at Grpc.Net.Client.Balancer.Internal.BalancerHttpHandler.SendAsync(HttpRequestMessage request, CancellationToken cancellationToken)
   at Grpc.Net.Client.Internal.GrpcCall`2.RunCall(HttpRequestMessage request, Nullable`1 timeout)
   at SkyApm.Transport.Grpc.V8.ServiceRegister.<>c__DisplayClass9_0.<<ReportInstancePropertiesAsync>b__0>d.MoveNext()
--- End of stack trace from previous location ---
   at SkyApm.Transport.Grpc.Common.Call.Execute[T](Func`1 task, Func`1 errCallback, Func`1 errMessage)
2025-10-28 10:35:46.328 +08:00 [docker-arsidentityserver0421001] [Information] SkyApm.Transport.Grpc.ConnectionManager : Shutdown connection[172.20.64.1:11800].
2025-10-28 10:35:46.329 +08:00 [docker-arsidentityserver0421001] [Information] SkyApm.Transport.Grpc.ConnectionManager : Connected server[172.20.64.1:11800].
2025-10-28 10:36:03.359 +08:00 [docker-arsidentityserver0421001] [Error] SkyApm.Transport.Grpc.V8.ServiceRegister : Report service instance properties fail.
Grpc.Core.RpcException: Status(StatusCode="Unavailable", Detail="Error connecting to subchannel.", DebugException="System.Net.Sockets.SocketException (10061): 由于目标计算机积极拒绝，无法连接。
   at System.Net.Sockets.Socket.AwaitableSocketAsyncEventArgs.System.Threading.Tasks.Sources.IValueTaskSource.GetResult(Int16 token)
   at System.Net.Sockets.Socket.<ConnectAsync>g__WaitForConnectWithCancellation|285_0(AwaitableSocketAsyncEventArgs saea, ValueTask connectTask, CancellationToken cancellationToken)
   at Grpc.Net.Client.Balancer.Internal.SocketConnectivitySubchannelTransport.TryConnectAsync(CancellationToken cancellationToken)")
   at Grpc.Net.Client.Balancer.Internal.ConnectionManager.PickAsync(PickContext context, Boolean waitForReady, CancellationToken cancellationToken)
   at Grpc.Net.Client.Balancer.Internal.BalancerHttpHandler.SendAsync(HttpRequestMessage request, CancellationToken cancellationToken)
   at Grpc.Net.Client.Internal.GrpcCall`2.RunCall(HttpRequestMessage request, Nullable`1 timeout)
   at SkyApm.Transport.Grpc.V8.ServiceRegister.<>c__DisplayClass9_0.<<ReportInstancePropertiesAsync>b__0>d.MoveNext()
--- End of stack trace from previous location ---
   at SkyApm.Transport.Grpc.Common.Call.Execute[T](Func`1 task, Func`1 errCallback, Func`1 errMessage)
2025-10-28 10:36:03.359 +08:00 [docker-arsidentityserver0421001] [Warning] SkyApm.Transport.Grpc.ConnectionManager : Connection state changed. Status(StatusCode="Unavailable", Detail="Error connecting to subchannel.", DebugException="System.Net.Sockets.SocketException (10061): 由于目标计算机积极拒绝，无法连接。
   at System.Net.Sockets.Socket.AwaitableSocketAsyncEventArgs.System.Threading.Tasks.Sources.IValueTaskSource.GetResult(Int16 token)
   at System.Net.Sockets.Socket.<ConnectAsync>g__WaitForConnectWithCancellation|285_0(AwaitableSocketAsyncEventArgs saea, ValueTask connectTask, CancellationToken cancellationToken)
   at Grpc.Net.Client.Balancer.Internal.SocketConnectivitySubchannelTransport.TryConnectAsync(CancellationToken cancellationToken)")
2025-10-28 10:36:16.326 +08:00 [docker-arsidentityserver0421001] [Information] SkyApm.Transport.Grpc.ConnectionManager : Shutdown connection[172.20.64.1:11800].
2025-10-28 10:36:16.326 +08:00 [docker-arsidentityserver0421001] [Information] SkyApm.Transport.Grpc.ConnectionManager : Connected server[172.20.64.1:11800].
2025-10-28 10:36:33.360 +08:00 [docker-arsidentityserver0421001] [Error] SkyApm.Transport.Grpc.V8.ServiceRegister : Report service instance properties fail.
Grpc.Core.RpcException: Status(StatusCode="Unavailable", Detail="Error connecting to subchannel.", DebugException="System.Net.Sockets.SocketException (10061): 由于目标计算机积极拒绝，无法连接。
   at System.Net.Sockets.Socket.AwaitableSocketAsyncEventArgs.System.Threading.Tasks.Sources.IValueTaskSource.GetResult(Int16 token)
   at System.Net.Sockets.Socket.<ConnectAsync>g__WaitForConnectWithCancellation|285_0(AwaitableSocketAsyncEventArgs saea, ValueTask connectTask, CancellationToken cancellationToken)
   at Grpc.Net.Client.Balancer.Internal.SocketConnectivitySubchannelTransport.TryConnectAsync(CancellationToken cancellationToken)")
   at Grpc.Net.Client.Balancer.Internal.ConnectionManager.PickAsync(PickContext context, Boolean waitForReady, CancellationToken cancellationToken)
   at Grpc.Net.Client.Balancer.Internal.BalancerHttpHandler.SendAsync(HttpRequestMessage request, CancellationToken cancellationToken)
   at Grpc.Net.Client.Internal.GrpcCall`2.RunCall(HttpRequestMessage request, Nullable`1 timeout)
   at SkyApm.Transport.Grpc.V8.ServiceRegister.<>c__DisplayClass9_0.<<ReportInstancePropertiesAsync>b__0>d.MoveNext()
--- End of stack trace from previous location ---
   at SkyApm.Transport.Grpc.Common.Call.Execute[T](Func`1 task, Func`1 errCallback, Func`1 errMessage)
2025-10-28 10:36:33.360 +08:00 [docker-arsidentityserver0421001] [Warning] SkyApm.Transport.Grpc.ConnectionManager : Connection state changed. Status(StatusCode="Unavailable", Detail="Error connecting to subchannel.", DebugException="System.Net.Sockets.SocketException (10061): 由于目标计算机积极拒绝，无法连接。
   at System.Net.Sockets.Socket.AwaitableSocketAsyncEventArgs.System.Threading.Tasks.Sources.IValueTaskSource.GetResult(Int16 token)
   at System.Net.Sockets.Socket.<ConnectAsync>g__WaitForConnectWithCancellation|285_0(AwaitableSocketAsyncEventArgs saea, ValueTask connectTask, CancellationToken cancellationToken)
   at Grpc.Net.Client.Balancer.Internal.SocketConnectivitySubchannelTransport.TryConnectAsync(CancellationToken cancellationToken)")
2025-10-28 10:36:46.322 +08:00 [docker-arsidentityserver0421001] [Information] SkyApm.Transport.Grpc.ConnectionManager : Shutdown connection[172.20.64.1:11800].
2025-10-28 10:36:46.322 +08:00 [docker-arsidentityserver0421001] [Information] SkyApm.Transport.Grpc.ConnectionManager : Connected server[172.20.64.1:11800].
2025-10-28 10:37:03.363 +08:00 [docker-arsidentityserver0421001] [Error] SkyApm.Transport.Grpc.V8.ServiceRegister : Report service instance properties fail.
Grpc.Core.RpcException: Status(StatusCode="Unavailable", Detail="Error connecting to subchannel.", DebugException="System.Net.Sockets.SocketException (10061): 由于目标计算机积极拒绝，无法连接。
   at System.Net.Sockets.Socket.AwaitableSocketAsyncEventArgs.System.Threading.Tasks.Sources.IValueTaskSource.GetResult(Int16 token)
   at System.Net.Sockets.Socket.<ConnectAsync>g__WaitForConnectWithCancellation|285_0(AwaitableSocketAsyncEventArgs saea, ValueTask connectTask, CancellationToken cancellationToken)
   at Grpc.Net.Client.Balancer.Internal.SocketConnectivitySubchannelTransport.TryConnectAsync(CancellationToken cancellationToken)")
   at Grpc.Net.Client.Balancer.Internal.ConnectionManager.PickAsync(PickContext context, Boolean waitForReady, CancellationToken cancellationToken)
   at Grpc.Net.Client.Balancer.Internal.BalancerHttpHandler.SendAsync(HttpRequestMessage request, CancellationToken cancellationToken)
   at Grpc.Net.Client.Internal.GrpcCall`2.RunCall(HttpRequestMessage request, Nullable`1 timeout)
   at SkyApm.Transport.Grpc.V8.ServiceRegister.<>c__DisplayClass9_0.<<ReportInstancePropertiesAsync>b__0>d.MoveNext()
--- End of stack trace from previous location ---
   at SkyApm.Transport.Grpc.Common.Call.Execute[T](Func`1 task, Func`1 errCallback, Func`1 errMessage)
2025-10-28 10:37:03.363 +08:00 [docker-arsidentityserver0421001] [Warning] SkyApm.Transport.Grpc.ConnectionManager : Connection state changed. Status(StatusCode="Unavailable", Detail="Error connecting to subchannel.", DebugException="System.Net.Sockets.SocketException (10061): 由于目标计算机积极拒绝，无法连接。
   at System.Net.Sockets.Socket.AwaitableSocketAsyncEventArgs.System.Threading.Tasks.Sources.IValueTaskSource.GetResult(Int16 token)
   at System.Net.Sockets.Socket.<ConnectAsync>g__WaitForConnectWithCancellation|285_0(AwaitableSocketAsyncEventArgs saea, ValueTask connectTask, CancellationToken cancellationToken)
   at Grpc.Net.Client.Balancer.Internal.SocketConnectivitySubchannelTransport.TryConnectAsync(CancellationToken cancellationToken)")
2025-10-28 10:37:16.330 +08:00 [docker-arsidentityserver0421001] [Information] SkyApm.Transport.Grpc.ConnectionManager : Shutdown connection[172.20.64.1:11800].
2025-10-28 10:37:16.331 +08:00 [docker-arsidentityserver0421001] [Information] SkyApm.Transport.Grpc.ConnectionManager : Connected server[172.20.64.1:11800].
2025-10-28 10:37:33.352 +08:00 [docker-arsidentityserver0421001] [Error] SkyApm.Transport.Grpc.V8.ServiceRegister : Report service instance properties fail.
Grpc.Core.RpcException: Status(StatusCode="Unavailable", Detail="Error connecting to subchannel.", DebugException="System.Net.Sockets.SocketException (10061): 由于目标计算机积极拒绝，无法连接。
   at System.Net.Sockets.Socket.AwaitableSocketAsyncEventArgs.System.Threading.Tasks.Sources.IValueTaskSource.GetResult(Int16 token)
   at System.Net.Sockets.Socket.<ConnectAsync>g__WaitForConnectWithCancellation|285_0(AwaitableSocketAsyncEventArgs saea, ValueTask connectTask, CancellationToken cancellationToken)
   at Grpc.Net.Client.Balancer.Internal.SocketConnectivitySubchannelTransport.TryConnectAsync(CancellationToken cancellationToken)")
   at Grpc.Net.Client.Balancer.Internal.ConnectionManager.PickAsync(PickContext context, Boolean waitForReady, CancellationToken cancellationToken)
   at Grpc.Net.Client.Balancer.Internal.BalancerHttpHandler.SendAsync(HttpRequestMessage request, CancellationToken cancellationToken)
   at Grpc.Net.Client.Internal.GrpcCall`2.RunCall(HttpRequestMessage request, Nullable`1 timeout)
   at SkyApm.Transport.Grpc.V8.ServiceRegister.<>c__DisplayClass9_0.<<ReportInstancePropertiesAsync>b__0>d.MoveNext()
--- End of stack trace from previous location ---
   at SkyApm.Transport.Grpc.Common.Call.Execute[T](Func`1 task, Func`1 errCallback, Func`1 errMessage)
2025-10-28 10:37:33.352 +08:00 [docker-arsidentityserver0421001] [Warning] SkyApm.Transport.Grpc.ConnectionManager : Connection state changed. Status(StatusCode="Unavailable", Detail="Error connecting to subchannel.", DebugException="System.Net.Sockets.SocketException (10061): 由于目标计算机积极拒绝，无法连接。
   at System.Net.Sockets.Socket.AwaitableSocketAsyncEventArgs.System.Threading.Tasks.Sources.IValueTaskSource.GetResult(Int16 token)
   at System.Net.Sockets.Socket.<ConnectAsync>g__WaitForConnectWithCancellation|285_0(AwaitableSocketAsyncEventArgs saea, ValueTask connectTask, CancellationToken cancellationToken)
   at Grpc.Net.Client.Balancer.Internal.SocketConnectivitySubchannelTransport.TryConnectAsync(CancellationToken cancellationToken)")
2025-10-28 10:37:46.335 +08:00 [docker-arsidentityserver0421001] [Information] SkyApm.Transport.Grpc.ConnectionManager : Shutdown connection[172.20.64.1:11800].
2025-10-28 10:37:46.335 +08:00 [docker-arsidentityserver0421001] [Information] SkyApm.Transport.Grpc.ConnectionManager : Connected server[172.20.64.1:11800].
2025-10-28 10:38:03.353 +08:00 [docker-arsidentityserver0421001] [Error] SkyApm.Transport.Grpc.V8.ServiceRegister : Report service instance properties fail.
Grpc.Core.RpcException: Status(StatusCode="Unavailable", Detail="Error connecting to subchannel.", DebugException="System.Net.Sockets.SocketException (10061): 由于目标计算机积极拒绝，无法连接。
   at System.Net.Sockets.Socket.AwaitableSocketAsyncEventArgs.System.Threading.Tasks.Sources.IValueTaskSource.GetResult(Int16 token)
   at System.Net.Sockets.Socket.<ConnectAsync>g__WaitForConnectWithCancellation|285_0(AwaitableSocketAsyncEventArgs saea, ValueTask connectTask, CancellationToken cancellationToken)
   at Grpc.Net.Client.Balancer.Internal.SocketConnectivitySubchannelTransport.TryConnectAsync(CancellationToken cancellationToken)")
   at Grpc.Net.Client.Balancer.Internal.ConnectionManager.PickAsync(PickContext context, Boolean waitForReady, CancellationToken cancellationToken)
   at Grpc.Net.Client.Balancer.Internal.BalancerHttpHandler.SendAsync(HttpRequestMessage request, CancellationToken cancellationToken)
   at Grpc.Net.Client.Internal.GrpcCall`2.RunCall(HttpRequestMessage request, Nullable`1 timeout)
   at SkyApm.Transport.Grpc.V8.ServiceRegister.<>c__DisplayClass9_0.<<ReportInstancePropertiesAsync>b__0>d.MoveNext()
--- End of stack trace from previous location ---
   at SkyApm.Transport.Grpc.Common.Call.Execute[T](Func`1 task, Func`1 errCallback, Func`1 errMessage)
2025-10-28 10:38:03.353 +08:00 [docker-arsidentityserver0421001] [Warning] SkyApm.Transport.Grpc.ConnectionManager : Connection state changed. Status(StatusCode="Unavailable", Detail="Error connecting to subchannel.", DebugException="System.Net.Sockets.SocketException (10061): 由于目标计算机积极拒绝，无法连接。
   at System.Net.Sockets.Socket.AwaitableSocketAsyncEventArgs.System.Threading.Tasks.Sources.IValueTaskSource.GetResult(Int16 token)
   at System.Net.Sockets.Socket.<ConnectAsync>g__WaitForConnectWithCancellation|285_0(AwaitableSocketAsyncEventArgs saea, ValueTask connectTask, CancellationToken cancellationToken)
   at Grpc.Net.Client.Balancer.Internal.SocketConnectivitySubchannelTransport.TryConnectAsync(CancellationToken cancellationToken)")
2025-10-28 10:38:16.335 +08:00 [docker-arsidentityserver0421001] [Information] SkyApm.Transport.Grpc.ConnectionManager : Shutdown connection[172.20.64.1:11800].
2025-10-28 10:38:16.335 +08:00 [docker-arsidentityserver0421001] [Information] SkyApm.Transport.Grpc.ConnectionManager : Connected server[172.20.64.1:11800].
2025-10-28 10:38:33.350 +08:00 [docker-arsidentityserver0421001] [Error] SkyApm.Transport.Grpc.V8.ServiceRegister : Report service instance properties fail.
Grpc.Core.RpcException: Status(StatusCode="Unavailable", Detail="Error connecting to subchannel.", DebugException="System.Net.Sockets.SocketException (10061): 由于目标计算机积极拒绝，无法连接。
   at System.Net.Sockets.Socket.AwaitableSocketAsyncEventArgs.System.Threading.Tasks.Sources.IValueTaskSource.GetResult(Int16 token)
   at System.Net.Sockets.Socket.<ConnectAsync>g__WaitForConnectWithCancellation|285_0(AwaitableSocketAsyncEventArgs saea, ValueTask connectTask, CancellationToken cancellationToken)
   at Grpc.Net.Client.Balancer.Internal.SocketConnectivitySubchannelTransport.TryConnectAsync(CancellationToken cancellationToken)")
   at Grpc.Net.Client.Balancer.Internal.ConnectionManager.PickAsync(PickContext context, Boolean waitForReady, CancellationToken cancellationToken)
   at Grpc.Net.Client.Balancer.Internal.BalancerHttpHandler.SendAsync(HttpRequestMessage request, CancellationToken cancellationToken)
   at Grpc.Net.Client.Internal.GrpcCall`2.RunCall(HttpRequestMessage request, Nullable`1 timeout)
   at SkyApm.Transport.Grpc.V8.ServiceRegister.<>c__DisplayClass9_0.<<ReportInstancePropertiesAsync>b__0>d.MoveNext()
--- End of stack trace from previous location ---
   at SkyApm.Transport.Grpc.Common.Call.Execute[T](Func`1 task, Func`1 errCallback, Func`1 errMessage)
2025-10-28 10:38:33.350 +08:00 [docker-arsidentityserver0421001] [Warning] SkyApm.Transport.Grpc.ConnectionManager : Connection state changed. Status(StatusCode="Unavailable", Detail="Error connecting to subchannel.", DebugException="System.Net.Sockets.SocketException (10061): 由于目标计算机积极拒绝，无法连接。
   at System.Net.Sockets.Socket.AwaitableSocketAsyncEventArgs.System.Threading.Tasks.Sources.IValueTaskSource.GetResult(Int16 token)
   at System.Net.Sockets.Socket.<ConnectAsync>g__WaitForConnectWithCancellation|285_0(AwaitableSocketAsyncEventArgs saea, ValueTask connectTask, CancellationToken cancellationToken)
   at Grpc.Net.Client.Balancer.Internal.SocketConnectivitySubchannelTransport.TryConnectAsync(CancellationToken cancellationToken)")
2025-10-28 10:38:46.328 +08:00 [docker-arsidentityserver0421001] [Information] SkyApm.Transport.Grpc.ConnectionManager : Shutdown connection[172.20.64.1:11800].
2025-10-28 10:38:46.328 +08:00 [docker-arsidentityserver0421001] [Information] SkyApm.Transport.Grpc.ConnectionManager : Connected server[172.20.64.1:11800].
2025-10-28 10:39:03.356 +08:00 [docker-arsidentityserver0421001] [Error] SkyApm.Transport.Grpc.V8.ServiceRegister : Report service instance properties fail.
Grpc.Core.RpcException: Status(StatusCode="Unavailable", Detail="Error connecting to subchannel.", DebugException="System.Net.Sockets.SocketException (10061): 由于目标计算机积极拒绝，无法连接。
   at System.Net.Sockets.Socket.AwaitableSocketAsyncEventArgs.System.Threading.Tasks.Sources.IValueTaskSource.GetResult(Int16 token)
   at System.Net.Sockets.Socket.<ConnectAsync>g__WaitForConnectWithCancellation|285_0(AwaitableSocketAsyncEventArgs saea, ValueTask connectTask, CancellationToken cancellationToken)
   at Grpc.Net.Client.Balancer.Internal.SocketConnectivitySubchannelTransport.TryConnectAsync(CancellationToken cancellationToken)")
   at Grpc.Net.Client.Balancer.Internal.ConnectionManager.PickAsync(PickContext context, Boolean waitForReady, CancellationToken cancellationToken)
   at Grpc.Net.Client.Balancer.Internal.BalancerHttpHandler.SendAsync(HttpRequestMessage request, CancellationToken cancellationToken)
   at Grpc.Net.Client.Internal.GrpcCall`2.RunCall(HttpRequestMessage request, Nullable`1 timeout)
   at SkyApm.Transport.Grpc.V8.ServiceRegister.<>c__DisplayClass9_0.<<ReportInstancePropertiesAsync>b__0>d.MoveNext()
--- End of stack trace from previous location ---
   at SkyApm.Transport.Grpc.Common.Call.Execute[T](Func`1 task, Func`1 errCallback, Func`1 errMessage)
2025-10-28 10:39:03.356 +08:00 [docker-arsidentityserver0421001] [Warning] SkyApm.Transport.Grpc.ConnectionManager : Connection state changed. Status(StatusCode="Unavailable", Detail="Error connecting to subchannel.", DebugException="System.Net.Sockets.SocketException (10061): 由于目标计算机积极拒绝，无法连接。
   at System.Net.Sockets.Socket.AwaitableSocketAsyncEventArgs.System.Threading.Tasks.Sources.IValueTaskSource.GetResult(Int16 token)
   at System.Net.Sockets.Socket.<ConnectAsync>g__WaitForConnectWithCancellation|285_0(AwaitableSocketAsyncEventArgs saea, ValueTask connectTask, CancellationToken cancellationToken)
   at Grpc.Net.Client.Balancer.Internal.SocketConnectivitySubchannelTransport.TryConnectAsync(CancellationToken cancellationToken)")
2025-10-28 10:39:16.324 +08:00 [docker-arsidentityserver0421001] [Information] SkyApm.Transport.Grpc.ConnectionManager : Shutdown connection[172.20.64.1:11800].
2025-10-28 10:39:16.324 +08:00 [docker-arsidentityserver0421001] [Information] SkyApm.Transport.Grpc.ConnectionManager : Connected server[172.20.64.1:11800].
2025-10-28 10:39:33.363 +08:00 [docker-arsidentityserver0421001] [Error] SkyApm.Transport.Grpc.V8.ServiceRegister : Report service instance properties fail.
Grpc.Core.RpcException: Status(StatusCode="Unavailable", Detail="Error connecting to subchannel.", DebugException="System.Net.Sockets.SocketException (10061): 由于目标计算机积极拒绝，无法连接。
   at System.Net.Sockets.Socket.AwaitableSocketAsyncEventArgs.System.Threading.Tasks.Sources.IValueTaskSource.GetResult(Int16 token)
   at System.Net.Sockets.Socket.<ConnectAsync>g__WaitForConnectWithCancellation|285_0(AwaitableSocketAsyncEventArgs saea, ValueTask connectTask, CancellationToken cancellationToken)
   at Grpc.Net.Client.Balancer.Internal.SocketConnectivitySubchannelTransport.TryConnectAsync(CancellationToken cancellationToken)")
   at Grpc.Net.Client.Balancer.Internal.ConnectionManager.PickAsync(PickContext context, Boolean waitForReady, CancellationToken cancellationToken)
   at Grpc.Net.Client.Balancer.Internal.BalancerHttpHandler.SendAsync(HttpRequestMessage request, CancellationToken cancellationToken)
   at Grpc.Net.Client.Internal.GrpcCall`2.RunCall(HttpRequestMessage request, Nullable`1 timeout)
   at SkyApm.Transport.Grpc.V8.ServiceRegister.<>c__DisplayClass9_0.<<ReportInstancePropertiesAsync>b__0>d.MoveNext()
--- End of stack trace from previous location ---
   at SkyApm.Transport.Grpc.Common.Call.Execute[T](Func`1 task, Func`1 errCallback, Func`1 errMessage)
2025-10-28 10:39:33.363 +08:00 [docker-arsidentityserver0421001] [Warning] SkyApm.Transport.Grpc.ConnectionManager : Connection state changed. Status(StatusCode="Unavailable", Detail="Error connecting to subchannel.", DebugException="System.Net.Sockets.SocketException (10061): 由于目标计算机积极拒绝，无法连接。
   at System.Net.Sockets.Socket.AwaitableSocketAsyncEventArgs.System.Threading.Tasks.Sources.IValueTaskSource.GetResult(Int16 token)
   at System.Net.Sockets.Socket.<ConnectAsync>g__WaitForConnectWithCancellation|285_0(AwaitableSocketAsyncEventArgs saea, ValueTask connectTask, CancellationToken cancellationToken)
   at Grpc.Net.Client.Balancer.Internal.SocketConnectivitySubchannelTransport.TryConnectAsync(CancellationToken cancellationToken)")
2025-10-28 10:39:46.332 +08:00 [docker-arsidentityserver0421001] [Information] SkyApm.Transport.Grpc.ConnectionManager : Shutdown connection[172.20.64.1:11800].
2025-10-28 10:39:46.332 +08:00 [docker-arsidentityserver0421001] [Information] SkyApm.Transport.Grpc.ConnectionManager : Connected server[172.20.64.1:11800].
2025-10-28 10:40:03.352 +08:00 [docker-arsidentityserver0421001] [Error] SkyApm.Transport.Grpc.V8.ServiceRegister : Report service instance properties fail.
Grpc.Core.RpcException: Status(StatusCode="Unavailable", Detail="Error connecting to subchannel.", DebugException="System.Net.Sockets.SocketException (10061): 由于目标计算机积极拒绝，无法连接。
   at System.Net.Sockets.Socket.AwaitableSocketAsyncEventArgs.System.Threading.Tasks.Sources.IValueTaskSource.GetResult(Int16 token)
   at System.Net.Sockets.Socket.<ConnectAsync>g__WaitForConnectWithCancellation|285_0(AwaitableSocketAsyncEventArgs saea, ValueTask connectTask, CancellationToken cancellationToken)
   at Grpc.Net.Client.Balancer.Internal.SocketConnectivitySubchannelTransport.TryConnectAsync(CancellationToken cancellationToken)")
   at Grpc.Net.Client.Balancer.Internal.ConnectionManager.PickAsync(PickContext context, Boolean waitForReady, CancellationToken cancellationToken)
   at Grpc.Net.Client.Balancer.Internal.BalancerHttpHandler.SendAsync(HttpRequestMessage request, CancellationToken cancellationToken)
   at Grpc.Net.Client.Internal.GrpcCall`2.RunCall(HttpRequestMessage request, Nullable`1 timeout)
   at SkyApm.Transport.Grpc.V8.ServiceRegister.<>c__DisplayClass9_0.<<ReportInstancePropertiesAsync>b__0>d.MoveNext()
--- End of stack trace from previous location ---
   at SkyApm.Transport.Grpc.Common.Call.Execute[T](Func`1 task, Func`1 errCallback, Func`1 errMessage)
2025-10-28 10:40:03.353 +08:00 [docker-arsidentityserver0421001] [Warning] SkyApm.Transport.Grpc.ConnectionManager : Connection state changed. Status(StatusCode="Unavailable", Detail="Error connecting to subchannel.", DebugException="System.Net.Sockets.SocketException (10061): 由于目标计算机积极拒绝，无法连接。
   at System.Net.Sockets.Socket.AwaitableSocketAsyncEventArgs.System.Threading.Tasks.Sources.IValueTaskSource.GetResult(Int16 token)
   at System.Net.Sockets.Socket.<ConnectAsync>g__WaitForConnectWithCancellation|285_0(AwaitableSocketAsyncEventArgs saea, ValueTask connectTask, CancellationToken cancellationToken)
   at Grpc.Net.Client.Balancer.Internal.SocketConnectivitySubchannelTransport.TryConnectAsync(CancellationToken cancellationToken)")
2025-10-28 10:40:16.324 +08:00 [docker-arsidentityserver0421001] [Information] SkyApm.Transport.Grpc.ConnectionManager : Shutdown connection[172.20.64.1:11800].
2025-10-28 10:40:16.324 +08:00 [docker-arsidentityserver0421001] [Information] SkyApm.Transport.Grpc.ConnectionManager : Connected server[172.20.64.1:11800].
2025-10-28 10:40:33.366 +08:00 [docker-arsidentityserver0421001] [Error] SkyApm.Transport.Grpc.V8.ServiceRegister : Report service instance properties fail.
Grpc.Core.RpcException: Status(StatusCode="Unavailable", Detail="Error connecting to subchannel.", DebugException="System.Net.Sockets.SocketException (10061): 由于目标计算机积极拒绝，无法连接。
   at System.Net.Sockets.Socket.AwaitableSocketAsyncEventArgs.System.Threading.Tasks.Sources.IValueTaskSource.GetResult(Int16 token)
   at System.Net.Sockets.Socket.<ConnectAsync>g__WaitForConnectWithCancellation|285_0(AwaitableSocketAsyncEventArgs saea, ValueTask connectTask, CancellationToken cancellationToken)
   at Grpc.Net.Client.Balancer.Internal.SocketConnectivitySubchannelTransport.TryConnectAsync(CancellationToken cancellationToken)")
   at Grpc.Net.Client.Balancer.Internal.ConnectionManager.PickAsync(PickContext context, Boolean waitForReady, CancellationToken cancellationToken)
   at Grpc.Net.Client.Balancer.Internal.BalancerHttpHandler.SendAsync(HttpRequestMessage request, CancellationToken cancellationToken)
   at Grpc.Net.Client.Internal.GrpcCall`2.RunCall(HttpRequestMessage request, Nullable`1 timeout)
   at SkyApm.Transport.Grpc.V8.ServiceRegister.<>c__DisplayClass9_0.<<ReportInstancePropertiesAsync>b__0>d.MoveNext()
--- End of stack trace from previous location ---
   at SkyApm.Transport.Grpc.Common.Call.Execute[T](Func`1 task, Func`1 errCallback, Func`1 errMessage)
2025-10-28 10:40:33.366 +08:00 [docker-arsidentityserver0421001] [Warning] SkyApm.Transport.Grpc.ConnectionManager : Connection state changed. Status(StatusCode="Unavailable", Detail="Error connecting to subchannel.", DebugException="System.Net.Sockets.SocketException (10061): 由于目标计算机积极拒绝，无法连接。
   at System.Net.Sockets.Socket.AwaitableSocketAsyncEventArgs.System.Threading.Tasks.Sources.IValueTaskSource.GetResult(Int16 token)
   at System.Net.Sockets.Socket.<ConnectAsync>g__WaitForConnectWithCancellation|285_0(AwaitableSocketAsyncEventArgs saea, ValueTask connectTask, CancellationToken cancellationToken)
   at Grpc.Net.Client.Balancer.Internal.SocketConnectivitySubchannelTransport.TryConnectAsync(CancellationToken cancellationToken)")
2025-10-28 10:40:46.324 +08:00 [docker-arsidentityserver0421001] [Information] SkyApm.Transport.Grpc.ConnectionManager : Shutdown connection[172.20.64.1:11800].
2025-10-28 10:40:46.324 +08:00 [docker-arsidentityserver0421001] [Information] SkyApm.Transport.Grpc.ConnectionManager : Connected server[172.20.64.1:11800].
2025-10-28 10:41:03.366 +08:00 [docker-arsidentityserver0421001] [Error] SkyApm.Transport.Grpc.V8.ServiceRegister : Report service instance properties fail.
Grpc.Core.RpcException: Status(StatusCode="Unavailable", Detail="Error connecting to subchannel.", DebugException="System.Net.Sockets.SocketException (10061): 由于目标计算机积极拒绝，无法连接。
   at System.Net.Sockets.Socket.AwaitableSocketAsyncEventArgs.System.Threading.Tasks.Sources.IValueTaskSource.GetResult(Int16 token)
   at System.Net.Sockets.Socket.<ConnectAsync>g__WaitForConnectWithCancellation|285_0(AwaitableSocketAsyncEventArgs saea, ValueTask connectTask, CancellationToken cancellationToken)
   at Grpc.Net.Client.Balancer.Internal.SocketConnectivitySubchannelTransport.TryConnectAsync(CancellationToken cancellationToken)")
   at Grpc.Net.Client.Balancer.Internal.ConnectionManager.PickAsync(PickContext context, Boolean waitForReady, CancellationToken cancellationToken)
   at Grpc.Net.Client.Balancer.Internal.BalancerHttpHandler.SendAsync(HttpRequestMessage request, CancellationToken cancellationToken)
   at Grpc.Net.Client.Internal.GrpcCall`2.RunCall(HttpRequestMessage request, Nullable`1 timeout)
   at SkyApm.Transport.Grpc.V8.ServiceRegister.<>c__DisplayClass9_0.<<ReportInstancePropertiesAsync>b__0>d.MoveNext()
--- End of stack trace from previous location ---
   at SkyApm.Transport.Grpc.Common.Call.Execute[T](Func`1 task, Func`1 errCallback, Func`1 errMessage)
2025-10-28 10:41:03.366 +08:00 [docker-arsidentityserver0421001] [Warning] SkyApm.Transport.Grpc.ConnectionManager : Connection state changed. Status(StatusCode="Unavailable", Detail="Error connecting to subchannel.", DebugException="System.Net.Sockets.SocketException (10061): 由于目标计算机积极拒绝，无法连接。
   at System.Net.Sockets.Socket.AwaitableSocketAsyncEventArgs.System.Threading.Tasks.Sources.IValueTaskSource.GetResult(Int16 token)
   at System.Net.Sockets.Socket.<ConnectAsync>g__WaitForConnectWithCancellation|285_0(AwaitableSocketAsyncEventArgs saea, ValueTask connectTask, CancellationToken cancellationToken)
   at Grpc.Net.Client.Balancer.Internal.SocketConnectivitySubchannelTransport.TryConnectAsync(CancellationToken cancellationToken)")
2025-10-28 10:41:16.329 +08:00 [docker-arsidentityserver0421001] [Information] SkyApm.Transport.Grpc.ConnectionManager : Shutdown connection[172.20.64.1:11800].
2025-10-28 10:41:16.330 +08:00 [docker-arsidentityserver0421001] [Information] SkyApm.Transport.Grpc.ConnectionManager : Connected server[172.20.64.1:11800].
2025-10-28 10:41:33.358 +08:00 [docker-arsidentityserver0421001] [Error] SkyApm.Transport.Grpc.V8.ServiceRegister : Report service instance properties fail.
Grpc.Core.RpcException: Status(StatusCode="Unavailable", Detail="Error connecting to subchannel.", DebugException="System.Net.Sockets.SocketException (10061): 由于目标计算机积极拒绝，无法连接。
   at System.Net.Sockets.Socket.AwaitableSocketAsyncEventArgs.System.Threading.Tasks.Sources.IValueTaskSource.GetResult(Int16 token)
   at System.Net.Sockets.Socket.<ConnectAsync>g__WaitForConnectWithCancellation|285_0(AwaitableSocketAsyncEventArgs saea, ValueTask connectTask, CancellationToken cancellationToken)
   at Grpc.Net.Client.Balancer.Internal.SocketConnectivitySubchannelTransport.TryConnectAsync(CancellationToken cancellationToken)")
   at Grpc.Net.Client.Balancer.Internal.ConnectionManager.PickAsync(PickContext context, Boolean waitForReady, CancellationToken cancellationToken)
   at Grpc.Net.Client.Balancer.Internal.BalancerHttpHandler.SendAsync(HttpRequestMessage request, CancellationToken cancellationToken)
   at Grpc.Net.Client.Internal.GrpcCall`2.RunCall(HttpRequestMessage request, Nullable`1 timeout)
   at SkyApm.Transport.Grpc.V8.ServiceRegister.<>c__DisplayClass9_0.<<ReportInstancePropertiesAsync>b__0>d.MoveNext()
--- End of stack trace from previous location ---
   at SkyApm.Transport.Grpc.Common.Call.Execute[T](Func`1 task, Func`1 errCallback, Func`1 errMessage)
2025-10-28 10:41:33.358 +08:00 [docker-arsidentityserver0421001] [Warning] SkyApm.Transport.Grpc.ConnectionManager : Connection state changed. Status(StatusCode="Unavailable", Detail="Error connecting to subchannel.", DebugException="System.Net.Sockets.SocketException (10061): 由于目标计算机积极拒绝，无法连接。
   at System.Net.Sockets.Socket.AwaitableSocketAsyncEventArgs.System.Threading.Tasks.Sources.IValueTaskSource.GetResult(Int16 token)
   at System.Net.Sockets.Socket.<ConnectAsync>g__WaitForConnectWithCancellation|285_0(AwaitableSocketAsyncEventArgs saea, ValueTask connectTask, CancellationToken cancellationToken)
   at Grpc.Net.Client.Balancer.Internal.SocketConnectivitySubchannelTransport.TryConnectAsync(CancellationToken cancellationToken)")
2025-10-28 10:41:46.328 +08:00 [docker-arsidentityserver0421001] [Information] SkyApm.Transport.Grpc.ConnectionManager : Shutdown connection[172.20.64.1:11800].
2025-10-28 10:41:46.328 +08:00 [docker-arsidentityserver0421001] [Information] SkyApm.Transport.Grpc.ConnectionManager : Connected server[172.20.64.1:11800].
2025-10-28 10:42:03.344 +08:00 [docker-arsidentityserver0421001] [Error] SkyApm.Transport.Grpc.V8.ServiceRegister : Report service instance properties fail.
Grpc.Core.RpcException: Status(StatusCode="Unavailable", Detail="Error connecting to subchannel.", DebugException="System.Net.Sockets.SocketException (10061): 由于目标计算机积极拒绝，无法连接。
   at System.Net.Sockets.Socket.AwaitableSocketAsyncEventArgs.System.Threading.Tasks.Sources.IValueTaskSource.GetResult(Int16 token)
   at System.Net.Sockets.Socket.<ConnectAsync>g__WaitForConnectWithCancellation|285_0(AwaitableSocketAsyncEventArgs saea, ValueTask connectTask, CancellationToken cancellationToken)
   at Grpc.Net.Client.Balancer.Internal.SocketConnectivitySubchannelTransport.TryConnectAsync(CancellationToken cancellationToken)")
   at Grpc.Net.Client.Balancer.Internal.ConnectionManager.PickAsync(PickContext context, Boolean waitForReady, CancellationToken cancellationToken)
   at Grpc.Net.Client.Balancer.Internal.BalancerHttpHandler.SendAsync(HttpRequestMessage request, CancellationToken cancellationToken)
   at Grpc.Net.Client.Internal.GrpcCall`2.RunCall(HttpRequestMessage request, Nullable`1 timeout)
   at SkyApm.Transport.Grpc.V8.ServiceRegister.<>c__DisplayClass9_0.<<ReportInstancePropertiesAsync>b__0>d.MoveNext()
--- End of stack trace from previous location ---
   at SkyApm.Transport.Grpc.Common.Call.Execute[T](Func`1 task, Func`1 errCallback, Func`1 errMessage)
2025-10-28 10:42:03.344 +08:00 [docker-arsidentityserver0421001] [Warning] SkyApm.Transport.Grpc.ConnectionManager : Connection state changed. Status(StatusCode="Unavailable", Detail="Error connecting to subchannel.", DebugException="System.Net.Sockets.SocketException (10061): 由于目标计算机积极拒绝，无法连接。
   at System.Net.Sockets.Socket.AwaitableSocketAsyncEventArgs.System.Threading.Tasks.Sources.IValueTaskSource.GetResult(Int16 token)
   at System.Net.Sockets.Socket.<ConnectAsync>g__WaitForConnectWithCancellation|285_0(AwaitableSocketAsyncEventArgs saea, ValueTask connectTask, CancellationToken cancellationToken)
   at Grpc.Net.Client.Balancer.Internal.SocketConnectivitySubchannelTransport.TryConnectAsync(CancellationToken cancellationToken)")
2025-10-28 10:42:16.330 +08:00 [docker-arsidentityserver0421001] [Information] SkyApm.Transport.Grpc.ConnectionManager : Shutdown connection[172.20.64.1:11800].
2025-10-28 10:42:16.330 +08:00 [docker-arsidentityserver0421001] [Information] SkyApm.Transport.Grpc.ConnectionManager : Connected server[172.20.64.1:11800].
2025-10-28 10:42:33.353 +08:00 [docker-arsidentityserver0421001] [Error] SkyApm.Transport.Grpc.V8.ServiceRegister : Report service instance properties fail.
Grpc.Core.RpcException: Status(StatusCode="Unavailable", Detail="Error connecting to subchannel.", DebugException="System.Net.Sockets.SocketException (10061): 由于目标计算机积极拒绝，无法连接。
   at System.Net.Sockets.Socket.AwaitableSocketAsyncEventArgs.System.Threading.Tasks.Sources.IValueTaskSource.GetResult(Int16 token)
   at System.Net.Sockets.Socket.<ConnectAsync>g__WaitForConnectWithCancellation|285_0(AwaitableSocketAsyncEventArgs saea, ValueTask connectTask, CancellationToken cancellationToken)
   at Grpc.Net.Client.Balancer.Internal.SocketConnectivitySubchannelTransport.TryConnectAsync(CancellationToken cancellationToken)")
   at Grpc.Net.Client.Balancer.Internal.ConnectionManager.PickAsync(PickContext context, Boolean waitForReady, CancellationToken cancellationToken)
   at Grpc.Net.Client.Balancer.Internal.BalancerHttpHandler.SendAsync(HttpRequestMessage request, CancellationToken cancellationToken)
   at Grpc.Net.Client.Internal.GrpcCall`2.RunCall(HttpRequestMessage request, Nullable`1 timeout)
   at SkyApm.Transport.Grpc.V8.ServiceRegister.<>c__DisplayClass9_0.<<ReportInstancePropertiesAsync>b__0>d.MoveNext()
--- End of stack trace from previous location ---
   at SkyApm.Transport.Grpc.Common.Call.Execute[T](Func`1 task, Func`1 errCallback, Func`1 errMessage)
2025-10-28 10:42:33.353 +08:00 [docker-arsidentityserver0421001] [Warning] SkyApm.Transport.Grpc.ConnectionManager : Connection state changed. Status(StatusCode="Unavailable", Detail="Error connecting to subchannel.", DebugException="System.Net.Sockets.SocketException (10061): 由于目标计算机积极拒绝，无法连接。
   at System.Net.Sockets.Socket.AwaitableSocketAsyncEventArgs.System.Threading.Tasks.Sources.IValueTaskSource.GetResult(Int16 token)
   at System.Net.Sockets.Socket.<ConnectAsync>g__WaitForConnectWithCancellation|285_0(AwaitableSocketAsyncEventArgs saea, ValueTask connectTask, CancellationToken cancellationToken)
   at Grpc.Net.Client.Balancer.Internal.SocketConnectivitySubchannelTransport.TryConnectAsync(CancellationToken cancellationToken)")
2025-10-28 10:42:46.326 +08:00 [docker-arsidentityserver0421001] [Information] SkyApm.Transport.Grpc.ConnectionManager : Shutdown connection[172.20.64.1:11800].
2025-10-28 10:42:46.326 +08:00 [docker-arsidentityserver0421001] [Information] SkyApm.Transport.Grpc.ConnectionManager : Connected server[172.20.64.1:11800].
2025-10-28 16:26:44.495 +08:00 [docker-arsidentityserver0421001] [Information] SkyApm.InstrumentStartup : Initializing ...
2025-10-28 16:26:44.608 +08:00 [docker-arsidentityserver0421001] [Information] SkyApm.Service.RegisterService : Loaded instrument service [SkyApm.Service.RegisterService].
2025-10-28 16:26:44.608 +08:00 [docker-arsidentityserver0421001] [Information] SkyApm.Service.LogReportService : Loaded instrument service [SkyApm.Service.LogReportService].
2025-10-28 16:26:44.609 +08:00 [docker-arsidentityserver0421001] [Information] SkyApm.Service.PingService : Loaded instrument service [SkyApm.Service.PingService].
2025-10-28 16:26:44.609 +08:00 [docker-arsidentityserver0421001] [Information] SkyApm.Service.SegmentReportService : Loaded instrument service [SkyApm.Service.SegmentReportService].
2025-10-28 16:26:44.609 +08:00 [docker-arsidentityserver0421001] [Information] SkyApm.Service.CLRStatsService : Loaded instrument service [SkyApm.Service.CLRStatsService].
2025-10-28 16:26:44.610 +08:00 [docker-arsidentityserver0421001] [Information] SkyApm.Sampling.SimpleCountSamplingInterceptor : Loaded instrument service [SkyApm.Sampling.SimpleCountSamplingInterceptor].
2025-10-28 16:26:44.610 +08:00 [docker-arsidentityserver0421001] [Information] SkyApm.Transport.Grpc.ConnectService : Loaded instrument service [SkyApm.Transport.Grpc.ConnectService].
2025-10-28 16:26:44.615 +08:00 [docker-arsidentityserver0421001] [Information] SkyApm.InstrumentStartup : Started SkyAPM .NET Core Agent.
2025-10-28 16:26:44.774 +08:00 [docker-arsidentityserver0421001] [Information] SkyApm.Transport.Grpc.ConnectionManager : Connected server[172.20.64.1:11800].
2025-10-28 16:26:45.377 +08:00 [docker-arsidentityserver0421001] [Information] SkyApm.Diagnostics.TracingDiagnosticProcessorObserver : Loaded diagnostic listener [Grpc.Net.Client].
2025-10-28 16:26:47.795 +08:00 [docker-arsidentityserver0421001] [Error] SkyApm.Transport.Grpc.V8.ServiceRegister : Report service instance properties fail.
Grpc.Core.RpcException: Status(StatusCode="Unavailable", Detail="Error connecting to subchannel.", DebugException="System.Net.Sockets.SocketException (10061): 由于目标计算机积极拒绝，无法连接。
   at System.Net.Sockets.Socket.AwaitableSocketAsyncEventArgs.ThrowException(SocketError error, CancellationToken cancellationToken)
   at System.Net.Sockets.Socket.AwaitableSocketAsyncEventArgs.System.Threading.Tasks.Sources.IValueTaskSource.GetResult(Int16 token)
   at System.Net.Sockets.Socket.<ConnectAsync>g__WaitForConnectWithCancellation|285_0(AwaitableSocketAsyncEventArgs saea, ValueTask connectTask, CancellationToken cancellationToken)
   at Grpc.Net.Client.Balancer.Internal.SocketConnectivitySubchannelTransport.TryConnectAsync(CancellationToken cancellationToken)")
   at Grpc.Net.Client.Balancer.Internal.ConnectionManager.PickAsync(PickContext context, Boolean waitForReady, CancellationToken cancellationToken)
   at Grpc.Net.Client.Balancer.Internal.BalancerHttpHandler.SendAsync(HttpRequestMessage request, CancellationToken cancellationToken)
   at Grpc.Net.Client.Internal.GrpcCall`2.RunCall(HttpRequestMessage request, Nullable`1 timeout)
   at SkyApm.Transport.Grpc.V8.ServiceRegister.<>c__DisplayClass9_0.<<ReportInstancePropertiesAsync>b__0>d.MoveNext()
--- End of stack trace from previous location ---
   at SkyApm.Transport.Grpc.Common.Call.Execute[T](Func`1 task, Func`1 errCallback, Func`1 errMessage)
2025-10-28 16:26:47.796 +08:00 [docker-arsidentityserver0421001] [Warning] SkyApm.Transport.Grpc.ConnectionManager : Connection state changed. Status(StatusCode="Unavailable", Detail="Error connecting to subchannel.", DebugException="System.Net.Sockets.SocketException (10061): 由于目标计算机积极拒绝，无法连接。
   at System.Net.Sockets.Socket.AwaitableSocketAsyncEventArgs.ThrowException(SocketError error, CancellationToken cancellationToken)
   at System.Net.Sockets.Socket.AwaitableSocketAsyncEventArgs.System.Threading.Tasks.Sources.IValueTaskSource.GetResult(Int16 token)
   at System.Net.Sockets.Socket.<ConnectAsync>g__WaitForConnectWithCancellation|285_0(AwaitableSocketAsyncEventArgs saea, ValueTask connectTask, CancellationToken cancellationToken)
   at Grpc.Net.Client.Balancer.Internal.SocketConnectivitySubchannelTransport.TryConnectAsync(CancellationToken cancellationToken)")
2025-10-28 16:26:50.824 +08:00 [docker-arsidentityserver0421001] [Information] SkyApm.Diagnostics.TracingDiagnosticProcessorObserver : Loaded diagnostic listener [HttpHandlerDiagnosticListener].
2025-10-28 16:26:59.672 +08:00 [docker-arsidentityserver0421001] [Information] SkyApm.Transport.Grpc.ConnectionManager : Shutdown connection[172.20.64.1:11800].
2025-10-28 16:26:59.676 +08:00 [docker-arsidentityserver0421001] [Information] SkyApm.Transport.Grpc.ConnectionManager : Connected server[172.20.64.1:11800].
2025-10-28 16:27:16.674 +08:00 [docker-arsidentityserver0421001] [Error] SkyApm.Transport.Grpc.V8.ServiceRegister : Report service instance properties fail.
Grpc.Core.RpcException: Status(StatusCode="Unavailable", Detail="Error connecting to subchannel.", DebugException="System.Net.Sockets.SocketException (10061): 由于目标计算机积极拒绝，无法连接。
   at System.Net.Sockets.Socket.AwaitableSocketAsyncEventArgs.ThrowException(SocketError error, CancellationToken cancellationToken)
   at System.Net.Sockets.Socket.AwaitableSocketAsyncEventArgs.System.Threading.Tasks.Sources.IValueTaskSource.GetResult(Int16 token)
   at System.Net.Sockets.Socket.<ConnectAsync>g__WaitForConnectWithCancellation|285_0(AwaitableSocketAsyncEventArgs saea, ValueTask connectTask, CancellationToken cancellationToken)
   at Grpc.Net.Client.Balancer.Internal.SocketConnectivitySubchannelTransport.TryConnectAsync(CancellationToken cancellationToken)")
   at Grpc.Net.Client.Balancer.Internal.ConnectionManager.PickAsync(PickContext context, Boolean waitForReady, CancellationToken cancellationToken)
   at Grpc.Net.Client.Balancer.Internal.BalancerHttpHandler.SendAsync(HttpRequestMessage request, CancellationToken cancellationToken)
   at Grpc.Net.Client.Internal.GrpcCall`2.RunCall(HttpRequestMessage request, Nullable`1 timeout)
   at SkyApm.Transport.Grpc.V8.ServiceRegister.<>c__DisplayClass9_0.<<ReportInstancePropertiesAsync>b__0>d.MoveNext()
--- End of stack trace from previous location ---
   at SkyApm.Transport.Grpc.Common.Call.Execute[T](Func`1 task, Func`1 errCallback, Func`1 errMessage)
2025-10-28 16:27:16.675 +08:00 [docker-arsidentityserver0421001] [Warning] SkyApm.Transport.Grpc.ConnectionManager : Connection state changed. Status(StatusCode="Unavailable", Detail="Error connecting to subchannel.", DebugException="System.Net.Sockets.SocketException (10061): 由于目标计算机积极拒绝，无法连接。
   at System.Net.Sockets.Socket.AwaitableSocketAsyncEventArgs.ThrowException(SocketError error, CancellationToken cancellationToken)
   at System.Net.Sockets.Socket.AwaitableSocketAsyncEventArgs.System.Threading.Tasks.Sources.IValueTaskSource.GetResult(Int16 token)
   at System.Net.Sockets.Socket.<ConnectAsync>g__WaitForConnectWithCancellation|285_0(AwaitableSocketAsyncEventArgs saea, ValueTask connectTask, CancellationToken cancellationToken)
   at Grpc.Net.Client.Balancer.Internal.SocketConnectivitySubchannelTransport.TryConnectAsync(CancellationToken cancellationToken)")
2025-10-28 16:27:29.612 +08:00 [docker-arsidentityserver0421001] [Information] SkyApm.Transport.Grpc.ConnectionManager : Shutdown connection[172.20.64.1:11800].
2025-10-28 16:27:29.613 +08:00 [docker-arsidentityserver0421001] [Information] SkyApm.Transport.Grpc.ConnectionManager : Connected server[172.20.64.1:11800].
2025-10-28 16:27:46.746 +08:00 [docker-arsidentityserver0421001] [Error] SkyApm.Transport.Grpc.V8.ServiceRegister : Report service instance properties fail.
Grpc.Core.RpcException: Status(StatusCode="Unavailable", Detail="Error connecting to subchannel.", DebugException="System.Net.Sockets.SocketException (10061): 由于目标计算机积极拒绝，无法连接。
   at System.Net.Sockets.Socket.AwaitableSocketAsyncEventArgs.ThrowException(SocketError error, CancellationToken cancellationToken)
   at System.Net.Sockets.Socket.AwaitableSocketAsyncEventArgs.System.Threading.Tasks.Sources.IValueTaskSource.GetResult(Int16 token)
   at System.Net.Sockets.Socket.<ConnectAsync>g__WaitForConnectWithCancellation|285_0(AwaitableSocketAsyncEventArgs saea, ValueTask connectTask, CancellationToken cancellationToken)
   at Grpc.Net.Client.Balancer.Internal.SocketConnectivitySubchannelTransport.TryConnectAsync(CancellationToken cancellationToken)")
   at Grpc.Net.Client.Balancer.Internal.ConnectionManager.PickAsync(PickContext context, Boolean waitForReady, CancellationToken cancellationToken)
   at Grpc.Net.Client.Balancer.Internal.BalancerHttpHandler.SendAsync(HttpRequestMessage request, CancellationToken cancellationToken)
   at Grpc.Net.Client.Internal.GrpcCall`2.RunCall(HttpRequestMessage request, Nullable`1 timeout)
   at SkyApm.Transport.Grpc.V8.ServiceRegister.<>c__DisplayClass9_0.<<ReportInstancePropertiesAsync>b__0>d.MoveNext()
--- End of stack trace from previous location ---
   at SkyApm.Transport.Grpc.Common.Call.Execute[T](Func`1 task, Func`1 errCallback, Func`1 errMessage)
2025-10-28 16:27:46.746 +08:00 [docker-arsidentityserver0421001] [Warning] SkyApm.Transport.Grpc.ConnectionManager : Connection state changed. Status(StatusCode="Unavailable", Detail="Error connecting to subchannel.", DebugException="System.Net.Sockets.SocketException (10061): 由于目标计算机积极拒绝，无法连接。
   at System.Net.Sockets.Socket.AwaitableSocketAsyncEventArgs.ThrowException(SocketError error, CancellationToken cancellationToken)
   at System.Net.Sockets.Socket.AwaitableSocketAsyncEventArgs.System.Threading.Tasks.Sources.IValueTaskSource.GetResult(Int16 token)
   at System.Net.Sockets.Socket.<ConnectAsync>g__WaitForConnectWithCancellation|285_0(AwaitableSocketAsyncEventArgs saea, ValueTask connectTask, CancellationToken cancellationToken)
   at Grpc.Net.Client.Balancer.Internal.SocketConnectivitySubchannelTransport.TryConnectAsync(CancellationToken cancellationToken)")
2025-10-28 16:27:59.620 +08:00 [docker-arsidentityserver0421001] [Information] SkyApm.Transport.Grpc.ConnectionManager : Shutdown connection[172.20.64.1:11800].
2025-10-28 16:27:59.621 +08:00 [docker-arsidentityserver0421001] [Information] SkyApm.Transport.Grpc.ConnectionManager : Connected server[172.20.64.1:11800].
2025-10-28 16:28:16.665 +08:00 [docker-arsidentityserver0421001] [Error] SkyApm.Transport.Grpc.V8.ServiceRegister : Report service instance properties fail.
Grpc.Core.RpcException: Status(StatusCode="Unavailable", Detail="Error connecting to subchannel.", DebugException="System.Net.Sockets.SocketException (10061): 由于目标计算机积极拒绝，无法连接。
   at System.Net.Sockets.Socket.AwaitableSocketAsyncEventArgs.ThrowException(SocketError error, CancellationToken cancellationToken)
   at System.Net.Sockets.Socket.AwaitableSocketAsyncEventArgs.System.Threading.Tasks.Sources.IValueTaskSource.GetResult(Int16 token)
   at System.Net.Sockets.Socket.<ConnectAsync>g__WaitForConnectWithCancellation|285_0(AwaitableSocketAsyncEventArgs saea, ValueTask connectTask, CancellationToken cancellationToken)
   at Grpc.Net.Client.Balancer.Internal.SocketConnectivitySubchannelTransport.TryConnectAsync(CancellationToken cancellationToken)")
   at Grpc.Net.Client.Balancer.Internal.ConnectionManager.PickAsync(PickContext context, Boolean waitForReady, CancellationToken cancellationToken)
   at Grpc.Net.Client.Balancer.Internal.BalancerHttpHandler.SendAsync(HttpRequestMessage request, CancellationToken cancellationToken)
   at Grpc.Net.Client.Internal.GrpcCall`2.RunCall(HttpRequestMessage request, Nullable`1 timeout)
   at SkyApm.Transport.Grpc.V8.ServiceRegister.<>c__DisplayClass9_0.<<ReportInstancePropertiesAsync>b__0>d.MoveNext()
--- End of stack trace from previous location ---
   at SkyApm.Transport.Grpc.Common.Call.Execute[T](Func`1 task, Func`1 errCallback, Func`1 errMessage)
2025-10-28 16:28:16.665 +08:00 [docker-arsidentityserver0421001] [Warning] SkyApm.Transport.Grpc.ConnectionManager : Connection state changed. Status(StatusCode="Unavailable", Detail="Error connecting to subchannel.", DebugException="System.Net.Sockets.SocketException (10061): 由于目标计算机积极拒绝，无法连接。
   at System.Net.Sockets.Socket.AwaitableSocketAsyncEventArgs.ThrowException(SocketError error, CancellationToken cancellationToken)
   at System.Net.Sockets.Socket.AwaitableSocketAsyncEventArgs.System.Threading.Tasks.Sources.IValueTaskSource.GetResult(Int16 token)
   at System.Net.Sockets.Socket.<ConnectAsync>g__WaitForConnectWithCancellation|285_0(AwaitableSocketAsyncEventArgs saea, ValueTask connectTask, CancellationToken cancellationToken)
   at Grpc.Net.Client.Balancer.Internal.SocketConnectivitySubchannelTransport.TryConnectAsync(CancellationToken cancellationToken)")
2025-10-28 16:28:29.623 +08:00 [docker-arsidentityserver0421001] [Information] SkyApm.Transport.Grpc.ConnectionManager : Shutdown connection[172.20.64.1:11800].
2025-10-28 16:28:29.623 +08:00 [docker-arsidentityserver0421001] [Information] SkyApm.Transport.Grpc.ConnectionManager : Connected server[172.20.64.1:11800].
2025-10-28 16:28:46.673 +08:00 [docker-arsidentityserver0421001] [Error] SkyApm.Transport.Grpc.V8.ServiceRegister : Report service instance properties fail.
Grpc.Core.RpcException: Status(StatusCode="Unavailable", Detail="Error connecting to subchannel.", DebugException="System.Net.Sockets.SocketException (10061): 由于目标计算机积极拒绝，无法连接。
   at System.Net.Sockets.Socket.AwaitableSocketAsyncEventArgs.ThrowException(SocketError error, CancellationToken cancellationToken)
   at System.Net.Sockets.Socket.AwaitableSocketAsyncEventArgs.System.Threading.Tasks.Sources.IValueTaskSource.GetResult(Int16 token)
   at System.Net.Sockets.Socket.<ConnectAsync>g__WaitForConnectWithCancellation|285_0(AwaitableSocketAsyncEventArgs saea, ValueTask connectTask, CancellationToken cancellationToken)
   at Grpc.Net.Client.Balancer.Internal.SocketConnectivitySubchannelTransport.TryConnectAsync(CancellationToken cancellationToken)")
   at Grpc.Net.Client.Balancer.Internal.ConnectionManager.PickAsync(PickContext context, Boolean waitForReady, CancellationToken cancellationToken)
   at Grpc.Net.Client.Balancer.Internal.BalancerHttpHandler.SendAsync(HttpRequestMessage request, CancellationToken cancellationToken)
   at Grpc.Net.Client.Internal.GrpcCall`2.RunCall(HttpRequestMessage request, Nullable`1 timeout)
   at SkyApm.Transport.Grpc.V8.ServiceRegister.<>c__DisplayClass9_0.<<ReportInstancePropertiesAsync>b__0>d.MoveNext()
--- End of stack trace from previous location ---
   at SkyApm.Transport.Grpc.Common.Call.Execute[T](Func`1 task, Func`1 errCallback, Func`1 errMessage)
2025-10-28 16:28:46.673 +08:00 [docker-arsidentityserver0421001] [Warning] SkyApm.Transport.Grpc.ConnectionManager : Connection state changed. Status(StatusCode="Unavailable", Detail="Error connecting to subchannel.", DebugException="System.Net.Sockets.SocketException (10061): 由于目标计算机积极拒绝，无法连接。
   at System.Net.Sockets.Socket.AwaitableSocketAsyncEventArgs.ThrowException(SocketError error, CancellationToken cancellationToken)
   at System.Net.Sockets.Socket.AwaitableSocketAsyncEventArgs.System.Threading.Tasks.Sources.IValueTaskSource.GetResult(Int16 token)
   at System.Net.Sockets.Socket.<ConnectAsync>g__WaitForConnectWithCancellation|285_0(AwaitableSocketAsyncEventArgs saea, ValueTask connectTask, CancellationToken cancellationToken)
   at Grpc.Net.Client.Balancer.Internal.SocketConnectivitySubchannelTransport.TryConnectAsync(CancellationToken cancellationToken)")
2025-10-28 16:28:59.619 +08:00 [docker-arsidentityserver0421001] [Information] SkyApm.Transport.Grpc.ConnectionManager : Shutdown connection[172.20.64.1:11800].
2025-10-28 16:28:59.620 +08:00 [docker-arsidentityserver0421001] [Information] SkyApm.Transport.Grpc.ConnectionManager : Connected server[172.20.64.1:11800].
2025-10-28 16:29:16.662 +08:00 [docker-arsidentityserver0421001] [Error] SkyApm.Transport.Grpc.V8.ServiceRegister : Report service instance properties fail.
Grpc.Core.RpcException: Status(StatusCode="Unavailable", Detail="Error connecting to subchannel.", DebugException="System.Net.Sockets.SocketException (10061): 由于目标计算机积极拒绝，无法连接。
   at System.Net.Sockets.Socket.AwaitableSocketAsyncEventArgs.ThrowException(SocketError error, CancellationToken cancellationToken)
   at System.Net.Sockets.Socket.AwaitableSocketAsyncEventArgs.System.Threading.Tasks.Sources.IValueTaskSource.GetResult(Int16 token)
   at System.Net.Sockets.Socket.<ConnectAsync>g__WaitForConnectWithCancellation|285_0(AwaitableSocketAsyncEventArgs saea, ValueTask connectTask, CancellationToken cancellationToken)
   at Grpc.Net.Client.Balancer.Internal.SocketConnectivitySubchannelTransport.TryConnectAsync(CancellationToken cancellationToken)")
   at Grpc.Net.Client.Balancer.Internal.ConnectionManager.PickAsync(PickContext context, Boolean waitForReady, CancellationToken cancellationToken)
   at Grpc.Net.Client.Balancer.Internal.BalancerHttpHandler.SendAsync(HttpRequestMessage request, CancellationToken cancellationToken)
   at Grpc.Net.Client.Internal.GrpcCall`2.RunCall(HttpRequestMessage request, Nullable`1 timeout)
   at SkyApm.Transport.Grpc.V8.ServiceRegister.<>c__DisplayClass9_0.<<ReportInstancePropertiesAsync>b__0>d.MoveNext()
--- End of stack trace from previous location ---
   at SkyApm.Transport.Grpc.Common.Call.Execute[T](Func`1 task, Func`1 errCallback, Func`1 errMessage)
2025-10-28 16:29:16.663 +08:00 [docker-arsidentityserver0421001] [Warning] SkyApm.Transport.Grpc.ConnectionManager : Connection state changed. Status(StatusCode="Unavailable", Detail="Error connecting to subchannel.", DebugException="System.Net.Sockets.SocketException (10061): 由于目标计算机积极拒绝，无法连接。
   at System.Net.Sockets.Socket.AwaitableSocketAsyncEventArgs.ThrowException(SocketError error, CancellationToken cancellationToken)
   at System.Net.Sockets.Socket.AwaitableSocketAsyncEventArgs.System.Threading.Tasks.Sources.IValueTaskSource.GetResult(Int16 token)
   at System.Net.Sockets.Socket.<ConnectAsync>g__WaitForConnectWithCancellation|285_0(AwaitableSocketAsyncEventArgs saea, ValueTask connectTask, CancellationToken cancellationToken)
   at Grpc.Net.Client.Balancer.Internal.SocketConnectivitySubchannelTransport.TryConnectAsync(CancellationToken cancellationToken)")
2025-10-28 16:29:29.617 +08:00 [docker-arsidentityserver0421001] [Information] SkyApm.Transport.Grpc.ConnectionManager : Shutdown connection[172.20.64.1:11800].
2025-10-28 16:29:29.617 +08:00 [docker-arsidentityserver0421001] [Information] SkyApm.Transport.Grpc.ConnectionManager : Connected server[172.20.64.1:11800].
2025-10-28 16:29:46.665 +08:00 [docker-arsidentityserver0421001] [Error] SkyApm.Transport.Grpc.V8.ServiceRegister : Report service instance properties fail.
Grpc.Core.RpcException: Status(StatusCode="Unavailable", Detail="Error connecting to subchannel.", DebugException="System.Net.Sockets.SocketException (10061): 由于目标计算机积极拒绝，无法连接。
   at System.Net.Sockets.Socket.AwaitableSocketAsyncEventArgs.ThrowException(SocketError error, CancellationToken cancellationToken)
   at System.Net.Sockets.Socket.AwaitableSocketAsyncEventArgs.System.Threading.Tasks.Sources.IValueTaskSource.GetResult(Int16 token)
   at System.Net.Sockets.Socket.<ConnectAsync>g__WaitForConnectWithCancellation|285_0(AwaitableSocketAsyncEventArgs saea, ValueTask connectTask, CancellationToken cancellationToken)
   at Grpc.Net.Client.Balancer.Internal.SocketConnectivitySubchannelTransport.TryConnectAsync(CancellationToken cancellationToken)")
   at Grpc.Net.Client.Balancer.Internal.ConnectionManager.PickAsync(PickContext context, Boolean waitForReady, CancellationToken cancellationToken)
   at Grpc.Net.Client.Balancer.Internal.BalancerHttpHandler.SendAsync(HttpRequestMessage request, CancellationToken cancellationToken)
   at Grpc.Net.Client.Internal.GrpcCall`2.RunCall(HttpRequestMessage request, Nullable`1 timeout)
   at SkyApm.Transport.Grpc.V8.ServiceRegister.<>c__DisplayClass9_0.<<ReportInstancePropertiesAsync>b__0>d.MoveNext()
--- End of stack trace from previous location ---
   at SkyApm.Transport.Grpc.Common.Call.Execute[T](Func`1 task, Func`1 errCallback, Func`1 errMessage)
2025-10-28 16:29:46.665 +08:00 [docker-arsidentityserver0421001] [Warning] SkyApm.Transport.Grpc.ConnectionManager : Connection state changed. Status(StatusCode="Unavailable", Detail="Error connecting to subchannel.", DebugException="System.Net.Sockets.SocketException (10061): 由于目标计算机积极拒绝，无法连接。
   at System.Net.Sockets.Socket.AwaitableSocketAsyncEventArgs.ThrowException(SocketError error, CancellationToken cancellationToken)
   at System.Net.Sockets.Socket.AwaitableSocketAsyncEventArgs.System.Threading.Tasks.Sources.IValueTaskSource.GetResult(Int16 token)
   at System.Net.Sockets.Socket.<ConnectAsync>g__WaitForConnectWithCancellation|285_0(AwaitableSocketAsyncEventArgs saea, ValueTask connectTask, CancellationToken cancellationToken)
   at Grpc.Net.Client.Balancer.Internal.SocketConnectivitySubchannelTransport.TryConnectAsync(CancellationToken cancellationToken)")
2025-10-28 16:29:59.611 +08:00 [docker-arsidentityserver0421001] [Information] SkyApm.Transport.Grpc.ConnectionManager : Shutdown connection[172.20.64.1:11800].
2025-10-28 16:29:59.611 +08:00 [docker-arsidentityserver0421001] [Information] SkyApm.Transport.Grpc.ConnectionManager : Connected server[172.20.64.1:11800].
2025-10-28 16:30:16.658 +08:00 [docker-arsidentityserver0421001] [Error] SkyApm.Transport.Grpc.V8.ServiceRegister : Report service instance properties fail.
Grpc.Core.RpcException: Status(StatusCode="Unavailable", Detail="Error connecting to subchannel.", DebugException="System.Net.Sockets.SocketException (10061): 由于目标计算机积极拒绝，无法连接。
   at System.Net.Sockets.Socket.AwaitableSocketAsyncEventArgs.System.Threading.Tasks.Sources.IValueTaskSource.GetResult(Int16 token)
   at System.Net.Sockets.Socket.<ConnectAsync>g__WaitForConnectWithCancellation|285_0(AwaitableSocketAsyncEventArgs saea, ValueTask connectTask, CancellationToken cancellationToken)
   at Grpc.Net.Client.Balancer.Internal.SocketConnectivitySubchannelTransport.TryConnectAsync(CancellationToken cancellationToken)")
   at Grpc.Net.Client.Balancer.Internal.ConnectionManager.PickAsync(PickContext context, Boolean waitForReady, CancellationToken cancellationToken)
   at Grpc.Net.Client.Balancer.Internal.BalancerHttpHandler.SendAsync(HttpRequestMessage request, CancellationToken cancellationToken)
   at Grpc.Net.Client.Internal.GrpcCall`2.RunCall(HttpRequestMessage request, Nullable`1 timeout)
   at SkyApm.Transport.Grpc.V8.ServiceRegister.<>c__DisplayClass9_0.<<ReportInstancePropertiesAsync>b__0>d.MoveNext()
--- End of stack trace from previous location ---
   at SkyApm.Transport.Grpc.Common.Call.Execute[T](Func`1 task, Func`1 errCallback, Func`1 errMessage)
2025-10-28 16:30:16.659 +08:00 [docker-arsidentityserver0421001] [Warning] SkyApm.Transport.Grpc.ConnectionManager : Connection state changed. Status(StatusCode="Unavailable", Detail="Error connecting to subchannel.", DebugException="System.Net.Sockets.SocketException (10061): 由于目标计算机积极拒绝，无法连接。
   at System.Net.Sockets.Socket.AwaitableSocketAsyncEventArgs.System.Threading.Tasks.Sources.IValueTaskSource.GetResult(Int16 token)
   at System.Net.Sockets.Socket.<ConnectAsync>g__WaitForConnectWithCancellation|285_0(AwaitableSocketAsyncEventArgs saea, ValueTask connectTask, CancellationToken cancellationToken)
   at Grpc.Net.Client.Balancer.Internal.SocketConnectivitySubchannelTransport.TryConnectAsync(CancellationToken cancellationToken)")
2025-10-28 16:30:29.625 +08:00 [docker-arsidentityserver0421001] [Information] SkyApm.Transport.Grpc.ConnectionManager : Shutdown connection[172.20.64.1:11800].
2025-10-28 16:30:29.625 +08:00 [docker-arsidentityserver0421001] [Information] SkyApm.Transport.Grpc.ConnectionManager : Connected server[172.20.64.1:11800].
2025-10-28 16:30:46.671 +08:00 [docker-arsidentityserver0421001] [Error] SkyApm.Transport.Grpc.V8.ServiceRegister : Report service instance properties fail.
Grpc.Core.RpcException: Status(StatusCode="Unavailable", Detail="Error connecting to subchannel.", DebugException="System.Net.Sockets.SocketException (10061): 由于目标计算机积极拒绝，无法连接。
   at System.Net.Sockets.Socket.AwaitableSocketAsyncEventArgs.System.Threading.Tasks.Sources.IValueTaskSource.GetResult(Int16 token)
   at System.Net.Sockets.Socket.<ConnectAsync>g__WaitForConnectWithCancellation|285_0(AwaitableSocketAsyncEventArgs saea, ValueTask connectTask, CancellationToken cancellationToken)
   at Grpc.Net.Client.Balancer.Internal.SocketConnectivitySubchannelTransport.TryConnectAsync(CancellationToken cancellationToken)")
   at Grpc.Net.Client.Balancer.Internal.ConnectionManager.PickAsync(PickContext context, Boolean waitForReady, CancellationToken cancellationToken)
   at Grpc.Net.Client.Balancer.Internal.BalancerHttpHandler.SendAsync(HttpRequestMessage request, CancellationToken cancellationToken)
   at Grpc.Net.Client.Internal.GrpcCall`2.RunCall(HttpRequestMessage request, Nullable`1 timeout)
   at SkyApm.Transport.Grpc.V8.ServiceRegister.<>c__DisplayClass9_0.<<ReportInstancePropertiesAsync>b__0>d.MoveNext()
--- End of stack trace from previous location ---
   at SkyApm.Transport.Grpc.Common.Call.Execute[T](Func`1 task, Func`1 errCallback, Func`1 errMessage)
2025-10-28 16:30:46.671 +08:00 [docker-arsidentityserver0421001] [Warning] SkyApm.Transport.Grpc.ConnectionManager : Connection state changed. Status(StatusCode="Unavailable", Detail="Error connecting to subchannel.", DebugException="System.Net.Sockets.SocketException (10061): 由于目标计算机积极拒绝，无法连接。
   at System.Net.Sockets.Socket.AwaitableSocketAsyncEventArgs.System.Threading.Tasks.Sources.IValueTaskSource.GetResult(Int16 token)
   at System.Net.Sockets.Socket.<ConnectAsync>g__WaitForConnectWithCancellation|285_0(AwaitableSocketAsyncEventArgs saea, ValueTask connectTask, CancellationToken cancellationToken)
   at Grpc.Net.Client.Balancer.Internal.SocketConnectivitySubchannelTransport.TryConnectAsync(CancellationToken cancellationToken)")
2025-10-28 16:30:59.621 +08:00 [docker-arsidentityserver0421001] [Information] SkyApm.Transport.Grpc.ConnectionManager : Shutdown connection[172.20.64.1:11800].
2025-10-28 16:30:59.621 +08:00 [docker-arsidentityserver0421001] [Information] SkyApm.Transport.Grpc.ConnectionManager : Connected server[172.20.64.1:11800].
2025-10-28 16:31:16.661 +08:00 [docker-arsidentityserver0421001] [Error] SkyApm.Transport.Grpc.V8.ServiceRegister : Report service instance properties fail.
Grpc.Core.RpcException: Status(StatusCode="Unavailable", Detail="Error connecting to subchannel.", DebugException="System.Net.Sockets.SocketException (10061): 由于目标计算机积极拒绝，无法连接。
   at System.Net.Sockets.Socket.AwaitableSocketAsyncEventArgs.System.Threading.Tasks.Sources.IValueTaskSource.GetResult(Int16 token)
   at System.Net.Sockets.Socket.<ConnectAsync>g__WaitForConnectWithCancellation|285_0(AwaitableSocketAsyncEventArgs saea, ValueTask connectTask, CancellationToken cancellationToken)
   at Grpc.Net.Client.Balancer.Internal.SocketConnectivitySubchannelTransport.TryConnectAsync(CancellationToken cancellationToken)")
   at Grpc.Net.Client.Balancer.Internal.ConnectionManager.PickAsync(PickContext context, Boolean waitForReady, CancellationToken cancellationToken)
   at Grpc.Net.Client.Balancer.Internal.BalancerHttpHandler.SendAsync(HttpRequestMessage request, CancellationToken cancellationToken)
   at Grpc.Net.Client.Internal.GrpcCall`2.RunCall(HttpRequestMessage request, Nullable`1 timeout)
   at SkyApm.Transport.Grpc.V8.ServiceRegister.<>c__DisplayClass9_0.<<ReportInstancePropertiesAsync>b__0>d.MoveNext()
--- End of stack trace from previous location ---
   at SkyApm.Transport.Grpc.Common.Call.Execute[T](Func`1 task, Func`1 errCallback, Func`1 errMessage)
2025-10-28 16:31:16.661 +08:00 [docker-arsidentityserver0421001] [Warning] SkyApm.Transport.Grpc.ConnectionManager : Connection state changed. Status(StatusCode="Unavailable", Detail="Error connecting to subchannel.", DebugException="System.Net.Sockets.SocketException (10061): 由于目标计算机积极拒绝，无法连接。
   at System.Net.Sockets.Socket.AwaitableSocketAsyncEventArgs.System.Threading.Tasks.Sources.IValueTaskSource.GetResult(Int16 token)
   at System.Net.Sockets.Socket.<ConnectAsync>g__WaitForConnectWithCancellation|285_0(AwaitableSocketAsyncEventArgs saea, ValueTask connectTask, CancellationToken cancellationToken)
   at Grpc.Net.Client.Balancer.Internal.SocketConnectivitySubchannelTransport.TryConnectAsync(CancellationToken cancellationToken)")
2025-10-28 16:31:29.612 +08:00 [docker-arsidentityserver0421001] [Information] SkyApm.Transport.Grpc.ConnectionManager : Shutdown connection[172.20.64.1:11800].
2025-10-28 16:31:29.613 +08:00 [docker-arsidentityserver0421001] [Information] SkyApm.Transport.Grpc.ConnectionManager : Connected server[172.20.64.1:11800].
2025-10-28 16:31:46.681 +08:00 [docker-arsidentityserver0421001] [Error] SkyApm.Transport.Grpc.V8.ServiceRegister : Report service instance properties fail.
Grpc.Core.RpcException: Status(StatusCode="Unavailable", Detail="Error connecting to subchannel.", DebugException="System.Net.Sockets.SocketException (10061): 由于目标计算机积极拒绝，无法连接。
   at System.Net.Sockets.Socket.AwaitableSocketAsyncEventArgs.System.Threading.Tasks.Sources.IValueTaskSource.GetResult(Int16 token)
   at System.Net.Sockets.Socket.<ConnectAsync>g__WaitForConnectWithCancellation|285_0(AwaitableSocketAsyncEventArgs saea, ValueTask connectTask, CancellationToken cancellationToken)
   at Grpc.Net.Client.Balancer.Internal.SocketConnectivitySubchannelTransport.TryConnectAsync(CancellationToken cancellationToken)")
   at Grpc.Net.Client.Balancer.Internal.ConnectionManager.PickAsync(PickContext context, Boolean waitForReady, CancellationToken cancellationToken)
   at Grpc.Net.Client.Balancer.Internal.BalancerHttpHandler.SendAsync(HttpRequestMessage request, CancellationToken cancellationToken)
   at Grpc.Net.Client.Internal.GrpcCall`2.RunCall(HttpRequestMessage request, Nullable`1 timeout)
   at SkyApm.Transport.Grpc.V8.ServiceRegister.<>c__DisplayClass9_0.<<ReportInstancePropertiesAsync>b__0>d.MoveNext()
--- End of stack trace from previous location ---
   at SkyApm.Transport.Grpc.Common.Call.Execute[T](Func`1 task, Func`1 errCallback, Func`1 errMessage)
2025-10-28 16:31:46.681 +08:00 [docker-arsidentityserver0421001] [Warning] SkyApm.Transport.Grpc.ConnectionManager : Connection state changed. Status(StatusCode="Unavailable", Detail="Error connecting to subchannel.", DebugException="System.Net.Sockets.SocketException (10061): 由于目标计算机积极拒绝，无法连接。
   at System.Net.Sockets.Socket.AwaitableSocketAsyncEventArgs.System.Threading.Tasks.Sources.IValueTaskSource.GetResult(Int16 token)
   at System.Net.Sockets.Socket.<ConnectAsync>g__WaitForConnectWithCancellation|285_0(AwaitableSocketAsyncEventArgs saea, ValueTask connectTask, CancellationToken cancellationToken)
   at Grpc.Net.Client.Balancer.Internal.SocketConnectivitySubchannelTransport.TryConnectAsync(CancellationToken cancellationToken)")
2025-10-28 16:31:59.624 +08:00 [docker-arsidentityserver0421001] [Information] SkyApm.Transport.Grpc.ConnectionManager : Shutdown connection[172.20.64.1:11800].
2025-10-28 16:31:59.624 +08:00 [docker-arsidentityserver0421001] [Information] SkyApm.Transport.Grpc.ConnectionManager : Connected server[172.20.64.1:11800].
2025-10-28 16:32:16.644 +08:00 [docker-arsidentityserver0421001] [Error] SkyApm.Transport.Grpc.V8.ServiceRegister : Report service instance properties fail.
Grpc.Core.RpcException: Status(StatusCode="Unavailable", Detail="Error connecting to subchannel.", DebugException="System.Net.Sockets.SocketException (10061): 由于目标计算机积极拒绝，无法连接。
   at System.Net.Sockets.Socket.AwaitableSocketAsyncEventArgs.System.Threading.Tasks.Sources.IValueTaskSource.GetResult(Int16 token)
   at System.Net.Sockets.Socket.<ConnectAsync>g__WaitForConnectWithCancellation|285_0(AwaitableSocketAsyncEventArgs saea, ValueTask connectTask, CancellationToken cancellationToken)
   at Grpc.Net.Client.Balancer.Internal.SocketConnectivitySubchannelTransport.TryConnectAsync(CancellationToken cancellationToken)")
   at Grpc.Net.Client.Balancer.Internal.ConnectionManager.PickAsync(PickContext context, Boolean waitForReady, CancellationToken cancellationToken)
   at Grpc.Net.Client.Balancer.Internal.BalancerHttpHandler.SendAsync(HttpRequestMessage request, CancellationToken cancellationToken)
   at Grpc.Net.Client.Internal.GrpcCall`2.RunCall(HttpRequestMessage request, Nullable`1 timeout)
   at SkyApm.Transport.Grpc.V8.ServiceRegister.<>c__DisplayClass9_0.<<ReportInstancePropertiesAsync>b__0>d.MoveNext()
--- End of stack trace from previous location ---
   at SkyApm.Transport.Grpc.Common.Call.Execute[T](Func`1 task, Func`1 errCallback, Func`1 errMessage)
2025-10-28 16:32:16.644 +08:00 [docker-arsidentityserver0421001] [Warning] SkyApm.Transport.Grpc.ConnectionManager : Connection state changed. Status(StatusCode="Unavailable", Detail="Error connecting to subchannel.", DebugException="System.Net.Sockets.SocketException (10061): 由于目标计算机积极拒绝，无法连接。
   at System.Net.Sockets.Socket.AwaitableSocketAsyncEventArgs.System.Threading.Tasks.Sources.IValueTaskSource.GetResult(Int16 token)
   at System.Net.Sockets.Socket.<ConnectAsync>g__WaitForConnectWithCancellation|285_0(AwaitableSocketAsyncEventArgs saea, ValueTask connectTask, CancellationToken cancellationToken)
   at Grpc.Net.Client.Balancer.Internal.SocketConnectivitySubchannelTransport.TryConnectAsync(CancellationToken cancellationToken)")
2025-10-28 16:32:29.615 +08:00 [docker-arsidentityserver0421001] [Information] SkyApm.Transport.Grpc.ConnectionManager : Shutdown connection[172.20.64.1:11800].
2025-10-28 16:32:29.616 +08:00 [docker-arsidentityserver0421001] [Information] SkyApm.Transport.Grpc.ConnectionManager : Connected server[172.20.64.1:11800].
2025-10-28 16:32:46.741 +08:00 [docker-arsidentityserver0421001] [Error] SkyApm.Transport.Grpc.V8.ServiceRegister : Report service instance properties fail.
Grpc.Core.RpcException: Status(StatusCode="Unavailable", Detail="Error connecting to subchannel.", DebugException="System.Net.Sockets.SocketException (10061): 由于目标计算机积极拒绝，无法连接。
   at System.Net.Sockets.Socket.AwaitableSocketAsyncEventArgs.System.Threading.Tasks.Sources.IValueTaskSource.GetResult(Int16 token)
   at System.Net.Sockets.Socket.<ConnectAsync>g__WaitForConnectWithCancellation|285_0(AwaitableSocketAsyncEventArgs saea, ValueTask connectTask, CancellationToken cancellationToken)
   at Grpc.Net.Client.Balancer.Internal.SocketConnectivitySubchannelTransport.TryConnectAsync(CancellationToken cancellationToken)")
   at Grpc.Net.Client.Balancer.Internal.ConnectionManager.PickAsync(PickContext context, Boolean waitForReady, CancellationToken cancellationToken)
   at Grpc.Net.Client.Balancer.Internal.BalancerHttpHandler.SendAsync(HttpRequestMessage request, CancellationToken cancellationToken)
   at Grpc.Net.Client.Internal.GrpcCall`2.RunCall(HttpRequestMessage request, Nullable`1 timeout)
   at SkyApm.Transport.Grpc.V8.ServiceRegister.<>c__DisplayClass9_0.<<ReportInstancePropertiesAsync>b__0>d.MoveNext()
--- End of stack trace from previous location ---
   at SkyApm.Transport.Grpc.Common.Call.Execute[T](Func`1 task, Func`1 errCallback, Func`1 errMessage)
2025-10-28 16:32:46.741 +08:00 [docker-arsidentityserver0421001] [Warning] SkyApm.Transport.Grpc.ConnectionManager : Connection state changed. Status(StatusCode="Unavailable", Detail="Error connecting to subchannel.", DebugException="System.Net.Sockets.SocketException (10061): 由于目标计算机积极拒绝，无法连接。
   at System.Net.Sockets.Socket.AwaitableSocketAsyncEventArgs.System.Threading.Tasks.Sources.IValueTaskSource.GetResult(Int16 token)
   at System.Net.Sockets.Socket.<ConnectAsync>g__WaitForConnectWithCancellation|285_0(AwaitableSocketAsyncEventArgs saea, ValueTask connectTask, CancellationToken cancellationToken)
   at Grpc.Net.Client.Balancer.Internal.SocketConnectivitySubchannelTransport.TryConnectAsync(CancellationToken cancellationToken)")
2025-10-28 16:32:59.614 +08:00 [docker-arsidentityserver0421001] [Information] SkyApm.Transport.Grpc.ConnectionManager : Shutdown connection[172.20.64.1:11800].
2025-10-28 16:32:59.614 +08:00 [docker-arsidentityserver0421001] [Information] SkyApm.Transport.Grpc.ConnectionManager : Connected server[172.20.64.1:11800].
2025-10-28 16:33:16.655 +08:00 [docker-arsidentityserver0421001] [Error] SkyApm.Transport.Grpc.V8.ServiceRegister : Report service instance properties fail.
Grpc.Core.RpcException: Status(StatusCode="Unavailable", Detail="Error connecting to subchannel.", DebugException="System.Net.Sockets.SocketException (10061): 由于目标计算机积极拒绝，无法连接。
   at System.Net.Sockets.Socket.AwaitableSocketAsyncEventArgs.System.Threading.Tasks.Sources.IValueTaskSource.GetResult(Int16 token)
   at System.Net.Sockets.Socket.<ConnectAsync>g__WaitForConnectWithCancellation|285_0(AwaitableSocketAsyncEventArgs saea, ValueTask connectTask, CancellationToken cancellationToken)
   at Grpc.Net.Client.Balancer.Internal.SocketConnectivitySubchannelTransport.TryConnectAsync(CancellationToken cancellationToken)")
   at Grpc.Net.Client.Balancer.Internal.ConnectionManager.PickAsync(PickContext context, Boolean waitForReady, CancellationToken cancellationToken)
   at Grpc.Net.Client.Balancer.Internal.BalancerHttpHandler.SendAsync(HttpRequestMessage request, CancellationToken cancellationToken)
   at Grpc.Net.Client.Internal.GrpcCall`2.RunCall(HttpRequestMessage request, Nullable`1 timeout)
   at SkyApm.Transport.Grpc.V8.ServiceRegister.<>c__DisplayClass9_0.<<ReportInstancePropertiesAsync>b__0>d.MoveNext()
--- End of stack trace from previous location ---
   at SkyApm.Transport.Grpc.Common.Call.Execute[T](Func`1 task, Func`1 errCallback, Func`1 errMessage)
2025-10-28 16:33:16.655 +08:00 [docker-arsidentityserver0421001] [Warning] SkyApm.Transport.Grpc.ConnectionManager : Connection state changed. Status(StatusCode="Unavailable", Detail="Error connecting to subchannel.", DebugException="System.Net.Sockets.SocketException (10061): 由于目标计算机积极拒绝，无法连接。
   at System.Net.Sockets.Socket.AwaitableSocketAsyncEventArgs.System.Threading.Tasks.Sources.IValueTaskSource.GetResult(Int16 token)
   at System.Net.Sockets.Socket.<ConnectAsync>g__WaitForConnectWithCancellation|285_0(AwaitableSocketAsyncEventArgs saea, ValueTask connectTask, CancellationToken cancellationToken)
   at Grpc.Net.Client.Balancer.Internal.SocketConnectivitySubchannelTransport.TryConnectAsync(CancellationToken cancellationToken)")
2025-10-28 16:33:29.619 +08:00 [docker-arsidentityserver0421001] [Information] SkyApm.Transport.Grpc.ConnectionManager : Shutdown connection[172.20.64.1:11800].
2025-10-28 16:33:29.619 +08:00 [docker-arsidentityserver0421001] [Information] SkyApm.Transport.Grpc.ConnectionManager : Connected server[172.20.64.1:11800].
2025-10-28 16:33:46.663 +08:00 [docker-arsidentityserver0421001] [Error] SkyApm.Transport.Grpc.V8.ServiceRegister : Report service instance properties fail.
Grpc.Core.RpcException: Status(StatusCode="Unavailable", Detail="Error connecting to subchannel.", DebugException="System.Net.Sockets.SocketException (10061): 由于目标计算机积极拒绝，无法连接。
   at System.Net.Sockets.Socket.AwaitableSocketAsyncEventArgs.System.Threading.Tasks.Sources.IValueTaskSource.GetResult(Int16 token)
   at System.Net.Sockets.Socket.<ConnectAsync>g__WaitForConnectWithCancellation|285_0(AwaitableSocketAsyncEventArgs saea, ValueTask connectTask, CancellationToken cancellationToken)
   at Grpc.Net.Client.Balancer.Internal.SocketConnectivitySubchannelTransport.TryConnectAsync(CancellationToken cancellationToken)")
   at Grpc.Net.Client.Balancer.Internal.ConnectionManager.PickAsync(PickContext context, Boolean waitForReady, CancellationToken cancellationToken)
   at Grpc.Net.Client.Balancer.Internal.BalancerHttpHandler.SendAsync(HttpRequestMessage request, CancellationToken cancellationToken)
   at Grpc.Net.Client.Internal.GrpcCall`2.RunCall(HttpRequestMessage request, Nullable`1 timeout)
   at SkyApm.Transport.Grpc.V8.ServiceRegister.<>c__DisplayClass9_0.<<ReportInstancePropertiesAsync>b__0>d.MoveNext()
--- End of stack trace from previous location ---
   at SkyApm.Transport.Grpc.Common.Call.Execute[T](Func`1 task, Func`1 errCallback, Func`1 errMessage)
2025-10-28 16:33:46.663 +08:00 [docker-arsidentityserver0421001] [Warning] SkyApm.Transport.Grpc.ConnectionManager : Connection state changed. Status(StatusCode="Unavailable", Detail="Error connecting to subchannel.", DebugException="System.Net.Sockets.SocketException (10061): 由于目标计算机积极拒绝，无法连接。
   at System.Net.Sockets.Socket.AwaitableSocketAsyncEventArgs.System.Threading.Tasks.Sources.IValueTaskSource.GetResult(Int16 token)
   at System.Net.Sockets.Socket.<ConnectAsync>g__WaitForConnectWithCancellation|285_0(AwaitableSocketAsyncEventArgs saea, ValueTask connectTask, CancellationToken cancellationToken)
   at Grpc.Net.Client.Balancer.Internal.SocketConnectivitySubchannelTransport.TryConnectAsync(CancellationToken cancellationToken)")
2025-10-28 16:33:59.621 +08:00 [docker-arsidentityserver0421001] [Information] SkyApm.Transport.Grpc.ConnectionManager : Shutdown connection[172.20.64.1:11800].
2025-10-28 16:33:59.621 +08:00 [docker-arsidentityserver0421001] [Information] SkyApm.Transport.Grpc.ConnectionManager : Connected server[172.20.64.1:11800].
2025-10-28 16:34:16.653 +08:00 [docker-arsidentityserver0421001] [Error] SkyApm.Transport.Grpc.V8.ServiceRegister : Report service instance properties fail.
Grpc.Core.RpcException: Status(StatusCode="Unavailable", Detail="Error connecting to subchannel.", DebugException="System.Net.Sockets.SocketException (10061): 由于目标计算机积极拒绝，无法连接。
   at System.Net.Sockets.Socket.AwaitableSocketAsyncEventArgs.System.Threading.Tasks.Sources.IValueTaskSource.GetResult(Int16 token)
   at System.Net.Sockets.Socket.<ConnectAsync>g__WaitForConnectWithCancellation|285_0(AwaitableSocketAsyncEventArgs saea, ValueTask connectTask, CancellationToken cancellationToken)
   at Grpc.Net.Client.Balancer.Internal.SocketConnectivitySubchannelTransport.TryConnectAsync(CancellationToken cancellationToken)")
   at Grpc.Net.Client.Balancer.Internal.ConnectionManager.PickAsync(PickContext context, Boolean waitForReady, CancellationToken cancellationToken)
   at Grpc.Net.Client.Balancer.Internal.BalancerHttpHandler.SendAsync(HttpRequestMessage request, CancellationToken cancellationToken)
   at Grpc.Net.Client.Internal.GrpcCall`2.RunCall(HttpRequestMessage request, Nullable`1 timeout)
   at SkyApm.Transport.Grpc.V8.ServiceRegister.<>c__DisplayClass9_0.<<ReportInstancePropertiesAsync>b__0>d.MoveNext()
--- End of stack trace from previous location ---
   at SkyApm.Transport.Grpc.Common.Call.Execute[T](Func`1 task, Func`1 errCallback, Func`1 errMessage)
2025-10-28 16:34:16.653 +08:00 [docker-arsidentityserver0421001] [Warning] SkyApm.Transport.Grpc.ConnectionManager : Connection state changed. Status(StatusCode="Unavailable", Detail="Error connecting to subchannel.", DebugException="System.Net.Sockets.SocketException (10061): 由于目标计算机积极拒绝，无法连接。
   at System.Net.Sockets.Socket.AwaitableSocketAsyncEventArgs.System.Threading.Tasks.Sources.IValueTaskSource.GetResult(Int16 token)
   at System.Net.Sockets.Socket.<ConnectAsync>g__WaitForConnectWithCancellation|285_0(AwaitableSocketAsyncEventArgs saea, ValueTask connectTask, CancellationToken cancellationToken)
   at Grpc.Net.Client.Balancer.Internal.SocketConnectivitySubchannelTransport.TryConnectAsync(CancellationToken cancellationToken)")
2025-10-28 16:34:29.620 +08:00 [docker-arsidentityserver0421001] [Information] SkyApm.Transport.Grpc.ConnectionManager : Shutdown connection[172.20.64.1:11800].
2025-10-28 16:34:29.621 +08:00 [docker-arsidentityserver0421001] [Information] SkyApm.Transport.Grpc.ConnectionManager : Connected server[172.20.64.1:11800].
2025-10-28 16:34:46.655 +08:00 [docker-arsidentityserver0421001] [Error] SkyApm.Transport.Grpc.V8.ServiceRegister : Report service instance properties fail.
Grpc.Core.RpcException: Status(StatusCode="Unavailable", Detail="Error connecting to subchannel.", DebugException="System.Net.Sockets.SocketException (10061): 由于目标计算机积极拒绝，无法连接。
   at System.Net.Sockets.Socket.AwaitableSocketAsyncEventArgs.System.Threading.Tasks.Sources.IValueTaskSource.GetResult(Int16 token)
   at System.Net.Sockets.Socket.<ConnectAsync>g__WaitForConnectWithCancellation|285_0(AwaitableSocketAsyncEventArgs saea, ValueTask connectTask, CancellationToken cancellationToken)
   at Grpc.Net.Client.Balancer.Internal.SocketConnectivitySubchannelTransport.TryConnectAsync(CancellationToken cancellationToken)")
   at Grpc.Net.Client.Balancer.Internal.ConnectionManager.PickAsync(PickContext context, Boolean waitForReady, CancellationToken cancellationToken)
   at Grpc.Net.Client.Balancer.Internal.BalancerHttpHandler.SendAsync(HttpRequestMessage request, CancellationToken cancellationToken)
   at Grpc.Net.Client.Internal.GrpcCall`2.RunCall(HttpRequestMessage request, Nullable`1 timeout)
   at SkyApm.Transport.Grpc.V8.ServiceRegister.<>c__DisplayClass9_0.<<ReportInstancePropertiesAsync>b__0>d.MoveNext()
--- End of stack trace from previous location ---
   at SkyApm.Transport.Grpc.Common.Call.Execute[T](Func`1 task, Func`1 errCallback, Func`1 errMessage)
2025-10-28 16:34:46.655 +08:00 [docker-arsidentityserver0421001] [Warning] SkyApm.Transport.Grpc.ConnectionManager : Connection state changed. Status(StatusCode="Unavailable", Detail="Error connecting to subchannel.", DebugException="System.Net.Sockets.SocketException (10061): 由于目标计算机积极拒绝，无法连接。
   at System.Net.Sockets.Socket.AwaitableSocketAsyncEventArgs.System.Threading.Tasks.Sources.IValueTaskSource.GetResult(Int16 token)
   at System.Net.Sockets.Socket.<ConnectAsync>g__WaitForConnectWithCancellation|285_0(AwaitableSocketAsyncEventArgs saea, ValueTask connectTask, CancellationToken cancellationToken)
   at Grpc.Net.Client.Balancer.Internal.SocketConnectivitySubchannelTransport.TryConnectAsync(CancellationToken cancellationToken)")
2025-10-28 16:34:59.614 +08:00 [docker-arsidentityserver0421001] [Information] SkyApm.Transport.Grpc.ConnectionManager : Shutdown connection[172.20.64.1:11800].
2025-10-28 16:34:59.614 +08:00 [docker-arsidentityserver0421001] [Information] SkyApm.Transport.Grpc.ConnectionManager : Connected server[172.20.64.1:11800].
2025-10-28 16:35:16.658 +08:00 [docker-arsidentityserver0421001] [Error] SkyApm.Transport.Grpc.V8.ServiceRegister : Report service instance properties fail.
Grpc.Core.RpcException: Status(StatusCode="Unavailable", Detail="Error connecting to subchannel.", DebugException="System.Net.Sockets.SocketException (10061): 由于目标计算机积极拒绝，无法连接。
   at System.Net.Sockets.Socket.AwaitableSocketAsyncEventArgs.System.Threading.Tasks.Sources.IValueTaskSource.GetResult(Int16 token)
   at System.Net.Sockets.Socket.<ConnectAsync>g__WaitForConnectWithCancellation|285_0(AwaitableSocketAsyncEventArgs saea, ValueTask connectTask, CancellationToken cancellationToken)
   at Grpc.Net.Client.Balancer.Internal.SocketConnectivitySubchannelTransport.TryConnectAsync(CancellationToken cancellationToken)")
   at Grpc.Net.Client.Balancer.Internal.ConnectionManager.PickAsync(PickContext context, Boolean waitForReady, CancellationToken cancellationToken)
   at Grpc.Net.Client.Balancer.Internal.BalancerHttpHandler.SendAsync(HttpRequestMessage request, CancellationToken cancellationToken)
   at Grpc.Net.Client.Internal.GrpcCall`2.RunCall(HttpRequestMessage request, Nullable`1 timeout)
   at SkyApm.Transport.Grpc.V8.ServiceRegister.<>c__DisplayClass9_0.<<ReportInstancePropertiesAsync>b__0>d.MoveNext()
--- End of stack trace from previous location ---
   at SkyApm.Transport.Grpc.Common.Call.Execute[T](Func`1 task, Func`1 errCallback, Func`1 errMessage)
2025-10-28 16:35:16.658 +08:00 [docker-arsidentityserver0421001] [Warning] SkyApm.Transport.Grpc.ConnectionManager : Connection state changed. Status(StatusCode="Unavailable", Detail="Error connecting to subchannel.", DebugException="System.Net.Sockets.SocketException (10061): 由于目标计算机积极拒绝，无法连接。
   at System.Net.Sockets.Socket.AwaitableSocketAsyncEventArgs.System.Threading.Tasks.Sources.IValueTaskSource.GetResult(Int16 token)
   at System.Net.Sockets.Socket.<ConnectAsync>g__WaitForConnectWithCancellation|285_0(AwaitableSocketAsyncEventArgs saea, ValueTask connectTask, CancellationToken cancellationToken)
   at Grpc.Net.Client.Balancer.Internal.SocketConnectivitySubchannelTransport.TryConnectAsync(CancellationToken cancellationToken)")
2025-10-28 16:35:29.623 +08:00 [docker-arsidentityserver0421001] [Information] SkyApm.Transport.Grpc.ConnectionManager : Shutdown connection[172.20.64.1:11800].
2025-10-28 16:35:29.624 +08:00 [docker-arsidentityserver0421001] [Information] SkyApm.Transport.Grpc.ConnectionManager : Connected server[172.20.64.1:11800].
2025-10-28 16:35:46.643 +08:00 [docker-arsidentityserver0421001] [Error] SkyApm.Transport.Grpc.V8.ServiceRegister : Report service instance properties fail.
Grpc.Core.RpcException: Status(StatusCode="Unavailable", Detail="Error connecting to subchannel.", DebugException="System.Net.Sockets.SocketException (10061): 由于目标计算机积极拒绝，无法连接。
   at System.Net.Sockets.Socket.AwaitableSocketAsyncEventArgs.System.Threading.Tasks.Sources.IValueTaskSource.GetResult(Int16 token)
   at System.Net.Sockets.Socket.<ConnectAsync>g__WaitForConnectWithCancellation|285_0(AwaitableSocketAsyncEventArgs saea, ValueTask connectTask, CancellationToken cancellationToken)
   at Grpc.Net.Client.Balancer.Internal.SocketConnectivitySubchannelTransport.TryConnectAsync(CancellationToken cancellationToken)")
   at Grpc.Net.Client.Balancer.Internal.ConnectionManager.PickAsync(PickContext context, Boolean waitForReady, CancellationToken cancellationToken)
   at Grpc.Net.Client.Balancer.Internal.BalancerHttpHandler.SendAsync(HttpRequestMessage request, CancellationToken cancellationToken)
   at Grpc.Net.Client.Internal.GrpcCall`2.RunCall(HttpRequestMessage request, Nullable`1 timeout)
   at SkyApm.Transport.Grpc.V8.ServiceRegister.<>c__DisplayClass9_0.<<ReportInstancePropertiesAsync>b__0>d.MoveNext()
--- End of stack trace from previous location ---
   at SkyApm.Transport.Grpc.Common.Call.Execute[T](Func`1 task, Func`1 errCallback, Func`1 errMessage)
2025-10-28 16:35:46.643 +08:00 [docker-arsidentityserver0421001] [Warning] SkyApm.Transport.Grpc.ConnectionManager : Connection state changed. Status(StatusCode="Unavailable", Detail="Error connecting to subchannel.", DebugException="System.Net.Sockets.SocketException (10061): 由于目标计算机积极拒绝，无法连接。
   at System.Net.Sockets.Socket.AwaitableSocketAsyncEventArgs.System.Threading.Tasks.Sources.IValueTaskSource.GetResult(Int16 token)
   at System.Net.Sockets.Socket.<ConnectAsync>g__WaitForConnectWithCancellation|285_0(AwaitableSocketAsyncEventArgs saea, ValueTask connectTask, CancellationToken cancellationToken)
   at Grpc.Net.Client.Balancer.Internal.SocketConnectivitySubchannelTransport.TryConnectAsync(CancellationToken cancellationToken)")
2025-10-28 16:35:59.625 +08:00 [docker-arsidentityserver0421001] [Information] SkyApm.Transport.Grpc.ConnectionManager : Shutdown connection[172.20.64.1:11800].
2025-10-28 16:35:59.626 +08:00 [docker-arsidentityserver0421001] [Information] SkyApm.Transport.Grpc.ConnectionManager : Connected server[172.20.64.1:11800].
2025-10-28 16:36:16.662 +08:00 [docker-arsidentityserver0421001] [Error] SkyApm.Transport.Grpc.V8.ServiceRegister : Report service instance properties fail.
Grpc.Core.RpcException: Status(StatusCode="Unavailable", Detail="Error connecting to subchannel.", DebugException="System.Net.Sockets.SocketException (10061): 由于目标计算机积极拒绝，无法连接。
   at System.Net.Sockets.Socket.AwaitableSocketAsyncEventArgs.System.Threading.Tasks.Sources.IValueTaskSource.GetResult(Int16 token)
   at System.Net.Sockets.Socket.<ConnectAsync>g__WaitForConnectWithCancellation|285_0(AwaitableSocketAsyncEventArgs saea, ValueTask connectTask, CancellationToken cancellationToken)
   at Grpc.Net.Client.Balancer.Internal.SocketConnectivitySubchannelTransport.TryConnectAsync(CancellationToken cancellationToken)")
   at Grpc.Net.Client.Balancer.Internal.ConnectionManager.PickAsync(PickContext context, Boolean waitForReady, CancellationToken cancellationToken)
   at Grpc.Net.Client.Balancer.Internal.BalancerHttpHandler.SendAsync(HttpRequestMessage request, CancellationToken cancellationToken)
   at Grpc.Net.Client.Internal.GrpcCall`2.RunCall(HttpRequestMessage request, Nullable`1 timeout)
   at SkyApm.Transport.Grpc.V8.ServiceRegister.<>c__DisplayClass9_0.<<ReportInstancePropertiesAsync>b__0>d.MoveNext()
--- End of stack trace from previous location ---
   at SkyApm.Transport.Grpc.Common.Call.Execute[T](Func`1 task, Func`1 errCallback, Func`1 errMessage)
2025-10-28 16:36:16.662 +08:00 [docker-arsidentityserver0421001] [Warning] SkyApm.Transport.Grpc.ConnectionManager : Connection state changed. Status(StatusCode="Unavailable", Detail="Error connecting to subchannel.", DebugException="System.Net.Sockets.SocketException (10061): 由于目标计算机积极拒绝，无法连接。
   at System.Net.Sockets.Socket.AwaitableSocketAsyncEventArgs.System.Threading.Tasks.Sources.IValueTaskSource.GetResult(Int16 token)
   at System.Net.Sockets.Socket.<ConnectAsync>g__WaitForConnectWithCancellation|285_0(AwaitableSocketAsyncEventArgs saea, ValueTask connectTask, CancellationToken cancellationToken)
   at Grpc.Net.Client.Balancer.Internal.SocketConnectivitySubchannelTransport.TryConnectAsync(CancellationToken cancellationToken)")
2025-10-28 16:36:29.617 +08:00 [docker-arsidentityserver0421001] [Information] SkyApm.Transport.Grpc.ConnectionManager : Shutdown connection[172.20.64.1:11800].
2025-10-28 16:36:29.617 +08:00 [docker-arsidentityserver0421001] [Information] SkyApm.Transport.Grpc.ConnectionManager : Connected server[172.20.64.1:11800].
2025-10-28 16:36:46.668 +08:00 [docker-arsidentityserver0421001] [Error] SkyApm.Transport.Grpc.V8.ServiceRegister : Report service instance properties fail.
Grpc.Core.RpcException: Status(StatusCode="Unavailable", Detail="Error connecting to subchannel.", DebugException="System.Net.Sockets.SocketException (10061): 由于目标计算机积极拒绝，无法连接。
   at System.Net.Sockets.Socket.AwaitableSocketAsyncEventArgs.System.Threading.Tasks.Sources.IValueTaskSource.GetResult(Int16 token)
   at System.Net.Sockets.Socket.<ConnectAsync>g__WaitForConnectWithCancellation|285_0(AwaitableSocketAsyncEventArgs saea, ValueTask connectTask, CancellationToken cancellationToken)
   at Grpc.Net.Client.Balancer.Internal.SocketConnectivitySubchannelTransport.TryConnectAsync(CancellationToken cancellationToken)")
   at Grpc.Net.Client.Balancer.Internal.ConnectionManager.PickAsync(PickContext context, Boolean waitForReady, CancellationToken cancellationToken)
   at Grpc.Net.Client.Balancer.Internal.BalancerHttpHandler.SendAsync(HttpRequestMessage request, CancellationToken cancellationToken)
   at Grpc.Net.Client.Internal.GrpcCall`2.RunCall(HttpRequestMessage request, Nullable`1 timeout)
   at SkyApm.Transport.Grpc.V8.ServiceRegister.<>c__DisplayClass9_0.<<ReportInstancePropertiesAsync>b__0>d.MoveNext()
--- End of stack trace from previous location ---
   at SkyApm.Transport.Grpc.Common.Call.Execute[T](Func`1 task, Func`1 errCallback, Func`1 errMessage)
2025-10-28 16:36:46.668 +08:00 [docker-arsidentityserver0421001] [Warning] SkyApm.Transport.Grpc.ConnectionManager : Connection state changed. Status(StatusCode="Unavailable", Detail="Error connecting to subchannel.", DebugException="System.Net.Sockets.SocketException (10061): 由于目标计算机积极拒绝，无法连接。
   at System.Net.Sockets.Socket.AwaitableSocketAsyncEventArgs.System.Threading.Tasks.Sources.IValueTaskSource.GetResult(Int16 token)
   at System.Net.Sockets.Socket.<ConnectAsync>g__WaitForConnectWithCancellation|285_0(AwaitableSocketAsyncEventArgs saea, ValueTask connectTask, CancellationToken cancellationToken)
   at Grpc.Net.Client.Balancer.Internal.SocketConnectivitySubchannelTransport.TryConnectAsync(CancellationToken cancellationToken)")
2025-10-28 16:36:59.623 +08:00 [docker-arsidentityserver0421001] [Information] SkyApm.Transport.Grpc.ConnectionManager : Shutdown connection[172.20.64.1:11800].
2025-10-28 16:36:59.624 +08:00 [docker-arsidentityserver0421001] [Information] SkyApm.Transport.Grpc.ConnectionManager : Connected server[172.20.64.1:11800].
2025-10-28 16:37:16.668 +08:00 [docker-arsidentityserver0421001] [Error] SkyApm.Transport.Grpc.V8.ServiceRegister : Report service instance properties fail.
Grpc.Core.RpcException: Status(StatusCode="Unavailable", Detail="Error connecting to subchannel.", DebugException="System.Net.Sockets.SocketException (10061): 由于目标计算机积极拒绝，无法连接。
   at System.Net.Sockets.Socket.AwaitableSocketAsyncEventArgs.System.Threading.Tasks.Sources.IValueTaskSource.GetResult(Int16 token)
   at System.Net.Sockets.Socket.<ConnectAsync>g__WaitForConnectWithCancellation|285_0(AwaitableSocketAsyncEventArgs saea, ValueTask connectTask, CancellationToken cancellationToken)
   at Grpc.Net.Client.Balancer.Internal.SocketConnectivitySubchannelTransport.TryConnectAsync(CancellationToken cancellationToken)")
   at Grpc.Net.Client.Balancer.Internal.ConnectionManager.PickAsync(PickContext context, Boolean waitForReady, CancellationToken cancellationToken)
   at Grpc.Net.Client.Balancer.Internal.BalancerHttpHandler.SendAsync(HttpRequestMessage request, CancellationToken cancellationToken)
   at Grpc.Net.Client.Internal.GrpcCall`2.RunCall(HttpRequestMessage request, Nullable`1 timeout)
   at SkyApm.Transport.Grpc.V8.ServiceRegister.<>c__DisplayClass9_0.<<ReportInstancePropertiesAsync>b__0>d.MoveNext()
--- End of stack trace from previous location ---
   at SkyApm.Transport.Grpc.Common.Call.Execute[T](Func`1 task, Func`1 errCallback, Func`1 errMessage)
2025-10-28 16:37:16.669 +08:00 [docker-arsidentityserver0421001] [Warning] SkyApm.Transport.Grpc.ConnectionManager : Connection state changed. Status(StatusCode="Unavailable", Detail="Error connecting to subchannel.", DebugException="System.Net.Sockets.SocketException (10061): 由于目标计算机积极拒绝，无法连接。
   at System.Net.Sockets.Socket.AwaitableSocketAsyncEventArgs.System.Threading.Tasks.Sources.IValueTaskSource.GetResult(Int16 token)
   at System.Net.Sockets.Socket.<ConnectAsync>g__WaitForConnectWithCancellation|285_0(AwaitableSocketAsyncEventArgs saea, ValueTask connectTask, CancellationToken cancellationToken)
   at Grpc.Net.Client.Balancer.Internal.SocketConnectivitySubchannelTransport.TryConnectAsync(CancellationToken cancellationToken)")
2025-10-28 16:37:29.618 +08:00 [docker-arsidentityserver0421001] [Information] SkyApm.Transport.Grpc.ConnectionManager : Shutdown connection[172.20.64.1:11800].
2025-10-28 16:37:29.618 +08:00 [docker-arsidentityserver0421001] [Information] SkyApm.Transport.Grpc.ConnectionManager : Connected server[172.20.64.1:11800].
2025-10-28 16:37:46.632 +08:00 [docker-arsidentityserver0421001] [Error] SkyApm.Transport.Grpc.V8.ServiceRegister : Report service instance properties fail.
Grpc.Core.RpcException: Status(StatusCode="Unavailable", Detail="Error connecting to subchannel.", DebugException="System.Net.Sockets.SocketException (10061): 由于目标计算机积极拒绝，无法连接。
   at System.Net.Sockets.Socket.AwaitableSocketAsyncEventArgs.System.Threading.Tasks.Sources.IValueTaskSource.GetResult(Int16 token)
   at System.Net.Sockets.Socket.<ConnectAsync>g__WaitForConnectWithCancellation|285_0(AwaitableSocketAsyncEventArgs saea, ValueTask connectTask, CancellationToken cancellationToken)
   at Grpc.Net.Client.Balancer.Internal.SocketConnectivitySubchannelTransport.TryConnectAsync(CancellationToken cancellationToken)")
   at Grpc.Net.Client.Balancer.Internal.ConnectionManager.PickAsync(PickContext context, Boolean waitForReady, CancellationToken cancellationToken)
   at Grpc.Net.Client.Balancer.Internal.BalancerHttpHandler.SendAsync(HttpRequestMessage request, CancellationToken cancellationToken)
   at Grpc.Net.Client.Internal.GrpcCall`2.RunCall(HttpRequestMessage request, Nullable`1 timeout)
   at SkyApm.Transport.Grpc.V8.ServiceRegister.<>c__DisplayClass9_0.<<ReportInstancePropertiesAsync>b__0>d.MoveNext()
--- End of stack trace from previous location ---
   at SkyApm.Transport.Grpc.Common.Call.Execute[T](Func`1 task, Func`1 errCallback, Func`1 errMessage)
2025-10-28 16:37:46.632 +08:00 [docker-arsidentityserver0421001] [Warning] SkyApm.Transport.Grpc.ConnectionManager : Connection state changed. Status(StatusCode="Unavailable", Detail="Error connecting to subchannel.", DebugException="System.Net.Sockets.SocketException (10061): 由于目标计算机积极拒绝，无法连接。
   at System.Net.Sockets.Socket.AwaitableSocketAsyncEventArgs.System.Threading.Tasks.Sources.IValueTaskSource.GetResult(Int16 token)
   at System.Net.Sockets.Socket.<ConnectAsync>g__WaitForConnectWithCancellation|285_0(AwaitableSocketAsyncEventArgs saea, ValueTask connectTask, CancellationToken cancellationToken)
   at Grpc.Net.Client.Balancer.Internal.SocketConnectivitySubchannelTransport.TryConnectAsync(CancellationToken cancellationToken)")
2025-10-28 16:37:59.624 +08:00 [docker-arsidentityserver0421001] [Information] SkyApm.Transport.Grpc.ConnectionManager : Shutdown connection[172.20.64.1:11800].
2025-10-28 16:37:59.625 +08:00 [docker-arsidentityserver0421001] [Information] SkyApm.Transport.Grpc.ConnectionManager : Connected server[172.20.64.1:11800].
2025-10-28 16:38:16.671 +08:00 [docker-arsidentityserver0421001] [Error] SkyApm.Transport.Grpc.V8.ServiceRegister : Report service instance properties fail.
Grpc.Core.RpcException: Status(StatusCode="Unavailable", Detail="Error connecting to subchannel.", DebugException="System.Net.Sockets.SocketException (10061): 由于目标计算机积极拒绝，无法连接。
   at System.Net.Sockets.Socket.AwaitableSocketAsyncEventArgs.System.Threading.Tasks.Sources.IValueTaskSource.GetResult(Int16 token)
   at System.Net.Sockets.Socket.<ConnectAsync>g__WaitForConnectWithCancellation|285_0(AwaitableSocketAsyncEventArgs saea, ValueTask connectTask, CancellationToken cancellationToken)
   at Grpc.Net.Client.Balancer.Internal.SocketConnectivitySubchannelTransport.TryConnectAsync(CancellationToken cancellationToken)")
   at Grpc.Net.Client.Balancer.Internal.ConnectionManager.PickAsync(PickContext context, Boolean waitForReady, CancellationToken cancellationToken)
   at Grpc.Net.Client.Balancer.Internal.BalancerHttpHandler.SendAsync(HttpRequestMessage request, CancellationToken cancellationToken)
   at Grpc.Net.Client.Internal.GrpcCall`2.RunCall(HttpRequestMessage request, Nullable`1 timeout)
   at SkyApm.Transport.Grpc.V8.ServiceRegister.<>c__DisplayClass9_0.<<ReportInstancePropertiesAsync>b__0>d.MoveNext()
--- End of stack trace from previous location ---
   at SkyApm.Transport.Grpc.Common.Call.Execute[T](Func`1 task, Func`1 errCallback, Func`1 errMessage)
2025-10-28 16:38:16.671 +08:00 [docker-arsidentityserver0421001] [Warning] SkyApm.Transport.Grpc.ConnectionManager : Connection state changed. Status(StatusCode="Unavailable", Detail="Error connecting to subchannel.", DebugException="System.Net.Sockets.SocketException (10061): 由于目标计算机积极拒绝，无法连接。
   at System.Net.Sockets.Socket.AwaitableSocketAsyncEventArgs.System.Threading.Tasks.Sources.IValueTaskSource.GetResult(Int16 token)
   at System.Net.Sockets.Socket.<ConnectAsync>g__WaitForConnectWithCancellation|285_0(AwaitableSocketAsyncEventArgs saea, ValueTask connectTask, CancellationToken cancellationToken)
   at Grpc.Net.Client.Balancer.Internal.SocketConnectivitySubchannelTransport.TryConnectAsync(CancellationToken cancellationToken)")
2025-10-28 16:38:29.611 +08:00 [docker-arsidentityserver0421001] [Information] SkyApm.Transport.Grpc.ConnectionManager : Shutdown connection[172.20.64.1:11800].
2025-10-28 16:38:29.611 +08:00 [docker-arsidentityserver0421001] [Information] SkyApm.Transport.Grpc.ConnectionManager : Connected server[172.20.64.1:11800].
2025-10-28 16:38:46.653 +08:00 [docker-arsidentityserver0421001] [Error] SkyApm.Transport.Grpc.V8.ServiceRegister : Report service instance properties fail.
Grpc.Core.RpcException: Status(StatusCode="Unavailable", Detail="Error connecting to subchannel.", DebugException="System.Net.Sockets.SocketException (10061): 由于目标计算机积极拒绝，无法连接。
   at System.Net.Sockets.Socket.AwaitableSocketAsyncEventArgs.System.Threading.Tasks.Sources.IValueTaskSource.GetResult(Int16 token)
   at System.Net.Sockets.Socket.<ConnectAsync>g__WaitForConnectWithCancellation|285_0(AwaitableSocketAsyncEventArgs saea, ValueTask connectTask, CancellationToken cancellationToken)
   at Grpc.Net.Client.Balancer.Internal.SocketConnectivitySubchannelTransport.TryConnectAsync(CancellationToken cancellationToken)")
   at Grpc.Net.Client.Balancer.Internal.ConnectionManager.PickAsync(PickContext context, Boolean waitForReady, CancellationToken cancellationToken)
   at Grpc.Net.Client.Balancer.Internal.BalancerHttpHandler.SendAsync(HttpRequestMessage request, CancellationToken cancellationToken)
   at Grpc.Net.Client.Internal.GrpcCall`2.RunCall(HttpRequestMessage request, Nullable`1 timeout)
   at SkyApm.Transport.Grpc.V8.ServiceRegister.<>c__DisplayClass9_0.<<ReportInstancePropertiesAsync>b__0>d.MoveNext()
--- End of stack trace from previous location ---
   at SkyApm.Transport.Grpc.Common.Call.Execute[T](Func`1 task, Func`1 errCallback, Func`1 errMessage)
2025-10-28 16:38:46.653 +08:00 [docker-arsidentityserver0421001] [Warning] SkyApm.Transport.Grpc.ConnectionManager : Connection state changed. Status(StatusCode="Unavailable", Detail="Error connecting to subchannel.", DebugException="System.Net.Sockets.SocketException (10061): 由于目标计算机积极拒绝，无法连接。
   at System.Net.Sockets.Socket.AwaitableSocketAsyncEventArgs.System.Threading.Tasks.Sources.IValueTaskSource.GetResult(Int16 token)
   at System.Net.Sockets.Socket.<ConnectAsync>g__WaitForConnectWithCancellation|285_0(AwaitableSocketAsyncEventArgs saea, ValueTask connectTask, CancellationToken cancellationToken)
   at Grpc.Net.Client.Balancer.Internal.SocketConnectivitySubchannelTransport.TryConnectAsync(CancellationToken cancellationToken)")
2025-10-28 16:38:59.612 +08:00 [docker-arsidentityserver0421001] [Information] SkyApm.Transport.Grpc.ConnectionManager : Shutdown connection[172.20.64.1:11800].
2025-10-28 16:38:59.612 +08:00 [docker-arsidentityserver0421001] [Information] SkyApm.Transport.Grpc.ConnectionManager : Connected server[172.20.64.1:11800].
2025-10-28 16:39:16.661 +08:00 [docker-arsidentityserver0421001] [Error] SkyApm.Transport.Grpc.V8.ServiceRegister : Report service instance properties fail.
Grpc.Core.RpcException: Status(StatusCode="Unavailable", Detail="Error connecting to subchannel.", DebugException="System.Net.Sockets.SocketException (10061): 由于目标计算机积极拒绝，无法连接。
   at System.Net.Sockets.Socket.AwaitableSocketAsyncEventArgs.System.Threading.Tasks.Sources.IValueTaskSource.GetResult(Int16 token)
   at System.Net.Sockets.Socket.<ConnectAsync>g__WaitForConnectWithCancellation|285_0(AwaitableSocketAsyncEventArgs saea, ValueTask connectTask, CancellationToken cancellationToken)
   at Grpc.Net.Client.Balancer.Internal.SocketConnectivitySubchannelTransport.TryConnectAsync(CancellationToken cancellationToken)")
   at Grpc.Net.Client.Balancer.Internal.ConnectionManager.PickAsync(PickContext context, Boolean waitForReady, CancellationToken cancellationToken)
   at Grpc.Net.Client.Balancer.Internal.BalancerHttpHandler.SendAsync(HttpRequestMessage request, CancellationToken cancellationToken)
   at Grpc.Net.Client.Internal.GrpcCall`2.RunCall(HttpRequestMessage request, Nullable`1 timeout)
   at SkyApm.Transport.Grpc.V8.ServiceRegister.<>c__DisplayClass9_0.<<ReportInstancePropertiesAsync>b__0>d.MoveNext()
--- End of stack trace from previous location ---
   at SkyApm.Transport.Grpc.Common.Call.Execute[T](Func`1 task, Func`1 errCallback, Func`1 errMessage)
2025-10-28 16:39:16.661 +08:00 [docker-arsidentityserver0421001] [Warning] SkyApm.Transport.Grpc.ConnectionManager : Connection state changed. Status(StatusCode="Unavailable", Detail="Error connecting to subchannel.", DebugException="System.Net.Sockets.SocketException (10061): 由于目标计算机积极拒绝，无法连接。
   at System.Net.Sockets.Socket.AwaitableSocketAsyncEventArgs.System.Threading.Tasks.Sources.IValueTaskSource.GetResult(Int16 token)
   at System.Net.Sockets.Socket.<ConnectAsync>g__WaitForConnectWithCancellation|285_0(AwaitableSocketAsyncEventArgs saea, ValueTask connectTask, CancellationToken cancellationToken)
   at Grpc.Net.Client.Balancer.Internal.SocketConnectivitySubchannelTransport.TryConnectAsync(CancellationToken cancellationToken)")
2025-10-28 16:39:29.614 +08:00 [docker-arsidentityserver0421001] [Information] SkyApm.Transport.Grpc.ConnectionManager : Shutdown connection[172.20.64.1:11800].
2025-10-28 16:39:29.614 +08:00 [docker-arsidentityserver0421001] [Information] SkyApm.Transport.Grpc.ConnectionManager : Connected server[172.20.64.1:11800].
2025-10-28 16:39:46.671 +08:00 [docker-arsidentityserver0421001] [Error] SkyApm.Transport.Grpc.V8.ServiceRegister : Report service instance properties fail.
Grpc.Core.RpcException: Status(StatusCode="Unavailable", Detail="Error connecting to subchannel.", DebugException="System.Net.Sockets.SocketException (10061): 由于目标计算机积极拒绝，无法连接。
   at System.Net.Sockets.Socket.AwaitableSocketAsyncEventArgs.System.Threading.Tasks.Sources.IValueTaskSource.GetResult(Int16 token)
   at System.Net.Sockets.Socket.<ConnectAsync>g__WaitForConnectWithCancellation|285_0(AwaitableSocketAsyncEventArgs saea, ValueTask connectTask, CancellationToken cancellationToken)
   at Grpc.Net.Client.Balancer.Internal.SocketConnectivitySubchannelTransport.TryConnectAsync(CancellationToken cancellationToken)")
   at Grpc.Net.Client.Balancer.Internal.ConnectionManager.PickAsync(PickContext context, Boolean waitForReady, CancellationToken cancellationToken)
   at Grpc.Net.Client.Balancer.Internal.BalancerHttpHandler.SendAsync(HttpRequestMessage request, CancellationToken cancellationToken)
   at Grpc.Net.Client.Internal.GrpcCall`2.RunCall(HttpRequestMessage request, Nullable`1 timeout)
   at SkyApm.Transport.Grpc.V8.ServiceRegister.<>c__DisplayClass9_0.<<ReportInstancePropertiesAsync>b__0>d.MoveNext()
--- End of stack trace from previous location ---
   at SkyApm.Transport.Grpc.Common.Call.Execute[T](Func`1 task, Func`1 errCallback, Func`1 errMessage)
2025-10-28 16:39:46.671 +08:00 [docker-arsidentityserver0421001] [Warning] SkyApm.Transport.Grpc.ConnectionManager : Connection state changed. Status(StatusCode="Unavailable", Detail="Error connecting to subchannel.", DebugException="System.Net.Sockets.SocketException (10061): 由于目标计算机积极拒绝，无法连接。
   at System.Net.Sockets.Socket.AwaitableSocketAsyncEventArgs.System.Threading.Tasks.Sources.IValueTaskSource.GetResult(Int16 token)
   at System.Net.Sockets.Socket.<ConnectAsync>g__WaitForConnectWithCancellation|285_0(AwaitableSocketAsyncEventArgs saea, ValueTask connectTask, CancellationToken cancellationToken)
   at Grpc.Net.Client.Balancer.Internal.SocketConnectivitySubchannelTransport.TryConnectAsync(CancellationToken cancellationToken)")
2025-10-28 16:39:59.619 +08:00 [docker-arsidentityserver0421001] [Information] SkyApm.Transport.Grpc.ConnectionManager : Shutdown connection[172.20.64.1:11800].
2025-10-28 16:39:59.619 +08:00 [docker-arsidentityserver0421001] [Information] SkyApm.Transport.Grpc.ConnectionManager : Connected server[172.20.64.1:11800].
2025-10-28 16:40:16.681 +08:00 [docker-arsidentityserver0421001] [Error] SkyApm.Transport.Grpc.V8.ServiceRegister : Report service instance properties fail.
Grpc.Core.RpcException: Status(StatusCode="Unavailable", Detail="Error connecting to subchannel.", DebugException="System.Net.Sockets.SocketException (10061): 由于目标计算机积极拒绝，无法连接。
   at System.Net.Sockets.Socket.AwaitableSocketAsyncEventArgs.System.Threading.Tasks.Sources.IValueTaskSource.GetResult(Int16 token)
   at System.Net.Sockets.Socket.<ConnectAsync>g__WaitForConnectWithCancellation|285_0(AwaitableSocketAsyncEventArgs saea, ValueTask connectTask, CancellationToken cancellationToken)
   at Grpc.Net.Client.Balancer.Internal.SocketConnectivitySubchannelTransport.TryConnectAsync(CancellationToken cancellationToken)")
   at Grpc.Net.Client.Balancer.Internal.ConnectionManager.PickAsync(PickContext context, Boolean waitForReady, CancellationToken cancellationToken)
   at Grpc.Net.Client.Balancer.Internal.BalancerHttpHandler.SendAsync(HttpRequestMessage request, CancellationToken cancellationToken)
   at Grpc.Net.Client.Internal.GrpcCall`2.RunCall(HttpRequestMessage request, Nullable`1 timeout)
   at SkyApm.Transport.Grpc.V8.ServiceRegister.<>c__DisplayClass9_0.<<ReportInstancePropertiesAsync>b__0>d.MoveNext()
--- End of stack trace from previous location ---
   at SkyApm.Transport.Grpc.Common.Call.Execute[T](Func`1 task, Func`1 errCallback, Func`1 errMessage)
2025-10-28 16:40:16.681 +08:00 [docker-arsidentityserver0421001] [Warning] SkyApm.Transport.Grpc.ConnectionManager : Connection state changed. Status(StatusCode="Unavailable", Detail="Error connecting to subchannel.", DebugException="System.Net.Sockets.SocketException (10061): 由于目标计算机积极拒绝，无法连接。
   at System.Net.Sockets.Socket.AwaitableSocketAsyncEventArgs.System.Threading.Tasks.Sources.IValueTaskSource.GetResult(Int16 token)
   at System.Net.Sockets.Socket.<ConnectAsync>g__WaitForConnectWithCancellation|285_0(AwaitableSocketAsyncEventArgs saea, ValueTask connectTask, CancellationToken cancellationToken)
   at Grpc.Net.Client.Balancer.Internal.SocketConnectivitySubchannelTransport.TryConnectAsync(CancellationToken cancellationToken)")
2025-10-28 16:40:29.619 +08:00 [docker-arsidentityserver0421001] [Information] SkyApm.Transport.Grpc.ConnectionManager : Shutdown connection[172.20.64.1:11800].
2025-10-28 16:40:29.619 +08:00 [docker-arsidentityserver0421001] [Information] SkyApm.Transport.Grpc.ConnectionManager : Connected server[172.20.64.1:11800].
2025-10-28 16:40:46.984 +08:00 [docker-arsidentityserver0421001] [Error] SkyApm.Transport.Grpc.V8.ServiceRegister : Report service instance properties fail.
Grpc.Core.RpcException: Status(StatusCode="Unavailable", Detail="Error connecting to subchannel.", DebugException="System.Net.Sockets.SocketException (10061): 由于目标计算机积极拒绝，无法连接。
   at System.Net.Sockets.Socket.AwaitableSocketAsyncEventArgs.System.Threading.Tasks.Sources.IValueTaskSource.GetResult(Int16 token)
   at System.Net.Sockets.Socket.<ConnectAsync>g__WaitForConnectWithCancellation|285_0(AwaitableSocketAsyncEventArgs saea, ValueTask connectTask, CancellationToken cancellationToken)
   at Grpc.Net.Client.Balancer.Internal.SocketConnectivitySubchannelTransport.TryConnectAsync(CancellationToken cancellationToken)")
   at Grpc.Net.Client.Balancer.Internal.ConnectionManager.PickAsync(PickContext context, Boolean waitForReady, CancellationToken cancellationToken)
   at Grpc.Net.Client.Balancer.Internal.BalancerHttpHandler.SendAsync(HttpRequestMessage request, CancellationToken cancellationToken)
   at Grpc.Net.Client.Internal.GrpcCall`2.RunCall(HttpRequestMessage request, Nullable`1 timeout)
   at SkyApm.Transport.Grpc.V8.ServiceRegister.<>c__DisplayClass9_0.<<ReportInstancePropertiesAsync>b__0>d.MoveNext()
--- End of stack trace from previous location ---
   at SkyApm.Transport.Grpc.Common.Call.Execute[T](Func`1 task, Func`1 errCallback, Func`1 errMessage)
2025-10-28 16:40:46.985 +08:00 [docker-arsidentityserver0421001] [Warning] SkyApm.Transport.Grpc.ConnectionManager : Connection state changed. Status(StatusCode="Unavailable", Detail="Error connecting to subchannel.", DebugException="System.Net.Sockets.SocketException (10061): 由于目标计算机积极拒绝，无法连接。
   at System.Net.Sockets.Socket.AwaitableSocketAsyncEventArgs.System.Threading.Tasks.Sources.IValueTaskSource.GetResult(Int16 token)
   at System.Net.Sockets.Socket.<ConnectAsync>g__WaitForConnectWithCancellation|285_0(AwaitableSocketAsyncEventArgs saea, ValueTask connectTask, CancellationToken cancellationToken)
   at Grpc.Net.Client.Balancer.Internal.SocketConnectivitySubchannelTransport.TryConnectAsync(CancellationToken cancellationToken)")
2025-10-28 16:40:59.615 +08:00 [docker-arsidentityserver0421001] [Information] SkyApm.Transport.Grpc.ConnectionManager : Shutdown connection[172.20.64.1:11800].
2025-10-28 16:40:59.615 +08:00 [docker-arsidentityserver0421001] [Information] SkyApm.Transport.Grpc.ConnectionManager : Connected server[172.20.64.1:11800].
2025-10-28 16:41:16.656 +08:00 [docker-arsidentityserver0421001] [Error] SkyApm.Transport.Grpc.V8.ServiceRegister : Report service instance properties fail.
Grpc.Core.RpcException: Status(StatusCode="Unavailable", Detail="Error connecting to subchannel.", DebugException="System.Net.Sockets.SocketException (10061): 由于目标计算机积极拒绝，无法连接。
   at System.Net.Sockets.Socket.AwaitableSocketAsyncEventArgs.System.Threading.Tasks.Sources.IValueTaskSource.GetResult(Int16 token)
   at System.Net.Sockets.Socket.<ConnectAsync>g__WaitForConnectWithCancellation|285_0(AwaitableSocketAsyncEventArgs saea, ValueTask connectTask, CancellationToken cancellationToken)
   at Grpc.Net.Client.Balancer.Internal.SocketConnectivitySubchannelTransport.TryConnectAsync(CancellationToken cancellationToken)")
   at Grpc.Net.Client.Balancer.Internal.ConnectionManager.PickAsync(PickContext context, Boolean waitForReady, CancellationToken cancellationToken)
   at Grpc.Net.Client.Balancer.Internal.BalancerHttpHandler.SendAsync(HttpRequestMessage request, CancellationToken cancellationToken)
   at Grpc.Net.Client.Internal.GrpcCall`2.RunCall(HttpRequestMessage request, Nullable`1 timeout)
   at SkyApm.Transport.Grpc.V8.ServiceRegister.<>c__DisplayClass9_0.<<ReportInstancePropertiesAsync>b__0>d.MoveNext()
--- End of stack trace from previous location ---
   at SkyApm.Transport.Grpc.Common.Call.Execute[T](Func`1 task, Func`1 errCallback, Func`1 errMessage)
2025-10-28 16:41:16.656 +08:00 [docker-arsidentityserver0421001] [Warning] SkyApm.Transport.Grpc.ConnectionManager : Connection state changed. Status(StatusCode="Unavailable", Detail="Error connecting to subchannel.", DebugException="System.Net.Sockets.SocketException (10061): 由于目标计算机积极拒绝，无法连接。
   at System.Net.Sockets.Socket.AwaitableSocketAsyncEventArgs.System.Threading.Tasks.Sources.IValueTaskSource.GetResult(Int16 token)
   at System.Net.Sockets.Socket.<ConnectAsync>g__WaitForConnectWithCancellation|285_0(AwaitableSocketAsyncEventArgs saea, ValueTask connectTask, CancellationToken cancellationToken)
   at Grpc.Net.Client.Balancer.Internal.SocketConnectivitySubchannelTransport.TryConnectAsync(CancellationToken cancellationToken)")
2025-10-28 16:41:29.614 +08:00 [docker-arsidentityserver0421001] [Information] SkyApm.Transport.Grpc.ConnectionManager : Shutdown connection[172.20.64.1:11800].
2025-10-28 16:41:29.615 +08:00 [docker-arsidentityserver0421001] [Information] SkyApm.Transport.Grpc.ConnectionManager : Connected server[172.20.64.1:11800].
2025-10-28 16:41:46.672 +08:00 [docker-arsidentityserver0421001] [Error] SkyApm.Transport.Grpc.V8.ServiceRegister : Report service instance properties fail.
Grpc.Core.RpcException: Status(StatusCode="Unavailable", Detail="Error connecting to subchannel.", DebugException="System.Net.Sockets.SocketException (10061): 由于目标计算机积极拒绝，无法连接。
   at System.Net.Sockets.Socket.AwaitableSocketAsyncEventArgs.System.Threading.Tasks.Sources.IValueTaskSource.GetResult(Int16 token)
   at System.Net.Sockets.Socket.<ConnectAsync>g__WaitForConnectWithCancellation|285_0(AwaitableSocketAsyncEventArgs saea, ValueTask connectTask, CancellationToken cancellationToken)
   at Grpc.Net.Client.Balancer.Internal.SocketConnectivitySubchannelTransport.TryConnectAsync(CancellationToken cancellationToken)")
   at Grpc.Net.Client.Balancer.Internal.ConnectionManager.PickAsync(PickContext context, Boolean waitForReady, CancellationToken cancellationToken)
   at Grpc.Net.Client.Balancer.Internal.BalancerHttpHandler.SendAsync(HttpRequestMessage request, CancellationToken cancellationToken)
   at Grpc.Net.Client.Internal.GrpcCall`2.RunCall(HttpRequestMessage request, Nullable`1 timeout)
   at SkyApm.Transport.Grpc.V8.ServiceRegister.<>c__DisplayClass9_0.<<ReportInstancePropertiesAsync>b__0>d.MoveNext()
--- End of stack trace from previous location ---
   at SkyApm.Transport.Grpc.Common.Call.Execute[T](Func`1 task, Func`1 errCallback, Func`1 errMessage)
2025-10-28 16:41:46.672 +08:00 [docker-arsidentityserver0421001] [Warning] SkyApm.Transport.Grpc.ConnectionManager : Connection state changed. Status(StatusCode="Unavailable", Detail="Error connecting to subchannel.", DebugException="System.Net.Sockets.SocketException (10061): 由于目标计算机积极拒绝，无法连接。
   at System.Net.Sockets.Socket.AwaitableSocketAsyncEventArgs.System.Threading.Tasks.Sources.IValueTaskSource.GetResult(Int16 token)
   at System.Net.Sockets.Socket.<ConnectAsync>g__WaitForConnectWithCancellation|285_0(AwaitableSocketAsyncEventArgs saea, ValueTask connectTask, CancellationToken cancellationToken)
   at Grpc.Net.Client.Balancer.Internal.SocketConnectivitySubchannelTransport.TryConnectAsync(CancellationToken cancellationToken)")
2025-10-28 16:41:59.624 +08:00 [docker-arsidentityserver0421001] [Information] SkyApm.Transport.Grpc.ConnectionManager : Shutdown connection[172.20.64.1:11800].
2025-10-28 16:41:59.624 +08:00 [docker-arsidentityserver0421001] [Information] SkyApm.Transport.Grpc.ConnectionManager : Connected server[172.20.64.1:11800].
2025-10-28 16:42:16.678 +08:00 [docker-arsidentityserver0421001] [Error] SkyApm.Transport.Grpc.V8.ServiceRegister : Report service instance properties fail.
Grpc.Core.RpcException: Status(StatusCode="Unavailable", Detail="Error connecting to subchannel.", DebugException="System.Net.Sockets.SocketException (10061): 由于目标计算机积极拒绝，无法连接。
   at System.Net.Sockets.Socket.AwaitableSocketAsyncEventArgs.System.Threading.Tasks.Sources.IValueTaskSource.GetResult(Int16 token)
   at System.Net.Sockets.Socket.<ConnectAsync>g__WaitForConnectWithCancellation|285_0(AwaitableSocketAsyncEventArgs saea, ValueTask connectTask, CancellationToken cancellationToken)
   at Grpc.Net.Client.Balancer.Internal.SocketConnectivitySubchannelTransport.TryConnectAsync(CancellationToken cancellationToken)")
   at Grpc.Net.Client.Balancer.Internal.ConnectionManager.PickAsync(PickContext context, Boolean waitForReady, CancellationToken cancellationToken)
   at Grpc.Net.Client.Balancer.Internal.BalancerHttpHandler.SendAsync(HttpRequestMessage request, CancellationToken cancellationToken)
   at Grpc.Net.Client.Internal.GrpcCall`2.RunCall(HttpRequestMessage request, Nullable`1 timeout)
   at SkyApm.Transport.Grpc.V8.ServiceRegister.<>c__DisplayClass9_0.<<ReportInstancePropertiesAsync>b__0>d.MoveNext()
--- End of stack trace from previous location ---
   at SkyApm.Transport.Grpc.Common.Call.Execute[T](Func`1 task, Func`1 errCallback, Func`1 errMessage)
2025-10-28 16:42:16.678 +08:00 [docker-arsidentityserver0421001] [Warning] SkyApm.Transport.Grpc.ConnectionManager : Connection state changed. Status(StatusCode="Unavailable", Detail="Error connecting to subchannel.", DebugException="System.Net.Sockets.SocketException (10061): 由于目标计算机积极拒绝，无法连接。
   at System.Net.Sockets.Socket.AwaitableSocketAsyncEventArgs.System.Threading.Tasks.Sources.IValueTaskSource.GetResult(Int16 token)
   at System.Net.Sockets.Socket.<ConnectAsync>g__WaitForConnectWithCancellation|285_0(AwaitableSocketAsyncEventArgs saea, ValueTask connectTask, CancellationToken cancellationToken)
   at Grpc.Net.Client.Balancer.Internal.SocketConnectivitySubchannelTransport.TryConnectAsync(CancellationToken cancellationToken)")
2025-10-28 16:42:29.618 +08:00 [docker-arsidentityserver0421001] [Information] SkyApm.Transport.Grpc.ConnectionManager : Shutdown connection[172.20.64.1:11800].
2025-10-28 16:42:29.618 +08:00 [docker-arsidentityserver0421001] [Information] SkyApm.Transport.Grpc.ConnectionManager : Connected server[172.20.64.1:11800].
2025-10-28 16:42:46.674 +08:00 [docker-arsidentityserver0421001] [Error] SkyApm.Transport.Grpc.V8.ServiceRegister : Report service instance properties fail.
Grpc.Core.RpcException: Status(StatusCode="Unavailable", Detail="Error connecting to subchannel.", DebugException="System.Net.Sockets.SocketException (10061): 由于目标计算机积极拒绝，无法连接。
   at System.Net.Sockets.Socket.AwaitableSocketAsyncEventArgs.System.Threading.Tasks.Sources.IValueTaskSource.GetResult(Int16 token)
   at System.Net.Sockets.Socket.<ConnectAsync>g__WaitForConnectWithCancellation|285_0(AwaitableSocketAsyncEventArgs saea, ValueTask connectTask, CancellationToken cancellationToken)
   at Grpc.Net.Client.Balancer.Internal.SocketConnectivitySubchannelTransport.TryConnectAsync(CancellationToken cancellationToken)")
   at Grpc.Net.Client.Balancer.Internal.ConnectionManager.PickAsync(PickContext context, Boolean waitForReady, CancellationToken cancellationToken)
   at Grpc.Net.Client.Balancer.Internal.BalancerHttpHandler.SendAsync(HttpRequestMessage request, CancellationToken cancellationToken)
   at Grpc.Net.Client.Internal.GrpcCall`2.RunCall(HttpRequestMessage request, Nullable`1 timeout)
   at SkyApm.Transport.Grpc.V8.ServiceRegister.<>c__DisplayClass9_0.<<ReportInstancePropertiesAsync>b__0>d.MoveNext()
--- End of stack trace from previous location ---
   at SkyApm.Transport.Grpc.Common.Call.Execute[T](Func`1 task, Func`1 errCallback, Func`1 errMessage)
2025-10-28 16:42:46.674 +08:00 [docker-arsidentityserver0421001] [Warning] SkyApm.Transport.Grpc.ConnectionManager : Connection state changed. Status(StatusCode="Unavailable", Detail="Error connecting to subchannel.", DebugException="System.Net.Sockets.SocketException (10061): 由于目标计算机积极拒绝，无法连接。
   at System.Net.Sockets.Socket.AwaitableSocketAsyncEventArgs.System.Threading.Tasks.Sources.IValueTaskSource.GetResult(Int16 token)
   at System.Net.Sockets.Socket.<ConnectAsync>g__WaitForConnectWithCancellation|285_0(AwaitableSocketAsyncEventArgs saea, ValueTask connectTask, CancellationToken cancellationToken)
   at Grpc.Net.Client.Balancer.Internal.SocketConnectivitySubchannelTransport.TryConnectAsync(CancellationToken cancellationToken)")
2025-10-28 16:42:59.622 +08:00 [docker-arsidentityserver0421001] [Information] SkyApm.Transport.Grpc.ConnectionManager : Shutdown connection[172.20.64.1:11800].
2025-10-28 16:42:59.622 +08:00 [docker-arsidentityserver0421001] [Information] SkyApm.Transport.Grpc.ConnectionManager : Connected server[172.20.64.1:11800].
2025-10-28 16:43:16.666 +08:00 [docker-arsidentityserver0421001] [Error] SkyApm.Transport.Grpc.V8.ServiceRegister : Report service instance properties fail.
Grpc.Core.RpcException: Status(StatusCode="Unavailable", Detail="Error connecting to subchannel.", DebugException="System.Net.Sockets.SocketException (10061): 由于目标计算机积极拒绝，无法连接。
   at System.Net.Sockets.Socket.AwaitableSocketAsyncEventArgs.System.Threading.Tasks.Sources.IValueTaskSource.GetResult(Int16 token)
   at System.Net.Sockets.Socket.<ConnectAsync>g__WaitForConnectWithCancellation|285_0(AwaitableSocketAsyncEventArgs saea, ValueTask connectTask, CancellationToken cancellationToken)
   at Grpc.Net.Client.Balancer.Internal.SocketConnectivitySubchannelTransport.TryConnectAsync(CancellationToken cancellationToken)")
   at Grpc.Net.Client.Balancer.Internal.ConnectionManager.PickAsync(PickContext context, Boolean waitForReady, CancellationToken cancellationToken)
   at Grpc.Net.Client.Balancer.Internal.BalancerHttpHandler.SendAsync(HttpRequestMessage request, CancellationToken cancellationToken)
   at Grpc.Net.Client.Internal.GrpcCall`2.RunCall(HttpRequestMessage request, Nullable`1 timeout)
   at SkyApm.Transport.Grpc.V8.ServiceRegister.<>c__DisplayClass9_0.<<ReportInstancePropertiesAsync>b__0>d.MoveNext()
--- End of stack trace from previous location ---
   at SkyApm.Transport.Grpc.Common.Call.Execute[T](Func`1 task, Func`1 errCallback, Func`1 errMessage)
2025-10-28 16:43:16.666 +08:00 [docker-arsidentityserver0421001] [Warning] SkyApm.Transport.Grpc.ConnectionManager : Connection state changed. Status(StatusCode="Unavailable", Detail="Error connecting to subchannel.", DebugException="System.Net.Sockets.SocketException (10061): 由于目标计算机积极拒绝，无法连接。
   at System.Net.Sockets.Socket.AwaitableSocketAsyncEventArgs.System.Threading.Tasks.Sources.IValueTaskSource.GetResult(Int16 token)
   at System.Net.Sockets.Socket.<ConnectAsync>g__WaitForConnectWithCancellation|285_0(AwaitableSocketAsyncEventArgs saea, ValueTask connectTask, CancellationToken cancellationToken)
   at Grpc.Net.Client.Balancer.Internal.SocketConnectivitySubchannelTransport.TryConnectAsync(CancellationToken cancellationToken)")
2025-10-28 16:43:29.613 +08:00 [docker-arsidentityserver0421001] [Information] SkyApm.Transport.Grpc.ConnectionManager : Shutdown connection[172.20.64.1:11800].
2025-10-28 16:43:29.614 +08:00 [docker-arsidentityserver0421001] [Information] SkyApm.Transport.Grpc.ConnectionManager : Connected server[172.20.64.1:11800].
2025-10-28 16:43:46.663 +08:00 [docker-arsidentityserver0421001] [Error] SkyApm.Transport.Grpc.V8.ServiceRegister : Report service instance properties fail.
Grpc.Core.RpcException: Status(StatusCode="Unavailable", Detail="Error connecting to subchannel.", DebugException="System.Net.Sockets.SocketException (10061): 由于目标计算机积极拒绝，无法连接。
   at System.Net.Sockets.Socket.AwaitableSocketAsyncEventArgs.System.Threading.Tasks.Sources.IValueTaskSource.GetResult(Int16 token)
   at System.Net.Sockets.Socket.<ConnectAsync>g__WaitForConnectWithCancellation|285_0(AwaitableSocketAsyncEventArgs saea, ValueTask connectTask, CancellationToken cancellationToken)
   at Grpc.Net.Client.Balancer.Internal.SocketConnectivitySubchannelTransport.TryConnectAsync(CancellationToken cancellationToken)")
   at Grpc.Net.Client.Balancer.Internal.ConnectionManager.PickAsync(PickContext context, Boolean waitForReady, CancellationToken cancellationToken)
   at Grpc.Net.Client.Balancer.Internal.BalancerHttpHandler.SendAsync(HttpRequestMessage request, CancellationToken cancellationToken)
   at Grpc.Net.Client.Internal.GrpcCall`2.RunCall(HttpRequestMessage request, Nullable`1 timeout)
   at SkyApm.Transport.Grpc.V8.ServiceRegister.<>c__DisplayClass9_0.<<ReportInstancePropertiesAsync>b__0>d.MoveNext()
--- End of stack trace from previous location ---
   at SkyApm.Transport.Grpc.Common.Call.Execute[T](Func`1 task, Func`1 errCallback, Func`1 errMessage)
2025-10-28 16:43:46.663 +08:00 [docker-arsidentityserver0421001] [Warning] SkyApm.Transport.Grpc.ConnectionManager : Connection state changed. Status(StatusCode="Unavailable", Detail="Error connecting to subchannel.", DebugException="System.Net.Sockets.SocketException (10061): 由于目标计算机积极拒绝，无法连接。
   at System.Net.Sockets.Socket.AwaitableSocketAsyncEventArgs.System.Threading.Tasks.Sources.IValueTaskSource.GetResult(Int16 token)
   at System.Net.Sockets.Socket.<ConnectAsync>g__WaitForConnectWithCancellation|285_0(AwaitableSocketAsyncEventArgs saea, ValueTask connectTask, CancellationToken cancellationToken)
   at Grpc.Net.Client.Balancer.Internal.SocketConnectivitySubchannelTransport.TryConnectAsync(CancellationToken cancellationToken)")
2025-10-28 16:43:59.624 +08:00 [docker-arsidentityserver0421001] [Information] SkyApm.Transport.Grpc.ConnectionManager : Shutdown connection[172.20.64.1:11800].
2025-10-28 16:43:59.625 +08:00 [docker-arsidentityserver0421001] [Information] SkyApm.Transport.Grpc.ConnectionManager : Connected server[172.20.64.1:11800].
2025-10-28 16:44:16.657 +08:00 [docker-arsidentityserver0421001] [Error] SkyApm.Transport.Grpc.V8.ServiceRegister : Report service instance properties fail.
Grpc.Core.RpcException: Status(StatusCode="Unavailable", Detail="Error connecting to subchannel.", DebugException="System.Net.Sockets.SocketException (10061): 由于目标计算机积极拒绝，无法连接。
   at System.Net.Sockets.Socket.AwaitableSocketAsyncEventArgs.System.Threading.Tasks.Sources.IValueTaskSource.GetResult(Int16 token)
   at System.Net.Sockets.Socket.<ConnectAsync>g__WaitForConnectWithCancellation|285_0(AwaitableSocketAsyncEventArgs saea, ValueTask connectTask, CancellationToken cancellationToken)
   at Grpc.Net.Client.Balancer.Internal.SocketConnectivitySubchannelTransport.TryConnectAsync(CancellationToken cancellationToken)")
   at Grpc.Net.Client.Balancer.Internal.ConnectionManager.PickAsync(PickContext context, Boolean waitForReady, CancellationToken cancellationToken)
   at Grpc.Net.Client.Balancer.Internal.BalancerHttpHandler.SendAsync(HttpRequestMessage request, CancellationToken cancellationToken)
   at Grpc.Net.Client.Internal.GrpcCall`2.RunCall(HttpRequestMessage request, Nullable`1 timeout)
   at SkyApm.Transport.Grpc.V8.ServiceRegister.<>c__DisplayClass9_0.<<ReportInstancePropertiesAsync>b__0>d.MoveNext()
--- End of stack trace from previous location ---
   at SkyApm.Transport.Grpc.Common.Call.Execute[T](Func`1 task, Func`1 errCallback, Func`1 errMessage)
2025-10-28 16:44:16.657 +08:00 [docker-arsidentityserver0421001] [Warning] SkyApm.Transport.Grpc.ConnectionManager : Connection state changed. Status(StatusCode="Unavailable", Detail="Error connecting to subchannel.", DebugException="System.Net.Sockets.SocketException (10061): 由于目标计算机积极拒绝，无法连接。
   at System.Net.Sockets.Socket.AwaitableSocketAsyncEventArgs.System.Threading.Tasks.Sources.IValueTaskSource.GetResult(Int16 token)
   at System.Net.Sockets.Socket.<ConnectAsync>g__WaitForConnectWithCancellation|285_0(AwaitableSocketAsyncEventArgs saea, ValueTask connectTask, CancellationToken cancellationToken)
   at Grpc.Net.Client.Balancer.Internal.SocketConnectivitySubchannelTransport.TryConnectAsync(CancellationToken cancellationToken)")
2025-10-28 16:45:16.076 +08:00 [docker-arsidentityserver0421001] [Information] SkyApm.InstrumentStartup : Initializing ...
2025-10-28 16:45:16.151 +08:00 [docker-arsidentityserver0421001] [Information] SkyApm.Service.RegisterService : Loaded instrument service [SkyApm.Service.RegisterService].
2025-10-28 16:45:16.152 +08:00 [docker-arsidentityserver0421001] [Information] SkyApm.Service.LogReportService : Loaded instrument service [SkyApm.Service.LogReportService].
2025-10-28 16:45:16.153 +08:00 [docker-arsidentityserver0421001] [Information] SkyApm.Service.PingService : Loaded instrument service [SkyApm.Service.PingService].
2025-10-28 16:45:16.153 +08:00 [docker-arsidentityserver0421001] [Information] SkyApm.Service.SegmentReportService : Loaded instrument service [SkyApm.Service.SegmentReportService].
2025-10-28 16:45:16.153 +08:00 [docker-arsidentityserver0421001] [Information] SkyApm.Service.CLRStatsService : Loaded instrument service [SkyApm.Service.CLRStatsService].
2025-10-28 16:45:16.154 +08:00 [docker-arsidentityserver0421001] [Information] SkyApm.Sampling.SimpleCountSamplingInterceptor : Loaded instrument service [SkyApm.Sampling.SimpleCountSamplingInterceptor].
2025-10-28 16:45:16.154 +08:00 [docker-arsidentityserver0421001] [Information] SkyApm.Transport.Grpc.ConnectService : Loaded instrument service [SkyApm.Transport.Grpc.ConnectService].
2025-10-28 16:45:16.180 +08:00 [docker-arsidentityserver0421001] [Information] SkyApm.InstrumentStartup : Started SkyAPM .NET Core Agent.
2025-10-28 16:45:16.256 +08:00 [docker-arsidentityserver0421001] [Information] SkyApm.Transport.Grpc.ConnectionManager : Connected server[172.20.64.1:11800].
2025-10-28 16:45:16.807 +08:00 [docker-arsidentityserver0421001] [Information] SkyApm.Diagnostics.TracingDiagnosticProcessorObserver : Loaded diagnostic listener [Grpc.Net.Client].
2025-10-28 16:45:18.987 +08:00 [docker-arsidentityserver0421001] [Error] SkyApm.Transport.Grpc.V8.ServiceRegister : Report service instance properties fail.
Grpc.Core.RpcException: Status(StatusCode="Unavailable", Detail="Error connecting to subchannel.", DebugException="System.Net.Sockets.SocketException (10061): 由于目标计算机积极拒绝，无法连接。
   at System.Net.Sockets.Socket.AwaitableSocketAsyncEventArgs.ThrowException(SocketError error, CancellationToken cancellationToken)
   at System.Net.Sockets.Socket.AwaitableSocketAsyncEventArgs.System.Threading.Tasks.Sources.IValueTaskSource.GetResult(Int16 token)
   at System.Net.Sockets.Socket.<ConnectAsync>g__WaitForConnectWithCancellation|285_0(AwaitableSocketAsyncEventArgs saea, ValueTask connectTask, CancellationToken cancellationToken)
   at Grpc.Net.Client.Balancer.Internal.SocketConnectivitySubchannelTransport.TryConnectAsync(CancellationToken cancellationToken)")
   at Grpc.Net.Client.Balancer.Internal.ConnectionManager.PickAsync(PickContext context, Boolean waitForReady, CancellationToken cancellationToken)
   at Grpc.Net.Client.Balancer.Internal.BalancerHttpHandler.SendAsync(HttpRequestMessage request, CancellationToken cancellationToken)
   at Grpc.Net.Client.Internal.GrpcCall`2.RunCall(HttpRequestMessage request, Nullable`1 timeout)
   at SkyApm.Transport.Grpc.V8.ServiceRegister.<>c__DisplayClass9_0.<<ReportInstancePropertiesAsync>b__0>d.MoveNext()
--- End of stack trace from previous location ---
   at SkyApm.Transport.Grpc.Common.Call.Execute[T](Func`1 task, Func`1 errCallback, Func`1 errMessage)
2025-10-28 16:45:18.988 +08:00 [docker-arsidentityserver0421001] [Warning] SkyApm.Transport.Grpc.ConnectionManager : Connection state changed. Status(StatusCode="Unavailable", Detail="Error connecting to subchannel.", DebugException="System.Net.Sockets.SocketException (10061): 由于目标计算机积极拒绝，无法连接。
   at System.Net.Sockets.Socket.AwaitableSocketAsyncEventArgs.ThrowException(SocketError error, CancellationToken cancellationToken)
   at System.Net.Sockets.Socket.AwaitableSocketAsyncEventArgs.System.Threading.Tasks.Sources.IValueTaskSource.GetResult(Int16 token)
   at System.Net.Sockets.Socket.<ConnectAsync>g__WaitForConnectWithCancellation|285_0(AwaitableSocketAsyncEventArgs saea, ValueTask connectTask, CancellationToken cancellationToken)
   at Grpc.Net.Client.Balancer.Internal.SocketConnectivitySubchannelTransport.TryConnectAsync(CancellationToken cancellationToken)")
2025-10-28 16:45:21.429 +08:00 [docker-arsidentityserver0421001] [Information] SkyApm.Diagnostics.TracingDiagnosticProcessorObserver : Loaded diagnostic listener [HttpHandlerDiagnosticListener].
2025-10-28 16:45:31.165 +08:00 [docker-arsidentityserver0421001] [Information] SkyApm.Transport.Grpc.ConnectionManager : Shutdown connection[172.20.64.1:11800].
2025-10-28 16:45:31.166 +08:00 [docker-arsidentityserver0421001] [Information] SkyApm.Transport.Grpc.ConnectionManager : Connected server[172.20.64.1:11800].
2025-10-28 16:46:06.021 +08:00 [docker-arsidentityserver0421001] [Error] SkyApm.Transport.Grpc.V8.ServiceRegister : Report service instance properties fail.
Grpc.Core.RpcException: Status(StatusCode="Unavailable", Detail="Error connecting to subchannel.", DebugException="System.Net.Sockets.SocketException (10061): 由于目标计算机积极拒绝，无法连接。
   at System.Net.Sockets.Socket.AwaitableSocketAsyncEventArgs.ThrowException(SocketError error, CancellationToken cancellationToken)
   at System.Net.Sockets.Socket.AwaitableSocketAsyncEventArgs.System.Threading.Tasks.Sources.IValueTaskSource.GetResult(Int16 token)
   at System.Net.Sockets.Socket.<ConnectAsync>g__WaitForConnectWithCancellation|285_0(AwaitableSocketAsyncEventArgs saea, ValueTask connectTask, CancellationToken cancellationToken)
   at Grpc.Net.Client.Balancer.Internal.SocketConnectivitySubchannelTransport.TryConnectAsync(CancellationToken cancellationToken)")
   at Grpc.Net.Client.Balancer.Internal.ConnectionManager.PickAsync(PickContext context, Boolean waitForReady, CancellationToken cancellationToken)
   at Grpc.Net.Client.Balancer.Internal.BalancerHttpHandler.SendAsync(HttpRequestMessage request, CancellationToken cancellationToken)
   at Grpc.Net.Client.Internal.GrpcCall`2.RunCall(HttpRequestMessage request, Nullable`1 timeout)
   at SkyApm.Transport.Grpc.V8.ServiceRegister.<>c__DisplayClass9_0.<<ReportInstancePropertiesAsync>b__0>d.MoveNext()
--- End of stack trace from previous location ---
   at SkyApm.Transport.Grpc.Common.Call.Execute[T](Func`1 task, Func`1 errCallback, Func`1 errMessage)
2025-10-28 16:46:06.021 +08:00 [docker-arsidentityserver0421001] [Warning] SkyApm.Transport.Grpc.ConnectionManager : Connection state changed. Status(StatusCode="Unavailable", Detail="Error connecting to subchannel.", DebugException="System.Net.Sockets.SocketException (10061): 由于目标计算机积极拒绝，无法连接。
   at System.Net.Sockets.Socket.AwaitableSocketAsyncEventArgs.ThrowException(SocketError error, CancellationToken cancellationToken)
   at System.Net.Sockets.Socket.AwaitableSocketAsyncEventArgs.System.Threading.Tasks.Sources.IValueTaskSource.GetResult(Int16 token)
   at System.Net.Sockets.Socket.<ConnectAsync>g__WaitForConnectWithCancellation|285_0(AwaitableSocketAsyncEventArgs saea, ValueTask connectTask, CancellationToken cancellationToken)
   at Grpc.Net.Client.Balancer.Internal.SocketConnectivitySubchannelTransport.TryConnectAsync(CancellationToken cancellationToken)")
2025-10-28 16:46:18.980 +08:00 [docker-arsidentityserver0421001] [Information] SkyApm.Transport.Grpc.ConnectionManager : Shutdown connection[172.20.64.1:11800].
2025-10-28 16:46:18.980 +08:00 [docker-arsidentityserver0421001] [Information] SkyApm.Transport.Grpc.ConnectionManager : Connected server[172.20.64.1:11800].
2025-10-28 16:46:48.211 +08:00 [docker-arsidentityserver0421001] [Error] SkyApm.Transport.Grpc.V8.ServiceRegister : Report service instance properties fail.
Grpc.Core.RpcException: Status(StatusCode="Unavailable", Detail="Error connecting to subchannel.", DebugException="System.Net.Sockets.SocketException (10061): 由于目标计算机积极拒绝，无法连接。
   at System.Net.Sockets.Socket.AwaitableSocketAsyncEventArgs.ThrowException(SocketError error, CancellationToken cancellationToken)
   at System.Net.Sockets.Socket.AwaitableSocketAsyncEventArgs.System.Threading.Tasks.Sources.IValueTaskSource.GetResult(Int16 token)
   at System.Net.Sockets.Socket.<ConnectAsync>g__WaitForConnectWithCancellation|285_0(AwaitableSocketAsyncEventArgs saea, ValueTask connectTask, CancellationToken cancellationToken)
   at Grpc.Net.Client.Balancer.Internal.SocketConnectivitySubchannelTransport.TryConnectAsync(CancellationToken cancellationToken)")
   at Grpc.Net.Client.Balancer.Internal.ConnectionManager.PickAsync(PickContext context, Boolean waitForReady, CancellationToken cancellationToken)
   at Grpc.Net.Client.Balancer.Internal.BalancerHttpHandler.SendAsync(HttpRequestMessage request, CancellationToken cancellationToken)
   at Grpc.Net.Client.Internal.GrpcCall`2.RunCall(HttpRequestMessage request, Nullable`1 timeout)
   at SkyApm.Transport.Grpc.V8.ServiceRegister.<>c__DisplayClass9_0.<<ReportInstancePropertiesAsync>b__0>d.MoveNext()
--- End of stack trace from previous location ---
   at SkyApm.Transport.Grpc.Common.Call.Execute[T](Func`1 task, Func`1 errCallback, Func`1 errMessage)
2025-10-28 16:46:48.211 +08:00 [docker-arsidentityserver0421001] [Warning] SkyApm.Transport.Grpc.ConnectionManager : Connection state changed. Status(StatusCode="Unavailable", Detail="Error connecting to subchannel.", DebugException="System.Net.Sockets.SocketException (10061): 由于目标计算机积极拒绝，无法连接。
   at System.Net.Sockets.Socket.AwaitableSocketAsyncEventArgs.ThrowException(SocketError error, CancellationToken cancellationToken)
   at System.Net.Sockets.Socket.AwaitableSocketAsyncEventArgs.System.Threading.Tasks.Sources.IValueTaskSource.GetResult(Int16 token)
   at System.Net.Sockets.Socket.<ConnectAsync>g__WaitForConnectWithCancellation|285_0(AwaitableSocketAsyncEventArgs saea, ValueTask connectTask, CancellationToken cancellationToken)
   at Grpc.Net.Client.Balancer.Internal.SocketConnectivitySubchannelTransport.TryConnectAsync(CancellationToken cancellationToken)")
2025-10-28 16:46:48.975 +08:00 [docker-arsidentityserver0421001] [Information] SkyApm.Transport.Grpc.ConnectionManager : Shutdown connection[172.20.64.1:11800].
2025-10-28 16:46:48.975 +08:00 [docker-arsidentityserver0421001] [Information] SkyApm.Transport.Grpc.ConnectionManager : Connected server[172.20.64.1:11800].
2025-10-28 16:46:51.281 +08:00 [docker-arsidentityserver0421001] [Error] SkyApm.Transport.Grpc.V8.ServiceRegister : Report service instance properties fail.
Grpc.Core.RpcException: Status(StatusCode="Unavailable", Detail="Error connecting to subchannel.", DebugException="System.Net.Sockets.SocketException (10061): 由于目标计算机积极拒绝，无法连接。
   at System.Net.Sockets.Socket.AwaitableSocketAsyncEventArgs.ThrowException(SocketError error, CancellationToken cancellationToken)
   at System.Net.Sockets.Socket.AwaitableSocketAsyncEventArgs.System.Threading.Tasks.Sources.IValueTaskSource.GetResult(Int16 token)
   at System.Net.Sockets.Socket.<ConnectAsync>g__WaitForConnectWithCancellation|285_0(AwaitableSocketAsyncEventArgs saea, ValueTask connectTask, CancellationToken cancellationToken)
   at Grpc.Net.Client.Balancer.Internal.SocketConnectivitySubchannelTransport.TryConnectAsync(CancellationToken cancellationToken)")
   at Grpc.Net.Client.Balancer.Internal.ConnectionManager.PickAsync(PickContext context, Boolean waitForReady, CancellationToken cancellationToken)
   at Grpc.Net.Client.Balancer.Internal.BalancerHttpHandler.SendAsync(HttpRequestMessage request, CancellationToken cancellationToken)
   at Grpc.Net.Client.Internal.GrpcCall`2.RunCall(HttpRequestMessage request, Nullable`1 timeout)
   at SkyApm.Transport.Grpc.V8.ServiceRegister.<>c__DisplayClass9_0.<<ReportInstancePropertiesAsync>b__0>d.MoveNext()
--- End of stack trace from previous location ---
   at SkyApm.Transport.Grpc.Common.Call.Execute[T](Func`1 task, Func`1 errCallback, Func`1 errMessage)
2025-10-28 16:46:51.281 +08:00 [docker-arsidentityserver0421001] [Warning] SkyApm.Transport.Grpc.ConnectionManager : Connection state changed. Status(StatusCode="Unavailable", Detail="Error connecting to subchannel.", DebugException="System.Net.Sockets.SocketException (10061): 由于目标计算机积极拒绝，无法连接。
   at System.Net.Sockets.Socket.AwaitableSocketAsyncEventArgs.ThrowException(SocketError error, CancellationToken cancellationToken)
   at System.Net.Sockets.Socket.AwaitableSocketAsyncEventArgs.System.Threading.Tasks.Sources.IValueTaskSource.GetResult(Int16 token)
   at System.Net.Sockets.Socket.<ConnectAsync>g__WaitForConnectWithCancellation|285_0(AwaitableSocketAsyncEventArgs saea, ValueTask connectTask, CancellationToken cancellationToken)
   at Grpc.Net.Client.Balancer.Internal.SocketConnectivitySubchannelTransport.TryConnectAsync(CancellationToken cancellationToken)")
2025-10-28 16:47:05.350 +08:00 [docker-arsidentityserver0421001] [Information] SkyApm.Transport.Grpc.ConnectionManager : Shutdown connection[172.20.64.1:11800].
2025-10-28 16:47:05.352 +08:00 [docker-arsidentityserver0421001] [Information] SkyApm.Transport.Grpc.ConnectionManager : Connected server[172.20.64.1:11800].
2025-10-28 16:47:18.211 +08:00 [docker-arsidentityserver0421001] [Error] SkyApm.Transport.Grpc.V8.ServiceRegister : Report service instance properties fail.
Grpc.Core.RpcException: Status(StatusCode="Unavailable", Detail="Error connecting to subchannel.", DebugException="System.Net.Sockets.SocketException (10061): 由于目标计算机积极拒绝，无法连接。
   at System.Net.Sockets.Socket.AwaitableSocketAsyncEventArgs.ThrowException(SocketError error, CancellationToken cancellationToken)
   at System.Net.Sockets.Socket.AwaitableSocketAsyncEventArgs.System.Threading.Tasks.Sources.IValueTaskSource.GetResult(Int16 token)
   at System.Net.Sockets.Socket.<ConnectAsync>g__WaitForConnectWithCancellation|285_0(AwaitableSocketAsyncEventArgs saea, ValueTask connectTask, CancellationToken cancellationToken)
   at Grpc.Net.Client.Balancer.Internal.SocketConnectivitySubchannelTransport.TryConnectAsync(CancellationToken cancellationToken)")
   at Grpc.Net.Client.Balancer.Internal.ConnectionManager.PickAsync(PickContext context, Boolean waitForReady, CancellationToken cancellationToken)
   at Grpc.Net.Client.Balancer.Internal.BalancerHttpHandler.SendAsync(HttpRequestMessage request, CancellationToken cancellationToken)
   at Grpc.Net.Client.Internal.GrpcCall`2.RunCall(HttpRequestMessage request, Nullable`1 timeout)
   at SkyApm.Transport.Grpc.V8.ServiceRegister.<>c__DisplayClass9_0.<<ReportInstancePropertiesAsync>b__0>d.MoveNext()
--- End of stack trace from previous location ---
   at SkyApm.Transport.Grpc.Common.Call.Execute[T](Func`1 task, Func`1 errCallback, Func`1 errMessage)
2025-10-28 16:47:18.211 +08:00 [docker-arsidentityserver0421001] [Warning] SkyApm.Transport.Grpc.ConnectionManager : Connection state changed. Status(StatusCode="Unavailable", Detail="Error connecting to subchannel.", DebugException="System.Net.Sockets.SocketException (10061): 由于目标计算机积极拒绝，无法连接。
   at System.Net.Sockets.Socket.AwaitableSocketAsyncEventArgs.ThrowException(SocketError error, CancellationToken cancellationToken)
   at System.Net.Sockets.Socket.AwaitableSocketAsyncEventArgs.System.Threading.Tasks.Sources.IValueTaskSource.GetResult(Int16 token)
   at System.Net.Sockets.Socket.<ConnectAsync>g__WaitForConnectWithCancellation|285_0(AwaitableSocketAsyncEventArgs saea, ValueTask connectTask, CancellationToken cancellationToken)
   at Grpc.Net.Client.Balancer.Internal.SocketConnectivitySubchannelTransport.TryConnectAsync(CancellationToken cancellationToken)")
2025-10-28 16:47:18.987 +08:00 [docker-arsidentityserver0421001] [Information] SkyApm.Transport.Grpc.ConnectionManager : Shutdown connection[172.20.64.1:11800].
2025-10-28 16:47:18.987 +08:00 [docker-arsidentityserver0421001] [Information] SkyApm.Transport.Grpc.ConnectionManager : Connected server[172.20.64.1:11800].
2025-10-28 16:47:21.290 +08:00 [docker-arsidentityserver0421001] [Error] SkyApm.Transport.Grpc.V8.ServiceRegister : Report service instance properties fail.
Grpc.Core.RpcException: Status(StatusCode="Unavailable", Detail="Error connecting to subchannel.", DebugException="System.Net.Sockets.SocketException (10061): 由于目标计算机积极拒绝，无法连接。
   at System.Net.Sockets.Socket.AwaitableSocketAsyncEventArgs.ThrowException(SocketError error, CancellationToken cancellationToken)
   at System.Net.Sockets.Socket.AwaitableSocketAsyncEventArgs.System.Threading.Tasks.Sources.IValueTaskSource.GetResult(Int16 token)
   at System.Net.Sockets.Socket.<ConnectAsync>g__WaitForConnectWithCancellation|285_0(AwaitableSocketAsyncEventArgs saea, ValueTask connectTask, CancellationToken cancellationToken)
   at Grpc.Net.Client.Balancer.Internal.SocketConnectivitySubchannelTransport.TryConnectAsync(CancellationToken cancellationToken)")
   at Grpc.Net.Client.Balancer.Internal.ConnectionManager.PickAsync(PickContext context, Boolean waitForReady, CancellationToken cancellationToken)
   at Grpc.Net.Client.Balancer.Internal.BalancerHttpHandler.SendAsync(HttpRequestMessage request, CancellationToken cancellationToken)
   at Grpc.Net.Client.Internal.GrpcCall`2.RunCall(HttpRequestMessage request, Nullable`1 timeout)
   at SkyApm.Transport.Grpc.V8.ServiceRegister.<>c__DisplayClass9_0.<<ReportInstancePropertiesAsync>b__0>d.MoveNext()
--- End of stack trace from previous location ---
   at SkyApm.Transport.Grpc.Common.Call.Execute[T](Func`1 task, Func`1 errCallback, Func`1 errMessage)
2025-10-28 16:47:21.290 +08:00 [docker-arsidentityserver0421001] [Warning] SkyApm.Transport.Grpc.ConnectionManager : Connection state changed. Status(StatusCode="Unavailable", Detail="Error connecting to subchannel.", DebugException="System.Net.Sockets.SocketException (10061): 由于目标计算机积极拒绝，无法连接。
   at System.Net.Sockets.Socket.AwaitableSocketAsyncEventArgs.ThrowException(SocketError error, CancellationToken cancellationToken)
   at System.Net.Sockets.Socket.AwaitableSocketAsyncEventArgs.System.Threading.Tasks.Sources.IValueTaskSource.GetResult(Int16 token)
   at System.Net.Sockets.Socket.<ConnectAsync>g__WaitForConnectWithCancellation|285_0(AwaitableSocketAsyncEventArgs saea, ValueTask connectTask, CancellationToken cancellationToken)
   at Grpc.Net.Client.Balancer.Internal.SocketConnectivitySubchannelTransport.TryConnectAsync(CancellationToken cancellationToken)")
2025-10-28 16:47:33.989 +08:00 [docker-arsidentityserver0421001] [Information] SkyApm.Transport.Grpc.ConnectionManager : Shutdown connection[172.20.64.1:11800].
2025-10-28 16:47:33.990 +08:00 [docker-arsidentityserver0421001] [Information] SkyApm.Transport.Grpc.ConnectionManager : Connected server[172.20.64.1:11800].
2025-10-28 16:47:48.209 +08:00 [docker-arsidentityserver0421001] [Error] SkyApm.Transport.Grpc.V8.ServiceRegister : Report service instance properties fail.
Grpc.Core.RpcException: Status(StatusCode="Unavailable", Detail="Error connecting to subchannel.", DebugException="System.Net.Sockets.SocketException (10061): 由于目标计算机积极拒绝，无法连接。
   at System.Net.Sockets.Socket.AwaitableSocketAsyncEventArgs.ThrowException(SocketError error, CancellationToken cancellationToken)
   at System.Net.Sockets.Socket.AwaitableSocketAsyncEventArgs.System.Threading.Tasks.Sources.IValueTaskSource.GetResult(Int16 token)
   at System.Net.Sockets.Socket.<ConnectAsync>g__WaitForConnectWithCancellation|285_0(AwaitableSocketAsyncEventArgs saea, ValueTask connectTask, CancellationToken cancellationToken)
   at Grpc.Net.Client.Balancer.Internal.SocketConnectivitySubchannelTransport.TryConnectAsync(CancellationToken cancellationToken)")
   at Grpc.Net.Client.Balancer.Internal.ConnectionManager.PickAsync(PickContext context, Boolean waitForReady, CancellationToken cancellationToken)
   at Grpc.Net.Client.Balancer.Internal.BalancerHttpHandler.SendAsync(HttpRequestMessage request, CancellationToken cancellationToken)
   at Grpc.Net.Client.Internal.GrpcCall`2.RunCall(HttpRequestMessage request, Nullable`1 timeout)
   at SkyApm.Transport.Grpc.V8.ServiceRegister.<>c__DisplayClass9_0.<<ReportInstancePropertiesAsync>b__0>d.MoveNext()
--- End of stack trace from previous location ---
   at SkyApm.Transport.Grpc.Common.Call.Execute[T](Func`1 task, Func`1 errCallback, Func`1 errMessage)
2025-10-28 16:47:48.210 +08:00 [docker-arsidentityserver0421001] [Warning] SkyApm.Transport.Grpc.ConnectionManager : Connection state changed. Status(StatusCode="Unavailable", Detail="Error connecting to subchannel.", DebugException="System.Net.Sockets.SocketException (10061): 由于目标计算机积极拒绝，无法连接。
   at System.Net.Sockets.Socket.AwaitableSocketAsyncEventArgs.ThrowException(SocketError error, CancellationToken cancellationToken)
   at System.Net.Sockets.Socket.AwaitableSocketAsyncEventArgs.System.Threading.Tasks.Sources.IValueTaskSource.GetResult(Int16 token)
   at System.Net.Sockets.Socket.<ConnectAsync>g__WaitForConnectWithCancellation|285_0(AwaitableSocketAsyncEventArgs saea, ValueTask connectTask, CancellationToken cancellationToken)
   at Grpc.Net.Client.Balancer.Internal.SocketConnectivitySubchannelTransport.TryConnectAsync(CancellationToken cancellationToken)")
2025-10-28 16:47:48.985 +08:00 [docker-arsidentityserver0421001] [Information] SkyApm.Transport.Grpc.ConnectionManager : Shutdown connection[172.20.64.1:11800].
2025-10-28 16:47:48.985 +08:00 [docker-arsidentityserver0421001] [Information] SkyApm.Transport.Grpc.ConnectionManager : Connected server[172.20.64.1:11800].
2025-10-28 16:47:51.271 +08:00 [docker-arsidentityserver0421001] [Error] SkyApm.Transport.Grpc.V8.ServiceRegister : Report service instance properties fail.
Grpc.Core.RpcException: Status(StatusCode="Unavailable", Detail="Error connecting to subchannel.", DebugException="System.Net.Sockets.SocketException (10061): 由于目标计算机积极拒绝，无法连接。
   at System.Net.Sockets.Socket.AwaitableSocketAsyncEventArgs.ThrowException(SocketError error, CancellationToken cancellationToken)
   at System.Net.Sockets.Socket.AwaitableSocketAsyncEventArgs.System.Threading.Tasks.Sources.IValueTaskSource.GetResult(Int16 token)
   at System.Net.Sockets.Socket.<ConnectAsync>g__WaitForConnectWithCancellation|285_0(AwaitableSocketAsyncEventArgs saea, ValueTask connectTask, CancellationToken cancellationToken)
   at Grpc.Net.Client.Balancer.Internal.SocketConnectivitySubchannelTransport.TryConnectAsync(CancellationToken cancellationToken)")
   at Grpc.Net.Client.Balancer.Internal.ConnectionManager.PickAsync(PickContext context, Boolean waitForReady, CancellationToken cancellationToken)
   at Grpc.Net.Client.Balancer.Internal.BalancerHttpHandler.SendAsync(HttpRequestMessage request, CancellationToken cancellationToken)
   at Grpc.Net.Client.Internal.GrpcCall`2.RunCall(HttpRequestMessage request, Nullable`1 timeout)
   at SkyApm.Transport.Grpc.V8.ServiceRegister.<>c__DisplayClass9_0.<<ReportInstancePropertiesAsync>b__0>d.MoveNext()
--- End of stack trace from previous location ---
   at SkyApm.Transport.Grpc.Common.Call.Execute[T](Func`1 task, Func`1 errCallback, Func`1 errMessage)
2025-10-28 16:47:51.271 +08:00 [docker-arsidentityserver0421001] [Warning] SkyApm.Transport.Grpc.ConnectionManager : Connection state changed. Status(StatusCode="Unavailable", Detail="Error connecting to subchannel.", DebugException="System.Net.Sockets.SocketException (10061): 由于目标计算机积极拒绝，无法连接。
   at System.Net.Sockets.Socket.AwaitableSocketAsyncEventArgs.ThrowException(SocketError error, CancellationToken cancellationToken)
   at System.Net.Sockets.Socket.AwaitableSocketAsyncEventArgs.System.Threading.Tasks.Sources.IValueTaskSource.GetResult(Int16 token)
   at System.Net.Sockets.Socket.<ConnectAsync>g__WaitForConnectWithCancellation|285_0(AwaitableSocketAsyncEventArgs saea, ValueTask connectTask, CancellationToken cancellationToken)
   at Grpc.Net.Client.Balancer.Internal.SocketConnectivitySubchannelTransport.TryConnectAsync(CancellationToken cancellationToken)")
2025-10-28 16:48:03.987 +08:00 [docker-arsidentityserver0421001] [Information] SkyApm.Transport.Grpc.ConnectionManager : Shutdown connection[172.20.64.1:11800].
2025-10-28 16:48:03.988 +08:00 [docker-arsidentityserver0421001] [Information] SkyApm.Transport.Grpc.ConnectionManager : Connected server[172.20.64.1:11800].
2025-10-28 16:48:18.208 +08:00 [docker-arsidentityserver0421001] [Error] SkyApm.Transport.Grpc.V8.ServiceRegister : Report service instance properties fail.
Grpc.Core.RpcException: Status(StatusCode="Unavailable", Detail="Error connecting to subchannel.", DebugException="System.Net.Sockets.SocketException (10061): 由于目标计算机积极拒绝，无法连接。
   at System.Net.Sockets.Socket.AwaitableSocketAsyncEventArgs.System.Threading.Tasks.Sources.IValueTaskSource.GetResult(Int16 token)
   at System.Net.Sockets.Socket.<ConnectAsync>g__WaitForConnectWithCancellation|285_0(AwaitableSocketAsyncEventArgs saea, ValueTask connectTask, CancellationToken cancellationToken)
   at Grpc.Net.Client.Balancer.Internal.SocketConnectivitySubchannelTransport.TryConnectAsync(CancellationToken cancellationToken)")
   at Grpc.Net.Client.Balancer.Internal.ConnectionManager.PickAsync(PickContext context, Boolean waitForReady, CancellationToken cancellationToken)
   at Grpc.Net.Client.Balancer.Internal.BalancerHttpHandler.SendAsync(HttpRequestMessage request, CancellationToken cancellationToken)
   at Grpc.Net.Client.Internal.GrpcCall`2.RunCall(HttpRequestMessage request, Nullable`1 timeout)
   at SkyApm.Transport.Grpc.V8.ServiceRegister.<>c__DisplayClass9_0.<<ReportInstancePropertiesAsync>b__0>d.MoveNext()
--- End of stack trace from previous location ---
   at SkyApm.Transport.Grpc.Common.Call.Execute[T](Func`1 task, Func`1 errCallback, Func`1 errMessage)
2025-10-28 16:48:18.208 +08:00 [docker-arsidentityserver0421001] [Warning] SkyApm.Transport.Grpc.ConnectionManager : Connection state changed. Status(StatusCode="Unavailable", Detail="Error connecting to subchannel.", DebugException="System.Net.Sockets.SocketException (10061): 由于目标计算机积极拒绝，无法连接。
   at System.Net.Sockets.Socket.AwaitableSocketAsyncEventArgs.System.Threading.Tasks.Sources.IValueTaskSource.GetResult(Int16 token)
   at System.Net.Sockets.Socket.<ConnectAsync>g__WaitForConnectWithCancellation|285_0(AwaitableSocketAsyncEventArgs saea, ValueTask connectTask, CancellationToken cancellationToken)
   at Grpc.Net.Client.Balancer.Internal.SocketConnectivitySubchannelTransport.TryConnectAsync(CancellationToken cancellationToken)")
2025-10-28 16:48:18.984 +08:00 [docker-arsidentityserver0421001] [Information] SkyApm.Transport.Grpc.ConnectionManager : Shutdown connection[172.20.64.1:11800].
2025-10-28 16:48:18.985 +08:00 [docker-arsidentityserver0421001] [Information] SkyApm.Transport.Grpc.ConnectionManager : Connected server[172.20.64.1:11800].
2025-10-28 16:48:21.275 +08:00 [docker-arsidentityserver0421001] [Error] SkyApm.Transport.Grpc.V8.ServiceRegister : Report service instance properties fail.
Grpc.Core.RpcException: Status(StatusCode="Unavailable", Detail="Error connecting to subchannel.", DebugException="System.Net.Sockets.SocketException (10061): 由于目标计算机积极拒绝，无法连接。
   at System.Net.Sockets.Socket.AwaitableSocketAsyncEventArgs.System.Threading.Tasks.Sources.IValueTaskSource.GetResult(Int16 token)
   at System.Net.Sockets.Socket.<ConnectAsync>g__WaitForConnectWithCancellation|285_0(AwaitableSocketAsyncEventArgs saea, ValueTask connectTask, CancellationToken cancellationToken)
   at Grpc.Net.Client.Balancer.Internal.SocketConnectivitySubchannelTransport.TryConnectAsync(CancellationToken cancellationToken)")
   at Grpc.Net.Client.Balancer.Internal.ConnectionManager.PickAsync(PickContext context, Boolean waitForReady, CancellationToken cancellationToken)
   at Grpc.Net.Client.Balancer.Internal.BalancerHttpHandler.SendAsync(HttpRequestMessage request, CancellationToken cancellationToken)
   at Grpc.Net.Client.Internal.GrpcCall`2.RunCall(HttpRequestMessage request, Nullable`1 timeout)
   at SkyApm.Transport.Grpc.V8.ServiceRegister.<>c__DisplayClass9_0.<<ReportInstancePropertiesAsync>b__0>d.MoveNext()
--- End of stack trace from previous location ---
   at SkyApm.Transport.Grpc.Common.Call.Execute[T](Func`1 task, Func`1 errCallback, Func`1 errMessage)
2025-10-28 16:48:21.275 +08:00 [docker-arsidentityserver0421001] [Warning] SkyApm.Transport.Grpc.ConnectionManager : Connection state changed. Status(StatusCode="Unavailable", Detail="Error connecting to subchannel.", DebugException="System.Net.Sockets.SocketException (10061): 由于目标计算机积极拒绝，无法连接。
   at System.Net.Sockets.Socket.AwaitableSocketAsyncEventArgs.System.Threading.Tasks.Sources.IValueTaskSource.GetResult(Int16 token)
   at System.Net.Sockets.Socket.<ConnectAsync>g__WaitForConnectWithCancellation|285_0(AwaitableSocketAsyncEventArgs saea, ValueTask connectTask, CancellationToken cancellationToken)
   at Grpc.Net.Client.Balancer.Internal.SocketConnectivitySubchannelTransport.TryConnectAsync(CancellationToken cancellationToken)")
2025-10-28 16:48:33.984 +08:00 [docker-arsidentityserver0421001] [Information] SkyApm.Transport.Grpc.ConnectionManager : Shutdown connection[172.20.64.1:11800].
2025-10-28 16:48:33.985 +08:00 [docker-arsidentityserver0421001] [Information] SkyApm.Transport.Grpc.ConnectionManager : Connected server[172.20.64.1:11800].
2025-10-28 16:48:48.210 +08:00 [docker-arsidentityserver0421001] [Error] SkyApm.Transport.Grpc.V8.ServiceRegister : Report service instance properties fail.
Grpc.Core.RpcException: Status(StatusCode="Unavailable", Detail="Error connecting to subchannel.", DebugException="System.Net.Sockets.SocketException (10061): 由于目标计算机积极拒绝，无法连接。
   at System.Net.Sockets.Socket.AwaitableSocketAsyncEventArgs.System.Threading.Tasks.Sources.IValueTaskSource.GetResult(Int16 token)
   at System.Net.Sockets.Socket.<ConnectAsync>g__WaitForConnectWithCancellation|285_0(AwaitableSocketAsyncEventArgs saea, ValueTask connectTask, CancellationToken cancellationToken)
   at Grpc.Net.Client.Balancer.Internal.SocketConnectivitySubchannelTransport.TryConnectAsync(CancellationToken cancellationToken)")
   at Grpc.Net.Client.Balancer.Internal.ConnectionManager.PickAsync(PickContext context, Boolean waitForReady, CancellationToken cancellationToken)
   at Grpc.Net.Client.Balancer.Internal.BalancerHttpHandler.SendAsync(HttpRequestMessage request, CancellationToken cancellationToken)
   at Grpc.Net.Client.Internal.GrpcCall`2.RunCall(HttpRequestMessage request, Nullable`1 timeout)
   at SkyApm.Transport.Grpc.V8.ServiceRegister.<>c__DisplayClass9_0.<<ReportInstancePropertiesAsync>b__0>d.MoveNext()
--- End of stack trace from previous location ---
   at SkyApm.Transport.Grpc.Common.Call.Execute[T](Func`1 task, Func`1 errCallback, Func`1 errMessage)
2025-10-28 16:48:48.210 +08:00 [docker-arsidentityserver0421001] [Warning] SkyApm.Transport.Grpc.ConnectionManager : Connection state changed. Status(StatusCode="Unavailable", Detail="Error connecting to subchannel.", DebugException="System.Net.Sockets.SocketException (10061): 由于目标计算机积极拒绝，无法连接。
   at System.Net.Sockets.Socket.AwaitableSocketAsyncEventArgs.System.Threading.Tasks.Sources.IValueTaskSource.GetResult(Int16 token)
   at System.Net.Sockets.Socket.<ConnectAsync>g__WaitForConnectWithCancellation|285_0(AwaitableSocketAsyncEventArgs saea, ValueTask connectTask, CancellationToken cancellationToken)
   at Grpc.Net.Client.Balancer.Internal.SocketConnectivitySubchannelTransport.TryConnectAsync(CancellationToken cancellationToken)")
2025-10-28 16:48:48.989 +08:00 [docker-arsidentityserver0421001] [Information] SkyApm.Transport.Grpc.ConnectionManager : Shutdown connection[172.20.64.1:11800].
2025-10-28 16:48:48.990 +08:00 [docker-arsidentityserver0421001] [Information] SkyApm.Transport.Grpc.ConnectionManager : Connected server[172.20.64.1:11800].
2025-10-28 16:48:51.291 +08:00 [docker-arsidentityserver0421001] [Error] SkyApm.Transport.Grpc.V8.ServiceRegister : Report service instance properties fail.
Grpc.Core.RpcException: Status(StatusCode="Unavailable", Detail="Error connecting to subchannel.", DebugException="System.Net.Sockets.SocketException (10061): 由于目标计算机积极拒绝，无法连接。
   at System.Net.Sockets.Socket.AwaitableSocketAsyncEventArgs.System.Threading.Tasks.Sources.IValueTaskSource.GetResult(Int16 token)
   at System.Net.Sockets.Socket.<ConnectAsync>g__WaitForConnectWithCancellation|285_0(AwaitableSocketAsyncEventArgs saea, ValueTask connectTask, CancellationToken cancellationToken)
   at Grpc.Net.Client.Balancer.Internal.SocketConnectivitySubchannelTransport.TryConnectAsync(CancellationToken cancellationToken)")
   at Grpc.Net.Client.Balancer.Internal.ConnectionManager.PickAsync(PickContext context, Boolean waitForReady, CancellationToken cancellationToken)
   at Grpc.Net.Client.Balancer.Internal.BalancerHttpHandler.SendAsync(HttpRequestMessage request, CancellationToken cancellationToken)
   at Grpc.Net.Client.Internal.GrpcCall`2.RunCall(HttpRequestMessage request, Nullable`1 timeout)
   at SkyApm.Transport.Grpc.V8.ServiceRegister.<>c__DisplayClass9_0.<<ReportInstancePropertiesAsync>b__0>d.MoveNext()
--- End of stack trace from previous location ---
   at SkyApm.Transport.Grpc.Common.Call.Execute[T](Func`1 task, Func`1 errCallback, Func`1 errMessage)
2025-10-28 16:48:51.291 +08:00 [docker-arsidentityserver0421001] [Warning] SkyApm.Transport.Grpc.ConnectionManager : Connection state changed. Status(StatusCode="Unavailable", Detail="Error connecting to subchannel.", DebugException="System.Net.Sockets.SocketException (10061): 由于目标计算机积极拒绝，无法连接。
   at System.Net.Sockets.Socket.AwaitableSocketAsyncEventArgs.System.Threading.Tasks.Sources.IValueTaskSource.GetResult(Int16 token)
   at System.Net.Sockets.Socket.<ConnectAsync>g__WaitForConnectWithCancellation|285_0(AwaitableSocketAsyncEventArgs saea, ValueTask connectTask, CancellationToken cancellationToken)
   at Grpc.Net.Client.Balancer.Internal.SocketConnectivitySubchannelTransport.TryConnectAsync(CancellationToken cancellationToken)")
2025-10-28 16:49:03.988 +08:00 [docker-arsidentityserver0421001] [Information] SkyApm.Transport.Grpc.ConnectionManager : Shutdown connection[172.20.64.1:11800].
2025-10-28 16:49:03.989 +08:00 [docker-arsidentityserver0421001] [Information] SkyApm.Transport.Grpc.ConnectionManager : Connected server[172.20.64.1:11800].
2025-10-28 16:49:18.205 +08:00 [docker-arsidentityserver0421001] [Error] SkyApm.Transport.Grpc.V8.ServiceRegister : Report service instance properties fail.
Grpc.Core.RpcException: Status(StatusCode="Unavailable", Detail="Error connecting to subchannel.", DebugException="System.Net.Sockets.SocketException (10061): 由于目标计算机积极拒绝，无法连接。
   at System.Net.Sockets.Socket.AwaitableSocketAsyncEventArgs.System.Threading.Tasks.Sources.IValueTaskSource.GetResult(Int16 token)
   at System.Net.Sockets.Socket.<ConnectAsync>g__WaitForConnectWithCancellation|285_0(AwaitableSocketAsyncEventArgs saea, ValueTask connectTask, CancellationToken cancellationToken)
   at Grpc.Net.Client.Balancer.Internal.SocketConnectivitySubchannelTransport.TryConnectAsync(CancellationToken cancellationToken)")
   at Grpc.Net.Client.Balancer.Internal.ConnectionManager.PickAsync(PickContext context, Boolean waitForReady, CancellationToken cancellationToken)
   at Grpc.Net.Client.Balancer.Internal.BalancerHttpHandler.SendAsync(HttpRequestMessage request, CancellationToken cancellationToken)
   at Grpc.Net.Client.Internal.GrpcCall`2.RunCall(HttpRequestMessage request, Nullable`1 timeout)
   at SkyApm.Transport.Grpc.V8.ServiceRegister.<>c__DisplayClass9_0.<<ReportInstancePropertiesAsync>b__0>d.MoveNext()
--- End of stack trace from previous location ---
   at SkyApm.Transport.Grpc.Common.Call.Execute[T](Func`1 task, Func`1 errCallback, Func`1 errMessage)
2025-10-28 16:49:18.205 +08:00 [docker-arsidentityserver0421001] [Warning] SkyApm.Transport.Grpc.ConnectionManager : Connection state changed. Status(StatusCode="Unavailable", Detail="Error connecting to subchannel.", DebugException="System.Net.Sockets.SocketException (10061): 由于目标计算机积极拒绝，无法连接。
   at System.Net.Sockets.Socket.AwaitableSocketAsyncEventArgs.System.Threading.Tasks.Sources.IValueTaskSource.GetResult(Int16 token)
   at System.Net.Sockets.Socket.<ConnectAsync>g__WaitForConnectWithCancellation|285_0(AwaitableSocketAsyncEventArgs saea, ValueTask connectTask, CancellationToken cancellationToken)
   at Grpc.Net.Client.Balancer.Internal.SocketConnectivitySubchannelTransport.TryConnectAsync(CancellationToken cancellationToken)")
2025-10-28 16:49:18.975 +08:00 [docker-arsidentityserver0421001] [Information] SkyApm.Transport.Grpc.ConnectionManager : Shutdown connection[172.20.64.1:11800].
2025-10-28 16:49:18.975 +08:00 [docker-arsidentityserver0421001] [Information] SkyApm.Transport.Grpc.ConnectionManager : Connected server[172.20.64.1:11800].
2025-10-28 16:49:21.241 +08:00 [docker-arsidentityserver0421001] [Error] SkyApm.Transport.Grpc.V8.ServiceRegister : Report service instance properties fail.
Grpc.Core.RpcException: Status(StatusCode="Unavailable", Detail="Error connecting to subchannel.", DebugException="System.Net.Sockets.SocketException (10061): 由于目标计算机积极拒绝，无法连接。
   at System.Net.Sockets.Socket.AwaitableSocketAsyncEventArgs.System.Threading.Tasks.Sources.IValueTaskSource.GetResult(Int16 token)
   at System.Net.Sockets.Socket.<ConnectAsync>g__WaitForConnectWithCancellation|285_0(AwaitableSocketAsyncEventArgs saea, ValueTask connectTask, CancellationToken cancellationToken)
   at Grpc.Net.Client.Balancer.Internal.SocketConnectivitySubchannelTransport.TryConnectAsync(CancellationToken cancellationToken)")
   at Grpc.Net.Client.Balancer.Internal.ConnectionManager.PickAsync(PickContext context, Boolean waitForReady, CancellationToken cancellationToken)
   at Grpc.Net.Client.Balancer.Internal.BalancerHttpHandler.SendAsync(HttpRequestMessage request, CancellationToken cancellationToken)
   at Grpc.Net.Client.Internal.GrpcCall`2.RunCall(HttpRequestMessage request, Nullable`1 timeout)
   at SkyApm.Transport.Grpc.V8.ServiceRegister.<>c__DisplayClass9_0.<<ReportInstancePropertiesAsync>b__0>d.MoveNext()
--- End of stack trace from previous location ---
   at SkyApm.Transport.Grpc.Common.Call.Execute[T](Func`1 task, Func`1 errCallback, Func`1 errMessage)
2025-10-28 16:49:21.241 +08:00 [docker-arsidentityserver0421001] [Warning] SkyApm.Transport.Grpc.ConnectionManager : Connection state changed. Status(StatusCode="Unavailable", Detail="Error connecting to subchannel.", DebugException="System.Net.Sockets.SocketException (10061): 由于目标计算机积极拒绝，无法连接。
   at System.Net.Sockets.Socket.AwaitableSocketAsyncEventArgs.System.Threading.Tasks.Sources.IValueTaskSource.GetResult(Int16 token)
   at System.Net.Sockets.Socket.<ConnectAsync>g__WaitForConnectWithCancellation|285_0(AwaitableSocketAsyncEventArgs saea, ValueTask connectTask, CancellationToken cancellationToken)
   at Grpc.Net.Client.Balancer.Internal.SocketConnectivitySubchannelTransport.TryConnectAsync(CancellationToken cancellationToken)")
2025-10-28 16:49:33.981 +08:00 [docker-arsidentityserver0421001] [Information] SkyApm.Transport.Grpc.ConnectionManager : Shutdown connection[172.20.64.1:11800].
2025-10-28 16:49:33.981 +08:00 [docker-arsidentityserver0421001] [Information] SkyApm.Transport.Grpc.ConnectionManager : Connected server[172.20.64.1:11800].
2025-10-28 16:49:48.205 +08:00 [docker-arsidentityserver0421001] [Error] SkyApm.Transport.Grpc.V8.ServiceRegister : Report service instance properties fail.
Grpc.Core.RpcException: Status(StatusCode="Unavailable", Detail="Error connecting to subchannel.", DebugException="System.Net.Sockets.SocketException (10061): 由于目标计算机积极拒绝，无法连接。
   at System.Net.Sockets.Socket.AwaitableSocketAsyncEventArgs.System.Threading.Tasks.Sources.IValueTaskSource.GetResult(Int16 token)
   at System.Net.Sockets.Socket.<ConnectAsync>g__WaitForConnectWithCancellation|285_0(AwaitableSocketAsyncEventArgs saea, ValueTask connectTask, CancellationToken cancellationToken)
   at Grpc.Net.Client.Balancer.Internal.SocketConnectivitySubchannelTransport.TryConnectAsync(CancellationToken cancellationToken)")
   at Grpc.Net.Client.Balancer.Internal.ConnectionManager.PickAsync(PickContext context, Boolean waitForReady, CancellationToken cancellationToken)
   at Grpc.Net.Client.Balancer.Internal.BalancerHttpHandler.SendAsync(HttpRequestMessage request, CancellationToken cancellationToken)
   at Grpc.Net.Client.Internal.GrpcCall`2.RunCall(HttpRequestMessage request, Nullable`1 timeout)
   at SkyApm.Transport.Grpc.V8.ServiceRegister.<>c__DisplayClass9_0.<<ReportInstancePropertiesAsync>b__0>d.MoveNext()
--- End of stack trace from previous location ---
   at SkyApm.Transport.Grpc.Common.Call.Execute[T](Func`1 task, Func`1 errCallback, Func`1 errMessage)
2025-10-28 16:49:48.205 +08:00 [docker-arsidentityserver0421001] [Warning] SkyApm.Transport.Grpc.ConnectionManager : Connection state changed. Status(StatusCode="Unavailable", Detail="Error connecting to subchannel.", DebugException="System.Net.Sockets.SocketException (10061): 由于目标计算机积极拒绝，无法连接。
   at System.Net.Sockets.Socket.AwaitableSocketAsyncEventArgs.System.Threading.Tasks.Sources.IValueTaskSource.GetResult(Int16 token)
   at System.Net.Sockets.Socket.<ConnectAsync>g__WaitForConnectWithCancellation|285_0(AwaitableSocketAsyncEventArgs saea, ValueTask connectTask, CancellationToken cancellationToken)
   at Grpc.Net.Client.Balancer.Internal.SocketConnectivitySubchannelTransport.TryConnectAsync(CancellationToken cancellationToken)")
2025-10-28 16:49:48.982 +08:00 [docker-arsidentityserver0421001] [Information] SkyApm.Transport.Grpc.ConnectionManager : Shutdown connection[172.20.64.1:11800].
2025-10-28 16:49:48.983 +08:00 [docker-arsidentityserver0421001] [Information] SkyApm.Transport.Grpc.ConnectionManager : Connected server[172.20.64.1:11800].
2025-10-28 16:49:51.283 +08:00 [docker-arsidentityserver0421001] [Error] SkyApm.Transport.Grpc.V8.ServiceRegister : Report service instance properties fail.
Grpc.Core.RpcException: Status(StatusCode="Unavailable", Detail="Error connecting to subchannel.", DebugException="System.Net.Sockets.SocketException (10061): 由于目标计算机积极拒绝，无法连接。
   at System.Net.Sockets.Socket.AwaitableSocketAsyncEventArgs.System.Threading.Tasks.Sources.IValueTaskSource.GetResult(Int16 token)
   at System.Net.Sockets.Socket.<ConnectAsync>g__WaitForConnectWithCancellation|285_0(AwaitableSocketAsyncEventArgs saea, ValueTask connectTask, CancellationToken cancellationToken)
   at Grpc.Net.Client.Balancer.Internal.SocketConnectivitySubchannelTransport.TryConnectAsync(CancellationToken cancellationToken)")
   at Grpc.Net.Client.Balancer.Internal.ConnectionManager.PickAsync(PickContext context, Boolean waitForReady, CancellationToken cancellationToken)
   at Grpc.Net.Client.Balancer.Internal.BalancerHttpHandler.SendAsync(HttpRequestMessage request, CancellationToken cancellationToken)
   at Grpc.Net.Client.Internal.GrpcCall`2.RunCall(HttpRequestMessage request, Nullable`1 timeout)
   at SkyApm.Transport.Grpc.V8.ServiceRegister.<>c__DisplayClass9_0.<<ReportInstancePropertiesAsync>b__0>d.MoveNext()
--- End of stack trace from previous location ---
   at SkyApm.Transport.Grpc.Common.Call.Execute[T](Func`1 task, Func`1 errCallback, Func`1 errMessage)
2025-10-28 16:49:51.283 +08:00 [docker-arsidentityserver0421001] [Warning] SkyApm.Transport.Grpc.ConnectionManager : Connection state changed. Status(StatusCode="Unavailable", Detail="Error connecting to subchannel.", DebugException="System.Net.Sockets.SocketException (10061): 由于目标计算机积极拒绝，无法连接。
   at System.Net.Sockets.Socket.AwaitableSocketAsyncEventArgs.System.Threading.Tasks.Sources.IValueTaskSource.GetResult(Int16 token)
   at System.Net.Sockets.Socket.<ConnectAsync>g__WaitForConnectWithCancellation|285_0(AwaitableSocketAsyncEventArgs saea, ValueTask connectTask, CancellationToken cancellationToken)
   at Grpc.Net.Client.Balancer.Internal.SocketConnectivitySubchannelTransport.TryConnectAsync(CancellationToken cancellationToken)")
2025-10-28 16:50:03.980 +08:00 [docker-arsidentityserver0421001] [Information] SkyApm.Transport.Grpc.ConnectionManager : Shutdown connection[172.20.64.1:11800].
2025-10-28 16:50:03.980 +08:00 [docker-arsidentityserver0421001] [Information] SkyApm.Transport.Grpc.ConnectionManager : Connected server[172.20.64.1:11800].
2025-10-28 16:50:18.213 +08:00 [docker-arsidentityserver0421001] [Error] SkyApm.Transport.Grpc.V8.ServiceRegister : Report service instance properties fail.
Grpc.Core.RpcException: Status(StatusCode="Unavailable", Detail="Error connecting to subchannel.", DebugException="System.Net.Sockets.SocketException (10061): 由于目标计算机积极拒绝，无法连接。
   at System.Net.Sockets.Socket.AwaitableSocketAsyncEventArgs.System.Threading.Tasks.Sources.IValueTaskSource.GetResult(Int16 token)
   at System.Net.Sockets.Socket.<ConnectAsync>g__WaitForConnectWithCancellation|285_0(AwaitableSocketAsyncEventArgs saea, ValueTask connectTask, CancellationToken cancellationToken)
   at Grpc.Net.Client.Balancer.Internal.SocketConnectivitySubchannelTransport.TryConnectAsync(CancellationToken cancellationToken)")
   at Grpc.Net.Client.Balancer.Internal.ConnectionManager.PickAsync(PickContext context, Boolean waitForReady, CancellationToken cancellationToken)
   at Grpc.Net.Client.Balancer.Internal.BalancerHttpHandler.SendAsync(HttpRequestMessage request, CancellationToken cancellationToken)
   at Grpc.Net.Client.Internal.GrpcCall`2.RunCall(HttpRequestMessage request, Nullable`1 timeout)
   at SkyApm.Transport.Grpc.V8.ServiceRegister.<>c__DisplayClass9_0.<<ReportInstancePropertiesAsync>b__0>d.MoveNext()
--- End of stack trace from previous location ---
   at SkyApm.Transport.Grpc.Common.Call.Execute[T](Func`1 task, Func`1 errCallback, Func`1 errMessage)
2025-10-28 16:50:18.213 +08:00 [docker-arsidentityserver0421001] [Warning] SkyApm.Transport.Grpc.ConnectionManager : Connection state changed. Status(StatusCode="Unavailable", Detail="Error connecting to subchannel.", DebugException="System.Net.Sockets.SocketException (10061): 由于目标计算机积极拒绝，无法连接。
   at System.Net.Sockets.Socket.AwaitableSocketAsyncEventArgs.System.Threading.Tasks.Sources.IValueTaskSource.GetResult(Int16 token)
   at System.Net.Sockets.Socket.<ConnectAsync>g__WaitForConnectWithCancellation|285_0(AwaitableSocketAsyncEventArgs saea, ValueTask connectTask, CancellationToken cancellationToken)
   at Grpc.Net.Client.Balancer.Internal.SocketConnectivitySubchannelTransport.TryConnectAsync(CancellationToken cancellationToken)")
2025-10-28 16:50:18.987 +08:00 [docker-arsidentityserver0421001] [Information] SkyApm.Transport.Grpc.ConnectionManager : Shutdown connection[172.20.64.1:11800].
2025-10-28 16:50:18.987 +08:00 [docker-arsidentityserver0421001] [Information] SkyApm.Transport.Grpc.ConnectionManager : Connected server[172.20.64.1:11800].
2025-10-28 16:50:21.294 +08:00 [docker-arsidentityserver0421001] [Error] SkyApm.Transport.Grpc.V8.ServiceRegister : Report service instance properties fail.
Grpc.Core.RpcException: Status(StatusCode="Unavailable", Detail="Error connecting to subchannel.", DebugException="System.Net.Sockets.SocketException (10061): 由于目标计算机积极拒绝，无法连接。
   at System.Net.Sockets.Socket.AwaitableSocketAsyncEventArgs.System.Threading.Tasks.Sources.IValueTaskSource.GetResult(Int16 token)
   at System.Net.Sockets.Socket.<ConnectAsync>g__WaitForConnectWithCancellation|285_0(AwaitableSocketAsyncEventArgs saea, ValueTask connectTask, CancellationToken cancellationToken)
   at Grpc.Net.Client.Balancer.Internal.SocketConnectivitySubchannelTransport.TryConnectAsync(CancellationToken cancellationToken)")
   at Grpc.Net.Client.Balancer.Internal.ConnectionManager.PickAsync(PickContext context, Boolean waitForReady, CancellationToken cancellationToken)
   at Grpc.Net.Client.Balancer.Internal.BalancerHttpHandler.SendAsync(HttpRequestMessage request, CancellationToken cancellationToken)
   at Grpc.Net.Client.Internal.GrpcCall`2.RunCall(HttpRequestMessage request, Nullable`1 timeout)
   at SkyApm.Transport.Grpc.V8.ServiceRegister.<>c__DisplayClass9_0.<<ReportInstancePropertiesAsync>b__0>d.MoveNext()
--- End of stack trace from previous location ---
   at SkyApm.Transport.Grpc.Common.Call.Execute[T](Func`1 task, Func`1 errCallback, Func`1 errMessage)
2025-10-28 16:50:21.294 +08:00 [docker-arsidentityserver0421001] [Warning] SkyApm.Transport.Grpc.ConnectionManager : Connection state changed. Status(StatusCode="Unavailable", Detail="Error connecting to subchannel.", DebugException="System.Net.Sockets.SocketException (10061): 由于目标计算机积极拒绝，无法连接。
   at System.Net.Sockets.Socket.AwaitableSocketAsyncEventArgs.System.Threading.Tasks.Sources.IValueTaskSource.GetResult(Int16 token)
   at System.Net.Sockets.Socket.<ConnectAsync>g__WaitForConnectWithCancellation|285_0(AwaitableSocketAsyncEventArgs saea, ValueTask connectTask, CancellationToken cancellationToken)
   at Grpc.Net.Client.Balancer.Internal.SocketConnectivitySubchannelTransport.TryConnectAsync(CancellationToken cancellationToken)")
2025-10-28 16:50:33.986 +08:00 [docker-arsidentityserver0421001] [Information] SkyApm.Transport.Grpc.ConnectionManager : Shutdown connection[172.20.64.1:11800].
2025-10-28 16:50:33.986 +08:00 [docker-arsidentityserver0421001] [Information] SkyApm.Transport.Grpc.ConnectionManager : Connected server[172.20.64.1:11800].
2025-10-28 16:50:51.827 +08:00 [docker-arsidentityserver0421001] [Error] SkyApm.Transport.Grpc.V8.ServiceRegister : Report service instance properties fail.
Grpc.Core.RpcException: Status(StatusCode="Unavailable", Detail="Error connecting to subchannel.", DebugException="System.Net.Sockets.SocketException (10061): 由于目标计算机积极拒绝，无法连接。
   at System.Net.Sockets.Socket.AwaitableSocketAsyncEventArgs.System.Threading.Tasks.Sources.IValueTaskSource.GetResult(Int16 token)
   at System.Net.Sockets.Socket.<ConnectAsync>g__WaitForConnectWithCancellation|285_0(AwaitableSocketAsyncEventArgs saea, ValueTask connectTask, CancellationToken cancellationToken)
   at Grpc.Net.Client.Balancer.Internal.SocketConnectivitySubchannelTransport.TryConnectAsync(CancellationToken cancellationToken)")
   at Grpc.Net.Client.Balancer.Internal.ConnectionManager.PickAsync(PickContext context, Boolean waitForReady, CancellationToken cancellationToken)
   at Grpc.Net.Client.Balancer.Internal.BalancerHttpHandler.SendAsync(HttpRequestMessage request, CancellationToken cancellationToken)
   at Grpc.Net.Client.Internal.GrpcCall`2.RunCall(HttpRequestMessage request, Nullable`1 timeout)
   at SkyApm.Transport.Grpc.V8.ServiceRegister.<>c__DisplayClass9_0.<<ReportInstancePropertiesAsync>b__0>d.MoveNext()
--- End of stack trace from previous location ---
   at SkyApm.Transport.Grpc.Common.Call.Execute[T](Func`1 task, Func`1 errCallback, Func`1 errMessage)
2025-10-28 16:50:51.827 +08:00 [docker-arsidentityserver0421001] [Warning] SkyApm.Transport.Grpc.ConnectionManager : Connection state changed. Status(StatusCode="Unavailable", Detail="Error connecting to subchannel.", DebugException="System.Net.Sockets.SocketException (10061): 由于目标计算机积极拒绝，无法连接。
   at System.Net.Sockets.Socket.AwaitableSocketAsyncEventArgs.System.Threading.Tasks.Sources.IValueTaskSource.GetResult(Int16 token)
   at System.Net.Sockets.Socket.<ConnectAsync>g__WaitForConnectWithCancellation|285_0(AwaitableSocketAsyncEventArgs saea, ValueTask connectTask, CancellationToken cancellationToken)
   at Grpc.Net.Client.Balancer.Internal.SocketConnectivitySubchannelTransport.TryConnectAsync(CancellationToken cancellationToken)")
2025-10-28 16:51:03.981 +08:00 [docker-arsidentityserver0421001] [Information] SkyApm.Transport.Grpc.ConnectionManager : Shutdown connection[172.20.64.1:11800].
2025-10-28 16:51:03.982 +08:00 [docker-arsidentityserver0421001] [Information] SkyApm.Transport.Grpc.ConnectionManager : Connected server[172.20.64.1:11800].
2025-10-28 16:51:18.188 +08:00 [docker-arsidentityserver0421001] [Error] SkyApm.Transport.Grpc.V8.ServiceRegister : Report service instance properties fail.
Grpc.Core.RpcException: Status(StatusCode="Unavailable", Detail="Error connecting to subchannel.", DebugException="System.Net.Sockets.SocketException (10061): 由于目标计算机积极拒绝，无法连接。
   at System.Net.Sockets.Socket.AwaitableSocketAsyncEventArgs.System.Threading.Tasks.Sources.IValueTaskSource.GetResult(Int16 token)
   at System.Net.Sockets.Socket.<ConnectAsync>g__WaitForConnectWithCancellation|285_0(AwaitableSocketAsyncEventArgs saea, ValueTask connectTask, CancellationToken cancellationToken)
   at Grpc.Net.Client.Balancer.Internal.SocketConnectivitySubchannelTransport.TryConnectAsync(CancellationToken cancellationToken)")
   at Grpc.Net.Client.Balancer.Internal.ConnectionManager.PickAsync(PickContext context, Boolean waitForReady, CancellationToken cancellationToken)
   at Grpc.Net.Client.Balancer.Internal.BalancerHttpHandler.SendAsync(HttpRequestMessage request, CancellationToken cancellationToken)
   at Grpc.Net.Client.Internal.GrpcCall`2.RunCall(HttpRequestMessage request, Nullable`1 timeout)
   at SkyApm.Transport.Grpc.V8.ServiceRegister.<>c__DisplayClass9_0.<<ReportInstancePropertiesAsync>b__0>d.MoveNext()
--- End of stack trace from previous location ---
   at SkyApm.Transport.Grpc.Common.Call.Execute[T](Func`1 task, Func`1 errCallback, Func`1 errMessage)
2025-10-28 16:51:18.188 +08:00 [docker-arsidentityserver0421001] [Warning] SkyApm.Transport.Grpc.ConnectionManager : Connection state changed. Status(StatusCode="Unavailable", Detail="Error connecting to subchannel.", DebugException="System.Net.Sockets.SocketException (10061): 由于目标计算机积极拒绝，无法连接。
   at System.Net.Sockets.Socket.AwaitableSocketAsyncEventArgs.System.Threading.Tasks.Sources.IValueTaskSource.GetResult(Int16 token)
   at System.Net.Sockets.Socket.<ConnectAsync>g__WaitForConnectWithCancellation|285_0(AwaitableSocketAsyncEventArgs saea, ValueTask connectTask, CancellationToken cancellationToken)
   at Grpc.Net.Client.Balancer.Internal.SocketConnectivitySubchannelTransport.TryConnectAsync(CancellationToken cancellationToken)")
2025-10-28 16:51:18.977 +08:00 [docker-arsidentityserver0421001] [Information] SkyApm.Transport.Grpc.ConnectionManager : Shutdown connection[172.20.64.1:11800].
2025-10-28 16:51:18.978 +08:00 [docker-arsidentityserver0421001] [Information] SkyApm.Transport.Grpc.ConnectionManager : Connected server[172.20.64.1:11800].
2025-10-28 16:51:21.243 +08:00 [docker-arsidentityserver0421001] [Error] SkyApm.Transport.Grpc.V8.ServiceRegister : Report service instance properties fail.
Grpc.Core.RpcException: Status(StatusCode="Unavailable", Detail="Error connecting to subchannel.", DebugException="System.Net.Sockets.SocketException (10061): 由于目标计算机积极拒绝，无法连接。
   at System.Net.Sockets.Socket.AwaitableSocketAsyncEventArgs.System.Threading.Tasks.Sources.IValueTaskSource.GetResult(Int16 token)
   at System.Net.Sockets.Socket.<ConnectAsync>g__WaitForConnectWithCancellation|285_0(AwaitableSocketAsyncEventArgs saea, ValueTask connectTask, CancellationToken cancellationToken)
   at Grpc.Net.Client.Balancer.Internal.SocketConnectivitySubchannelTransport.TryConnectAsync(CancellationToken cancellationToken)")
   at Grpc.Net.Client.Balancer.Internal.ConnectionManager.PickAsync(PickContext context, Boolean waitForReady, CancellationToken cancellationToken)
   at Grpc.Net.Client.Balancer.Internal.BalancerHttpHandler.SendAsync(HttpRequestMessage request, CancellationToken cancellationToken)
   at Grpc.Net.Client.Internal.GrpcCall`2.RunCall(HttpRequestMessage request, Nullable`1 timeout)
   at SkyApm.Transport.Grpc.V8.ServiceRegister.<>c__DisplayClass9_0.<<ReportInstancePropertiesAsync>b__0>d.MoveNext()
--- End of stack trace from previous location ---
   at SkyApm.Transport.Grpc.Common.Call.Execute[T](Func`1 task, Func`1 errCallback, Func`1 errMessage)
2025-10-28 16:51:21.243 +08:00 [docker-arsidentityserver0421001] [Warning] SkyApm.Transport.Grpc.ConnectionManager : Connection state changed. Status(StatusCode="Unavailable", Detail="Error connecting to subchannel.", DebugException="System.Net.Sockets.SocketException (10061): 由于目标计算机积极拒绝，无法连接。
   at System.Net.Sockets.Socket.AwaitableSocketAsyncEventArgs.System.Threading.Tasks.Sources.IValueTaskSource.GetResult(Int16 token)
   at System.Net.Sockets.Socket.<ConnectAsync>g__WaitForConnectWithCancellation|285_0(AwaitableSocketAsyncEventArgs saea, ValueTask connectTask, CancellationToken cancellationToken)
   at Grpc.Net.Client.Balancer.Internal.SocketConnectivitySubchannelTransport.TryConnectAsync(CancellationToken cancellationToken)")
2025-10-28 16:51:33.987 +08:00 [docker-arsidentityserver0421001] [Information] SkyApm.Transport.Grpc.ConnectionManager : Shutdown connection[172.20.64.1:11800].
2025-10-28 16:51:33.988 +08:00 [docker-arsidentityserver0421001] [Information] SkyApm.Transport.Grpc.ConnectionManager : Connected server[172.20.64.1:11800].
2025-10-28 16:51:48.226 +08:00 [docker-arsidentityserver0421001] [Error] SkyApm.Transport.Grpc.V8.ServiceRegister : Report service instance properties fail.
Grpc.Core.RpcException: Status(StatusCode="Unavailable", Detail="Error connecting to subchannel.", DebugException="System.Net.Sockets.SocketException (10061): 由于目标计算机积极拒绝，无法连接。
   at System.Net.Sockets.Socket.AwaitableSocketAsyncEventArgs.System.Threading.Tasks.Sources.IValueTaskSource.GetResult(Int16 token)
   at System.Net.Sockets.Socket.<ConnectAsync>g__WaitForConnectWithCancellation|285_0(AwaitableSocketAsyncEventArgs saea, ValueTask connectTask, CancellationToken cancellationToken)
   at Grpc.Net.Client.Balancer.Internal.SocketConnectivitySubchannelTransport.TryConnectAsync(CancellationToken cancellationToken)")
   at Grpc.Net.Client.Balancer.Internal.ConnectionManager.PickAsync(PickContext context, Boolean waitForReady, CancellationToken cancellationToken)
   at Grpc.Net.Client.Balancer.Internal.BalancerHttpHandler.SendAsync(HttpRequestMessage request, CancellationToken cancellationToken)
   at Grpc.Net.Client.Internal.GrpcCall`2.RunCall(HttpRequestMessage request, Nullable`1 timeout)
   at SkyApm.Transport.Grpc.V8.ServiceRegister.<>c__DisplayClass9_0.<<ReportInstancePropertiesAsync>b__0>d.MoveNext()
--- End of stack trace from previous location ---
   at SkyApm.Transport.Grpc.Common.Call.Execute[T](Func`1 task, Func`1 errCallback, Func`1 errMessage)
2025-10-28 16:51:48.226 +08:00 [docker-arsidentityserver0421001] [Warning] SkyApm.Transport.Grpc.ConnectionManager : Connection state changed. Status(StatusCode="Unavailable", Detail="Error connecting to subchannel.", DebugException="System.Net.Sockets.SocketException (10061): 由于目标计算机积极拒绝，无法连接。
   at System.Net.Sockets.Socket.AwaitableSocketAsyncEventArgs.System.Threading.Tasks.Sources.IValueTaskSource.GetResult(Int16 token)
   at System.Net.Sockets.Socket.<ConnectAsync>g__WaitForConnectWithCancellation|285_0(AwaitableSocketAsyncEventArgs saea, ValueTask connectTask, CancellationToken cancellationToken)
   at Grpc.Net.Client.Balancer.Internal.SocketConnectivitySubchannelTransport.TryConnectAsync(CancellationToken cancellationToken)")
2025-10-28 16:51:48.974 +08:00 [docker-arsidentityserver0421001] [Information] SkyApm.Transport.Grpc.ConnectionManager : Shutdown connection[172.20.64.1:11800].
2025-10-28 16:51:48.975 +08:00 [docker-arsidentityserver0421001] [Information] SkyApm.Transport.Grpc.ConnectionManager : Connected server[172.20.64.1:11800].
2025-10-28 16:51:51.299 +08:00 [docker-arsidentityserver0421001] [Error] SkyApm.Transport.Grpc.V8.ServiceRegister : Report service instance properties fail.
Grpc.Core.RpcException: Status(StatusCode="Unavailable", Detail="Error connecting to subchannel.", DebugException="System.Net.Sockets.SocketException (10061): 由于目标计算机积极拒绝，无法连接。
   at System.Net.Sockets.Socket.AwaitableSocketAsyncEventArgs.System.Threading.Tasks.Sources.IValueTaskSource.GetResult(Int16 token)
   at System.Net.Sockets.Socket.<ConnectAsync>g__WaitForConnectWithCancellation|285_0(AwaitableSocketAsyncEventArgs saea, ValueTask connectTask, CancellationToken cancellationToken)
   at Grpc.Net.Client.Balancer.Internal.SocketConnectivitySubchannelTransport.TryConnectAsync(CancellationToken cancellationToken)")
   at Grpc.Net.Client.Balancer.Internal.ConnectionManager.PickAsync(PickContext context, Boolean waitForReady, CancellationToken cancellationToken)
   at Grpc.Net.Client.Balancer.Internal.BalancerHttpHandler.SendAsync(HttpRequestMessage request, CancellationToken cancellationToken)
   at Grpc.Net.Client.Internal.GrpcCall`2.RunCall(HttpRequestMessage request, Nullable`1 timeout)
   at SkyApm.Transport.Grpc.V8.ServiceRegister.<>c__DisplayClass9_0.<<ReportInstancePropertiesAsync>b__0>d.MoveNext()
--- End of stack trace from previous location ---
   at SkyApm.Transport.Grpc.Common.Call.Execute[T](Func`1 task, Func`1 errCallback, Func`1 errMessage)
2025-10-28 16:51:51.299 +08:00 [docker-arsidentityserver0421001] [Warning] SkyApm.Transport.Grpc.ConnectionManager : Connection state changed. Status(StatusCode="Unavailable", Detail="Error connecting to subchannel.", DebugException="System.Net.Sockets.SocketException (10061): 由于目标计算机积极拒绝，无法连接。
   at System.Net.Sockets.Socket.AwaitableSocketAsyncEventArgs.System.Threading.Tasks.Sources.IValueTaskSource.GetResult(Int16 token)
   at System.Net.Sockets.Socket.<ConnectAsync>g__WaitForConnectWithCancellation|285_0(AwaitableSocketAsyncEventArgs saea, ValueTask connectTask, CancellationToken cancellationToken)
   at Grpc.Net.Client.Balancer.Internal.SocketConnectivitySubchannelTransport.TryConnectAsync(CancellationToken cancellationToken)")
2025-10-28 16:52:03.986 +08:00 [docker-arsidentityserver0421001] [Information] SkyApm.Transport.Grpc.ConnectionManager : Shutdown connection[172.20.64.1:11800].
2025-10-28 16:52:03.987 +08:00 [docker-arsidentityserver0421001] [Information] SkyApm.Transport.Grpc.ConnectionManager : Connected server[172.20.64.1:11800].
2025-10-28 16:52:18.202 +08:00 [docker-arsidentityserver0421001] [Error] SkyApm.Transport.Grpc.V8.ServiceRegister : Report service instance properties fail.
Grpc.Core.RpcException: Status(StatusCode="Unavailable", Detail="Error connecting to subchannel.", DebugException="System.Net.Sockets.SocketException (10061): 由于目标计算机积极拒绝，无法连接。
   at System.Net.Sockets.Socket.AwaitableSocketAsyncEventArgs.System.Threading.Tasks.Sources.IValueTaskSource.GetResult(Int16 token)
   at System.Net.Sockets.Socket.<ConnectAsync>g__WaitForConnectWithCancellation|285_0(AwaitableSocketAsyncEventArgs saea, ValueTask connectTask, CancellationToken cancellationToken)
   at Grpc.Net.Client.Balancer.Internal.SocketConnectivitySubchannelTransport.TryConnectAsync(CancellationToken cancellationToken)")
   at Grpc.Net.Client.Balancer.Internal.ConnectionManager.PickAsync(PickContext context, Boolean waitForReady, CancellationToken cancellationToken)
   at Grpc.Net.Client.Balancer.Internal.BalancerHttpHandler.SendAsync(HttpRequestMessage request, CancellationToken cancellationToken)
   at Grpc.Net.Client.Internal.GrpcCall`2.RunCall(HttpRequestMessage request, Nullable`1 timeout)
   at SkyApm.Transport.Grpc.V8.ServiceRegister.<>c__DisplayClass9_0.<<ReportInstancePropertiesAsync>b__0>d.MoveNext()
--- End of stack trace from previous location ---
   at SkyApm.Transport.Grpc.Common.Call.Execute[T](Func`1 task, Func`1 errCallback, Func`1 errMessage)
2025-10-28 16:52:18.202 +08:00 [docker-arsidentityserver0421001] [Warning] SkyApm.Transport.Grpc.ConnectionManager : Connection state changed. Status(StatusCode="Unavailable", Detail="Error connecting to subchannel.", DebugException="System.Net.Sockets.SocketException (10061): 由于目标计算机积极拒绝，无法连接。
   at System.Net.Sockets.Socket.AwaitableSocketAsyncEventArgs.System.Threading.Tasks.Sources.IValueTaskSource.GetResult(Int16 token)
   at System.Net.Sockets.Socket.<ConnectAsync>g__WaitForConnectWithCancellation|285_0(AwaitableSocketAsyncEventArgs saea, ValueTask connectTask, CancellationToken cancellationToken)
   at Grpc.Net.Client.Balancer.Internal.SocketConnectivitySubchannelTransport.TryConnectAsync(CancellationToken cancellationToken)")
2025-10-28 16:52:18.978 +08:00 [docker-arsidentityserver0421001] [Information] SkyApm.Transport.Grpc.ConnectionManager : Shutdown connection[172.20.64.1:11800].
2025-10-28 16:52:18.978 +08:00 [docker-arsidentityserver0421001] [Information] SkyApm.Transport.Grpc.ConnectionManager : Connected server[172.20.64.1:11800].
2025-10-28 16:52:21.269 +08:00 [docker-arsidentityserver0421001] [Error] SkyApm.Transport.Grpc.V8.ServiceRegister : Report service instance properties fail.
Grpc.Core.RpcException: Status(StatusCode="Unavailable", Detail="Error connecting to subchannel.", DebugException="System.Net.Sockets.SocketException (10061): 由于目标计算机积极拒绝，无法连接。
   at System.Net.Sockets.Socket.AwaitableSocketAsyncEventArgs.System.Threading.Tasks.Sources.IValueTaskSource.GetResult(Int16 token)
   at System.Net.Sockets.Socket.<ConnectAsync>g__WaitForConnectWithCancellation|285_0(AwaitableSocketAsyncEventArgs saea, ValueTask connectTask, CancellationToken cancellationToken)
   at Grpc.Net.Client.Balancer.Internal.SocketConnectivitySubchannelTransport.TryConnectAsync(CancellationToken cancellationToken)")
   at Grpc.Net.Client.Balancer.Internal.ConnectionManager.PickAsync(PickContext context, Boolean waitForReady, CancellationToken cancellationToken)
   at Grpc.Net.Client.Balancer.Internal.BalancerHttpHandler.SendAsync(HttpRequestMessage request, CancellationToken cancellationToken)
   at Grpc.Net.Client.Internal.GrpcCall`2.RunCall(HttpRequestMessage request, Nullable`1 timeout)
   at SkyApm.Transport.Grpc.V8.ServiceRegister.<>c__DisplayClass9_0.<<ReportInstancePropertiesAsync>b__0>d.MoveNext()
--- End of stack trace from previous location ---
   at SkyApm.Transport.Grpc.Common.Call.Execute[T](Func`1 task, Func`1 errCallback, Func`1 errMessage)
2025-10-28 16:52:21.269 +08:00 [docker-arsidentityserver0421001] [Warning] SkyApm.Transport.Grpc.ConnectionManager : Connection state changed. Status(StatusCode="Unavailable", Detail="Error connecting to subchannel.", DebugException="System.Net.Sockets.SocketException (10061): 由于目标计算机积极拒绝，无法连接。
   at System.Net.Sockets.Socket.AwaitableSocketAsyncEventArgs.System.Threading.Tasks.Sources.IValueTaskSource.GetResult(Int16 token)
   at System.Net.Sockets.Socket.<ConnectAsync>g__WaitForConnectWithCancellation|285_0(AwaitableSocketAsyncEventArgs saea, ValueTask connectTask, CancellationToken cancellationToken)
   at Grpc.Net.Client.Balancer.Internal.SocketConnectivitySubchannelTransport.TryConnectAsync(CancellationToken cancellationToken)")
2025-10-28 16:52:33.986 +08:00 [docker-arsidentityserver0421001] [Information] SkyApm.Transport.Grpc.ConnectionManager : Shutdown connection[172.20.64.1:11800].
2025-10-28 16:52:33.986 +08:00 [docker-arsidentityserver0421001] [Information] SkyApm.Transport.Grpc.ConnectionManager : Connected server[172.20.64.1:11800].
2025-10-28 16:52:48.213 +08:00 [docker-arsidentityserver0421001] [Error] SkyApm.Transport.Grpc.V8.ServiceRegister : Report service instance properties fail.
Grpc.Core.RpcException: Status(StatusCode="Unavailable", Detail="Error connecting to subchannel.", DebugException="System.Net.Sockets.SocketException (10061): 由于目标计算机积极拒绝，无法连接。
   at System.Net.Sockets.Socket.AwaitableSocketAsyncEventArgs.System.Threading.Tasks.Sources.IValueTaskSource.GetResult(Int16 token)
   at System.Net.Sockets.Socket.<ConnectAsync>g__WaitForConnectWithCancellation|285_0(AwaitableSocketAsyncEventArgs saea, ValueTask connectTask, CancellationToken cancellationToken)
   at Grpc.Net.Client.Balancer.Internal.SocketConnectivitySubchannelTransport.TryConnectAsync(CancellationToken cancellationToken)")
   at Grpc.Net.Client.Balancer.Internal.ConnectionManager.PickAsync(PickContext context, Boolean waitForReady, CancellationToken cancellationToken)
   at Grpc.Net.Client.Balancer.Internal.BalancerHttpHandler.SendAsync(HttpRequestMessage request, CancellationToken cancellationToken)
   at Grpc.Net.Client.Internal.GrpcCall`2.RunCall(HttpRequestMessage request, Nullable`1 timeout)
   at SkyApm.Transport.Grpc.V8.ServiceRegister.<>c__DisplayClass9_0.<<ReportInstancePropertiesAsync>b__0>d.MoveNext()
--- End of stack trace from previous location ---
   at SkyApm.Transport.Grpc.Common.Call.Execute[T](Func`1 task, Func`1 errCallback, Func`1 errMessage)
2025-10-28 16:52:48.213 +08:00 [docker-arsidentityserver0421001] [Warning] SkyApm.Transport.Grpc.ConnectionManager : Connection state changed. Status(StatusCode="Unavailable", Detail="Error connecting to subchannel.", DebugException="System.Net.Sockets.SocketException (10061): 由于目标计算机积极拒绝，无法连接。
   at System.Net.Sockets.Socket.AwaitableSocketAsyncEventArgs.System.Threading.Tasks.Sources.IValueTaskSource.GetResult(Int16 token)
   at System.Net.Sockets.Socket.<ConnectAsync>g__WaitForConnectWithCancellation|285_0(AwaitableSocketAsyncEventArgs saea, ValueTask connectTask, CancellationToken cancellationToken)
   at Grpc.Net.Client.Balancer.Internal.SocketConnectivitySubchannelTransport.TryConnectAsync(CancellationToken cancellationToken)")
2025-10-28 16:52:48.990 +08:00 [docker-arsidentityserver0421001] [Information] SkyApm.Transport.Grpc.ConnectionManager : Shutdown connection[172.20.64.1:11800].
2025-10-28 16:52:48.990 +08:00 [docker-arsidentityserver0421001] [Information] SkyApm.Transport.Grpc.ConnectionManager : Connected server[172.20.64.1:11800].
2025-10-28 16:52:51.287 +08:00 [docker-arsidentityserver0421001] [Error] SkyApm.Transport.Grpc.V8.ServiceRegister : Report service instance properties fail.
Grpc.Core.RpcException: Status(StatusCode="Unavailable", Detail="Error connecting to subchannel.", DebugException="System.Net.Sockets.SocketException (10061): 由于目标计算机积极拒绝，无法连接。
   at System.Net.Sockets.Socket.AwaitableSocketAsyncEventArgs.System.Threading.Tasks.Sources.IValueTaskSource.GetResult(Int16 token)
   at System.Net.Sockets.Socket.<ConnectAsync>g__WaitForConnectWithCancellation|285_0(AwaitableSocketAsyncEventArgs saea, ValueTask connectTask, CancellationToken cancellationToken)
   at Grpc.Net.Client.Balancer.Internal.SocketConnectivitySubchannelTransport.TryConnectAsync(CancellationToken cancellationToken)")
   at Grpc.Net.Client.Balancer.Internal.ConnectionManager.PickAsync(PickContext context, Boolean waitForReady, CancellationToken cancellationToken)
   at Grpc.Net.Client.Balancer.Internal.BalancerHttpHandler.SendAsync(HttpRequestMessage request, CancellationToken cancellationToken)
   at Grpc.Net.Client.Internal.GrpcCall`2.RunCall(HttpRequestMessage request, Nullable`1 timeout)
   at SkyApm.Transport.Grpc.V8.ServiceRegister.<>c__DisplayClass9_0.<<ReportInstancePropertiesAsync>b__0>d.MoveNext()
--- End of stack trace from previous location ---
   at SkyApm.Transport.Grpc.Common.Call.Execute[T](Func`1 task, Func`1 errCallback, Func`1 errMessage)
2025-10-28 16:52:51.288 +08:00 [docker-arsidentityserver0421001] [Warning] SkyApm.Transport.Grpc.ConnectionManager : Connection state changed. Status(StatusCode="Unavailable", Detail="Error connecting to subchannel.", DebugException="System.Net.Sockets.SocketException (10061): 由于目标计算机积极拒绝，无法连接。
   at System.Net.Sockets.Socket.AwaitableSocketAsyncEventArgs.System.Threading.Tasks.Sources.IValueTaskSource.GetResult(Int16 token)
   at System.Net.Sockets.Socket.<ConnectAsync>g__WaitForConnectWithCancellation|285_0(AwaitableSocketAsyncEventArgs saea, ValueTask connectTask, CancellationToken cancellationToken)
   at Grpc.Net.Client.Balancer.Internal.SocketConnectivitySubchannelTransport.TryConnectAsync(CancellationToken cancellationToken)")
2025-10-28 16:53:10.371 +08:00 [docker-arsidentityserver0421001] [Information] SkyApm.Transport.Grpc.ConnectionManager : Shutdown connection[172.20.64.1:11800].
2025-10-28 16:53:10.372 +08:00 [docker-arsidentityserver0421001] [Information] SkyApm.Transport.Grpc.ConnectionManager : Connected server[172.20.64.1:11800].
2025-10-28 16:53:30.062 +08:00 [docker-arsidentityserver0421001] [Error] SkyApm.Transport.Grpc.V8.ServiceRegister : Report service instance properties fail.
Grpc.Core.RpcException: Status(StatusCode="Unavailable", Detail="Error connecting to subchannel.", DebugException="System.Net.Sockets.SocketException (10061): 由于目标计算机积极拒绝，无法连接。
   at System.Net.Sockets.Socket.AwaitableSocketAsyncEventArgs.System.Threading.Tasks.Sources.IValueTaskSource.GetResult(Int16 token)
   at System.Net.Sockets.Socket.<ConnectAsync>g__WaitForConnectWithCancellation|285_0(AwaitableSocketAsyncEventArgs saea, ValueTask connectTask, CancellationToken cancellationToken)
   at Grpc.Net.Client.Balancer.Internal.SocketConnectivitySubchannelTransport.TryConnectAsync(CancellationToken cancellationToken)")
   at Grpc.Net.Client.Balancer.Internal.ConnectionManager.PickAsync(PickContext context, Boolean waitForReady, CancellationToken cancellationToken)
   at Grpc.Net.Client.Balancer.Internal.BalancerHttpHandler.SendAsync(HttpRequestMessage request, CancellationToken cancellationToken)
   at Grpc.Net.Client.Internal.GrpcCall`2.RunCall(HttpRequestMessage request, Nullable`1 timeout)
   at SkyApm.Transport.Grpc.V8.ServiceRegister.<>c__DisplayClass9_0.<<ReportInstancePropertiesAsync>b__0>d.MoveNext()
--- End of stack trace from previous location ---
   at SkyApm.Transport.Grpc.Common.Call.Execute[T](Func`1 task, Func`1 errCallback, Func`1 errMessage)
2025-10-28 16:53:30.062 +08:00 [docker-arsidentityserver0421001] [Warning] SkyApm.Transport.Grpc.ConnectionManager : Connection state changed. Status(StatusCode="Unavailable", Detail="Error connecting to subchannel.", DebugException="System.Net.Sockets.SocketException (10061): 由于目标计算机积极拒绝，无法连接。
   at System.Net.Sockets.Socket.AwaitableSocketAsyncEventArgs.System.Threading.Tasks.Sources.IValueTaskSource.GetResult(Int16 token)
   at System.Net.Sockets.Socket.<ConnectAsync>g__WaitForConnectWithCancellation|285_0(AwaitableSocketAsyncEventArgs saea, ValueTask connectTask, CancellationToken cancellationToken)
   at Grpc.Net.Client.Balancer.Internal.SocketConnectivitySubchannelTransport.TryConnectAsync(CancellationToken cancellationToken)")
2025-10-28 16:53:33.989 +08:00 [docker-arsidentityserver0421001] [Information] SkyApm.Transport.Grpc.ConnectionManager : Shutdown connection[172.20.64.1:11800].
2025-10-28 16:53:33.989 +08:00 [docker-arsidentityserver0421001] [Information] SkyApm.Transport.Grpc.ConnectionManager : Connected server[172.20.64.1:11800].
2025-10-28 16:53:48.216 +08:00 [docker-arsidentityserver0421001] [Error] SkyApm.Transport.Grpc.V8.ServiceRegister : Report service instance properties fail.
Grpc.Core.RpcException: Status(StatusCode="Unavailable", Detail="Error connecting to subchannel.", DebugException="System.Net.Sockets.SocketException (10061): 由于目标计算机积极拒绝，无法连接。
   at System.Net.Sockets.Socket.AwaitableSocketAsyncEventArgs.System.Threading.Tasks.Sources.IValueTaskSource.GetResult(Int16 token)
   at System.Net.Sockets.Socket.<ConnectAsync>g__WaitForConnectWithCancellation|285_0(AwaitableSocketAsyncEventArgs saea, ValueTask connectTask, CancellationToken cancellationToken)
   at Grpc.Net.Client.Balancer.Internal.SocketConnectivitySubchannelTransport.TryConnectAsync(CancellationToken cancellationToken)")
   at Grpc.Net.Client.Balancer.Internal.ConnectionManager.PickAsync(PickContext context, Boolean waitForReady, CancellationToken cancellationToken)
   at Grpc.Net.Client.Balancer.Internal.BalancerHttpHandler.SendAsync(HttpRequestMessage request, CancellationToken cancellationToken)
   at Grpc.Net.Client.Internal.GrpcCall`2.RunCall(HttpRequestMessage request, Nullable`1 timeout)
   at SkyApm.Transport.Grpc.V8.ServiceRegister.<>c__DisplayClass9_0.<<ReportInstancePropertiesAsync>b__0>d.MoveNext()
--- End of stack trace from previous location ---
   at SkyApm.Transport.Grpc.Common.Call.Execute[T](Func`1 task, Func`1 errCallback, Func`1 errMessage)
2025-10-28 16:53:48.216 +08:00 [docker-arsidentityserver0421001] [Warning] SkyApm.Transport.Grpc.ConnectionManager : Connection state changed. Status(StatusCode="Unavailable", Detail="Error connecting to subchannel.", DebugException="System.Net.Sockets.SocketException (10061): 由于目标计算机积极拒绝，无法连接。
   at System.Net.Sockets.Socket.AwaitableSocketAsyncEventArgs.System.Threading.Tasks.Sources.IValueTaskSource.GetResult(Int16 token)
   at System.Net.Sockets.Socket.<ConnectAsync>g__WaitForConnectWithCancellation|285_0(AwaitableSocketAsyncEventArgs saea, ValueTask connectTask, CancellationToken cancellationToken)
   at Grpc.Net.Client.Balancer.Internal.SocketConnectivitySubchannelTransport.TryConnectAsync(CancellationToken cancellationToken)")
2025-10-28 16:53:48.980 +08:00 [docker-arsidentityserver0421001] [Information] SkyApm.Transport.Grpc.ConnectionManager : Shutdown connection[172.20.64.1:11800].
2025-10-28 16:53:48.980 +08:00 [docker-arsidentityserver0421001] [Information] SkyApm.Transport.Grpc.ConnectionManager : Connected server[172.20.64.1:11800].
2025-10-28 16:53:51.315 +08:00 [docker-arsidentityserver0421001] [Error] SkyApm.Transport.Grpc.V8.ServiceRegister : Report service instance properties fail.
Grpc.Core.RpcException: Status(StatusCode="Unavailable", Detail="Error connecting to subchannel.", DebugException="System.Net.Sockets.SocketException (10061): 由于目标计算机积极拒绝，无法连接。
   at System.Net.Sockets.Socket.AwaitableSocketAsyncEventArgs.System.Threading.Tasks.Sources.IValueTaskSource.GetResult(Int16 token)
   at System.Net.Sockets.Socket.<ConnectAsync>g__WaitForConnectWithCancellation|285_0(AwaitableSocketAsyncEventArgs saea, ValueTask connectTask, CancellationToken cancellationToken)
   at Grpc.Net.Client.Balancer.Internal.SocketConnectivitySubchannelTransport.TryConnectAsync(CancellationToken cancellationToken)")
   at Grpc.Net.Client.Balancer.Internal.ConnectionManager.PickAsync(PickContext context, Boolean waitForReady, CancellationToken cancellationToken)
   at Grpc.Net.Client.Balancer.Internal.BalancerHttpHandler.SendAsync(HttpRequestMessage request, CancellationToken cancellationToken)
   at Grpc.Net.Client.Internal.GrpcCall`2.RunCall(HttpRequestMessage request, Nullable`1 timeout)
   at SkyApm.Transport.Grpc.V8.ServiceRegister.<>c__DisplayClass9_0.<<ReportInstancePropertiesAsync>b__0>d.MoveNext()
--- End of stack trace from previous location ---
   at SkyApm.Transport.Grpc.Common.Call.Execute[T](Func`1 task, Func`1 errCallback, Func`1 errMessage)
2025-10-28 16:53:51.315 +08:00 [docker-arsidentityserver0421001] [Warning] SkyApm.Transport.Grpc.ConnectionManager : Connection state changed. Status(StatusCode="Unavailable", Detail="Error connecting to subchannel.", DebugException="System.Net.Sockets.SocketException (10061): 由于目标计算机积极拒绝，无法连接。
   at System.Net.Sockets.Socket.AwaitableSocketAsyncEventArgs.System.Threading.Tasks.Sources.IValueTaskSource.GetResult(Int16 token)
   at System.Net.Sockets.Socket.<ConnectAsync>g__WaitForConnectWithCancellation|285_0(AwaitableSocketAsyncEventArgs saea, ValueTask connectTask, CancellationToken cancellationToken)
   at Grpc.Net.Client.Balancer.Internal.SocketConnectivitySubchannelTransport.TryConnectAsync(CancellationToken cancellationToken)")
2025-10-28 16:54:03.981 +08:00 [docker-arsidentityserver0421001] [Information] SkyApm.Transport.Grpc.ConnectionManager : Shutdown connection[172.20.64.1:11800].
2025-10-28 16:54:03.981 +08:00 [docker-arsidentityserver0421001] [Information] SkyApm.Transport.Grpc.ConnectionManager : Connected server[172.20.64.1:11800].
2025-10-28 16:54:18.213 +08:00 [docker-arsidentityserver0421001] [Error] SkyApm.Transport.Grpc.V8.ServiceRegister : Report service instance properties fail.
Grpc.Core.RpcException: Status(StatusCode="Unavailable", Detail="Error connecting to subchannel.", DebugException="System.Net.Sockets.SocketException (10061): 由于目标计算机积极拒绝，无法连接。
   at System.Net.Sockets.Socket.AwaitableSocketAsyncEventArgs.System.Threading.Tasks.Sources.IValueTaskSource.GetResult(Int16 token)
   at System.Net.Sockets.Socket.<ConnectAsync>g__WaitForConnectWithCancellation|285_0(AwaitableSocketAsyncEventArgs saea, ValueTask connectTask, CancellationToken cancellationToken)
   at Grpc.Net.Client.Balancer.Internal.SocketConnectivitySubchannelTransport.TryConnectAsync(CancellationToken cancellationToken)")
   at Grpc.Net.Client.Balancer.Internal.ConnectionManager.PickAsync(PickContext context, Boolean waitForReady, CancellationToken cancellationToken)
   at Grpc.Net.Client.Balancer.Internal.BalancerHttpHandler.SendAsync(HttpRequestMessage request, CancellationToken cancellationToken)
   at Grpc.Net.Client.Internal.GrpcCall`2.RunCall(HttpRequestMessage request, Nullable`1 timeout)
   at SkyApm.Transport.Grpc.V8.ServiceRegister.<>c__DisplayClass9_0.<<ReportInstancePropertiesAsync>b__0>d.MoveNext()
--- End of stack trace from previous location ---
   at SkyApm.Transport.Grpc.Common.Call.Execute[T](Func`1 task, Func`1 errCallback, Func`1 errMessage)
2025-10-28 16:54:18.213 +08:00 [docker-arsidentityserver0421001] [Warning] SkyApm.Transport.Grpc.ConnectionManager : Connection state changed. Status(StatusCode="Unavailable", Detail="Error connecting to subchannel.", DebugException="System.Net.Sockets.SocketException (10061): 由于目标计算机积极拒绝，无法连接。
   at System.Net.Sockets.Socket.AwaitableSocketAsyncEventArgs.System.Threading.Tasks.Sources.IValueTaskSource.GetResult(Int16 token)
   at System.Net.Sockets.Socket.<ConnectAsync>g__WaitForConnectWithCancellation|285_0(AwaitableSocketAsyncEventArgs saea, ValueTask connectTask, CancellationToken cancellationToken)
   at Grpc.Net.Client.Balancer.Internal.SocketConnectivitySubchannelTransport.TryConnectAsync(CancellationToken cancellationToken)")
2025-10-28 16:54:18.974 +08:00 [docker-arsidentityserver0421001] [Information] SkyApm.Transport.Grpc.ConnectionManager : Shutdown connection[172.20.64.1:11800].
2025-10-28 16:54:18.974 +08:00 [docker-arsidentityserver0421001] [Information] SkyApm.Transport.Grpc.ConnectionManager : Connected server[172.20.64.1:11800].
2025-10-28 16:54:21.281 +08:00 [docker-arsidentityserver0421001] [Error] SkyApm.Transport.Grpc.V8.ServiceRegister : Report service instance properties fail.
Grpc.Core.RpcException: Status(StatusCode="Unavailable", Detail="Error connecting to subchannel.", DebugException="System.Net.Sockets.SocketException (10061): 由于目标计算机积极拒绝，无法连接。
   at System.Net.Sockets.Socket.AwaitableSocketAsyncEventArgs.System.Threading.Tasks.Sources.IValueTaskSource.GetResult(Int16 token)
   at System.Net.Sockets.Socket.<ConnectAsync>g__WaitForConnectWithCancellation|285_0(AwaitableSocketAsyncEventArgs saea, ValueTask connectTask, CancellationToken cancellationToken)
   at Grpc.Net.Client.Balancer.Internal.SocketConnectivitySubchannelTransport.TryConnectAsync(CancellationToken cancellationToken)")
   at Grpc.Net.Client.Balancer.Internal.ConnectionManager.PickAsync(PickContext context, Boolean waitForReady, CancellationToken cancellationToken)
   at Grpc.Net.Client.Balancer.Internal.BalancerHttpHandler.SendAsync(HttpRequestMessage request, CancellationToken cancellationToken)
   at Grpc.Net.Client.Internal.GrpcCall`2.RunCall(HttpRequestMessage request, Nullable`1 timeout)
   at SkyApm.Transport.Grpc.V8.ServiceRegister.<>c__DisplayClass9_0.<<ReportInstancePropertiesAsync>b__0>d.MoveNext()
--- End of stack trace from previous location ---
   at SkyApm.Transport.Grpc.Common.Call.Execute[T](Func`1 task, Func`1 errCallback, Func`1 errMessage)
2025-10-28 16:54:21.281 +08:00 [docker-arsidentityserver0421001] [Warning] SkyApm.Transport.Grpc.ConnectionManager : Connection state changed. Status(StatusCode="Unavailable", Detail="Error connecting to subchannel.", DebugException="System.Net.Sockets.SocketException (10061): 由于目标计算机积极拒绝，无法连接。
   at System.Net.Sockets.Socket.AwaitableSocketAsyncEventArgs.System.Threading.Tasks.Sources.IValueTaskSource.GetResult(Int16 token)
   at System.Net.Sockets.Socket.<ConnectAsync>g__WaitForConnectWithCancellation|285_0(AwaitableSocketAsyncEventArgs saea, ValueTask connectTask, CancellationToken cancellationToken)
   at Grpc.Net.Client.Balancer.Internal.SocketConnectivitySubchannelTransport.TryConnectAsync(CancellationToken cancellationToken)")
2025-10-28 16:54:33.988 +08:00 [docker-arsidentityserver0421001] [Information] SkyApm.Transport.Grpc.ConnectionManager : Shutdown connection[172.20.64.1:11800].
2025-10-28 16:54:33.988 +08:00 [docker-arsidentityserver0421001] [Information] SkyApm.Transport.Grpc.ConnectionManager : Connected server[172.20.64.1:11800].
2025-10-28 16:54:48.179 +08:00 [docker-arsidentityserver0421001] [Error] SkyApm.Transport.Grpc.V8.ServiceRegister : Report service instance properties fail.
Grpc.Core.RpcException: Status(StatusCode="Unavailable", Detail="Error connecting to subchannel.", DebugException="System.Net.Sockets.SocketException (10061): 由于目标计算机积极拒绝，无法连接。
   at System.Net.Sockets.Socket.AwaitableSocketAsyncEventArgs.System.Threading.Tasks.Sources.IValueTaskSource.GetResult(Int16 token)
   at System.Net.Sockets.Socket.<ConnectAsync>g__WaitForConnectWithCancellation|285_0(AwaitableSocketAsyncEventArgs saea, ValueTask connectTask, CancellationToken cancellationToken)
   at Grpc.Net.Client.Balancer.Internal.SocketConnectivitySubchannelTransport.TryConnectAsync(CancellationToken cancellationToken)")
   at Grpc.Net.Client.Balancer.Internal.ConnectionManager.PickAsync(PickContext context, Boolean waitForReady, CancellationToken cancellationToken)
   at Grpc.Net.Client.Balancer.Internal.BalancerHttpHandler.SendAsync(HttpRequestMessage request, CancellationToken cancellationToken)
   at Grpc.Net.Client.Internal.GrpcCall`2.RunCall(HttpRequestMessage request, Nullable`1 timeout)
   at SkyApm.Transport.Grpc.V8.ServiceRegister.<>c__DisplayClass9_0.<<ReportInstancePropertiesAsync>b__0>d.MoveNext()
--- End of stack trace from previous location ---
   at SkyApm.Transport.Grpc.Common.Call.Execute[T](Func`1 task, Func`1 errCallback, Func`1 errMessage)
2025-10-28 16:54:48.179 +08:00 [docker-arsidentityserver0421001] [Warning] SkyApm.Transport.Grpc.ConnectionManager : Connection state changed. Status(StatusCode="Unavailable", Detail="Error connecting to subchannel.", DebugException="System.Net.Sockets.SocketException (10061): 由于目标计算机积极拒绝，无法连接。
   at System.Net.Sockets.Socket.AwaitableSocketAsyncEventArgs.System.Threading.Tasks.Sources.IValueTaskSource.GetResult(Int16 token)
   at System.Net.Sockets.Socket.<ConnectAsync>g__WaitForConnectWithCancellation|285_0(AwaitableSocketAsyncEventArgs saea, ValueTask connectTask, CancellationToken cancellationToken)
   at Grpc.Net.Client.Balancer.Internal.SocketConnectivitySubchannelTransport.TryConnectAsync(CancellationToken cancellationToken)")
2025-10-28 16:54:48.986 +08:00 [docker-arsidentityserver0421001] [Information] SkyApm.Transport.Grpc.ConnectionManager : Shutdown connection[172.20.64.1:11800].
2025-10-28 16:54:48.987 +08:00 [docker-arsidentityserver0421001] [Information] SkyApm.Transport.Grpc.ConnectionManager : Connected server[172.20.64.1:11800].
2025-10-28 16:54:51.239 +08:00 [docker-arsidentityserver0421001] [Error] SkyApm.Transport.Grpc.V8.ServiceRegister : Report service instance properties fail.
Grpc.Core.RpcException: Status(StatusCode="Unavailable", Detail="Error connecting to subchannel.", DebugException="System.Net.Sockets.SocketException (10061): 由于目标计算机积极拒绝，无法连接。
   at System.Net.Sockets.Socket.AwaitableSocketAsyncEventArgs.System.Threading.Tasks.Sources.IValueTaskSource.GetResult(Int16 token)
   at System.Net.Sockets.Socket.<ConnectAsync>g__WaitForConnectWithCancellation|285_0(AwaitableSocketAsyncEventArgs saea, ValueTask connectTask, CancellationToken cancellationToken)
   at Grpc.Net.Client.Balancer.Internal.SocketConnectivitySubchannelTransport.TryConnectAsync(CancellationToken cancellationToken)")
   at Grpc.Net.Client.Balancer.Internal.ConnectionManager.PickAsync(PickContext context, Boolean waitForReady, CancellationToken cancellationToken)
   at Grpc.Net.Client.Balancer.Internal.BalancerHttpHandler.SendAsync(HttpRequestMessage request, CancellationToken cancellationToken)
   at Grpc.Net.Client.Internal.GrpcCall`2.RunCall(HttpRequestMessage request, Nullable`1 timeout)
   at SkyApm.Transport.Grpc.V8.ServiceRegister.<>c__DisplayClass9_0.<<ReportInstancePropertiesAsync>b__0>d.MoveNext()
--- End of stack trace from previous location ---
   at SkyApm.Transport.Grpc.Common.Call.Execute[T](Func`1 task, Func`1 errCallback, Func`1 errMessage)
2025-10-28 16:54:51.239 +08:00 [docker-arsidentityserver0421001] [Warning] SkyApm.Transport.Grpc.ConnectionManager : Connection state changed. Status(StatusCode="Unavailable", Detail="Error connecting to subchannel.", DebugException="System.Net.Sockets.SocketException (10061): 由于目标计算机积极拒绝，无法连接。
   at System.Net.Sockets.Socket.AwaitableSocketAsyncEventArgs.System.Threading.Tasks.Sources.IValueTaskSource.GetResult(Int16 token)
   at System.Net.Sockets.Socket.<ConnectAsync>g__WaitForConnectWithCancellation|285_0(AwaitableSocketAsyncEventArgs saea, ValueTask connectTask, CancellationToken cancellationToken)
   at Grpc.Net.Client.Balancer.Internal.SocketConnectivitySubchannelTransport.TryConnectAsync(CancellationToken cancellationToken)")
2025-10-28 16:55:03.987 +08:00 [docker-arsidentityserver0421001] [Information] SkyApm.Transport.Grpc.ConnectionManager : Shutdown connection[172.20.64.1:11800].
2025-10-28 16:55:03.987 +08:00 [docker-arsidentityserver0421001] [Information] SkyApm.Transport.Grpc.ConnectionManager : Connected server[172.20.64.1:11800].
2025-10-28 16:55:18.210 +08:00 [docker-arsidentityserver0421001] [Error] SkyApm.Transport.Grpc.V8.ServiceRegister : Report service instance properties fail.
Grpc.Core.RpcException: Status(StatusCode="Unavailable", Detail="Error connecting to subchannel.", DebugException="System.Net.Sockets.SocketException (10061): 由于目标计算机积极拒绝，无法连接。
   at System.Net.Sockets.Socket.AwaitableSocketAsyncEventArgs.System.Threading.Tasks.Sources.IValueTaskSource.GetResult(Int16 token)
   at System.Net.Sockets.Socket.<ConnectAsync>g__WaitForConnectWithCancellation|285_0(AwaitableSocketAsyncEventArgs saea, ValueTask connectTask, CancellationToken cancellationToken)
   at Grpc.Net.Client.Balancer.Internal.SocketConnectivitySubchannelTransport.TryConnectAsync(CancellationToken cancellationToken)")
   at Grpc.Net.Client.Balancer.Internal.ConnectionManager.PickAsync(PickContext context, Boolean waitForReady, CancellationToken cancellationToken)
   at Grpc.Net.Client.Balancer.Internal.BalancerHttpHandler.SendAsync(HttpRequestMessage request, CancellationToken cancellationToken)
   at Grpc.Net.Client.Internal.GrpcCall`2.RunCall(HttpRequestMessage request, Nullable`1 timeout)
   at SkyApm.Transport.Grpc.V8.ServiceRegister.<>c__DisplayClass9_0.<<ReportInstancePropertiesAsync>b__0>d.MoveNext()
--- End of stack trace from previous location ---
   at SkyApm.Transport.Grpc.Common.Call.Execute[T](Func`1 task, Func`1 errCallback, Func`1 errMessage)
2025-10-28 16:55:18.210 +08:00 [docker-arsidentityserver0421001] [Warning] SkyApm.Transport.Grpc.ConnectionManager : Connection state changed. Status(StatusCode="Unavailable", Detail="Error connecting to subchannel.", DebugException="System.Net.Sockets.SocketException (10061): 由于目标计算机积极拒绝，无法连接。
   at System.Net.Sockets.Socket.AwaitableSocketAsyncEventArgs.System.Threading.Tasks.Sources.IValueTaskSource.GetResult(Int16 token)
   at System.Net.Sockets.Socket.<ConnectAsync>g__WaitForConnectWithCancellation|285_0(AwaitableSocketAsyncEventArgs saea, ValueTask connectTask, CancellationToken cancellationToken)
   at Grpc.Net.Client.Balancer.Internal.SocketConnectivitySubchannelTransport.TryConnectAsync(CancellationToken cancellationToken)")
2025-10-28 16:55:18.982 +08:00 [docker-arsidentityserver0421001] [Information] SkyApm.Transport.Grpc.ConnectionManager : Shutdown connection[172.20.64.1:11800].
2025-10-28 16:55:18.982 +08:00 [docker-arsidentityserver0421001] [Information] SkyApm.Transport.Grpc.ConnectionManager : Connected server[172.20.64.1:11800].
2025-10-28 16:55:21.284 +08:00 [docker-arsidentityserver0421001] [Error] SkyApm.Transport.Grpc.V8.ServiceRegister : Report service instance properties fail.
Grpc.Core.RpcException: Status(StatusCode="Unavailable", Detail="Error connecting to subchannel.", DebugException="System.Net.Sockets.SocketException (10061): 由于目标计算机积极拒绝，无法连接。
   at System.Net.Sockets.Socket.AwaitableSocketAsyncEventArgs.System.Threading.Tasks.Sources.IValueTaskSource.GetResult(Int16 token)
   at System.Net.Sockets.Socket.<ConnectAsync>g__WaitForConnectWithCancellation|285_0(AwaitableSocketAsyncEventArgs saea, ValueTask connectTask, CancellationToken cancellationToken)
   at Grpc.Net.Client.Balancer.Internal.SocketConnectivitySubchannelTransport.TryConnectAsync(CancellationToken cancellationToken)")
   at Grpc.Net.Client.Balancer.Internal.ConnectionManager.PickAsync(PickContext context, Boolean waitForReady, CancellationToken cancellationToken)
   at Grpc.Net.Client.Balancer.Internal.BalancerHttpHandler.SendAsync(HttpRequestMessage request, CancellationToken cancellationToken)
   at Grpc.Net.Client.Internal.GrpcCall`2.RunCall(HttpRequestMessage request, Nullable`1 timeout)
   at SkyApm.Transport.Grpc.V8.ServiceRegister.<>c__DisplayClass9_0.<<ReportInstancePropertiesAsync>b__0>d.MoveNext()
--- End of stack trace from previous location ---
   at SkyApm.Transport.Grpc.Common.Call.Execute[T](Func`1 task, Func`1 errCallback, Func`1 errMessage)
2025-10-28 16:55:21.284 +08:00 [docker-arsidentityserver0421001] [Warning] SkyApm.Transport.Grpc.ConnectionManager : Connection state changed. Status(StatusCode="Unavailable", Detail="Error connecting to subchannel.", DebugException="System.Net.Sockets.SocketException (10061): 由于目标计算机积极拒绝，无法连接。
   at System.Net.Sockets.Socket.AwaitableSocketAsyncEventArgs.System.Threading.Tasks.Sources.IValueTaskSource.GetResult(Int16 token)
   at System.Net.Sockets.Socket.<ConnectAsync>g__WaitForConnectWithCancellation|285_0(AwaitableSocketAsyncEventArgs saea, ValueTask connectTask, CancellationToken cancellationToken)
   at Grpc.Net.Client.Balancer.Internal.SocketConnectivitySubchannelTransport.TryConnectAsync(CancellationToken cancellationToken)")
2025-10-28 16:55:33.982 +08:00 [docker-arsidentityserver0421001] [Information] SkyApm.Transport.Grpc.ConnectionManager : Shutdown connection[172.20.64.1:11800].
2025-10-28 16:55:33.982 +08:00 [docker-arsidentityserver0421001] [Information] SkyApm.Transport.Grpc.ConnectionManager : Connected server[172.20.64.1:11800].
2025-10-28 16:55:48.225 +08:00 [docker-arsidentityserver0421001] [Error] SkyApm.Transport.Grpc.V8.ServiceRegister : Report service instance properties fail.
Grpc.Core.RpcException: Status(StatusCode="Unavailable", Detail="Error connecting to subchannel.", DebugException="System.Net.Sockets.SocketException (10061): 由于目标计算机积极拒绝，无法连接。
   at System.Net.Sockets.Socket.AwaitableSocketAsyncEventArgs.System.Threading.Tasks.Sources.IValueTaskSource.GetResult(Int16 token)
   at System.Net.Sockets.Socket.<ConnectAsync>g__WaitForConnectWithCancellation|285_0(AwaitableSocketAsyncEventArgs saea, ValueTask connectTask, CancellationToken cancellationToken)
   at Grpc.Net.Client.Balancer.Internal.SocketConnectivitySubchannelTransport.TryConnectAsync(CancellationToken cancellationToken)")
   at Grpc.Net.Client.Balancer.Internal.ConnectionManager.PickAsync(PickContext context, Boolean waitForReady, CancellationToken cancellationToken)
   at Grpc.Net.Client.Balancer.Internal.BalancerHttpHandler.SendAsync(HttpRequestMessage request, CancellationToken cancellationToken)
   at Grpc.Net.Client.Internal.GrpcCall`2.RunCall(HttpRequestMessage request, Nullable`1 timeout)
   at SkyApm.Transport.Grpc.V8.ServiceRegister.<>c__DisplayClass9_0.<<ReportInstancePropertiesAsync>b__0>d.MoveNext()
--- End of stack trace from previous location ---
   at SkyApm.Transport.Grpc.Common.Call.Execute[T](Func`1 task, Func`1 errCallback, Func`1 errMessage)
2025-10-28 16:55:48.225 +08:00 [docker-arsidentityserver0421001] [Warning] SkyApm.Transport.Grpc.ConnectionManager : Connection state changed. Status(StatusCode="Unavailable", Detail="Error connecting to subchannel.", DebugException="System.Net.Sockets.SocketException (10061): 由于目标计算机积极拒绝，无法连接。
   at System.Net.Sockets.Socket.AwaitableSocketAsyncEventArgs.System.Threading.Tasks.Sources.IValueTaskSource.GetResult(Int16 token)
   at System.Net.Sockets.Socket.<ConnectAsync>g__WaitForConnectWithCancellation|285_0(AwaitableSocketAsyncEventArgs saea, ValueTask connectTask, CancellationToken cancellationToken)
   at Grpc.Net.Client.Balancer.Internal.SocketConnectivitySubchannelTransport.TryConnectAsync(CancellationToken cancellationToken)")
2025-10-28 16:55:48.974 +08:00 [docker-arsidentityserver0421001] [Information] SkyApm.Transport.Grpc.ConnectionManager : Shutdown connection[172.20.64.1:11800].
2025-10-28 16:55:48.975 +08:00 [docker-arsidentityserver0421001] [Information] SkyApm.Transport.Grpc.ConnectionManager : Connected server[172.20.64.1:11800].
2025-10-28 16:55:51.298 +08:00 [docker-arsidentityserver0421001] [Error] SkyApm.Transport.Grpc.V8.ServiceRegister : Report service instance properties fail.
Grpc.Core.RpcException: Status(StatusCode="Unavailable", Detail="Error connecting to subchannel.", DebugException="System.Net.Sockets.SocketException (10061): 由于目标计算机积极拒绝，无法连接。
   at System.Net.Sockets.Socket.AwaitableSocketAsyncEventArgs.System.Threading.Tasks.Sources.IValueTaskSource.GetResult(Int16 token)
   at System.Net.Sockets.Socket.<ConnectAsync>g__WaitForConnectWithCancellation|285_0(AwaitableSocketAsyncEventArgs saea, ValueTask connectTask, CancellationToken cancellationToken)
   at Grpc.Net.Client.Balancer.Internal.SocketConnectivitySubchannelTransport.TryConnectAsync(CancellationToken cancellationToken)")
   at Grpc.Net.Client.Balancer.Internal.ConnectionManager.PickAsync(PickContext context, Boolean waitForReady, CancellationToken cancellationToken)
   at Grpc.Net.Client.Balancer.Internal.BalancerHttpHandler.SendAsync(HttpRequestMessage request, CancellationToken cancellationToken)
   at Grpc.Net.Client.Internal.GrpcCall`2.RunCall(HttpRequestMessage request, Nullable`1 timeout)
   at SkyApm.Transport.Grpc.V8.ServiceRegister.<>c__DisplayClass9_0.<<ReportInstancePropertiesAsync>b__0>d.MoveNext()
--- End of stack trace from previous location ---
   at SkyApm.Transport.Grpc.Common.Call.Execute[T](Func`1 task, Func`1 errCallback, Func`1 errMessage)
2025-10-28 16:55:51.298 +08:00 [docker-arsidentityserver0421001] [Warning] SkyApm.Transport.Grpc.ConnectionManager : Connection state changed. Status(StatusCode="Unavailable", Detail="Error connecting to subchannel.", DebugException="System.Net.Sockets.SocketException (10061): 由于目标计算机积极拒绝，无法连接。
   at System.Net.Sockets.Socket.AwaitableSocketAsyncEventArgs.System.Threading.Tasks.Sources.IValueTaskSource.GetResult(Int16 token)
   at System.Net.Sockets.Socket.<ConnectAsync>g__WaitForConnectWithCancellation|285_0(AwaitableSocketAsyncEventArgs saea, ValueTask connectTask, CancellationToken cancellationToken)
   at Grpc.Net.Client.Balancer.Internal.SocketConnectivitySubchannelTransport.TryConnectAsync(CancellationToken cancellationToken)")
2025-10-28 16:56:03.983 +08:00 [docker-arsidentityserver0421001] [Information] SkyApm.Transport.Grpc.ConnectionManager : Shutdown connection[172.20.64.1:11800].
2025-10-28 16:56:03.983 +08:00 [docker-arsidentityserver0421001] [Information] SkyApm.Transport.Grpc.ConnectionManager : Connected server[172.20.64.1:11800].
2025-10-28 16:56:18.211 +08:00 [docker-arsidentityserver0421001] [Error] SkyApm.Transport.Grpc.V8.ServiceRegister : Report service instance properties fail.
Grpc.Core.RpcException: Status(StatusCode="Unavailable", Detail="Error connecting to subchannel.", DebugException="System.Net.Sockets.SocketException (10061): 由于目标计算机积极拒绝，无法连接。
   at System.Net.Sockets.Socket.AwaitableSocketAsyncEventArgs.System.Threading.Tasks.Sources.IValueTaskSource.GetResult(Int16 token)
   at System.Net.Sockets.Socket.<ConnectAsync>g__WaitForConnectWithCancellation|285_0(AwaitableSocketAsyncEventArgs saea, ValueTask connectTask, CancellationToken cancellationToken)
   at Grpc.Net.Client.Balancer.Internal.SocketConnectivitySubchannelTransport.TryConnectAsync(CancellationToken cancellationToken)")
   at Grpc.Net.Client.Balancer.Internal.ConnectionManager.PickAsync(PickContext context, Boolean waitForReady, CancellationToken cancellationToken)
   at Grpc.Net.Client.Balancer.Internal.BalancerHttpHandler.SendAsync(HttpRequestMessage request, CancellationToken cancellationToken)
   at Grpc.Net.Client.Internal.GrpcCall`2.RunCall(HttpRequestMessage request, Nullable`1 timeout)
   at SkyApm.Transport.Grpc.V8.ServiceRegister.<>c__DisplayClass9_0.<<ReportInstancePropertiesAsync>b__0>d.MoveNext()
--- End of stack trace from previous location ---
   at SkyApm.Transport.Grpc.Common.Call.Execute[T](Func`1 task, Func`1 errCallback, Func`1 errMessage)
2025-10-28 16:56:18.211 +08:00 [docker-arsidentityserver0421001] [Warning] SkyApm.Transport.Grpc.ConnectionManager : Connection state changed. Status(StatusCode="Unavailable", Detail="Error connecting to subchannel.", DebugException="System.Net.Sockets.SocketException (10061): 由于目标计算机积极拒绝，无法连接。
   at System.Net.Sockets.Socket.AwaitableSocketAsyncEventArgs.System.Threading.Tasks.Sources.IValueTaskSource.GetResult(Int16 token)
   at System.Net.Sockets.Socket.<ConnectAsync>g__WaitForConnectWithCancellation|285_0(AwaitableSocketAsyncEventArgs saea, ValueTask connectTask, CancellationToken cancellationToken)
   at Grpc.Net.Client.Balancer.Internal.SocketConnectivitySubchannelTransport.TryConnectAsync(CancellationToken cancellationToken)")
2025-10-28 16:56:18.990 +08:00 [docker-arsidentityserver0421001] [Information] SkyApm.Transport.Grpc.ConnectionManager : Shutdown connection[172.20.64.1:11800].
2025-10-28 16:56:18.990 +08:00 [docker-arsidentityserver0421001] [Information] SkyApm.Transport.Grpc.ConnectionManager : Connected server[172.20.64.1:11800].
2025-10-28 16:56:21.289 +08:00 [docker-arsidentityserver0421001] [Error] SkyApm.Transport.Grpc.V8.ServiceRegister : Report service instance properties fail.
Grpc.Core.RpcException: Status(StatusCode="Unavailable", Detail="Error connecting to subchannel.", DebugException="System.Net.Sockets.SocketException (10061): 由于目标计算机积极拒绝，无法连接。
   at System.Net.Sockets.Socket.AwaitableSocketAsyncEventArgs.System.Threading.Tasks.Sources.IValueTaskSource.GetResult(Int16 token)
   at System.Net.Sockets.Socket.<ConnectAsync>g__WaitForConnectWithCancellation|285_0(AwaitableSocketAsyncEventArgs saea, ValueTask connectTask, CancellationToken cancellationToken)
   at Grpc.Net.Client.Balancer.Internal.SocketConnectivitySubchannelTransport.TryConnectAsync(CancellationToken cancellationToken)")
   at Grpc.Net.Client.Balancer.Internal.ConnectionManager.PickAsync(PickContext context, Boolean waitForReady, CancellationToken cancellationToken)
   at Grpc.Net.Client.Balancer.Internal.BalancerHttpHandler.SendAsync(HttpRequestMessage request, CancellationToken cancellationToken)
   at Grpc.Net.Client.Internal.GrpcCall`2.RunCall(HttpRequestMessage request, Nullable`1 timeout)
   at SkyApm.Transport.Grpc.V8.ServiceRegister.<>c__DisplayClass9_0.<<ReportInstancePropertiesAsync>b__0>d.MoveNext()
--- End of stack trace from previous location ---
   at SkyApm.Transport.Grpc.Common.Call.Execute[T](Func`1 task, Func`1 errCallback, Func`1 errMessage)
2025-10-28 16:56:21.289 +08:00 [docker-arsidentityserver0421001] [Warning] SkyApm.Transport.Grpc.ConnectionManager : Connection state changed. Status(StatusCode="Unavailable", Detail="Error connecting to subchannel.", DebugException="System.Net.Sockets.SocketException (10061): 由于目标计算机积极拒绝，无法连接。
   at System.Net.Sockets.Socket.AwaitableSocketAsyncEventArgs.System.Threading.Tasks.Sources.IValueTaskSource.GetResult(Int16 token)
   at System.Net.Sockets.Socket.<ConnectAsync>g__WaitForConnectWithCancellation|285_0(AwaitableSocketAsyncEventArgs saea, ValueTask connectTask, CancellationToken cancellationToken)
   at Grpc.Net.Client.Balancer.Internal.SocketConnectivitySubchannelTransport.TryConnectAsync(CancellationToken cancellationToken)")
2025-10-28 16:56:33.975 +08:00 [docker-arsidentityserver0421001] [Information] SkyApm.Transport.Grpc.ConnectionManager : Shutdown connection[172.20.64.1:11800].
2025-10-28 16:56:33.975 +08:00 [docker-arsidentityserver0421001] [Information] SkyApm.Transport.Grpc.ConnectionManager : Connected server[172.20.64.1:11800].
2025-10-28 16:56:48.196 +08:00 [docker-arsidentityserver0421001] [Error] SkyApm.Transport.Grpc.V8.ServiceRegister : Report service instance properties fail.
Grpc.Core.RpcException: Status(StatusCode="Unavailable", Detail="Error connecting to subchannel.", DebugException="System.Net.Sockets.SocketException (10061): 由于目标计算机积极拒绝，无法连接。
   at System.Net.Sockets.Socket.AwaitableSocketAsyncEventArgs.System.Threading.Tasks.Sources.IValueTaskSource.GetResult(Int16 token)
   at System.Net.Sockets.Socket.<ConnectAsync>g__WaitForConnectWithCancellation|285_0(AwaitableSocketAsyncEventArgs saea, ValueTask connectTask, CancellationToken cancellationToken)
   at Grpc.Net.Client.Balancer.Internal.SocketConnectivitySubchannelTransport.TryConnectAsync(CancellationToken cancellationToken)")
   at Grpc.Net.Client.Balancer.Internal.ConnectionManager.PickAsync(PickContext context, Boolean waitForReady, CancellationToken cancellationToken)
   at Grpc.Net.Client.Balancer.Internal.BalancerHttpHandler.SendAsync(HttpRequestMessage request, CancellationToken cancellationToken)
   at Grpc.Net.Client.Internal.GrpcCall`2.RunCall(HttpRequestMessage request, Nullable`1 timeout)
   at SkyApm.Transport.Grpc.V8.ServiceRegister.<>c__DisplayClass9_0.<<ReportInstancePropertiesAsync>b__0>d.MoveNext()
--- End of stack trace from previous location ---
   at SkyApm.Transport.Grpc.Common.Call.Execute[T](Func`1 task, Func`1 errCallback, Func`1 errMessage)
2025-10-28 16:56:48.196 +08:00 [docker-arsidentityserver0421001] [Warning] SkyApm.Transport.Grpc.ConnectionManager : Connection state changed. Status(StatusCode="Unavailable", Detail="Error connecting to subchannel.", DebugException="System.Net.Sockets.SocketException (10061): 由于目标计算机积极拒绝，无法连接。
   at System.Net.Sockets.Socket.AwaitableSocketAsyncEventArgs.System.Threading.Tasks.Sources.IValueTaskSource.GetResult(Int16 token)
   at System.Net.Sockets.Socket.<ConnectAsync>g__WaitForConnectWithCancellation|285_0(AwaitableSocketAsyncEventArgs saea, ValueTask connectTask, CancellationToken cancellationToken)
   at Grpc.Net.Client.Balancer.Internal.SocketConnectivitySubchannelTransport.TryConnectAsync(CancellationToken cancellationToken)")
2025-10-28 16:56:48.976 +08:00 [docker-arsidentityserver0421001] [Information] SkyApm.Transport.Grpc.ConnectionManager : Shutdown connection[172.20.64.1:11800].
2025-10-28 16:56:48.976 +08:00 [docker-arsidentityserver0421001] [Information] SkyApm.Transport.Grpc.ConnectionManager : Connected server[172.20.64.1:11800].
2025-10-28 16:56:51.267 +08:00 [docker-arsidentityserver0421001] [Error] SkyApm.Transport.Grpc.V8.ServiceRegister : Report service instance properties fail.
Grpc.Core.RpcException: Status(StatusCode="Unavailable", Detail="Error connecting to subchannel.", DebugException="System.Net.Sockets.SocketException (10061): 由于目标计算机积极拒绝，无法连接。
   at System.Net.Sockets.Socket.AwaitableSocketAsyncEventArgs.System.Threading.Tasks.Sources.IValueTaskSource.GetResult(Int16 token)
   at System.Net.Sockets.Socket.<ConnectAsync>g__WaitForConnectWithCancellation|285_0(AwaitableSocketAsyncEventArgs saea, ValueTask connectTask, CancellationToken cancellationToken)
   at Grpc.Net.Client.Balancer.Internal.SocketConnectivitySubchannelTransport.TryConnectAsync(CancellationToken cancellationToken)")
   at Grpc.Net.Client.Balancer.Internal.ConnectionManager.PickAsync(PickContext context, Boolean waitForReady, CancellationToken cancellationToken)
   at Grpc.Net.Client.Balancer.Internal.BalancerHttpHandler.SendAsync(HttpRequestMessage request, CancellationToken cancellationToken)
   at Grpc.Net.Client.Internal.GrpcCall`2.RunCall(HttpRequestMessage request, Nullable`1 timeout)
   at SkyApm.Transport.Grpc.V8.ServiceRegister.<>c__DisplayClass9_0.<<ReportInstancePropertiesAsync>b__0>d.MoveNext()
--- End of stack trace from previous location ---
   at SkyApm.Transport.Grpc.Common.Call.Execute[T](Func`1 task, Func`1 errCallback, Func`1 errMessage)
2025-10-28 16:56:51.267 +08:00 [docker-arsidentityserver0421001] [Warning] SkyApm.Transport.Grpc.ConnectionManager : Connection state changed. Status(StatusCode="Unavailable", Detail="Error connecting to subchannel.", DebugException="System.Net.Sockets.SocketException (10061): 由于目标计算机积极拒绝，无法连接。
   at System.Net.Sockets.Socket.AwaitableSocketAsyncEventArgs.System.Threading.Tasks.Sources.IValueTaskSource.GetResult(Int16 token)
   at System.Net.Sockets.Socket.<ConnectAsync>g__WaitForConnectWithCancellation|285_0(AwaitableSocketAsyncEventArgs saea, ValueTask connectTask, CancellationToken cancellationToken)
   at Grpc.Net.Client.Balancer.Internal.SocketConnectivitySubchannelTransport.TryConnectAsync(CancellationToken cancellationToken)")
2025-10-28 16:57:03.989 +08:00 [docker-arsidentityserver0421001] [Information] SkyApm.Transport.Grpc.ConnectionManager : Shutdown connection[172.20.64.1:11800].
2025-10-28 16:57:03.990 +08:00 [docker-arsidentityserver0421001] [Information] SkyApm.Transport.Grpc.ConnectionManager : Connected server[172.20.64.1:11800].
2025-10-28 16:57:18.188 +08:00 [docker-arsidentityserver0421001] [Error] SkyApm.Transport.Grpc.V8.ServiceRegister : Report service instance properties fail.
Grpc.Core.RpcException: Status(StatusCode="Unavailable", Detail="Error connecting to subchannel.", DebugException="System.Net.Sockets.SocketException (10061): 由于目标计算机积极拒绝，无法连接。
   at System.Net.Sockets.Socket.AwaitableSocketAsyncEventArgs.System.Threading.Tasks.Sources.IValueTaskSource.GetResult(Int16 token)
   at System.Net.Sockets.Socket.<ConnectAsync>g__WaitForConnectWithCancellation|285_0(AwaitableSocketAsyncEventArgs saea, ValueTask connectTask, CancellationToken cancellationToken)
   at Grpc.Net.Client.Balancer.Internal.SocketConnectivitySubchannelTransport.TryConnectAsync(CancellationToken cancellationToken)")
   at Grpc.Net.Client.Balancer.Internal.ConnectionManager.PickAsync(PickContext context, Boolean waitForReady, CancellationToken cancellationToken)
   at Grpc.Net.Client.Balancer.Internal.BalancerHttpHandler.SendAsync(HttpRequestMessage request, CancellationToken cancellationToken)
   at Grpc.Net.Client.Internal.GrpcCall`2.RunCall(HttpRequestMessage request, Nullable`1 timeout)
   at SkyApm.Transport.Grpc.V8.ServiceRegister.<>c__DisplayClass9_0.<<ReportInstancePropertiesAsync>b__0>d.MoveNext()
--- End of stack trace from previous location ---
   at SkyApm.Transport.Grpc.Common.Call.Execute[T](Func`1 task, Func`1 errCallback, Func`1 errMessage)
2025-10-28 16:57:18.188 +08:00 [docker-arsidentityserver0421001] [Warning] SkyApm.Transport.Grpc.ConnectionManager : Connection state changed. Status(StatusCode="Unavailable", Detail="Error connecting to subchannel.", DebugException="System.Net.Sockets.SocketException (10061): 由于目标计算机积极拒绝，无法连接。
   at System.Net.Sockets.Socket.AwaitableSocketAsyncEventArgs.System.Threading.Tasks.Sources.IValueTaskSource.GetResult(Int16 token)
   at System.Net.Sockets.Socket.<ConnectAsync>g__WaitForConnectWithCancellation|285_0(AwaitableSocketAsyncEventArgs saea, ValueTask connectTask, CancellationToken cancellationToken)
   at Grpc.Net.Client.Balancer.Internal.SocketConnectivitySubchannelTransport.TryConnectAsync(CancellationToken cancellationToken)")
2025-10-28 16:57:18.982 +08:00 [docker-arsidentityserver0421001] [Information] SkyApm.Transport.Grpc.ConnectionManager : Shutdown connection[172.20.64.1:11800].
2025-10-28 16:57:18.982 +08:00 [docker-arsidentityserver0421001] [Information] SkyApm.Transport.Grpc.ConnectionManager : Connected server[172.20.64.1:11800].
2025-10-28 16:57:21.237 +08:00 [docker-arsidentityserver0421001] [Error] SkyApm.Transport.Grpc.V8.ServiceRegister : Report service instance properties fail.
Grpc.Core.RpcException: Status(StatusCode="Unavailable", Detail="Error connecting to subchannel.", DebugException="System.Net.Sockets.SocketException (10061): 由于目标计算机积极拒绝，无法连接。
   at System.Net.Sockets.Socket.AwaitableSocketAsyncEventArgs.System.Threading.Tasks.Sources.IValueTaskSource.GetResult(Int16 token)
   at System.Net.Sockets.Socket.<ConnectAsync>g__WaitForConnectWithCancellation|285_0(AwaitableSocketAsyncEventArgs saea, ValueTask connectTask, CancellationToken cancellationToken)
   at Grpc.Net.Client.Balancer.Internal.SocketConnectivitySubchannelTransport.TryConnectAsync(CancellationToken cancellationToken)")
   at Grpc.Net.Client.Balancer.Internal.ConnectionManager.PickAsync(PickContext context, Boolean waitForReady, CancellationToken cancellationToken)
   at Grpc.Net.Client.Balancer.Internal.BalancerHttpHandler.SendAsync(HttpRequestMessage request, CancellationToken cancellationToken)
   at Grpc.Net.Client.Internal.GrpcCall`2.RunCall(HttpRequestMessage request, Nullable`1 timeout)
   at SkyApm.Transport.Grpc.V8.ServiceRegister.<>c__DisplayClass9_0.<<ReportInstancePropertiesAsync>b__0>d.MoveNext()
--- End of stack trace from previous location ---
   at SkyApm.Transport.Grpc.Common.Call.Execute[T](Func`1 task, Func`1 errCallback, Func`1 errMessage)
2025-10-28 16:57:21.237 +08:00 [docker-arsidentityserver0421001] [Warning] SkyApm.Transport.Grpc.ConnectionManager : Connection state changed. Status(StatusCode="Unavailable", Detail="Error connecting to subchannel.", DebugException="System.Net.Sockets.SocketException (10061): 由于目标计算机积极拒绝，无法连接。
   at System.Net.Sockets.Socket.AwaitableSocketAsyncEventArgs.System.Threading.Tasks.Sources.IValueTaskSource.GetResult(Int16 token)
   at System.Net.Sockets.Socket.<ConnectAsync>g__WaitForConnectWithCancellation|285_0(AwaitableSocketAsyncEventArgs saea, ValueTask connectTask, CancellationToken cancellationToken)
   at Grpc.Net.Client.Balancer.Internal.SocketConnectivitySubchannelTransport.TryConnectAsync(CancellationToken cancellationToken)")
2025-10-28 16:57:33.990 +08:00 [docker-arsidentityserver0421001] [Information] SkyApm.Transport.Grpc.ConnectionManager : Shutdown connection[172.20.64.1:11800].
2025-10-28 16:57:33.990 +08:00 [docker-arsidentityserver0421001] [Information] SkyApm.Transport.Grpc.ConnectionManager : Connected server[172.20.64.1:11800].
2025-10-28 16:57:48.209 +08:00 [docker-arsidentityserver0421001] [Error] SkyApm.Transport.Grpc.V8.ServiceRegister : Report service instance properties fail.
Grpc.Core.RpcException: Status(StatusCode="Unavailable", Detail="Error connecting to subchannel.", DebugException="System.Net.Sockets.SocketException (10061): 由于目标计算机积极拒绝，无法连接。
   at System.Net.Sockets.Socket.AwaitableSocketAsyncEventArgs.System.Threading.Tasks.Sources.IValueTaskSource.GetResult(Int16 token)
   at System.Net.Sockets.Socket.<ConnectAsync>g__WaitForConnectWithCancellation|285_0(AwaitableSocketAsyncEventArgs saea, ValueTask connectTask, CancellationToken cancellationToken)
   at Grpc.Net.Client.Balancer.Internal.SocketConnectivitySubchannelTransport.TryConnectAsync(CancellationToken cancellationToken)")
   at Grpc.Net.Client.Balancer.Internal.ConnectionManager.PickAsync(PickContext context, Boolean waitForReady, CancellationToken cancellationToken)
   at Grpc.Net.Client.Balancer.Internal.BalancerHttpHandler.SendAsync(HttpRequestMessage request, CancellationToken cancellationToken)
   at Grpc.Net.Client.Internal.GrpcCall`2.RunCall(HttpRequestMessage request, Nullable`1 timeout)
   at SkyApm.Transport.Grpc.V8.ServiceRegister.<>c__DisplayClass9_0.<<ReportInstancePropertiesAsync>b__0>d.MoveNext()
--- End of stack trace from previous location ---
   at SkyApm.Transport.Grpc.Common.Call.Execute[T](Func`1 task, Func`1 errCallback, Func`1 errMessage)
2025-10-28 16:57:48.209 +08:00 [docker-arsidentityserver0421001] [Warning] SkyApm.Transport.Grpc.ConnectionManager : Connection state changed. Status(StatusCode="Unavailable", Detail="Error connecting to subchannel.", DebugException="System.Net.Sockets.SocketException (10061): 由于目标计算机积极拒绝，无法连接。
   at System.Net.Sockets.Socket.AwaitableSocketAsyncEventArgs.System.Threading.Tasks.Sources.IValueTaskSource.GetResult(Int16 token)
   at System.Net.Sockets.Socket.<ConnectAsync>g__WaitForConnectWithCancellation|285_0(AwaitableSocketAsyncEventArgs saea, ValueTask connectTask, CancellationToken cancellationToken)
   at Grpc.Net.Client.Balancer.Internal.SocketConnectivitySubchannelTransport.TryConnectAsync(CancellationToken cancellationToken)")
2025-10-28 16:57:48.983 +08:00 [docker-arsidentityserver0421001] [Information] SkyApm.Transport.Grpc.ConnectionManager : Shutdown connection[172.20.64.1:11800].
2025-10-28 16:57:48.984 +08:00 [docker-arsidentityserver0421001] [Information] SkyApm.Transport.Grpc.ConnectionManager : Connected server[172.20.64.1:11800].
2025-10-28 16:57:51.286 +08:00 [docker-arsidentityserver0421001] [Error] SkyApm.Transport.Grpc.V8.ServiceRegister : Report service instance properties fail.
Grpc.Core.RpcException: Status(StatusCode="Unavailable", Detail="Error connecting to subchannel.", DebugException="System.Net.Sockets.SocketException (10061): 由于目标计算机积极拒绝，无法连接。
   at System.Net.Sockets.Socket.AwaitableSocketAsyncEventArgs.System.Threading.Tasks.Sources.IValueTaskSource.GetResult(Int16 token)
   at System.Net.Sockets.Socket.<ConnectAsync>g__WaitForConnectWithCancellation|285_0(AwaitableSocketAsyncEventArgs saea, ValueTask connectTask, CancellationToken cancellationToken)
   at Grpc.Net.Client.Balancer.Internal.SocketConnectivitySubchannelTransport.TryConnectAsync(CancellationToken cancellationToken)")
   at Grpc.Net.Client.Balancer.Internal.ConnectionManager.PickAsync(PickContext context, Boolean waitForReady, CancellationToken cancellationToken)
   at Grpc.Net.Client.Balancer.Internal.BalancerHttpHandler.SendAsync(HttpRequestMessage request, CancellationToken cancellationToken)
   at Grpc.Net.Client.Internal.GrpcCall`2.RunCall(HttpRequestMessage request, Nullable`1 timeout)
   at SkyApm.Transport.Grpc.V8.ServiceRegister.<>c__DisplayClass9_0.<<ReportInstancePropertiesAsync>b__0>d.MoveNext()
--- End of stack trace from previous location ---
   at SkyApm.Transport.Grpc.Common.Call.Execute[T](Func`1 task, Func`1 errCallback, Func`1 errMessage)
2025-10-28 16:57:51.286 +08:00 [docker-arsidentityserver0421001] [Warning] SkyApm.Transport.Grpc.ConnectionManager : Connection state changed. Status(StatusCode="Unavailable", Detail="Error connecting to subchannel.", DebugException="System.Net.Sockets.SocketException (10061): 由于目标计算机积极拒绝，无法连接。
   at System.Net.Sockets.Socket.AwaitableSocketAsyncEventArgs.System.Threading.Tasks.Sources.IValueTaskSource.GetResult(Int16 token)
   at System.Net.Sockets.Socket.<ConnectAsync>g__WaitForConnectWithCancellation|285_0(AwaitableSocketAsyncEventArgs saea, ValueTask connectTask, CancellationToken cancellationToken)
   at Grpc.Net.Client.Balancer.Internal.SocketConnectivitySubchannelTransport.TryConnectAsync(CancellationToken cancellationToken)")
2025-10-28 16:58:03.978 +08:00 [docker-arsidentityserver0421001] [Information] SkyApm.Transport.Grpc.ConnectionManager : Shutdown connection[172.20.64.1:11800].
2025-10-28 16:58:03.978 +08:00 [docker-arsidentityserver0421001] [Information] SkyApm.Transport.Grpc.ConnectionManager : Connected server[172.20.64.1:11800].
2025-10-28 16:58:18.247 +08:00 [docker-arsidentityserver0421001] [Error] SkyApm.Transport.Grpc.V8.ServiceRegister : Report service instance properties fail.
Grpc.Core.RpcException: Status(StatusCode="Unavailable", Detail="Error connecting to subchannel.", DebugException="System.Net.Sockets.SocketException (10061): 由于目标计算机积极拒绝，无法连接。
   at System.Net.Sockets.Socket.AwaitableSocketAsyncEventArgs.System.Threading.Tasks.Sources.IValueTaskSource.GetResult(Int16 token)
   at System.Net.Sockets.Socket.<ConnectAsync>g__WaitForConnectWithCancellation|285_0(AwaitableSocketAsyncEventArgs saea, ValueTask connectTask, CancellationToken cancellationToken)
   at Grpc.Net.Client.Balancer.Internal.SocketConnectivitySubchannelTransport.TryConnectAsync(CancellationToken cancellationToken)")
   at Grpc.Net.Client.Balancer.Internal.ConnectionManager.PickAsync(PickContext context, Boolean waitForReady, CancellationToken cancellationToken)
   at Grpc.Net.Client.Balancer.Internal.BalancerHttpHandler.SendAsync(HttpRequestMessage request, CancellationToken cancellationToken)
   at Grpc.Net.Client.Internal.GrpcCall`2.RunCall(HttpRequestMessage request, Nullable`1 timeout)
   at SkyApm.Transport.Grpc.V8.ServiceRegister.<>c__DisplayClass9_0.<<ReportInstancePropertiesAsync>b__0>d.MoveNext()
--- End of stack trace from previous location ---
   at SkyApm.Transport.Grpc.Common.Call.Execute[T](Func`1 task, Func`1 errCallback, Func`1 errMessage)
2025-10-28 16:58:18.247 +08:00 [docker-arsidentityserver0421001] [Warning] SkyApm.Transport.Grpc.ConnectionManager : Connection state changed. Status(StatusCode="Unavailable", Detail="Error connecting to subchannel.", DebugException="System.Net.Sockets.SocketException (10061): 由于目标计算机积极拒绝，无法连接。
   at System.Net.Sockets.Socket.AwaitableSocketAsyncEventArgs.System.Threading.Tasks.Sources.IValueTaskSource.GetResult(Int16 token)
   at System.Net.Sockets.Socket.<ConnectAsync>g__WaitForConnectWithCancellation|285_0(AwaitableSocketAsyncEventArgs saea, ValueTask connectTask, CancellationToken cancellationToken)
   at Grpc.Net.Client.Balancer.Internal.SocketConnectivitySubchannelTransport.TryConnectAsync(CancellationToken cancellationToken)")
2025-10-28 16:58:18.984 +08:00 [docker-arsidentityserver0421001] [Information] SkyApm.Transport.Grpc.ConnectionManager : Shutdown connection[172.20.64.1:11800].
2025-10-28 16:58:18.985 +08:00 [docker-arsidentityserver0421001] [Information] SkyApm.Transport.Grpc.ConnectionManager : Connected server[172.20.64.1:11800].
2025-10-28 16:58:21.318 +08:00 [docker-arsidentityserver0421001] [Error] SkyApm.Transport.Grpc.V8.ServiceRegister : Report service instance properties fail.
Grpc.Core.RpcException: Status(StatusCode="Unavailable", Detail="Error connecting to subchannel.", DebugException="System.Net.Sockets.SocketException (10061): 由于目标计算机积极拒绝，无法连接。
   at System.Net.Sockets.Socket.AwaitableSocketAsyncEventArgs.System.Threading.Tasks.Sources.IValueTaskSource.GetResult(Int16 token)
   at System.Net.Sockets.Socket.<ConnectAsync>g__WaitForConnectWithCancellation|285_0(AwaitableSocketAsyncEventArgs saea, ValueTask connectTask, CancellationToken cancellationToken)
   at Grpc.Net.Client.Balancer.Internal.SocketConnectivitySubchannelTransport.TryConnectAsync(CancellationToken cancellationToken)")
   at Grpc.Net.Client.Balancer.Internal.ConnectionManager.PickAsync(PickContext context, Boolean waitForReady, CancellationToken cancellationToken)
   at Grpc.Net.Client.Balancer.Internal.BalancerHttpHandler.SendAsync(HttpRequestMessage request, CancellationToken cancellationToken)
   at Grpc.Net.Client.Internal.GrpcCall`2.RunCall(HttpRequestMessage request, Nullable`1 timeout)
   at SkyApm.Transport.Grpc.V8.ServiceRegister.<>c__DisplayClass9_0.<<ReportInstancePropertiesAsync>b__0>d.MoveNext()
--- End of stack trace from previous location ---
   at SkyApm.Transport.Grpc.Common.Call.Execute[T](Func`1 task, Func`1 errCallback, Func`1 errMessage)
2025-10-28 16:58:21.318 +08:00 [docker-arsidentityserver0421001] [Warning] SkyApm.Transport.Grpc.ConnectionManager : Connection state changed. Status(StatusCode="Unavailable", Detail="Error connecting to subchannel.", DebugException="System.Net.Sockets.SocketException (10061): 由于目标计算机积极拒绝，无法连接。
   at System.Net.Sockets.Socket.AwaitableSocketAsyncEventArgs.System.Threading.Tasks.Sources.IValueTaskSource.GetResult(Int16 token)
   at System.Net.Sockets.Socket.<ConnectAsync>g__WaitForConnectWithCancellation|285_0(AwaitableSocketAsyncEventArgs saea, ValueTask connectTask, CancellationToken cancellationToken)
   at Grpc.Net.Client.Balancer.Internal.SocketConnectivitySubchannelTransport.TryConnectAsync(CancellationToken cancellationToken)")
2025-10-28 16:58:33.986 +08:00 [docker-arsidentityserver0421001] [Information] SkyApm.Transport.Grpc.ConnectionManager : Shutdown connection[172.20.64.1:11800].
2025-10-28 16:58:33.986 +08:00 [docker-arsidentityserver0421001] [Information] SkyApm.Transport.Grpc.ConnectionManager : Connected server[172.20.64.1:11800].
2025-10-28 16:58:48.185 +08:00 [docker-arsidentityserver0421001] [Error] SkyApm.Transport.Grpc.V8.ServiceRegister : Report service instance properties fail.
Grpc.Core.RpcException: Status(StatusCode="Unavailable", Detail="Error connecting to subchannel.", DebugException="System.Net.Sockets.SocketException (10061): 由于目标计算机积极拒绝，无法连接。
   at System.Net.Sockets.Socket.AwaitableSocketAsyncEventArgs.System.Threading.Tasks.Sources.IValueTaskSource.GetResult(Int16 token)
   at System.Net.Sockets.Socket.<ConnectAsync>g__WaitForConnectWithCancellation|285_0(AwaitableSocketAsyncEventArgs saea, ValueTask connectTask, CancellationToken cancellationToken)
   at Grpc.Net.Client.Balancer.Internal.SocketConnectivitySubchannelTransport.TryConnectAsync(CancellationToken cancellationToken)")
   at Grpc.Net.Client.Balancer.Internal.ConnectionManager.PickAsync(PickContext context, Boolean waitForReady, CancellationToken cancellationToken)
   at Grpc.Net.Client.Balancer.Internal.BalancerHttpHandler.SendAsync(HttpRequestMessage request, CancellationToken cancellationToken)
   at Grpc.Net.Client.Internal.GrpcCall`2.RunCall(HttpRequestMessage request, Nullable`1 timeout)
   at SkyApm.Transport.Grpc.V8.ServiceRegister.<>c__DisplayClass9_0.<<ReportInstancePropertiesAsync>b__0>d.MoveNext()
--- End of stack trace from previous location ---
   at SkyApm.Transport.Grpc.Common.Call.Execute[T](Func`1 task, Func`1 errCallback, Func`1 errMessage)
2025-10-28 16:58:48.185 +08:00 [docker-arsidentityserver0421001] [Warning] SkyApm.Transport.Grpc.ConnectionManager : Connection state changed. Status(StatusCode="Unavailable", Detail="Error connecting to subchannel.", DebugException="System.Net.Sockets.SocketException (10061): 由于目标计算机积极拒绝，无法连接。
   at System.Net.Sockets.Socket.AwaitableSocketAsyncEventArgs.System.Threading.Tasks.Sources.IValueTaskSource.GetResult(Int16 token)
   at System.Net.Sockets.Socket.<ConnectAsync>g__WaitForConnectWithCancellation|285_0(AwaitableSocketAsyncEventArgs saea, ValueTask connectTask, CancellationToken cancellationToken)
   at Grpc.Net.Client.Balancer.Internal.SocketConnectivitySubchannelTransport.TryConnectAsync(CancellationToken cancellationToken)")
2025-10-28 16:58:48.985 +08:00 [docker-arsidentityserver0421001] [Information] SkyApm.Transport.Grpc.ConnectionManager : Shutdown connection[172.20.64.1:11800].
2025-10-28 16:58:48.985 +08:00 [docker-arsidentityserver0421001] [Information] SkyApm.Transport.Grpc.ConnectionManager : Connected server[172.20.64.1:11800].
2025-10-28 16:58:51.268 +08:00 [docker-arsidentityserver0421001] [Error] SkyApm.Transport.Grpc.V8.ServiceRegister : Report service instance properties fail.
Grpc.Core.RpcException: Status(StatusCode="Unavailable", Detail="Error connecting to subchannel.", DebugException="System.Net.Sockets.SocketException (10061): 由于目标计算机积极拒绝，无法连接。
   at System.Net.Sockets.Socket.AwaitableSocketAsyncEventArgs.System.Threading.Tasks.Sources.IValueTaskSource.GetResult(Int16 token)
   at System.Net.Sockets.Socket.<ConnectAsync>g__WaitForConnectWithCancellation|285_0(AwaitableSocketAsyncEventArgs saea, ValueTask connectTask, CancellationToken cancellationToken)
   at Grpc.Net.Client.Balancer.Internal.SocketConnectivitySubchannelTransport.TryConnectAsync(CancellationToken cancellationToken)")
   at Grpc.Net.Client.Balancer.Internal.ConnectionManager.PickAsync(PickContext context, Boolean waitForReady, CancellationToken cancellationToken)
   at Grpc.Net.Client.Balancer.Internal.BalancerHttpHandler.SendAsync(HttpRequestMessage request, CancellationToken cancellationToken)
   at Grpc.Net.Client.Internal.GrpcCall`2.RunCall(HttpRequestMessage request, Nullable`1 timeout)
   at SkyApm.Transport.Grpc.V8.ServiceRegister.<>c__DisplayClass9_0.<<ReportInstancePropertiesAsync>b__0>d.MoveNext()
--- End of stack trace from previous location ---
   at SkyApm.Transport.Grpc.Common.Call.Execute[T](Func`1 task, Func`1 errCallback, Func`1 errMessage)
2025-10-28 16:58:51.268 +08:00 [docker-arsidentityserver0421001] [Warning] SkyApm.Transport.Grpc.ConnectionManager : Connection state changed. Status(StatusCode="Unavailable", Detail="Error connecting to subchannel.", DebugException="System.Net.Sockets.SocketException (10061): 由于目标计算机积极拒绝，无法连接。
   at System.Net.Sockets.Socket.AwaitableSocketAsyncEventArgs.System.Threading.Tasks.Sources.IValueTaskSource.GetResult(Int16 token)
   at System.Net.Sockets.Socket.<ConnectAsync>g__WaitForConnectWithCancellation|285_0(AwaitableSocketAsyncEventArgs saea, ValueTask connectTask, CancellationToken cancellationToken)
   at Grpc.Net.Client.Balancer.Internal.SocketConnectivitySubchannelTransport.TryConnectAsync(CancellationToken cancellationToken)")
2025-10-28 16:59:03.979 +08:00 [docker-arsidentityserver0421001] [Information] SkyApm.Transport.Grpc.ConnectionManager : Shutdown connection[172.20.64.1:11800].
2025-10-28 16:59:03.979 +08:00 [docker-arsidentityserver0421001] [Information] SkyApm.Transport.Grpc.ConnectionManager : Connected server[172.20.64.1:11800].
2025-10-28 16:59:18.189 +08:00 [docker-arsidentityserver0421001] [Error] SkyApm.Transport.Grpc.V8.ServiceRegister : Report service instance properties fail.
Grpc.Core.RpcException: Status(StatusCode="Unavailable", Detail="Error connecting to subchannel.", DebugException="System.Net.Sockets.SocketException (10061): 由于目标计算机积极拒绝，无法连接。
   at System.Net.Sockets.Socket.AwaitableSocketAsyncEventArgs.System.Threading.Tasks.Sources.IValueTaskSource.GetResult(Int16 token)
   at System.Net.Sockets.Socket.<ConnectAsync>g__WaitForConnectWithCancellation|285_0(AwaitableSocketAsyncEventArgs saea, ValueTask connectTask, CancellationToken cancellationToken)
   at Grpc.Net.Client.Balancer.Internal.SocketConnectivitySubchannelTransport.TryConnectAsync(CancellationToken cancellationToken)")
   at Grpc.Net.Client.Balancer.Internal.ConnectionManager.PickAsync(PickContext context, Boolean waitForReady, CancellationToken cancellationToken)
   at Grpc.Net.Client.Balancer.Internal.BalancerHttpHandler.SendAsync(HttpRequestMessage request, CancellationToken cancellationToken)
   at Grpc.Net.Client.Internal.GrpcCall`2.RunCall(HttpRequestMessage request, Nullable`1 timeout)
   at SkyApm.Transport.Grpc.V8.ServiceRegister.<>c__DisplayClass9_0.<<ReportInstancePropertiesAsync>b__0>d.MoveNext()
--- End of stack trace from previous location ---
   at SkyApm.Transport.Grpc.Common.Call.Execute[T](Func`1 task, Func`1 errCallback, Func`1 errMessage)
2025-10-28 16:59:18.190 +08:00 [docker-arsidentityserver0421001] [Warning] SkyApm.Transport.Grpc.ConnectionManager : Connection state changed. Status(StatusCode="Unavailable", Detail="Error connecting to subchannel.", DebugException="System.Net.Sockets.SocketException (10061): 由于目标计算机积极拒绝，无法连接。
   at System.Net.Sockets.Socket.AwaitableSocketAsyncEventArgs.System.Threading.Tasks.Sources.IValueTaskSource.GetResult(Int16 token)
   at System.Net.Sockets.Socket.<ConnectAsync>g__WaitForConnectWithCancellation|285_0(AwaitableSocketAsyncEventArgs saea, ValueTask connectTask, CancellationToken cancellationToken)
   at Grpc.Net.Client.Balancer.Internal.SocketConnectivitySubchannelTransport.TryConnectAsync(CancellationToken cancellationToken)")
2025-10-28 16:59:18.982 +08:00 [docker-arsidentityserver0421001] [Information] SkyApm.Transport.Grpc.ConnectionManager : Shutdown connection[172.20.64.1:11800].
2025-10-28 16:59:18.982 +08:00 [docker-arsidentityserver0421001] [Information] SkyApm.Transport.Grpc.ConnectionManager : Connected server[172.20.64.1:11800].
2025-10-28 16:59:21.271 +08:00 [docker-arsidentityserver0421001] [Error] SkyApm.Transport.Grpc.V8.ServiceRegister : Report service instance properties fail.
Grpc.Core.RpcException: Status(StatusCode="Unavailable", Detail="Error connecting to subchannel.", DebugException="System.Net.Sockets.SocketException (10061): 由于目标计算机积极拒绝，无法连接。
   at System.Net.Sockets.Socket.AwaitableSocketAsyncEventArgs.System.Threading.Tasks.Sources.IValueTaskSource.GetResult(Int16 token)
   at System.Net.Sockets.Socket.<ConnectAsync>g__WaitForConnectWithCancellation|285_0(AwaitableSocketAsyncEventArgs saea, ValueTask connectTask, CancellationToken cancellationToken)
   at Grpc.Net.Client.Balancer.Internal.SocketConnectivitySubchannelTransport.TryConnectAsync(CancellationToken cancellationToken)")
   at Grpc.Net.Client.Balancer.Internal.ConnectionManager.PickAsync(PickContext context, Boolean waitForReady, CancellationToken cancellationToken)
   at Grpc.Net.Client.Balancer.Internal.BalancerHttpHandler.SendAsync(HttpRequestMessage request, CancellationToken cancellationToken)
   at Grpc.Net.Client.Internal.GrpcCall`2.RunCall(HttpRequestMessage request, Nullable`1 timeout)
   at SkyApm.Transport.Grpc.V8.ServiceRegister.<>c__DisplayClass9_0.<<ReportInstancePropertiesAsync>b__0>d.MoveNext()
--- End of stack trace from previous location ---
   at SkyApm.Transport.Grpc.Common.Call.Execute[T](Func`1 task, Func`1 errCallback, Func`1 errMessage)
2025-10-28 16:59:21.271 +08:00 [docker-arsidentityserver0421001] [Warning] SkyApm.Transport.Grpc.ConnectionManager : Connection state changed. Status(StatusCode="Unavailable", Detail="Error connecting to subchannel.", DebugException="System.Net.Sockets.SocketException (10061): 由于目标计算机积极拒绝，无法连接。
   at System.Net.Sockets.Socket.AwaitableSocketAsyncEventArgs.System.Threading.Tasks.Sources.IValueTaskSource.GetResult(Int16 token)
   at System.Net.Sockets.Socket.<ConnectAsync>g__WaitForConnectWithCancellation|285_0(AwaitableSocketAsyncEventArgs saea, ValueTask connectTask, CancellationToken cancellationToken)
   at Grpc.Net.Client.Balancer.Internal.SocketConnectivitySubchannelTransport.TryConnectAsync(CancellationToken cancellationToken)")
2025-10-28 16:59:33.976 +08:00 [docker-arsidentityserver0421001] [Information] SkyApm.Transport.Grpc.ConnectionManager : Shutdown connection[172.20.64.1:11800].
2025-10-28 16:59:33.976 +08:00 [docker-arsidentityserver0421001] [Information] SkyApm.Transport.Grpc.ConnectionManager : Connected server[172.20.64.1:11800].
2025-10-28 16:59:48.198 +08:00 [docker-arsidentityserver0421001] [Error] SkyApm.Transport.Grpc.V8.ServiceRegister : Report service instance properties fail.
Grpc.Core.RpcException: Status(StatusCode="Unavailable", Detail="Error connecting to subchannel.", DebugException="System.Net.Sockets.SocketException (10061): 由于目标计算机积极拒绝，无法连接。
   at System.Net.Sockets.Socket.AwaitableSocketAsyncEventArgs.System.Threading.Tasks.Sources.IValueTaskSource.GetResult(Int16 token)
   at System.Net.Sockets.Socket.<ConnectAsync>g__WaitForConnectWithCancellation|285_0(AwaitableSocketAsyncEventArgs saea, ValueTask connectTask, CancellationToken cancellationToken)
   at Grpc.Net.Client.Balancer.Internal.SocketConnectivitySubchannelTransport.TryConnectAsync(CancellationToken cancellationToken)")
   at Grpc.Net.Client.Balancer.Internal.ConnectionManager.PickAsync(PickContext context, Boolean waitForReady, CancellationToken cancellationToken)
   at Grpc.Net.Client.Balancer.Internal.BalancerHttpHandler.SendAsync(HttpRequestMessage request, CancellationToken cancellationToken)
   at Grpc.Net.Client.Internal.GrpcCall`2.RunCall(HttpRequestMessage request, Nullable`1 timeout)
   at SkyApm.Transport.Grpc.V8.ServiceRegister.<>c__DisplayClass9_0.<<ReportInstancePropertiesAsync>b__0>d.MoveNext()
--- End of stack trace from previous location ---
   at SkyApm.Transport.Grpc.Common.Call.Execute[T](Func`1 task, Func`1 errCallback, Func`1 errMessage)
2025-10-28 16:59:48.198 +08:00 [docker-arsidentityserver0421001] [Warning] SkyApm.Transport.Grpc.ConnectionManager : Connection state changed. Status(StatusCode="Unavailable", Detail="Error connecting to subchannel.", DebugException="System.Net.Sockets.SocketException (10061): 由于目标计算机积极拒绝，无法连接。
   at System.Net.Sockets.Socket.AwaitableSocketAsyncEventArgs.System.Threading.Tasks.Sources.IValueTaskSource.GetResult(Int16 token)
   at System.Net.Sockets.Socket.<ConnectAsync>g__WaitForConnectWithCancellation|285_0(AwaitableSocketAsyncEventArgs saea, ValueTask connectTask, CancellationToken cancellationToken)
   at Grpc.Net.Client.Balancer.Internal.SocketConnectivitySubchannelTransport.TryConnectAsync(CancellationToken cancellationToken)")
2025-10-28 16:59:48.990 +08:00 [docker-arsidentityserver0421001] [Information] SkyApm.Transport.Grpc.ConnectionManager : Shutdown connection[172.20.64.1:11800].
2025-10-28 16:59:48.990 +08:00 [docker-arsidentityserver0421001] [Information] SkyApm.Transport.Grpc.ConnectionManager : Connected server[172.20.64.1:11800].
2025-10-28 16:59:51.268 +08:00 [docker-arsidentityserver0421001] [Error] SkyApm.Transport.Grpc.V8.ServiceRegister : Report service instance properties fail.
Grpc.Core.RpcException: Status(StatusCode="Unavailable", Detail="Error connecting to subchannel.", DebugException="System.Net.Sockets.SocketException (10061): 由于目标计算机积极拒绝，无法连接。
   at System.Net.Sockets.Socket.AwaitableSocketAsyncEventArgs.System.Threading.Tasks.Sources.IValueTaskSource.GetResult(Int16 token)
   at System.Net.Sockets.Socket.<ConnectAsync>g__WaitForConnectWithCancellation|285_0(AwaitableSocketAsyncEventArgs saea, ValueTask connectTask, CancellationToken cancellationToken)
   at Grpc.Net.Client.Balancer.Internal.SocketConnectivitySubchannelTransport.TryConnectAsync(CancellationToken cancellationToken)")
   at Grpc.Net.Client.Balancer.Internal.ConnectionManager.PickAsync(PickContext context, Boolean waitForReady, CancellationToken cancellationToken)
   at Grpc.Net.Client.Balancer.Internal.BalancerHttpHandler.SendAsync(HttpRequestMessage request, CancellationToken cancellationToken)
   at Grpc.Net.Client.Internal.GrpcCall`2.RunCall(HttpRequestMessage request, Nullable`1 timeout)
   at SkyApm.Transport.Grpc.V8.ServiceRegister.<>c__DisplayClass9_0.<<ReportInstancePropertiesAsync>b__0>d.MoveNext()
--- End of stack trace from previous location ---
   at SkyApm.Transport.Grpc.Common.Call.Execute[T](Func`1 task, Func`1 errCallback, Func`1 errMessage)
2025-10-28 16:59:51.269 +08:00 [docker-arsidentityserver0421001] [Warning] SkyApm.Transport.Grpc.ConnectionManager : Connection state changed. Status(StatusCode="Unavailable", Detail="Error connecting to subchannel.", DebugException="System.Net.Sockets.SocketException (10061): 由于目标计算机积极拒绝，无法连接。
   at System.Net.Sockets.Socket.AwaitableSocketAsyncEventArgs.System.Threading.Tasks.Sources.IValueTaskSource.GetResult(Int16 token)
   at System.Net.Sockets.Socket.<ConnectAsync>g__WaitForConnectWithCancellation|285_0(AwaitableSocketAsyncEventArgs saea, ValueTask connectTask, CancellationToken cancellationToken)
   at Grpc.Net.Client.Balancer.Internal.SocketConnectivitySubchannelTransport.TryConnectAsync(CancellationToken cancellationToken)")
2025-10-28 17:00:03.985 +08:00 [docker-arsidentityserver0421001] [Information] SkyApm.Transport.Grpc.ConnectionManager : Shutdown connection[172.20.64.1:11800].
2025-10-28 17:00:03.985 +08:00 [docker-arsidentityserver0421001] [Information] SkyApm.Transport.Grpc.ConnectionManager : Connected server[172.20.64.1:11800].
2025-10-28 17:00:18.205 +08:00 [docker-arsidentityserver0421001] [Error] SkyApm.Transport.Grpc.V8.ServiceRegister : Report service instance properties fail.
Grpc.Core.RpcException: Status(StatusCode="Unavailable", Detail="Error connecting to subchannel.", DebugException="System.Net.Sockets.SocketException (10061): 由于目标计算机积极拒绝，无法连接。
   at System.Net.Sockets.Socket.AwaitableSocketAsyncEventArgs.System.Threading.Tasks.Sources.IValueTaskSource.GetResult(Int16 token)
   at System.Net.Sockets.Socket.<ConnectAsync>g__WaitForConnectWithCancellation|285_0(AwaitableSocketAsyncEventArgs saea, ValueTask connectTask, CancellationToken cancellationToken)
   at Grpc.Net.Client.Balancer.Internal.SocketConnectivitySubchannelTransport.TryConnectAsync(CancellationToken cancellationToken)")
   at Grpc.Net.Client.Balancer.Internal.ConnectionManager.PickAsync(PickContext context, Boolean waitForReady, CancellationToken cancellationToken)
   at Grpc.Net.Client.Balancer.Internal.BalancerHttpHandler.SendAsync(HttpRequestMessage request, CancellationToken cancellationToken)
   at Grpc.Net.Client.Internal.GrpcCall`2.RunCall(HttpRequestMessage request, Nullable`1 timeout)
   at SkyApm.Transport.Grpc.V8.ServiceRegister.<>c__DisplayClass9_0.<<ReportInstancePropertiesAsync>b__0>d.MoveNext()
--- End of stack trace from previous location ---
   at SkyApm.Transport.Grpc.Common.Call.Execute[T](Func`1 task, Func`1 errCallback, Func`1 errMessage)
2025-10-28 17:00:18.205 +08:00 [docker-arsidentityserver0421001] [Warning] SkyApm.Transport.Grpc.ConnectionManager : Connection state changed. Status(StatusCode="Unavailable", Detail="Error connecting to subchannel.", DebugException="System.Net.Sockets.SocketException (10061): 由于目标计算机积极拒绝，无法连接。
   at System.Net.Sockets.Socket.AwaitableSocketAsyncEventArgs.System.Threading.Tasks.Sources.IValueTaskSource.GetResult(Int16 token)
   at System.Net.Sockets.Socket.<ConnectAsync>g__WaitForConnectWithCancellation|285_0(AwaitableSocketAsyncEventArgs saea, ValueTask connectTask, CancellationToken cancellationToken)
   at Grpc.Net.Client.Balancer.Internal.SocketConnectivitySubchannelTransport.TryConnectAsync(CancellationToken cancellationToken)")
2025-10-28 17:00:18.981 +08:00 [docker-arsidentityserver0421001] [Information] SkyApm.Transport.Grpc.ConnectionManager : Shutdown connection[172.20.64.1:11800].
2025-10-28 17:00:18.981 +08:00 [docker-arsidentityserver0421001] [Information] SkyApm.Transport.Grpc.ConnectionManager : Connected server[172.20.64.1:11800].
2025-10-28 17:00:21.267 +08:00 [docker-arsidentityserver0421001] [Error] SkyApm.Transport.Grpc.V8.ServiceRegister : Report service instance properties fail.
Grpc.Core.RpcException: Status(StatusCode="Unavailable", Detail="Error connecting to subchannel.", DebugException="System.Net.Sockets.SocketException (10061): 由于目标计算机积极拒绝，无法连接。
   at System.Net.Sockets.Socket.AwaitableSocketAsyncEventArgs.System.Threading.Tasks.Sources.IValueTaskSource.GetResult(Int16 token)
   at System.Net.Sockets.Socket.<ConnectAsync>g__WaitForConnectWithCancellation|285_0(AwaitableSocketAsyncEventArgs saea, ValueTask connectTask, CancellationToken cancellationToken)
   at Grpc.Net.Client.Balancer.Internal.SocketConnectivitySubchannelTransport.TryConnectAsync(CancellationToken cancellationToken)")
   at Grpc.Net.Client.Balancer.Internal.ConnectionManager.PickAsync(PickContext context, Boolean waitForReady, CancellationToken cancellationToken)
   at Grpc.Net.Client.Balancer.Internal.BalancerHttpHandler.SendAsync(HttpRequestMessage request, CancellationToken cancellationToken)
   at Grpc.Net.Client.Internal.GrpcCall`2.RunCall(HttpRequestMessage request, Nullable`1 timeout)
   at SkyApm.Transport.Grpc.V8.ServiceRegister.<>c__DisplayClass9_0.<<ReportInstancePropertiesAsync>b__0>d.MoveNext()
--- End of stack trace from previous location ---
   at SkyApm.Transport.Grpc.Common.Call.Execute[T](Func`1 task, Func`1 errCallback, Func`1 errMessage)
2025-10-28 17:00:21.267 +08:00 [docker-arsidentityserver0421001] [Warning] SkyApm.Transport.Grpc.ConnectionManager : Connection state changed. Status(StatusCode="Unavailable", Detail="Error connecting to subchannel.", DebugException="System.Net.Sockets.SocketException (10061): 由于目标计算机积极拒绝，无法连接。
   at System.Net.Sockets.Socket.AwaitableSocketAsyncEventArgs.System.Threading.Tasks.Sources.IValueTaskSource.GetResult(Int16 token)
   at System.Net.Sockets.Socket.<ConnectAsync>g__WaitForConnectWithCancellation|285_0(AwaitableSocketAsyncEventArgs saea, ValueTask connectTask, CancellationToken cancellationToken)
   at Grpc.Net.Client.Balancer.Internal.SocketConnectivitySubchannelTransport.TryConnectAsync(CancellationToken cancellationToken)")
2025-10-28 17:00:33.980 +08:00 [docker-arsidentityserver0421001] [Information] SkyApm.Transport.Grpc.ConnectionManager : Shutdown connection[172.20.64.1:11800].
2025-10-28 17:00:33.980 +08:00 [docker-arsidentityserver0421001] [Information] SkyApm.Transport.Grpc.ConnectionManager : Connected server[172.20.64.1:11800].
2025-10-28 17:00:48.216 +08:00 [docker-arsidentityserver0421001] [Error] SkyApm.Transport.Grpc.V8.ServiceRegister : Report service instance properties fail.
Grpc.Core.RpcException: Status(StatusCode="Unavailable", Detail="Error connecting to subchannel.", DebugException="System.Net.Sockets.SocketException (10061): 由于目标计算机积极拒绝，无法连接。
   at System.Net.Sockets.Socket.AwaitableSocketAsyncEventArgs.System.Threading.Tasks.Sources.IValueTaskSource.GetResult(Int16 token)
   at System.Net.Sockets.Socket.<ConnectAsync>g__WaitForConnectWithCancellation|285_0(AwaitableSocketAsyncEventArgs saea, ValueTask connectTask, CancellationToken cancellationToken)
   at Grpc.Net.Client.Balancer.Internal.SocketConnectivitySubchannelTransport.TryConnectAsync(CancellationToken cancellationToken)")
   at Grpc.Net.Client.Balancer.Internal.ConnectionManager.PickAsync(PickContext context, Boolean waitForReady, CancellationToken cancellationToken)
   at Grpc.Net.Client.Balancer.Internal.BalancerHttpHandler.SendAsync(HttpRequestMessage request, CancellationToken cancellationToken)
   at Grpc.Net.Client.Internal.GrpcCall`2.RunCall(HttpRequestMessage request, Nullable`1 timeout)
   at SkyApm.Transport.Grpc.V8.ServiceRegister.<>c__DisplayClass9_0.<<ReportInstancePropertiesAsync>b__0>d.MoveNext()
--- End of stack trace from previous location ---
   at SkyApm.Transport.Grpc.Common.Call.Execute[T](Func`1 task, Func`1 errCallback, Func`1 errMessage)
2025-10-28 17:00:48.216 +08:00 [docker-arsidentityserver0421001] [Warning] SkyApm.Transport.Grpc.ConnectionManager : Connection state changed. Status(StatusCode="Unavailable", Detail="Error connecting to subchannel.", DebugException="System.Net.Sockets.SocketException (10061): 由于目标计算机积极拒绝，无法连接。
   at System.Net.Sockets.Socket.AwaitableSocketAsyncEventArgs.System.Threading.Tasks.Sources.IValueTaskSource.GetResult(Int16 token)
   at System.Net.Sockets.Socket.<ConnectAsync>g__WaitForConnectWithCancellation|285_0(AwaitableSocketAsyncEventArgs saea, ValueTask connectTask, CancellationToken cancellationToken)
   at Grpc.Net.Client.Balancer.Internal.SocketConnectivitySubchannelTransport.TryConnectAsync(CancellationToken cancellationToken)")
2025-10-28 17:00:48.976 +08:00 [docker-arsidentityserver0421001] [Information] SkyApm.Transport.Grpc.ConnectionManager : Shutdown connection[172.20.64.1:11800].
2025-10-28 17:00:48.976 +08:00 [docker-arsidentityserver0421001] [Information] SkyApm.Transport.Grpc.ConnectionManager : Connected server[172.20.64.1:11800].
2025-10-28 17:00:51.301 +08:00 [docker-arsidentityserver0421001] [Error] SkyApm.Transport.Grpc.V8.ServiceRegister : Report service instance properties fail.
Grpc.Core.RpcException: Status(StatusCode="Unavailable", Detail="Error connecting to subchannel.", DebugException="System.Net.Sockets.SocketException (10061): 由于目标计算机积极拒绝，无法连接。
   at System.Net.Sockets.Socket.AwaitableSocketAsyncEventArgs.System.Threading.Tasks.Sources.IValueTaskSource.GetResult(Int16 token)
   at System.Net.Sockets.Socket.<ConnectAsync>g__WaitForConnectWithCancellation|285_0(AwaitableSocketAsyncEventArgs saea, ValueTask connectTask, CancellationToken cancellationToken)
   at Grpc.Net.Client.Balancer.Internal.SocketConnectivitySubchannelTransport.TryConnectAsync(CancellationToken cancellationToken)")
   at Grpc.Net.Client.Balancer.Internal.ConnectionManager.PickAsync(PickContext context, Boolean waitForReady, CancellationToken cancellationToken)
   at Grpc.Net.Client.Balancer.Internal.BalancerHttpHandler.SendAsync(HttpRequestMessage request, CancellationToken cancellationToken)
   at Grpc.Net.Client.Internal.GrpcCall`2.RunCall(HttpRequestMessage request, Nullable`1 timeout)
   at SkyApm.Transport.Grpc.V8.ServiceRegister.<>c__DisplayClass9_0.<<ReportInstancePropertiesAsync>b__0>d.MoveNext()
--- End of stack trace from previous location ---
   at SkyApm.Transport.Grpc.Common.Call.Execute[T](Func`1 task, Func`1 errCallback, Func`1 errMessage)
2025-10-28 17:00:51.301 +08:00 [docker-arsidentityserver0421001] [Warning] SkyApm.Transport.Grpc.ConnectionManager : Connection state changed. Status(StatusCode="Unavailable", Detail="Error connecting to subchannel.", DebugException="System.Net.Sockets.SocketException (10061): 由于目标计算机积极拒绝，无法连接。
   at System.Net.Sockets.Socket.AwaitableSocketAsyncEventArgs.System.Threading.Tasks.Sources.IValueTaskSource.GetResult(Int16 token)
   at System.Net.Sockets.Socket.<ConnectAsync>g__WaitForConnectWithCancellation|285_0(AwaitableSocketAsyncEventArgs saea, ValueTask connectTask, CancellationToken cancellationToken)
   at Grpc.Net.Client.Balancer.Internal.SocketConnectivitySubchannelTransport.TryConnectAsync(CancellationToken cancellationToken)")
2025-10-28 17:01:03.987 +08:00 [docker-arsidentityserver0421001] [Information] SkyApm.Transport.Grpc.ConnectionManager : Shutdown connection[172.20.64.1:11800].
2025-10-28 17:01:03.987 +08:00 [docker-arsidentityserver0421001] [Information] SkyApm.Transport.Grpc.ConnectionManager : Connected server[172.20.64.1:11800].
2025-10-28 17:01:18.191 +08:00 [docker-arsidentityserver0421001] [Error] SkyApm.Transport.Grpc.V8.ServiceRegister : Report service instance properties fail.
Grpc.Core.RpcException: Status(StatusCode="Unavailable", Detail="Error connecting to subchannel.", DebugException="System.Net.Sockets.SocketException (10061): 由于目标计算机积极拒绝，无法连接。
   at System.Net.Sockets.Socket.AwaitableSocketAsyncEventArgs.System.Threading.Tasks.Sources.IValueTaskSource.GetResult(Int16 token)
   at System.Net.Sockets.Socket.<ConnectAsync>g__WaitForConnectWithCancellation|285_0(AwaitableSocketAsyncEventArgs saea, ValueTask connectTask, CancellationToken cancellationToken)
   at Grpc.Net.Client.Balancer.Internal.SocketConnectivitySubchannelTransport.TryConnectAsync(CancellationToken cancellationToken)")
   at Grpc.Net.Client.Balancer.Internal.ConnectionManager.PickAsync(PickContext context, Boolean waitForReady, CancellationToken cancellationToken)
   at Grpc.Net.Client.Balancer.Internal.BalancerHttpHandler.SendAsync(HttpRequestMessage request, CancellationToken cancellationToken)
   at Grpc.Net.Client.Internal.GrpcCall`2.RunCall(HttpRequestMessage request, Nullable`1 timeout)
   at SkyApm.Transport.Grpc.V8.ServiceRegister.<>c__DisplayClass9_0.<<ReportInstancePropertiesAsync>b__0>d.MoveNext()
--- End of stack trace from previous location ---
   at SkyApm.Transport.Grpc.Common.Call.Execute[T](Func`1 task, Func`1 errCallback, Func`1 errMessage)
2025-10-28 17:01:18.192 +08:00 [docker-arsidentityserver0421001] [Warning] SkyApm.Transport.Grpc.ConnectionManager : Connection state changed. Status(StatusCode="Unavailable", Detail="Error connecting to subchannel.", DebugException="System.Net.Sockets.SocketException (10061): 由于目标计算机积极拒绝，无法连接。
   at System.Net.Sockets.Socket.AwaitableSocketAsyncEventArgs.System.Threading.Tasks.Sources.IValueTaskSource.GetResult(Int16 token)
   at System.Net.Sockets.Socket.<ConnectAsync>g__WaitForConnectWithCancellation|285_0(AwaitableSocketAsyncEventArgs saea, ValueTask connectTask, CancellationToken cancellationToken)
   at Grpc.Net.Client.Balancer.Internal.SocketConnectivitySubchannelTransport.TryConnectAsync(CancellationToken cancellationToken)")
2025-10-28 17:01:18.983 +08:00 [docker-arsidentityserver0421001] [Information] SkyApm.Transport.Grpc.ConnectionManager : Shutdown connection[172.20.64.1:11800].
2025-10-28 17:01:18.984 +08:00 [docker-arsidentityserver0421001] [Information] SkyApm.Transport.Grpc.ConnectionManager : Connected server[172.20.64.1:11800].
2025-10-28 17:01:21.256 +08:00 [docker-arsidentityserver0421001] [Error] SkyApm.Transport.Grpc.V8.ServiceRegister : Report service instance properties fail.
Grpc.Core.RpcException: Status(StatusCode="Unavailable", Detail="Error connecting to subchannel.", DebugException="System.Net.Sockets.SocketException (10061): 由于目标计算机积极拒绝，无法连接。
   at System.Net.Sockets.Socket.AwaitableSocketAsyncEventArgs.System.Threading.Tasks.Sources.IValueTaskSource.GetResult(Int16 token)
   at System.Net.Sockets.Socket.<ConnectAsync>g__WaitForConnectWithCancellation|285_0(AwaitableSocketAsyncEventArgs saea, ValueTask connectTask, CancellationToken cancellationToken)
   at Grpc.Net.Client.Balancer.Internal.SocketConnectivitySubchannelTransport.TryConnectAsync(CancellationToken cancellationToken)")
   at Grpc.Net.Client.Balancer.Internal.ConnectionManager.PickAsync(PickContext context, Boolean waitForReady, CancellationToken cancellationToken)
   at Grpc.Net.Client.Balancer.Internal.BalancerHttpHandler.SendAsync(HttpRequestMessage request, CancellationToken cancellationToken)
   at Grpc.Net.Client.Internal.GrpcCall`2.RunCall(HttpRequestMessage request, Nullable`1 timeout)
   at SkyApm.Transport.Grpc.V8.ServiceRegister.<>c__DisplayClass9_0.<<ReportInstancePropertiesAsync>b__0>d.MoveNext()
--- End of stack trace from previous location ---
   at SkyApm.Transport.Grpc.Common.Call.Execute[T](Func`1 task, Func`1 errCallback, Func`1 errMessage)
2025-10-28 17:01:21.256 +08:00 [docker-arsidentityserver0421001] [Warning] SkyApm.Transport.Grpc.ConnectionManager : Connection state changed. Status(StatusCode="Unavailable", Detail="Error connecting to subchannel.", DebugException="System.Net.Sockets.SocketException (10061): 由于目标计算机积极拒绝，无法连接。
   at System.Net.Sockets.Socket.AwaitableSocketAsyncEventArgs.System.Threading.Tasks.Sources.IValueTaskSource.GetResult(Int16 token)
   at System.Net.Sockets.Socket.<ConnectAsync>g__WaitForConnectWithCancellation|285_0(AwaitableSocketAsyncEventArgs saea, ValueTask connectTask, CancellationToken cancellationToken)
   at Grpc.Net.Client.Balancer.Internal.SocketConnectivitySubchannelTransport.TryConnectAsync(CancellationToken cancellationToken)")
2025-10-28 17:01:33.983 +08:00 [docker-arsidentityserver0421001] [Information] SkyApm.Transport.Grpc.ConnectionManager : Shutdown connection[172.20.64.1:11800].
2025-10-28 17:01:33.983 +08:00 [docker-arsidentityserver0421001] [Information] SkyApm.Transport.Grpc.ConnectionManager : Connected server[172.20.64.1:11800].
2025-10-28 17:01:48.214 +08:00 [docker-arsidentityserver0421001] [Error] SkyApm.Transport.Grpc.V8.ServiceRegister : Report service instance properties fail.
Grpc.Core.RpcException: Status(StatusCode="Unavailable", Detail="Error connecting to subchannel.", DebugException="System.Net.Sockets.SocketException (10061): 由于目标计算机积极拒绝，无法连接。
   at System.Net.Sockets.Socket.AwaitableSocketAsyncEventArgs.System.Threading.Tasks.Sources.IValueTaskSource.GetResult(Int16 token)
   at System.Net.Sockets.Socket.<ConnectAsync>g__WaitForConnectWithCancellation|285_0(AwaitableSocketAsyncEventArgs saea, ValueTask connectTask, CancellationToken cancellationToken)
   at Grpc.Net.Client.Balancer.Internal.SocketConnectivitySubchannelTransport.TryConnectAsync(CancellationToken cancellationToken)")
   at Grpc.Net.Client.Balancer.Internal.ConnectionManager.PickAsync(PickContext context, Boolean waitForReady, CancellationToken cancellationToken)
   at Grpc.Net.Client.Balancer.Internal.BalancerHttpHandler.SendAsync(HttpRequestMessage request, CancellationToken cancellationToken)
   at Grpc.Net.Client.Internal.GrpcCall`2.RunCall(HttpRequestMessage request, Nullable`1 timeout)
   at SkyApm.Transport.Grpc.V8.ServiceRegister.<>c__DisplayClass9_0.<<ReportInstancePropertiesAsync>b__0>d.MoveNext()
--- End of stack trace from previous location ---
   at SkyApm.Transport.Grpc.Common.Call.Execute[T](Func`1 task, Func`1 errCallback, Func`1 errMessage)
2025-10-28 17:01:48.214 +08:00 [docker-arsidentityserver0421001] [Warning] SkyApm.Transport.Grpc.ConnectionManager : Connection state changed. Status(StatusCode="Unavailable", Detail="Error connecting to subchannel.", DebugException="System.Net.Sockets.SocketException (10061): 由于目标计算机积极拒绝，无法连接。
   at System.Net.Sockets.Socket.AwaitableSocketAsyncEventArgs.System.Threading.Tasks.Sources.IValueTaskSource.GetResult(Int16 token)
   at System.Net.Sockets.Socket.<ConnectAsync>g__WaitForConnectWithCancellation|285_0(AwaitableSocketAsyncEventArgs saea, ValueTask connectTask, CancellationToken cancellationToken)
   at Grpc.Net.Client.Balancer.Internal.SocketConnectivitySubchannelTransport.TryConnectAsync(CancellationToken cancellationToken)")
2025-10-28 17:01:48.976 +08:00 [docker-arsidentityserver0421001] [Information] SkyApm.Transport.Grpc.ConnectionManager : Shutdown connection[172.20.64.1:11800].
2025-10-28 17:01:48.976 +08:00 [docker-arsidentityserver0421001] [Information] SkyApm.Transport.Grpc.ConnectionManager : Connected server[172.20.64.1:11800].
2025-10-28 17:01:51.271 +08:00 [docker-arsidentityserver0421001] [Error] SkyApm.Transport.Grpc.V8.ServiceRegister : Report service instance properties fail.
Grpc.Core.RpcException: Status(StatusCode="Unavailable", Detail="Error connecting to subchannel.", DebugException="System.Net.Sockets.SocketException (10061): 由于目标计算机积极拒绝，无法连接。
   at System.Net.Sockets.Socket.AwaitableSocketAsyncEventArgs.System.Threading.Tasks.Sources.IValueTaskSource.GetResult(Int16 token)
   at System.Net.Sockets.Socket.<ConnectAsync>g__WaitForConnectWithCancellation|285_0(AwaitableSocketAsyncEventArgs saea, ValueTask connectTask, CancellationToken cancellationToken)
   at Grpc.Net.Client.Balancer.Internal.SocketConnectivitySubchannelTransport.TryConnectAsync(CancellationToken cancellationToken)")
   at Grpc.Net.Client.Balancer.Internal.ConnectionManager.PickAsync(PickContext context, Boolean waitForReady, CancellationToken cancellationToken)
   at Grpc.Net.Client.Balancer.Internal.BalancerHttpHandler.SendAsync(HttpRequestMessage request, CancellationToken cancellationToken)
   at Grpc.Net.Client.Internal.GrpcCall`2.RunCall(HttpRequestMessage request, Nullable`1 timeout)
   at SkyApm.Transport.Grpc.V8.ServiceRegister.<>c__DisplayClass9_0.<<ReportInstancePropertiesAsync>b__0>d.MoveNext()
--- End of stack trace from previous location ---
   at SkyApm.Transport.Grpc.Common.Call.Execute[T](Func`1 task, Func`1 errCallback, Func`1 errMessage)
2025-10-28 17:01:51.272 +08:00 [docker-arsidentityserver0421001] [Warning] SkyApm.Transport.Grpc.ConnectionManager : Connection state changed. Status(StatusCode="Unavailable", Detail="Error connecting to subchannel.", DebugException="System.Net.Sockets.SocketException (10061): 由于目标计算机积极拒绝，无法连接。
   at System.Net.Sockets.Socket.AwaitableSocketAsyncEventArgs.System.Threading.Tasks.Sources.IValueTaskSource.GetResult(Int16 token)
   at System.Net.Sockets.Socket.<ConnectAsync>g__WaitForConnectWithCancellation|285_0(AwaitableSocketAsyncEventArgs saea, ValueTask connectTask, CancellationToken cancellationToken)
   at Grpc.Net.Client.Balancer.Internal.SocketConnectivitySubchannelTransport.TryConnectAsync(CancellationToken cancellationToken)")
2025-10-28 17:02:03.978 +08:00 [docker-arsidentityserver0421001] [Information] SkyApm.Transport.Grpc.ConnectionManager : Shutdown connection[172.20.64.1:11800].
2025-10-28 17:02:03.979 +08:00 [docker-arsidentityserver0421001] [Information] SkyApm.Transport.Grpc.ConnectionManager : Connected server[172.20.64.1:11800].
2025-10-28 17:02:18.186 +08:00 [docker-arsidentityserver0421001] [Error] SkyApm.Transport.Grpc.V8.ServiceRegister : Report service instance properties fail.
Grpc.Core.RpcException: Status(StatusCode="Unavailable", Detail="Error connecting to subchannel.", DebugException="System.Net.Sockets.SocketException (10061): 由于目标计算机积极拒绝，无法连接。
   at System.Net.Sockets.Socket.AwaitableSocketAsyncEventArgs.System.Threading.Tasks.Sources.IValueTaskSource.GetResult(Int16 token)
   at System.Net.Sockets.Socket.<ConnectAsync>g__WaitForConnectWithCancellation|285_0(AwaitableSocketAsyncEventArgs saea, ValueTask connectTask, CancellationToken cancellationToken)
   at Grpc.Net.Client.Balancer.Internal.SocketConnectivitySubchannelTransport.TryConnectAsync(CancellationToken cancellationToken)")
   at Grpc.Net.Client.Balancer.Internal.ConnectionManager.PickAsync(PickContext context, Boolean waitForReady, CancellationToken cancellationToken)
   at Grpc.Net.Client.Balancer.Internal.BalancerHttpHandler.SendAsync(HttpRequestMessage request, CancellationToken cancellationToken)
   at Grpc.Net.Client.Internal.GrpcCall`2.RunCall(HttpRequestMessage request, Nullable`1 timeout)
   at SkyApm.Transport.Grpc.V8.ServiceRegister.<>c__DisplayClass9_0.<<ReportInstancePropertiesAsync>b__0>d.MoveNext()
--- End of stack trace from previous location ---
   at SkyApm.Transport.Grpc.Common.Call.Execute[T](Func`1 task, Func`1 errCallback, Func`1 errMessage)
2025-10-28 17:02:18.186 +08:00 [docker-arsidentityserver0421001] [Warning] SkyApm.Transport.Grpc.ConnectionManager : Connection state changed. Status(StatusCode="Unavailable", Detail="Error connecting to subchannel.", DebugException="System.Net.Sockets.SocketException (10061): 由于目标计算机积极拒绝，无法连接。
   at System.Net.Sockets.Socket.AwaitableSocketAsyncEventArgs.System.Threading.Tasks.Sources.IValueTaskSource.GetResult(Int16 token)
   at System.Net.Sockets.Socket.<ConnectAsync>g__WaitForConnectWithCancellation|285_0(AwaitableSocketAsyncEventArgs saea, ValueTask connectTask, CancellationToken cancellationToken)
   at Grpc.Net.Client.Balancer.Internal.SocketConnectivitySubchannelTransport.TryConnectAsync(CancellationToken cancellationToken)")
2025-10-28 17:02:18.976 +08:00 [docker-arsidentityserver0421001] [Information] SkyApm.Transport.Grpc.ConnectionManager : Shutdown connection[172.20.64.1:11800].
2025-10-28 17:02:18.976 +08:00 [docker-arsidentityserver0421001] [Information] SkyApm.Transport.Grpc.ConnectionManager : Connected server[172.20.64.1:11800].
2025-10-28 17:02:21.256 +08:00 [docker-arsidentityserver0421001] [Error] SkyApm.Transport.Grpc.V8.ServiceRegister : Report service instance properties fail.
Grpc.Core.RpcException: Status(StatusCode="Unavailable", Detail="Error connecting to subchannel.", DebugException="System.Net.Sockets.SocketException (10061): 由于目标计算机积极拒绝，无法连接。
   at System.Net.Sockets.Socket.AwaitableSocketAsyncEventArgs.System.Threading.Tasks.Sources.IValueTaskSource.GetResult(Int16 token)
   at System.Net.Sockets.Socket.<ConnectAsync>g__WaitForConnectWithCancellation|285_0(AwaitableSocketAsyncEventArgs saea, ValueTask connectTask, CancellationToken cancellationToken)
   at Grpc.Net.Client.Balancer.Internal.SocketConnectivitySubchannelTransport.TryConnectAsync(CancellationToken cancellationToken)")
   at Grpc.Net.Client.Balancer.Internal.ConnectionManager.PickAsync(PickContext context, Boolean waitForReady, CancellationToken cancellationToken)
   at Grpc.Net.Client.Balancer.Internal.BalancerHttpHandler.SendAsync(HttpRequestMessage request, CancellationToken cancellationToken)
   at Grpc.Net.Client.Internal.GrpcCall`2.RunCall(HttpRequestMessage request, Nullable`1 timeout)
   at SkyApm.Transport.Grpc.V8.ServiceRegister.<>c__DisplayClass9_0.<<ReportInstancePropertiesAsync>b__0>d.MoveNext()
--- End of stack trace from previous location ---
   at SkyApm.Transport.Grpc.Common.Call.Execute[T](Func`1 task, Func`1 errCallback, Func`1 errMessage)
2025-10-28 17:02:21.256 +08:00 [docker-arsidentityserver0421001] [Warning] SkyApm.Transport.Grpc.ConnectionManager : Connection state changed. Status(StatusCode="Unavailable", Detail="Error connecting to subchannel.", DebugException="System.Net.Sockets.SocketException (10061): 由于目标计算机积极拒绝，无法连接。
   at System.Net.Sockets.Socket.AwaitableSocketAsyncEventArgs.System.Threading.Tasks.Sources.IValueTaskSource.GetResult(Int16 token)
   at System.Net.Sockets.Socket.<ConnectAsync>g__WaitForConnectWithCancellation|285_0(AwaitableSocketAsyncEventArgs saea, ValueTask connectTask, CancellationToken cancellationToken)
   at Grpc.Net.Client.Balancer.Internal.SocketConnectivitySubchannelTransport.TryConnectAsync(CancellationToken cancellationToken)")
2025-10-28 17:02:33.975 +08:00 [docker-arsidentityserver0421001] [Information] SkyApm.Transport.Grpc.ConnectionManager : Shutdown connection[172.20.64.1:11800].
2025-10-28 17:02:33.975 +08:00 [docker-arsidentityserver0421001] [Information] SkyApm.Transport.Grpc.ConnectionManager : Connected server[172.20.64.1:11800].
2025-10-28 17:02:48.208 +08:00 [docker-arsidentityserver0421001] [Error] SkyApm.Transport.Grpc.V8.ServiceRegister : Report service instance properties fail.
Grpc.Core.RpcException: Status(StatusCode="Unavailable", Detail="Error connecting to subchannel.", DebugException="System.Net.Sockets.SocketException (10061): 由于目标计算机积极拒绝，无法连接。
   at System.Net.Sockets.Socket.AwaitableSocketAsyncEventArgs.System.Threading.Tasks.Sources.IValueTaskSource.GetResult(Int16 token)
   at System.Net.Sockets.Socket.<ConnectAsync>g__WaitForConnectWithCancellation|285_0(AwaitableSocketAsyncEventArgs saea, ValueTask connectTask, CancellationToken cancellationToken)
   at Grpc.Net.Client.Balancer.Internal.SocketConnectivitySubchannelTransport.TryConnectAsync(CancellationToken cancellationToken)")
   at Grpc.Net.Client.Balancer.Internal.ConnectionManager.PickAsync(PickContext context, Boolean waitForReady, CancellationToken cancellationToken)
   at Grpc.Net.Client.Balancer.Internal.BalancerHttpHandler.SendAsync(HttpRequestMessage request, CancellationToken cancellationToken)
   at Grpc.Net.Client.Internal.GrpcCall`2.RunCall(HttpRequestMessage request, Nullable`1 timeout)
   at SkyApm.Transport.Grpc.V8.ServiceRegister.<>c__DisplayClass9_0.<<ReportInstancePropertiesAsync>b__0>d.MoveNext()
--- End of stack trace from previous location ---
   at SkyApm.Transport.Grpc.Common.Call.Execute[T](Func`1 task, Func`1 errCallback, Func`1 errMessage)
2025-10-28 17:02:48.209 +08:00 [docker-arsidentityserver0421001] [Warning] SkyApm.Transport.Grpc.ConnectionManager : Connection state changed. Status(StatusCode="Unavailable", Detail="Error connecting to subchannel.", DebugException="System.Net.Sockets.SocketException (10061): 由于目标计算机积极拒绝，无法连接。
   at System.Net.Sockets.Socket.AwaitableSocketAsyncEventArgs.System.Threading.Tasks.Sources.IValueTaskSource.GetResult(Int16 token)
   at System.Net.Sockets.Socket.<ConnectAsync>g__WaitForConnectWithCancellation|285_0(AwaitableSocketAsyncEventArgs saea, ValueTask connectTask, CancellationToken cancellationToken)
   at Grpc.Net.Client.Balancer.Internal.SocketConnectivitySubchannelTransport.TryConnectAsync(CancellationToken cancellationToken)")
2025-10-28 17:02:48.989 +08:00 [docker-arsidentityserver0421001] [Information] SkyApm.Transport.Grpc.ConnectionManager : Shutdown connection[172.20.64.1:11800].
2025-10-28 17:02:48.990 +08:00 [docker-arsidentityserver0421001] [Information] SkyApm.Transport.Grpc.ConnectionManager : Connected server[172.20.64.1:11800].
2025-10-28 17:02:51.278 +08:00 [docker-arsidentityserver0421001] [Error] SkyApm.Transport.Grpc.V8.ServiceRegister : Report service instance properties fail.
Grpc.Core.RpcException: Status(StatusCode="Unavailable", Detail="Error connecting to subchannel.", DebugException="System.Net.Sockets.SocketException (10061): 由于目标计算机积极拒绝，无法连接。
   at System.Net.Sockets.Socket.AwaitableSocketAsyncEventArgs.System.Threading.Tasks.Sources.IValueTaskSource.GetResult(Int16 token)
   at System.Net.Sockets.Socket.<ConnectAsync>g__WaitForConnectWithCancellation|285_0(AwaitableSocketAsyncEventArgs saea, ValueTask connectTask, CancellationToken cancellationToken)
   at Grpc.Net.Client.Balancer.Internal.SocketConnectivitySubchannelTransport.TryConnectAsync(CancellationToken cancellationToken)")
   at Grpc.Net.Client.Balancer.Internal.ConnectionManager.PickAsync(PickContext context, Boolean waitForReady, CancellationToken cancellationToken)
   at Grpc.Net.Client.Balancer.Internal.BalancerHttpHandler.SendAsync(HttpRequestMessage request, CancellationToken cancellationToken)
   at Grpc.Net.Client.Internal.GrpcCall`2.RunCall(HttpRequestMessage request, Nullable`1 timeout)
   at SkyApm.Transport.Grpc.V8.ServiceRegister.<>c__DisplayClass9_0.<<ReportInstancePropertiesAsync>b__0>d.MoveNext()
--- End of stack trace from previous location ---
   at SkyApm.Transport.Grpc.Common.Call.Execute[T](Func`1 task, Func`1 errCallback, Func`1 errMessage)
2025-10-28 17:02:51.278 +08:00 [docker-arsidentityserver0421001] [Warning] SkyApm.Transport.Grpc.ConnectionManager : Connection state changed. Status(StatusCode="Unavailable", Detail="Error connecting to subchannel.", DebugException="System.Net.Sockets.SocketException (10061): 由于目标计算机积极拒绝，无法连接。
   at System.Net.Sockets.Socket.AwaitableSocketAsyncEventArgs.System.Threading.Tasks.Sources.IValueTaskSource.GetResult(Int16 token)
   at System.Net.Sockets.Socket.<ConnectAsync>g__WaitForConnectWithCancellation|285_0(AwaitableSocketAsyncEventArgs saea, ValueTask connectTask, CancellationToken cancellationToken)
   at Grpc.Net.Client.Balancer.Internal.SocketConnectivitySubchannelTransport.TryConnectAsync(CancellationToken cancellationToken)")
2025-10-28 17:03:03.984 +08:00 [docker-arsidentityserver0421001] [Information] SkyApm.Transport.Grpc.ConnectionManager : Shutdown connection[172.20.64.1:11800].
2025-10-28 17:03:03.984 +08:00 [docker-arsidentityserver0421001] [Information] SkyApm.Transport.Grpc.ConnectionManager : Connected server[172.20.64.1:11800].
2025-10-28 17:03:18.212 +08:00 [docker-arsidentityserver0421001] [Error] SkyApm.Transport.Grpc.V8.ServiceRegister : Report service instance properties fail.
Grpc.Core.RpcException: Status(StatusCode="Unavailable", Detail="Error connecting to subchannel.", DebugException="System.Net.Sockets.SocketException (10061): 由于目标计算机积极拒绝，无法连接。
   at System.Net.Sockets.Socket.AwaitableSocketAsyncEventArgs.System.Threading.Tasks.Sources.IValueTaskSource.GetResult(Int16 token)
   at System.Net.Sockets.Socket.<ConnectAsync>g__WaitForConnectWithCancellation|285_0(AwaitableSocketAsyncEventArgs saea, ValueTask connectTask, CancellationToken cancellationToken)
   at Grpc.Net.Client.Balancer.Internal.SocketConnectivitySubchannelTransport.TryConnectAsync(CancellationToken cancellationToken)")
   at Grpc.Net.Client.Balancer.Internal.ConnectionManager.PickAsync(PickContext context, Boolean waitForReady, CancellationToken cancellationToken)
   at Grpc.Net.Client.Balancer.Internal.BalancerHttpHandler.SendAsync(HttpRequestMessage request, CancellationToken cancellationToken)
   at Grpc.Net.Client.Internal.GrpcCall`2.RunCall(HttpRequestMessage request, Nullable`1 timeout)
   at SkyApm.Transport.Grpc.V8.ServiceRegister.<>c__DisplayClass9_0.<<ReportInstancePropertiesAsync>b__0>d.MoveNext()
--- End of stack trace from previous location ---
   at SkyApm.Transport.Grpc.Common.Call.Execute[T](Func`1 task, Func`1 errCallback, Func`1 errMessage)
2025-10-28 17:03:18.212 +08:00 [docker-arsidentityserver0421001] [Warning] SkyApm.Transport.Grpc.ConnectionManager : Connection state changed. Status(StatusCode="Unavailable", Detail="Error connecting to subchannel.", DebugException="System.Net.Sockets.SocketException (10061): 由于目标计算机积极拒绝，无法连接。
   at System.Net.Sockets.Socket.AwaitableSocketAsyncEventArgs.System.Threading.Tasks.Sources.IValueTaskSource.GetResult(Int16 token)
   at System.Net.Sockets.Socket.<ConnectAsync>g__WaitForConnectWithCancellation|285_0(AwaitableSocketAsyncEventArgs saea, ValueTask connectTask, CancellationToken cancellationToken)
   at Grpc.Net.Client.Balancer.Internal.SocketConnectivitySubchannelTransport.TryConnectAsync(CancellationToken cancellationToken)")
2025-10-28 17:03:18.988 +08:00 [docker-arsidentityserver0421001] [Information] SkyApm.Transport.Grpc.ConnectionManager : Shutdown connection[172.20.64.1:11800].
2025-10-28 17:03:18.988 +08:00 [docker-arsidentityserver0421001] [Information] SkyApm.Transport.Grpc.ConnectionManager : Connected server[172.20.64.1:11800].
2025-10-28 17:03:21.294 +08:00 [docker-arsidentityserver0421001] [Error] SkyApm.Transport.Grpc.V8.ServiceRegister : Report service instance properties fail.
Grpc.Core.RpcException: Status(StatusCode="Unavailable", Detail="Error connecting to subchannel.", DebugException="System.Net.Sockets.SocketException (10061): 由于目标计算机积极拒绝，无法连接。
   at System.Net.Sockets.Socket.AwaitableSocketAsyncEventArgs.System.Threading.Tasks.Sources.IValueTaskSource.GetResult(Int16 token)
   at System.Net.Sockets.Socket.<ConnectAsync>g__WaitForConnectWithCancellation|285_0(AwaitableSocketAsyncEventArgs saea, ValueTask connectTask, CancellationToken cancellationToken)
   at Grpc.Net.Client.Balancer.Internal.SocketConnectivitySubchannelTransport.TryConnectAsync(CancellationToken cancellationToken)")
   at Grpc.Net.Client.Balancer.Internal.ConnectionManager.PickAsync(PickContext context, Boolean waitForReady, CancellationToken cancellationToken)
   at Grpc.Net.Client.Balancer.Internal.BalancerHttpHandler.SendAsync(HttpRequestMessage request, CancellationToken cancellationToken)
   at Grpc.Net.Client.Internal.GrpcCall`2.RunCall(HttpRequestMessage request, Nullable`1 timeout)
   at SkyApm.Transport.Grpc.V8.ServiceRegister.<>c__DisplayClass9_0.<<ReportInstancePropertiesAsync>b__0>d.MoveNext()
--- End of stack trace from previous location ---
   at SkyApm.Transport.Grpc.Common.Call.Execute[T](Func`1 task, Func`1 errCallback, Func`1 errMessage)
2025-10-28 17:03:21.294 +08:00 [docker-arsidentityserver0421001] [Warning] SkyApm.Transport.Grpc.ConnectionManager : Connection state changed. Status(StatusCode="Unavailable", Detail="Error connecting to subchannel.", DebugException="System.Net.Sockets.SocketException (10061): 由于目标计算机积极拒绝，无法连接。
   at System.Net.Sockets.Socket.AwaitableSocketAsyncEventArgs.System.Threading.Tasks.Sources.IValueTaskSource.GetResult(Int16 token)
   at System.Net.Sockets.Socket.<ConnectAsync>g__WaitForConnectWithCancellation|285_0(AwaitableSocketAsyncEventArgs saea, ValueTask connectTask, CancellationToken cancellationToken)
   at Grpc.Net.Client.Balancer.Internal.SocketConnectivitySubchannelTransport.TryConnectAsync(CancellationToken cancellationToken)")
2025-10-28 17:03:33.984 +08:00 [docker-arsidentityserver0421001] [Information] SkyApm.Transport.Grpc.ConnectionManager : Shutdown connection[172.20.64.1:11800].
2025-10-28 17:03:33.985 +08:00 [docker-arsidentityserver0421001] [Information] SkyApm.Transport.Grpc.ConnectionManager : Connected server[172.20.64.1:11800].
2025-10-28 17:03:48.207 +08:00 [docker-arsidentityserver0421001] [Error] SkyApm.Transport.Grpc.V8.ServiceRegister : Report service instance properties fail.
Grpc.Core.RpcException: Status(StatusCode="Unavailable", Detail="Error connecting to subchannel.", DebugException="System.Net.Sockets.SocketException (10061): 由于目标计算机积极拒绝，无法连接。
   at System.Net.Sockets.Socket.AwaitableSocketAsyncEventArgs.System.Threading.Tasks.Sources.IValueTaskSource.GetResult(Int16 token)
   at System.Net.Sockets.Socket.<ConnectAsync>g__WaitForConnectWithCancellation|285_0(AwaitableSocketAsyncEventArgs saea, ValueTask connectTask, CancellationToken cancellationToken)
   at Grpc.Net.Client.Balancer.Internal.SocketConnectivitySubchannelTransport.TryConnectAsync(CancellationToken cancellationToken)")
   at Grpc.Net.Client.Balancer.Internal.ConnectionManager.PickAsync(PickContext context, Boolean waitForReady, CancellationToken cancellationToken)
   at Grpc.Net.Client.Balancer.Internal.BalancerHttpHandler.SendAsync(HttpRequestMessage request, CancellationToken cancellationToken)
   at Grpc.Net.Client.Internal.GrpcCall`2.RunCall(HttpRequestMessage request, Nullable`1 timeout)
   at SkyApm.Transport.Grpc.V8.ServiceRegister.<>c__DisplayClass9_0.<<ReportInstancePropertiesAsync>b__0>d.MoveNext()
--- End of stack trace from previous location ---
   at SkyApm.Transport.Grpc.Common.Call.Execute[T](Func`1 task, Func`1 errCallback, Func`1 errMessage)
2025-10-28 17:03:48.207 +08:00 [docker-arsidentityserver0421001] [Warning] SkyApm.Transport.Grpc.ConnectionManager : Connection state changed. Status(StatusCode="Unavailable", Detail="Error connecting to subchannel.", DebugException="System.Net.Sockets.SocketException (10061): 由于目标计算机积极拒绝，无法连接。
   at System.Net.Sockets.Socket.AwaitableSocketAsyncEventArgs.System.Threading.Tasks.Sources.IValueTaskSource.GetResult(Int16 token)
   at System.Net.Sockets.Socket.<ConnectAsync>g__WaitForConnectWithCancellation|285_0(AwaitableSocketAsyncEventArgs saea, ValueTask connectTask, CancellationToken cancellationToken)
   at Grpc.Net.Client.Balancer.Internal.SocketConnectivitySubchannelTransport.TryConnectAsync(CancellationToken cancellationToken)")
2025-10-28 17:03:48.974 +08:00 [docker-arsidentityserver0421001] [Information] SkyApm.Transport.Grpc.ConnectionManager : Shutdown connection[172.20.64.1:11800].
2025-10-28 17:03:48.974 +08:00 [docker-arsidentityserver0421001] [Information] SkyApm.Transport.Grpc.ConnectionManager : Connected server[172.20.64.1:11800].
2025-10-28 17:03:51.274 +08:00 [docker-arsidentityserver0421001] [Error] SkyApm.Transport.Grpc.V8.ServiceRegister : Report service instance properties fail.
Grpc.Core.RpcException: Status(StatusCode="Unavailable", Detail="Error connecting to subchannel.", DebugException="System.Net.Sockets.SocketException (10061): 由于目标计算机积极拒绝，无法连接。
   at System.Net.Sockets.Socket.AwaitableSocketAsyncEventArgs.System.Threading.Tasks.Sources.IValueTaskSource.GetResult(Int16 token)
   at System.Net.Sockets.Socket.<ConnectAsync>g__WaitForConnectWithCancellation|285_0(AwaitableSocketAsyncEventArgs saea, ValueTask connectTask, CancellationToken cancellationToken)
   at Grpc.Net.Client.Balancer.Internal.SocketConnectivitySubchannelTransport.TryConnectAsync(CancellationToken cancellationToken)")
   at Grpc.Net.Client.Balancer.Internal.ConnectionManager.PickAsync(PickContext context, Boolean waitForReady, CancellationToken cancellationToken)
   at Grpc.Net.Client.Balancer.Internal.BalancerHttpHandler.SendAsync(HttpRequestMessage request, CancellationToken cancellationToken)
   at Grpc.Net.Client.Internal.GrpcCall`2.RunCall(HttpRequestMessage request, Nullable`1 timeout)
   at SkyApm.Transport.Grpc.V8.ServiceRegister.<>c__DisplayClass9_0.<<ReportInstancePropertiesAsync>b__0>d.MoveNext()
--- End of stack trace from previous location ---
   at SkyApm.Transport.Grpc.Common.Call.Execute[T](Func`1 task, Func`1 errCallback, Func`1 errMessage)
2025-10-28 17:03:51.274 +08:00 [docker-arsidentityserver0421001] [Warning] SkyApm.Transport.Grpc.ConnectionManager : Connection state changed. Status(StatusCode="Unavailable", Detail="Error connecting to subchannel.", DebugException="System.Net.Sockets.SocketException (10061): 由于目标计算机积极拒绝，无法连接。
   at System.Net.Sockets.Socket.AwaitableSocketAsyncEventArgs.System.Threading.Tasks.Sources.IValueTaskSource.GetResult(Int16 token)
   at System.Net.Sockets.Socket.<ConnectAsync>g__WaitForConnectWithCancellation|285_0(AwaitableSocketAsyncEventArgs saea, ValueTask connectTask, CancellationToken cancellationToken)
   at Grpc.Net.Client.Balancer.Internal.SocketConnectivitySubchannelTransport.TryConnectAsync(CancellationToken cancellationToken)")
2025-10-28 17:04:03.977 +08:00 [docker-arsidentityserver0421001] [Information] SkyApm.Transport.Grpc.ConnectionManager : Shutdown connection[172.20.64.1:11800].
2025-10-28 17:04:03.977 +08:00 [docker-arsidentityserver0421001] [Information] SkyApm.Transport.Grpc.ConnectionManager : Connected server[172.20.64.1:11800].
2025-10-28 17:04:18.203 +08:00 [docker-arsidentityserver0421001] [Error] SkyApm.Transport.Grpc.V8.ServiceRegister : Report service instance properties fail.
Grpc.Core.RpcException: Status(StatusCode="Unavailable", Detail="Error connecting to subchannel.", DebugException="System.Net.Sockets.SocketException (10061): 由于目标计算机积极拒绝，无法连接。
   at System.Net.Sockets.Socket.AwaitableSocketAsyncEventArgs.System.Threading.Tasks.Sources.IValueTaskSource.GetResult(Int16 token)
   at System.Net.Sockets.Socket.<ConnectAsync>g__WaitForConnectWithCancellation|285_0(AwaitableSocketAsyncEventArgs saea, ValueTask connectTask, CancellationToken cancellationToken)
   at Grpc.Net.Client.Balancer.Internal.SocketConnectivitySubchannelTransport.TryConnectAsync(CancellationToken cancellationToken)")
   at Grpc.Net.Client.Balancer.Internal.ConnectionManager.PickAsync(PickContext context, Boolean waitForReady, CancellationToken cancellationToken)
   at Grpc.Net.Client.Balancer.Internal.BalancerHttpHandler.SendAsync(HttpRequestMessage request, CancellationToken cancellationToken)
   at Grpc.Net.Client.Internal.GrpcCall`2.RunCall(HttpRequestMessage request, Nullable`1 timeout)
   at SkyApm.Transport.Grpc.V8.ServiceRegister.<>c__DisplayClass9_0.<<ReportInstancePropertiesAsync>b__0>d.MoveNext()
--- End of stack trace from previous location ---
   at SkyApm.Transport.Grpc.Common.Call.Execute[T](Func`1 task, Func`1 errCallback, Func`1 errMessage)
2025-10-28 17:04:18.203 +08:00 [docker-arsidentityserver0421001] [Warning] SkyApm.Transport.Grpc.ConnectionManager : Connection state changed. Status(StatusCode="Unavailable", Detail="Error connecting to subchannel.", DebugException="System.Net.Sockets.SocketException (10061): 由于目标计算机积极拒绝，无法连接。
   at System.Net.Sockets.Socket.AwaitableSocketAsyncEventArgs.System.Threading.Tasks.Sources.IValueTaskSource.GetResult(Int16 token)
   at System.Net.Sockets.Socket.<ConnectAsync>g__WaitForConnectWithCancellation|285_0(AwaitableSocketAsyncEventArgs saea, ValueTask connectTask, CancellationToken cancellationToken)
   at Grpc.Net.Client.Balancer.Internal.SocketConnectivitySubchannelTransport.TryConnectAsync(CancellationToken cancellationToken)")
2025-10-28 17:04:18.979 +08:00 [docker-arsidentityserver0421001] [Information] SkyApm.Transport.Grpc.ConnectionManager : Shutdown connection[172.20.64.1:11800].
2025-10-28 17:04:18.979 +08:00 [docker-arsidentityserver0421001] [Information] SkyApm.Transport.Grpc.ConnectionManager : Connected server[172.20.64.1:11800].
2025-10-28 17:04:21.261 +08:00 [docker-arsidentityserver0421001] [Error] SkyApm.Transport.Grpc.V8.ServiceRegister : Report service instance properties fail.
Grpc.Core.RpcException: Status(StatusCode="Unavailable", Detail="Error connecting to subchannel.", DebugException="System.Net.Sockets.SocketException (10061): 由于目标计算机积极拒绝，无法连接。
   at System.Net.Sockets.Socket.AwaitableSocketAsyncEventArgs.System.Threading.Tasks.Sources.IValueTaskSource.GetResult(Int16 token)
   at System.Net.Sockets.Socket.<ConnectAsync>g__WaitForConnectWithCancellation|285_0(AwaitableSocketAsyncEventArgs saea, ValueTask connectTask, CancellationToken cancellationToken)
   at Grpc.Net.Client.Balancer.Internal.SocketConnectivitySubchannelTransport.TryConnectAsync(CancellationToken cancellationToken)")
   at Grpc.Net.Client.Balancer.Internal.ConnectionManager.PickAsync(PickContext context, Boolean waitForReady, CancellationToken cancellationToken)
   at Grpc.Net.Client.Balancer.Internal.BalancerHttpHandler.SendAsync(HttpRequestMessage request, CancellationToken cancellationToken)
   at Grpc.Net.Client.Internal.GrpcCall`2.RunCall(HttpRequestMessage request, Nullable`1 timeout)
   at SkyApm.Transport.Grpc.V8.ServiceRegister.<>c__DisplayClass9_0.<<ReportInstancePropertiesAsync>b__0>d.MoveNext()
--- End of stack trace from previous location ---
   at SkyApm.Transport.Grpc.Common.Call.Execute[T](Func`1 task, Func`1 errCallback, Func`1 errMessage)
2025-10-28 17:04:21.261 +08:00 [docker-arsidentityserver0421001] [Warning] SkyApm.Transport.Grpc.ConnectionManager : Connection state changed. Status(StatusCode="Unavailable", Detail="Error connecting to subchannel.", DebugException="System.Net.Sockets.SocketException (10061): 由于目标计算机积极拒绝，无法连接。
   at System.Net.Sockets.Socket.AwaitableSocketAsyncEventArgs.System.Threading.Tasks.Sources.IValueTaskSource.GetResult(Int16 token)
   at System.Net.Sockets.Socket.<ConnectAsync>g__WaitForConnectWithCancellation|285_0(AwaitableSocketAsyncEventArgs saea, ValueTask connectTask, CancellationToken cancellationToken)
   at Grpc.Net.Client.Balancer.Internal.SocketConnectivitySubchannelTransport.TryConnectAsync(CancellationToken cancellationToken)")
2025-10-28 17:04:33.983 +08:00 [docker-arsidentityserver0421001] [Information] SkyApm.Transport.Grpc.ConnectionManager : Shutdown connection[172.20.64.1:11800].
2025-10-28 17:04:33.983 +08:00 [docker-arsidentityserver0421001] [Information] SkyApm.Transport.Grpc.ConnectionManager : Connected server[172.20.64.1:11800].
2025-10-28 17:04:48.216 +08:00 [docker-arsidentityserver0421001] [Error] SkyApm.Transport.Grpc.V8.ServiceRegister : Report service instance properties fail.
Grpc.Core.RpcException: Status(StatusCode="Unavailable", Detail="Error connecting to subchannel.", DebugException="System.Net.Sockets.SocketException (10061): 由于目标计算机积极拒绝，无法连接。
   at System.Net.Sockets.Socket.AwaitableSocketAsyncEventArgs.System.Threading.Tasks.Sources.IValueTaskSource.GetResult(Int16 token)
   at System.Net.Sockets.Socket.<ConnectAsync>g__WaitForConnectWithCancellation|285_0(AwaitableSocketAsyncEventArgs saea, ValueTask connectTask, CancellationToken cancellationToken)
   at Grpc.Net.Client.Balancer.Internal.SocketConnectivitySubchannelTransport.TryConnectAsync(CancellationToken cancellationToken)")
   at Grpc.Net.Client.Balancer.Internal.ConnectionManager.PickAsync(PickContext context, Boolean waitForReady, CancellationToken cancellationToken)
   at Grpc.Net.Client.Balancer.Internal.BalancerHttpHandler.SendAsync(HttpRequestMessage request, CancellationToken cancellationToken)
   at Grpc.Net.Client.Internal.GrpcCall`2.RunCall(HttpRequestMessage request, Nullable`1 timeout)
   at SkyApm.Transport.Grpc.V8.ServiceRegister.<>c__DisplayClass9_0.<<ReportInstancePropertiesAsync>b__0>d.MoveNext()
--- End of stack trace from previous location ---
   at SkyApm.Transport.Grpc.Common.Call.Execute[T](Func`1 task, Func`1 errCallback, Func`1 errMessage)
2025-10-28 17:04:48.216 +08:00 [docker-arsidentityserver0421001] [Warning] SkyApm.Transport.Grpc.ConnectionManager : Connection state changed. Status(StatusCode="Unavailable", Detail="Error connecting to subchannel.", DebugException="System.Net.Sockets.SocketException (10061): 由于目标计算机积极拒绝，无法连接。
   at System.Net.Sockets.Socket.AwaitableSocketAsyncEventArgs.System.Threading.Tasks.Sources.IValueTaskSource.GetResult(Int16 token)
   at System.Net.Sockets.Socket.<ConnectAsync>g__WaitForConnectWithCancellation|285_0(AwaitableSocketAsyncEventArgs saea, ValueTask connectTask, CancellationToken cancellationToken)
   at Grpc.Net.Client.Balancer.Internal.SocketConnectivitySubchannelTransport.TryConnectAsync(CancellationToken cancellationToken)")
2025-10-28 17:04:48.989 +08:00 [docker-arsidentityserver0421001] [Information] SkyApm.Transport.Grpc.ConnectionManager : Shutdown connection[172.20.64.1:11800].
2025-10-28 17:04:48.989 +08:00 [docker-arsidentityserver0421001] [Information] SkyApm.Transport.Grpc.ConnectionManager : Connected server[172.20.64.1:11800].
2025-10-28 17:04:51.295 +08:00 [docker-arsidentityserver0421001] [Error] SkyApm.Transport.Grpc.V8.ServiceRegister : Report service instance properties fail.
Grpc.Core.RpcException: Status(StatusCode="Unavailable", Detail="Error connecting to subchannel.", DebugException="System.Net.Sockets.SocketException (10061): 由于目标计算机积极拒绝，无法连接。
   at System.Net.Sockets.Socket.AwaitableSocketAsyncEventArgs.System.Threading.Tasks.Sources.IValueTaskSource.GetResult(Int16 token)
   at System.Net.Sockets.Socket.<ConnectAsync>g__WaitForConnectWithCancellation|285_0(AwaitableSocketAsyncEventArgs saea, ValueTask connectTask, CancellationToken cancellationToken)
   at Grpc.Net.Client.Balancer.Internal.SocketConnectivitySubchannelTransport.TryConnectAsync(CancellationToken cancellationToken)")
   at Grpc.Net.Client.Balancer.Internal.ConnectionManager.PickAsync(PickContext context, Boolean waitForReady, CancellationToken cancellationToken)
   at Grpc.Net.Client.Balancer.Internal.BalancerHttpHandler.SendAsync(HttpRequestMessage request, CancellationToken cancellationToken)
   at Grpc.Net.Client.Internal.GrpcCall`2.RunCall(HttpRequestMessage request, Nullable`1 timeout)
   at SkyApm.Transport.Grpc.V8.ServiceRegister.<>c__DisplayClass9_0.<<ReportInstancePropertiesAsync>b__0>d.MoveNext()
--- End of stack trace from previous location ---
   at SkyApm.Transport.Grpc.Common.Call.Execute[T](Func`1 task, Func`1 errCallback, Func`1 errMessage)
2025-10-28 17:04:51.295 +08:00 [docker-arsidentityserver0421001] [Warning] SkyApm.Transport.Grpc.ConnectionManager : Connection state changed. Status(StatusCode="Unavailable", Detail="Error connecting to subchannel.", DebugException="System.Net.Sockets.SocketException (10061): 由于目标计算机积极拒绝，无法连接。
   at System.Net.Sockets.Socket.AwaitableSocketAsyncEventArgs.System.Threading.Tasks.Sources.IValueTaskSource.GetResult(Int16 token)
   at System.Net.Sockets.Socket.<ConnectAsync>g__WaitForConnectWithCancellation|285_0(AwaitableSocketAsyncEventArgs saea, ValueTask connectTask, CancellationToken cancellationToken)
   at Grpc.Net.Client.Balancer.Internal.SocketConnectivitySubchannelTransport.TryConnectAsync(CancellationToken cancellationToken)")
2025-10-28 17:05:03.978 +08:00 [docker-arsidentityserver0421001] [Information] SkyApm.Transport.Grpc.ConnectionManager : Shutdown connection[172.20.64.1:11800].
2025-10-28 17:05:03.978 +08:00 [docker-arsidentityserver0421001] [Information] SkyApm.Transport.Grpc.ConnectionManager : Connected server[172.20.64.1:11800].
2025-10-28 17:05:25.331 +08:00 [docker-arsidentityserver0421001] [Error] SkyApm.Transport.Grpc.V8.ServiceRegister : Report service instance properties fail.
Grpc.Core.RpcException: Status(StatusCode="Unavailable", Detail="Error connecting to subchannel.", DebugException="System.Net.Sockets.SocketException (10061): 由于目标计算机积极拒绝，无法连接。
   at System.Net.Sockets.Socket.AwaitableSocketAsyncEventArgs.System.Threading.Tasks.Sources.IValueTaskSource.GetResult(Int16 token)
   at System.Net.Sockets.Socket.<ConnectAsync>g__WaitForConnectWithCancellation|285_0(AwaitableSocketAsyncEventArgs saea, ValueTask connectTask, CancellationToken cancellationToken)
   at Grpc.Net.Client.Balancer.Internal.SocketConnectivitySubchannelTransport.TryConnectAsync(CancellationToken cancellationToken)")
   at Grpc.Net.Client.Balancer.Internal.ConnectionManager.PickAsync(PickContext context, Boolean waitForReady, CancellationToken cancellationToken)
   at Grpc.Net.Client.Balancer.Internal.BalancerHttpHandler.SendAsync(HttpRequestMessage request, CancellationToken cancellationToken)
   at Grpc.Net.Client.Internal.GrpcCall`2.RunCall(HttpRequestMessage request, Nullable`1 timeout)
   at SkyApm.Transport.Grpc.V8.ServiceRegister.<>c__DisplayClass9_0.<<ReportInstancePropertiesAsync>b__0>d.MoveNext()
--- End of stack trace from previous location ---
   at SkyApm.Transport.Grpc.Common.Call.Execute[T](Func`1 task, Func`1 errCallback, Func`1 errMessage)
2025-10-28 17:05:25.331 +08:00 [docker-arsidentityserver0421001] [Warning] SkyApm.Transport.Grpc.ConnectionManager : Connection state changed. Status(StatusCode="Unavailable", Detail="Error connecting to subchannel.", DebugException="System.Net.Sockets.SocketException (10061): 由于目标计算机积极拒绝，无法连接。
   at System.Net.Sockets.Socket.AwaitableSocketAsyncEventArgs.System.Threading.Tasks.Sources.IValueTaskSource.GetResult(Int16 token)
   at System.Net.Sockets.Socket.<ConnectAsync>g__WaitForConnectWithCancellation|285_0(AwaitableSocketAsyncEventArgs saea, ValueTask connectTask, CancellationToken cancellationToken)
   at Grpc.Net.Client.Balancer.Internal.SocketConnectivitySubchannelTransport.TryConnectAsync(CancellationToken cancellationToken)")
2025-10-28 17:05:33.985 +08:00 [docker-arsidentityserver0421001] [Information] SkyApm.Transport.Grpc.ConnectionManager : Shutdown connection[172.20.64.1:11800].
2025-10-28 17:05:33.985 +08:00 [docker-arsidentityserver0421001] [Information] SkyApm.Transport.Grpc.ConnectionManager : Connected server[172.20.64.1:11800].
2025-10-28 17:05:48.210 +08:00 [docker-arsidentityserver0421001] [Error] SkyApm.Transport.Grpc.V8.ServiceRegister : Report service instance properties fail.
Grpc.Core.RpcException: Status(StatusCode="Unavailable", Detail="Error connecting to subchannel.", DebugException="System.Net.Sockets.SocketException (10061): 由于目标计算机积极拒绝，无法连接。
   at System.Net.Sockets.Socket.AwaitableSocketAsyncEventArgs.System.Threading.Tasks.Sources.IValueTaskSource.GetResult(Int16 token)
   at System.Net.Sockets.Socket.<ConnectAsync>g__WaitForConnectWithCancellation|285_0(AwaitableSocketAsyncEventArgs saea, ValueTask connectTask, CancellationToken cancellationToken)
   at Grpc.Net.Client.Balancer.Internal.SocketConnectivitySubchannelTransport.TryConnectAsync(CancellationToken cancellationToken)")
   at Grpc.Net.Client.Balancer.Internal.ConnectionManager.PickAsync(PickContext context, Boolean waitForReady, CancellationToken cancellationToken)
   at Grpc.Net.Client.Balancer.Internal.BalancerHttpHandler.SendAsync(HttpRequestMessage request, CancellationToken cancellationToken)
   at Grpc.Net.Client.Internal.GrpcCall`2.RunCall(HttpRequestMessage request, Nullable`1 timeout)
   at SkyApm.Transport.Grpc.V8.ServiceRegister.<>c__DisplayClass9_0.<<ReportInstancePropertiesAsync>b__0>d.MoveNext()
--- End of stack trace from previous location ---
   at SkyApm.Transport.Grpc.Common.Call.Execute[T](Func`1 task, Func`1 errCallback, Func`1 errMessage)
2025-10-28 17:05:48.210 +08:00 [docker-arsidentityserver0421001] [Warning] SkyApm.Transport.Grpc.ConnectionManager : Connection state changed. Status(StatusCode="Unavailable", Detail="Error connecting to subchannel.", DebugException="System.Net.Sockets.SocketException (10061): 由于目标计算机积极拒绝，无法连接。
   at System.Net.Sockets.Socket.AwaitableSocketAsyncEventArgs.System.Threading.Tasks.Sources.IValueTaskSource.GetResult(Int16 token)
   at System.Net.Sockets.Socket.<ConnectAsync>g__WaitForConnectWithCancellation|285_0(AwaitableSocketAsyncEventArgs saea, ValueTask connectTask, CancellationToken cancellationToken)
   at Grpc.Net.Client.Balancer.Internal.SocketConnectivitySubchannelTransport.TryConnectAsync(CancellationToken cancellationToken)")
2025-10-28 17:05:48.986 +08:00 [docker-arsidentityserver0421001] [Information] SkyApm.Transport.Grpc.ConnectionManager : Shutdown connection[172.20.64.1:11800].
2025-10-28 17:05:48.986 +08:00 [docker-arsidentityserver0421001] [Information] SkyApm.Transport.Grpc.ConnectionManager : Connected server[172.20.64.1:11800].
2025-10-28 17:05:51.288 +08:00 [docker-arsidentityserver0421001] [Error] SkyApm.Transport.Grpc.V8.ServiceRegister : Report service instance properties fail.
Grpc.Core.RpcException: Status(StatusCode="Unavailable", Detail="Error connecting to subchannel.", DebugException="System.Net.Sockets.SocketException (10061): 由于目标计算机积极拒绝，无法连接。
   at System.Net.Sockets.Socket.AwaitableSocketAsyncEventArgs.System.Threading.Tasks.Sources.IValueTaskSource.GetResult(Int16 token)
   at System.Net.Sockets.Socket.<ConnectAsync>g__WaitForConnectWithCancellation|285_0(AwaitableSocketAsyncEventArgs saea, ValueTask connectTask, CancellationToken cancellationToken)
   at Grpc.Net.Client.Balancer.Internal.SocketConnectivitySubchannelTransport.TryConnectAsync(CancellationToken cancellationToken)")
   at Grpc.Net.Client.Balancer.Internal.ConnectionManager.PickAsync(PickContext context, Boolean waitForReady, CancellationToken cancellationToken)
   at Grpc.Net.Client.Balancer.Internal.BalancerHttpHandler.SendAsync(HttpRequestMessage request, CancellationToken cancellationToken)
   at Grpc.Net.Client.Internal.GrpcCall`2.RunCall(HttpRequestMessage request, Nullable`1 timeout)
   at SkyApm.Transport.Grpc.V8.ServiceRegister.<>c__DisplayClass9_0.<<ReportInstancePropertiesAsync>b__0>d.MoveNext()
--- End of stack trace from previous location ---
   at SkyApm.Transport.Grpc.Common.Call.Execute[T](Func`1 task, Func`1 errCallback, Func`1 errMessage)
2025-10-28 17:05:51.288 +08:00 [docker-arsidentityserver0421001] [Warning] SkyApm.Transport.Grpc.ConnectionManager : Connection state changed. Status(StatusCode="Unavailable", Detail="Error connecting to subchannel.", DebugException="System.Net.Sockets.SocketException (10061): 由于目标计算机积极拒绝，无法连接。
   at System.Net.Sockets.Socket.AwaitableSocketAsyncEventArgs.System.Threading.Tasks.Sources.IValueTaskSource.GetResult(Int16 token)
   at System.Net.Sockets.Socket.<ConnectAsync>g__WaitForConnectWithCancellation|285_0(AwaitableSocketAsyncEventArgs saea, ValueTask connectTask, CancellationToken cancellationToken)
   at Grpc.Net.Client.Balancer.Internal.SocketConnectivitySubchannelTransport.TryConnectAsync(CancellationToken cancellationToken)")
2025-10-28 17:06:03.981 +08:00 [docker-arsidentityserver0421001] [Information] SkyApm.Transport.Grpc.ConnectionManager : Shutdown connection[172.20.64.1:11800].
2025-10-28 17:06:03.982 +08:00 [docker-arsidentityserver0421001] [Information] SkyApm.Transport.Grpc.ConnectionManager : Connected server[172.20.64.1:11800].
2025-10-28 17:06:18.215 +08:00 [docker-arsidentityserver0421001] [Error] SkyApm.Transport.Grpc.V8.ServiceRegister : Report service instance properties fail.
Grpc.Core.RpcException: Status(StatusCode="Unavailable", Detail="Error connecting to subchannel.", DebugException="System.Net.Sockets.SocketException (10061): 由于目标计算机积极拒绝，无法连接。
   at System.Net.Sockets.Socket.AwaitableSocketAsyncEventArgs.System.Threading.Tasks.Sources.IValueTaskSource.GetResult(Int16 token)
   at System.Net.Sockets.Socket.<ConnectAsync>g__WaitForConnectWithCancellation|285_0(AwaitableSocketAsyncEventArgs saea, ValueTask connectTask, CancellationToken cancellationToken)
   at Grpc.Net.Client.Balancer.Internal.SocketConnectivitySubchannelTransport.TryConnectAsync(CancellationToken cancellationToken)")
   at Grpc.Net.Client.Balancer.Internal.ConnectionManager.PickAsync(PickContext context, Boolean waitForReady, CancellationToken cancellationToken)
   at Grpc.Net.Client.Balancer.Internal.BalancerHttpHandler.SendAsync(HttpRequestMessage request, CancellationToken cancellationToken)
   at Grpc.Net.Client.Internal.GrpcCall`2.RunCall(HttpRequestMessage request, Nullable`1 timeout)
   at SkyApm.Transport.Grpc.V8.ServiceRegister.<>c__DisplayClass9_0.<<ReportInstancePropertiesAsync>b__0>d.MoveNext()
--- End of stack trace from previous location ---
   at SkyApm.Transport.Grpc.Common.Call.Execute[T](Func`1 task, Func`1 errCallback, Func`1 errMessage)
2025-10-28 17:06:18.215 +08:00 [docker-arsidentityserver0421001] [Warning] SkyApm.Transport.Grpc.ConnectionManager : Connection state changed. Status(StatusCode="Unavailable", Detail="Error connecting to subchannel.", DebugException="System.Net.Sockets.SocketException (10061): 由于目标计算机积极拒绝，无法连接。
   at System.Net.Sockets.Socket.AwaitableSocketAsyncEventArgs.System.Threading.Tasks.Sources.IValueTaskSource.GetResult(Int16 token)
   at System.Net.Sockets.Socket.<ConnectAsync>g__WaitForConnectWithCancellation|285_0(AwaitableSocketAsyncEventArgs saea, ValueTask connectTask, CancellationToken cancellationToken)
   at Grpc.Net.Client.Balancer.Internal.SocketConnectivitySubchannelTransport.TryConnectAsync(CancellationToken cancellationToken)")
2025-10-28 17:06:18.977 +08:00 [docker-arsidentityserver0421001] [Information] SkyApm.Transport.Grpc.ConnectionManager : Shutdown connection[172.20.64.1:11800].
2025-10-28 17:06:18.977 +08:00 [docker-arsidentityserver0421001] [Information] SkyApm.Transport.Grpc.ConnectionManager : Connected server[172.20.64.1:11800].
2025-10-28 17:06:21.302 +08:00 [docker-arsidentityserver0421001] [Error] SkyApm.Transport.Grpc.V8.ServiceRegister : Report service instance properties fail.
Grpc.Core.RpcException: Status(StatusCode="Unavailable", Detail="Error connecting to subchannel.", DebugException="System.Net.Sockets.SocketException (10061): 由于目标计算机积极拒绝，无法连接。
   at System.Net.Sockets.Socket.AwaitableSocketAsyncEventArgs.System.Threading.Tasks.Sources.IValueTaskSource.GetResult(Int16 token)
   at System.Net.Sockets.Socket.<ConnectAsync>g__WaitForConnectWithCancellation|285_0(AwaitableSocketAsyncEventArgs saea, ValueTask connectTask, CancellationToken cancellationToken)
   at Grpc.Net.Client.Balancer.Internal.SocketConnectivitySubchannelTransport.TryConnectAsync(CancellationToken cancellationToken)")
   at Grpc.Net.Client.Balancer.Internal.ConnectionManager.PickAsync(PickContext context, Boolean waitForReady, CancellationToken cancellationToken)
   at Grpc.Net.Client.Balancer.Internal.BalancerHttpHandler.SendAsync(HttpRequestMessage request, CancellationToken cancellationToken)
   at Grpc.Net.Client.Internal.GrpcCall`2.RunCall(HttpRequestMessage request, Nullable`1 timeout)
   at SkyApm.Transport.Grpc.V8.ServiceRegister.<>c__DisplayClass9_0.<<ReportInstancePropertiesAsync>b__0>d.MoveNext()
--- End of stack trace from previous location ---
   at SkyApm.Transport.Grpc.Common.Call.Execute[T](Func`1 task, Func`1 errCallback, Func`1 errMessage)
2025-10-28 17:06:21.302 +08:00 [docker-arsidentityserver0421001] [Warning] SkyApm.Transport.Grpc.ConnectionManager : Connection state changed. Status(StatusCode="Unavailable", Detail="Error connecting to subchannel.", DebugException="System.Net.Sockets.SocketException (10061): 由于目标计算机积极拒绝，无法连接。
   at System.Net.Sockets.Socket.AwaitableSocketAsyncEventArgs.System.Threading.Tasks.Sources.IValueTaskSource.GetResult(Int16 token)
   at System.Net.Sockets.Socket.<ConnectAsync>g__WaitForConnectWithCancellation|285_0(AwaitableSocketAsyncEventArgs saea, ValueTask connectTask, CancellationToken cancellationToken)
   at Grpc.Net.Client.Balancer.Internal.SocketConnectivitySubchannelTransport.TryConnectAsync(CancellationToken cancellationToken)")
2025-10-28 17:06:33.977 +08:00 [docker-arsidentityserver0421001] [Information] SkyApm.Transport.Grpc.ConnectionManager : Shutdown connection[172.20.64.1:11800].
2025-10-28 17:06:33.977 +08:00 [docker-arsidentityserver0421001] [Information] SkyApm.Transport.Grpc.ConnectionManager : Connected server[172.20.64.1:11800].
2025-10-28 17:06:48.196 +08:00 [docker-arsidentityserver0421001] [Error] SkyApm.Transport.Grpc.V8.ServiceRegister : Report service instance properties fail.
Grpc.Core.RpcException: Status(StatusCode="Unavailable", Detail="Error connecting to subchannel.", DebugException="System.Net.Sockets.SocketException (10061): 由于目标计算机积极拒绝，无法连接。
   at System.Net.Sockets.Socket.AwaitableSocketAsyncEventArgs.System.Threading.Tasks.Sources.IValueTaskSource.GetResult(Int16 token)
   at System.Net.Sockets.Socket.<ConnectAsync>g__WaitForConnectWithCancellation|285_0(AwaitableSocketAsyncEventArgs saea, ValueTask connectTask, CancellationToken cancellationToken)
   at Grpc.Net.Client.Balancer.Internal.SocketConnectivitySubchannelTransport.TryConnectAsync(CancellationToken cancellationToken)")
   at Grpc.Net.Client.Balancer.Internal.ConnectionManager.PickAsync(PickContext context, Boolean waitForReady, CancellationToken cancellationToken)
   at Grpc.Net.Client.Balancer.Internal.BalancerHttpHandler.SendAsync(HttpRequestMessage request, CancellationToken cancellationToken)
   at Grpc.Net.Client.Internal.GrpcCall`2.RunCall(HttpRequestMessage request, Nullable`1 timeout)
   at SkyApm.Transport.Grpc.V8.ServiceRegister.<>c__DisplayClass9_0.<<ReportInstancePropertiesAsync>b__0>d.MoveNext()
--- End of stack trace from previous location ---
   at SkyApm.Transport.Grpc.Common.Call.Execute[T](Func`1 task, Func`1 errCallback, Func`1 errMessage)
2025-10-28 17:06:48.196 +08:00 [docker-arsidentityserver0421001] [Warning] SkyApm.Transport.Grpc.ConnectionManager : Connection state changed. Status(StatusCode="Unavailable", Detail="Error connecting to subchannel.", DebugException="System.Net.Sockets.SocketException (10061): 由于目标计算机积极拒绝，无法连接。
   at System.Net.Sockets.Socket.AwaitableSocketAsyncEventArgs.System.Threading.Tasks.Sources.IValueTaskSource.GetResult(Int16 token)
   at System.Net.Sockets.Socket.<ConnectAsync>g__WaitForConnectWithCancellation|285_0(AwaitableSocketAsyncEventArgs saea, ValueTask connectTask, CancellationToken cancellationToken)
   at Grpc.Net.Client.Balancer.Internal.SocketConnectivitySubchannelTransport.TryConnectAsync(CancellationToken cancellationToken)")
2025-10-28 17:06:48.989 +08:00 [docker-arsidentityserver0421001] [Information] SkyApm.Transport.Grpc.ConnectionManager : Shutdown connection[172.20.64.1:11800].
2025-10-28 17:06:48.990 +08:00 [docker-arsidentityserver0421001] [Information] SkyApm.Transport.Grpc.ConnectionManager : Connected server[172.20.64.1:11800].
2025-10-28 17:06:51.269 +08:00 [docker-arsidentityserver0421001] [Error] SkyApm.Transport.Grpc.V8.ServiceRegister : Report service instance properties fail.
Grpc.Core.RpcException: Status(StatusCode="Unavailable", Detail="Error connecting to subchannel.", DebugException="System.Net.Sockets.SocketException (10061): 由于目标计算机积极拒绝，无法连接。
   at System.Net.Sockets.Socket.AwaitableSocketAsyncEventArgs.System.Threading.Tasks.Sources.IValueTaskSource.GetResult(Int16 token)
   at System.Net.Sockets.Socket.<ConnectAsync>g__WaitForConnectWithCancellation|285_0(AwaitableSocketAsyncEventArgs saea, ValueTask connectTask, CancellationToken cancellationToken)
   at Grpc.Net.Client.Balancer.Internal.SocketConnectivitySubchannelTransport.TryConnectAsync(CancellationToken cancellationToken)")
   at Grpc.Net.Client.Balancer.Internal.ConnectionManager.PickAsync(PickContext context, Boolean waitForReady, CancellationToken cancellationToken)
   at Grpc.Net.Client.Balancer.Internal.BalancerHttpHandler.SendAsync(HttpRequestMessage request, CancellationToken cancellationToken)
   at Grpc.Net.Client.Internal.GrpcCall`2.RunCall(HttpRequestMessage request, Nullable`1 timeout)
   at SkyApm.Transport.Grpc.V8.ServiceRegister.<>c__DisplayClass9_0.<<ReportInstancePropertiesAsync>b__0>d.MoveNext()
--- End of stack trace from previous location ---
   at SkyApm.Transport.Grpc.Common.Call.Execute[T](Func`1 task, Func`1 errCallback, Func`1 errMessage)
2025-10-28 17:06:51.269 +08:00 [docker-arsidentityserver0421001] [Warning] SkyApm.Transport.Grpc.ConnectionManager : Connection state changed. Status(StatusCode="Unavailable", Detail="Error connecting to subchannel.", DebugException="System.Net.Sockets.SocketException (10061): 由于目标计算机积极拒绝，无法连接。
   at System.Net.Sockets.Socket.AwaitableSocketAsyncEventArgs.System.Threading.Tasks.Sources.IValueTaskSource.GetResult(Int16 token)
   at System.Net.Sockets.Socket.<ConnectAsync>g__WaitForConnectWithCancellation|285_0(AwaitableSocketAsyncEventArgs saea, ValueTask connectTask, CancellationToken cancellationToken)
   at Grpc.Net.Client.Balancer.Internal.SocketConnectivitySubchannelTransport.TryConnectAsync(CancellationToken cancellationToken)")
2025-10-28 17:07:03.983 +08:00 [docker-arsidentityserver0421001] [Information] SkyApm.Transport.Grpc.ConnectionManager : Shutdown connection[172.20.64.1:11800].
2025-10-28 17:07:03.983 +08:00 [docker-arsidentityserver0421001] [Information] SkyApm.Transport.Grpc.ConnectionManager : Connected server[172.20.64.1:11800].
2025-10-28 17:07:18.200 +08:00 [docker-arsidentityserver0421001] [Error] SkyApm.Transport.Grpc.V8.ServiceRegister : Report service instance properties fail.
Grpc.Core.RpcException: Status(StatusCode="Unavailable", Detail="Error connecting to subchannel.", DebugException="System.Net.Sockets.SocketException (10061): 由于目标计算机积极拒绝，无法连接。
   at System.Net.Sockets.Socket.AwaitableSocketAsyncEventArgs.System.Threading.Tasks.Sources.IValueTaskSource.GetResult(Int16 token)
   at System.Net.Sockets.Socket.<ConnectAsync>g__WaitForConnectWithCancellation|285_0(AwaitableSocketAsyncEventArgs saea, ValueTask connectTask, CancellationToken cancellationToken)
   at Grpc.Net.Client.Balancer.Internal.SocketConnectivitySubchannelTransport.TryConnectAsync(CancellationToken cancellationToken)")
   at Grpc.Net.Client.Balancer.Internal.ConnectionManager.PickAsync(PickContext context, Boolean waitForReady, CancellationToken cancellationToken)
   at Grpc.Net.Client.Balancer.Internal.BalancerHttpHandler.SendAsync(HttpRequestMessage request, CancellationToken cancellationToken)
   at Grpc.Net.Client.Internal.GrpcCall`2.RunCall(HttpRequestMessage request, Nullable`1 timeout)
   at SkyApm.Transport.Grpc.V8.ServiceRegister.<>c__DisplayClass9_0.<<ReportInstancePropertiesAsync>b__0>d.MoveNext()
--- End of stack trace from previous location ---
   at SkyApm.Transport.Grpc.Common.Call.Execute[T](Func`1 task, Func`1 errCallback, Func`1 errMessage)
2025-10-28 17:07:18.201 +08:00 [docker-arsidentityserver0421001] [Warning] SkyApm.Transport.Grpc.ConnectionManager : Connection state changed. Status(StatusCode="Unavailable", Detail="Error connecting to subchannel.", DebugException="System.Net.Sockets.SocketException (10061): 由于目标计算机积极拒绝，无法连接。
   at System.Net.Sockets.Socket.AwaitableSocketAsyncEventArgs.System.Threading.Tasks.Sources.IValueTaskSource.GetResult(Int16 token)
   at System.Net.Sockets.Socket.<ConnectAsync>g__WaitForConnectWithCancellation|285_0(AwaitableSocketAsyncEventArgs saea, ValueTask connectTask, CancellationToken cancellationToken)
   at Grpc.Net.Client.Balancer.Internal.SocketConnectivitySubchannelTransport.TryConnectAsync(CancellationToken cancellationToken)")
2025-10-28 17:07:18.976 +08:00 [docker-arsidentityserver0421001] [Information] SkyApm.Transport.Grpc.ConnectionManager : Shutdown connection[172.20.64.1:11800].
2025-10-28 17:07:18.976 +08:00 [docker-arsidentityserver0421001] [Information] SkyApm.Transport.Grpc.ConnectionManager : Connected server[172.20.64.1:11800].
2025-10-28 17:07:21.272 +08:00 [docker-arsidentityserver0421001] [Error] SkyApm.Transport.Grpc.V8.ServiceRegister : Report service instance properties fail.
Grpc.Core.RpcException: Status(StatusCode="Unavailable", Detail="Error connecting to subchannel.", DebugException="System.Net.Sockets.SocketException (10061): 由于目标计算机积极拒绝，无法连接。
   at System.Net.Sockets.Socket.AwaitableSocketAsyncEventArgs.System.Threading.Tasks.Sources.IValueTaskSource.GetResult(Int16 token)
   at System.Net.Sockets.Socket.<ConnectAsync>g__WaitForConnectWithCancellation|285_0(AwaitableSocketAsyncEventArgs saea, ValueTask connectTask, CancellationToken cancellationToken)
   at Grpc.Net.Client.Balancer.Internal.SocketConnectivitySubchannelTransport.TryConnectAsync(CancellationToken cancellationToken)")
   at Grpc.Net.Client.Balancer.Internal.ConnectionManager.PickAsync(PickContext context, Boolean waitForReady, CancellationToken cancellationToken)
   at Grpc.Net.Client.Balancer.Internal.BalancerHttpHandler.SendAsync(HttpRequestMessage request, CancellationToken cancellationToken)
   at Grpc.Net.Client.Internal.GrpcCall`2.RunCall(HttpRequestMessage request, Nullable`1 timeout)
   at SkyApm.Transport.Grpc.V8.ServiceRegister.<>c__DisplayClass9_0.<<ReportInstancePropertiesAsync>b__0>d.MoveNext()
--- End of stack trace from previous location ---
   at SkyApm.Transport.Grpc.Common.Call.Execute[T](Func`1 task, Func`1 errCallback, Func`1 errMessage)
2025-10-28 17:07:21.272 +08:00 [docker-arsidentityserver0421001] [Warning] SkyApm.Transport.Grpc.ConnectionManager : Connection state changed. Status(StatusCode="Unavailable", Detail="Error connecting to subchannel.", DebugException="System.Net.Sockets.SocketException (10061): 由于目标计算机积极拒绝，无法连接。
   at System.Net.Sockets.Socket.AwaitableSocketAsyncEventArgs.System.Threading.Tasks.Sources.IValueTaskSource.GetResult(Int16 token)
   at System.Net.Sockets.Socket.<ConnectAsync>g__WaitForConnectWithCancellation|285_0(AwaitableSocketAsyncEventArgs saea, ValueTask connectTask, CancellationToken cancellationToken)
   at Grpc.Net.Client.Balancer.Internal.SocketConnectivitySubchannelTransport.TryConnectAsync(CancellationToken cancellationToken)")
2025-10-28 17:07:33.978 +08:00 [docker-arsidentityserver0421001] [Information] SkyApm.Transport.Grpc.ConnectionManager : Shutdown connection[172.20.64.1:11800].
2025-10-28 17:07:33.979 +08:00 [docker-arsidentityserver0421001] [Information] SkyApm.Transport.Grpc.ConnectionManager : Connected server[172.20.64.1:11800].
2025-10-28 17:07:48.192 +08:00 [docker-arsidentityserver0421001] [Error] SkyApm.Transport.Grpc.V8.ServiceRegister : Report service instance properties fail.
Grpc.Core.RpcException: Status(StatusCode="Unavailable", Detail="Error connecting to subchannel.", DebugException="System.Net.Sockets.SocketException (10061): 由于目标计算机积极拒绝，无法连接。
   at System.Net.Sockets.Socket.AwaitableSocketAsyncEventArgs.System.Threading.Tasks.Sources.IValueTaskSource.GetResult(Int16 token)
   at System.Net.Sockets.Socket.<ConnectAsync>g__WaitForConnectWithCancellation|285_0(AwaitableSocketAsyncEventArgs saea, ValueTask connectTask, CancellationToken cancellationToken)
   at Grpc.Net.Client.Balancer.Internal.SocketConnectivitySubchannelTransport.TryConnectAsync(CancellationToken cancellationToken)")
   at Grpc.Net.Client.Balancer.Internal.ConnectionManager.PickAsync(PickContext context, Boolean waitForReady, CancellationToken cancellationToken)
   at Grpc.Net.Client.Balancer.Internal.BalancerHttpHandler.SendAsync(HttpRequestMessage request, CancellationToken cancellationToken)
   at Grpc.Net.Client.Internal.GrpcCall`2.RunCall(HttpRequestMessage request, Nullable`1 timeout)
   at SkyApm.Transport.Grpc.V8.ServiceRegister.<>c__DisplayClass9_0.<<ReportInstancePropertiesAsync>b__0>d.MoveNext()
--- End of stack trace from previous location ---
   at SkyApm.Transport.Grpc.Common.Call.Execute[T](Func`1 task, Func`1 errCallback, Func`1 errMessage)
2025-10-28 17:07:48.193 +08:00 [docker-arsidentityserver0421001] [Warning] SkyApm.Transport.Grpc.ConnectionManager : Connection state changed. Status(StatusCode="Unavailable", Detail="Error connecting to subchannel.", DebugException="System.Net.Sockets.SocketException (10061): 由于目标计算机积极拒绝，无法连接。
   at System.Net.Sockets.Socket.AwaitableSocketAsyncEventArgs.System.Threading.Tasks.Sources.IValueTaskSource.GetResult(Int16 token)
   at System.Net.Sockets.Socket.<ConnectAsync>g__WaitForConnectWithCancellation|285_0(AwaitableSocketAsyncEventArgs saea, ValueTask connectTask, CancellationToken cancellationToken)
   at Grpc.Net.Client.Balancer.Internal.SocketConnectivitySubchannelTransport.TryConnectAsync(CancellationToken cancellationToken)")
2025-10-28 17:07:48.981 +08:00 [docker-arsidentityserver0421001] [Information] SkyApm.Transport.Grpc.ConnectionManager : Shutdown connection[172.20.64.1:11800].
2025-10-28 17:07:48.981 +08:00 [docker-arsidentityserver0421001] [Information] SkyApm.Transport.Grpc.ConnectionManager : Connected server[172.20.64.1:11800].
2025-10-28 17:07:51.247 +08:00 [docker-arsidentityserver0421001] [Error] SkyApm.Transport.Grpc.V8.ServiceRegister : Report service instance properties fail.
Grpc.Core.RpcException: Status(StatusCode="Unavailable", Detail="Error connecting to subchannel.", DebugException="System.Net.Sockets.SocketException (10061): 由于目标计算机积极拒绝，无法连接。
   at System.Net.Sockets.Socket.AwaitableSocketAsyncEventArgs.System.Threading.Tasks.Sources.IValueTaskSource.GetResult(Int16 token)
   at System.Net.Sockets.Socket.<ConnectAsync>g__WaitForConnectWithCancellation|285_0(AwaitableSocketAsyncEventArgs saea, ValueTask connectTask, CancellationToken cancellationToken)
   at Grpc.Net.Client.Balancer.Internal.SocketConnectivitySubchannelTransport.TryConnectAsync(CancellationToken cancellationToken)")
   at Grpc.Net.Client.Balancer.Internal.ConnectionManager.PickAsync(PickContext context, Boolean waitForReady, CancellationToken cancellationToken)
   at Grpc.Net.Client.Balancer.Internal.BalancerHttpHandler.SendAsync(HttpRequestMessage request, CancellationToken cancellationToken)
   at Grpc.Net.Client.Internal.GrpcCall`2.RunCall(HttpRequestMessage request, Nullable`1 timeout)
   at SkyApm.Transport.Grpc.V8.ServiceRegister.<>c__DisplayClass9_0.<<ReportInstancePropertiesAsync>b__0>d.MoveNext()
--- End of stack trace from previous location ---
   at SkyApm.Transport.Grpc.Common.Call.Execute[T](Func`1 task, Func`1 errCallback, Func`1 errMessage)
2025-10-28 17:07:51.248 +08:00 [docker-arsidentityserver0421001] [Warning] SkyApm.Transport.Grpc.ConnectionManager : Connection state changed. Status(StatusCode="Unavailable", Detail="Error connecting to subchannel.", DebugException="System.Net.Sockets.SocketException (10061): 由于目标计算机积极拒绝，无法连接。
   at System.Net.Sockets.Socket.AwaitableSocketAsyncEventArgs.System.Threading.Tasks.Sources.IValueTaskSource.GetResult(Int16 token)
   at System.Net.Sockets.Socket.<ConnectAsync>g__WaitForConnectWithCancellation|285_0(AwaitableSocketAsyncEventArgs saea, ValueTask connectTask, CancellationToken cancellationToken)
   at Grpc.Net.Client.Balancer.Internal.SocketConnectivitySubchannelTransport.TryConnectAsync(CancellationToken cancellationToken)")
2025-10-28 17:08:03.975 +08:00 [docker-arsidentityserver0421001] [Information] SkyApm.Transport.Grpc.ConnectionManager : Shutdown connection[172.20.64.1:11800].
2025-10-28 17:08:03.975 +08:00 [docker-arsidentityserver0421001] [Information] SkyApm.Transport.Grpc.ConnectionManager : Connected server[172.20.64.1:11800].
2025-10-28 17:08:18.209 +08:00 [docker-arsidentityserver0421001] [Error] SkyApm.Transport.Grpc.V8.ServiceRegister : Report service instance properties fail.
Grpc.Core.RpcException: Status(StatusCode="Unavailable", Detail="Error connecting to subchannel.", DebugException="System.Net.Sockets.SocketException (10061): 由于目标计算机积极拒绝，无法连接。
   at System.Net.Sockets.Socket.AwaitableSocketAsyncEventArgs.System.Threading.Tasks.Sources.IValueTaskSource.GetResult(Int16 token)
   at System.Net.Sockets.Socket.<ConnectAsync>g__WaitForConnectWithCancellation|285_0(AwaitableSocketAsyncEventArgs saea, ValueTask connectTask, CancellationToken cancellationToken)
   at Grpc.Net.Client.Balancer.Internal.SocketConnectivitySubchannelTransport.TryConnectAsync(CancellationToken cancellationToken)")
   at Grpc.Net.Client.Balancer.Internal.ConnectionManager.PickAsync(PickContext context, Boolean waitForReady, CancellationToken cancellationToken)
   at Grpc.Net.Client.Balancer.Internal.BalancerHttpHandler.SendAsync(HttpRequestMessage request, CancellationToken cancellationToken)
   at Grpc.Net.Client.Internal.GrpcCall`2.RunCall(HttpRequestMessage request, Nullable`1 timeout)
   at SkyApm.Transport.Grpc.V8.ServiceRegister.<>c__DisplayClass9_0.<<ReportInstancePropertiesAsync>b__0>d.MoveNext()
--- End of stack trace from previous location ---
   at SkyApm.Transport.Grpc.Common.Call.Execute[T](Func`1 task, Func`1 errCallback, Func`1 errMessage)
2025-10-28 17:08:18.209 +08:00 [docker-arsidentityserver0421001] [Warning] SkyApm.Transport.Grpc.ConnectionManager : Connection state changed. Status(StatusCode="Unavailable", Detail="Error connecting to subchannel.", DebugException="System.Net.Sockets.SocketException (10061): 由于目标计算机积极拒绝，无法连接。
   at System.Net.Sockets.Socket.AwaitableSocketAsyncEventArgs.System.Threading.Tasks.Sources.IValueTaskSource.GetResult(Int16 token)
   at System.Net.Sockets.Socket.<ConnectAsync>g__WaitForConnectWithCancellation|285_0(AwaitableSocketAsyncEventArgs saea, ValueTask connectTask, CancellationToken cancellationToken)
   at Grpc.Net.Client.Balancer.Internal.SocketConnectivitySubchannelTransport.TryConnectAsync(CancellationToken cancellationToken)")
2025-10-28 17:08:18.988 +08:00 [docker-arsidentityserver0421001] [Information] SkyApm.Transport.Grpc.ConnectionManager : Shutdown connection[172.20.64.1:11800].
2025-10-28 17:08:18.988 +08:00 [docker-arsidentityserver0421001] [Information] SkyApm.Transport.Grpc.ConnectionManager : Connected server[172.20.64.1:11800].
2025-10-28 17:08:21.276 +08:00 [docker-arsidentityserver0421001] [Error] SkyApm.Transport.Grpc.V8.ServiceRegister : Report service instance properties fail.
Grpc.Core.RpcException: Status(StatusCode="Unavailable", Detail="Error connecting to subchannel.", DebugException="System.Net.Sockets.SocketException (10061): 由于目标计算机积极拒绝，无法连接。
   at System.Net.Sockets.Socket.AwaitableSocketAsyncEventArgs.System.Threading.Tasks.Sources.IValueTaskSource.GetResult(Int16 token)
   at System.Net.Sockets.Socket.<ConnectAsync>g__WaitForConnectWithCancellation|285_0(AwaitableSocketAsyncEventArgs saea, ValueTask connectTask, CancellationToken cancellationToken)
   at Grpc.Net.Client.Balancer.Internal.SocketConnectivitySubchannelTransport.TryConnectAsync(CancellationToken cancellationToken)")
   at Grpc.Net.Client.Balancer.Internal.ConnectionManager.PickAsync(PickContext context, Boolean waitForReady, CancellationToken cancellationToken)
   at Grpc.Net.Client.Balancer.Internal.BalancerHttpHandler.SendAsync(HttpRequestMessage request, CancellationToken cancellationToken)
   at Grpc.Net.Client.Internal.GrpcCall`2.RunCall(HttpRequestMessage request, Nullable`1 timeout)
   at SkyApm.Transport.Grpc.V8.ServiceRegister.<>c__DisplayClass9_0.<<ReportInstancePropertiesAsync>b__0>d.MoveNext()
--- End of stack trace from previous location ---
   at SkyApm.Transport.Grpc.Common.Call.Execute[T](Func`1 task, Func`1 errCallback, Func`1 errMessage)
2025-10-28 17:08:21.276 +08:00 [docker-arsidentityserver0421001] [Warning] SkyApm.Transport.Grpc.ConnectionManager : Connection state changed. Status(StatusCode="Unavailable", Detail="Error connecting to subchannel.", DebugException="System.Net.Sockets.SocketException (10061): 由于目标计算机积极拒绝，无法连接。
   at System.Net.Sockets.Socket.AwaitableSocketAsyncEventArgs.System.Threading.Tasks.Sources.IValueTaskSource.GetResult(Int16 token)
   at System.Net.Sockets.Socket.<ConnectAsync>g__WaitForConnectWithCancellation|285_0(AwaitableSocketAsyncEventArgs saea, ValueTask connectTask, CancellationToken cancellationToken)
   at Grpc.Net.Client.Balancer.Internal.SocketConnectivitySubchannelTransport.TryConnectAsync(CancellationToken cancellationToken)")
2025-10-28 17:08:33.988 +08:00 [docker-arsidentityserver0421001] [Information] SkyApm.Transport.Grpc.ConnectionManager : Shutdown connection[172.20.64.1:11800].
2025-10-28 17:08:33.988 +08:00 [docker-arsidentityserver0421001] [Information] SkyApm.Transport.Grpc.ConnectionManager : Connected server[172.20.64.1:11800].
2025-10-28 17:08:48.214 +08:00 [docker-arsidentityserver0421001] [Error] SkyApm.Transport.Grpc.V8.ServiceRegister : Report service instance properties fail.
Grpc.Core.RpcException: Status(StatusCode="Unavailable", Detail="Error connecting to subchannel.", DebugException="System.Net.Sockets.SocketException (10061): 由于目标计算机积极拒绝，无法连接。
   at System.Net.Sockets.Socket.AwaitableSocketAsyncEventArgs.System.Threading.Tasks.Sources.IValueTaskSource.GetResult(Int16 token)
   at System.Net.Sockets.Socket.<ConnectAsync>g__WaitForConnectWithCancellation|285_0(AwaitableSocketAsyncEventArgs saea, ValueTask connectTask, CancellationToken cancellationToken)
   at Grpc.Net.Client.Balancer.Internal.SocketConnectivitySubchannelTransport.TryConnectAsync(CancellationToken cancellationToken)")
   at Grpc.Net.Client.Balancer.Internal.ConnectionManager.PickAsync(PickContext context, Boolean waitForReady, CancellationToken cancellationToken)
   at Grpc.Net.Client.Balancer.Internal.BalancerHttpHandler.SendAsync(HttpRequestMessage request, CancellationToken cancellationToken)
   at Grpc.Net.Client.Internal.GrpcCall`2.RunCall(HttpRequestMessage request, Nullable`1 timeout)
   at SkyApm.Transport.Grpc.V8.ServiceRegister.<>c__DisplayClass9_0.<<ReportInstancePropertiesAsync>b__0>d.MoveNext()
--- End of stack trace from previous location ---
   at SkyApm.Transport.Grpc.Common.Call.Execute[T](Func`1 task, Func`1 errCallback, Func`1 errMessage)
2025-10-28 17:08:48.214 +08:00 [docker-arsidentityserver0421001] [Warning] SkyApm.Transport.Grpc.ConnectionManager : Connection state changed. Status(StatusCode="Unavailable", Detail="Error connecting to subchannel.", DebugException="System.Net.Sockets.SocketException (10061): 由于目标计算机积极拒绝，无法连接。
   at System.Net.Sockets.Socket.AwaitableSocketAsyncEventArgs.System.Threading.Tasks.Sources.IValueTaskSource.GetResult(Int16 token)
   at System.Net.Sockets.Socket.<ConnectAsync>g__WaitForConnectWithCancellation|285_0(AwaitableSocketAsyncEventArgs saea, ValueTask connectTask, CancellationToken cancellationToken)
   at Grpc.Net.Client.Balancer.Internal.SocketConnectivitySubchannelTransport.TryConnectAsync(CancellationToken cancellationToken)")
2025-10-28 17:08:48.987 +08:00 [docker-arsidentityserver0421001] [Information] SkyApm.Transport.Grpc.ConnectionManager : Shutdown connection[172.20.64.1:11800].
2025-10-28 17:08:48.987 +08:00 [docker-arsidentityserver0421001] [Information] SkyApm.Transport.Grpc.ConnectionManager : Connected server[172.20.64.1:11800].
2025-10-28 17:08:51.280 +08:00 [docker-arsidentityserver0421001] [Error] SkyApm.Transport.Grpc.V8.ServiceRegister : Report service instance properties fail.
Grpc.Core.RpcException: Status(StatusCode="Unavailable", Detail="Error connecting to subchannel.", DebugException="System.Net.Sockets.SocketException (10061): 由于目标计算机积极拒绝，无法连接。
   at System.Net.Sockets.Socket.AwaitableSocketAsyncEventArgs.System.Threading.Tasks.Sources.IValueTaskSource.GetResult(Int16 token)
   at System.Net.Sockets.Socket.<ConnectAsync>g__WaitForConnectWithCancellation|285_0(AwaitableSocketAsyncEventArgs saea, ValueTask connectTask, CancellationToken cancellationToken)
   at Grpc.Net.Client.Balancer.Internal.SocketConnectivitySubchannelTransport.TryConnectAsync(CancellationToken cancellationToken)")
   at Grpc.Net.Client.Balancer.Internal.ConnectionManager.PickAsync(PickContext context, Boolean waitForReady, CancellationToken cancellationToken)
   at Grpc.Net.Client.Balancer.Internal.BalancerHttpHandler.SendAsync(HttpRequestMessage request, CancellationToken cancellationToken)
   at Grpc.Net.Client.Internal.GrpcCall`2.RunCall(HttpRequestMessage request, Nullable`1 timeout)
   at SkyApm.Transport.Grpc.V8.ServiceRegister.<>c__DisplayClass9_0.<<ReportInstancePropertiesAsync>b__0>d.MoveNext()
--- End of stack trace from previous location ---
   at SkyApm.Transport.Grpc.Common.Call.Execute[T](Func`1 task, Func`1 errCallback, Func`1 errMessage)
2025-10-28 17:08:51.280 +08:00 [docker-arsidentityserver0421001] [Warning] SkyApm.Transport.Grpc.ConnectionManager : Connection state changed. Status(StatusCode="Unavailable", Detail="Error connecting to subchannel.", DebugException="System.Net.Sockets.SocketException (10061): 由于目标计算机积极拒绝，无法连接。
   at System.Net.Sockets.Socket.AwaitableSocketAsyncEventArgs.System.Threading.Tasks.Sources.IValueTaskSource.GetResult(Int16 token)
   at System.Net.Sockets.Socket.<ConnectAsync>g__WaitForConnectWithCancellation|285_0(AwaitableSocketAsyncEventArgs saea, ValueTask connectTask, CancellationToken cancellationToken)
   at Grpc.Net.Client.Balancer.Internal.SocketConnectivitySubchannelTransport.TryConnectAsync(CancellationToken cancellationToken)")
2025-10-28 17:09:03.977 +08:00 [docker-arsidentityserver0421001] [Information] SkyApm.Transport.Grpc.ConnectionManager : Shutdown connection[172.20.64.1:11800].
2025-10-28 17:09:03.977 +08:00 [docker-arsidentityserver0421001] [Information] SkyApm.Transport.Grpc.ConnectionManager : Connected server[172.20.64.1:11800].
2025-10-28 17:09:18.223 +08:00 [docker-arsidentityserver0421001] [Error] SkyApm.Transport.Grpc.V8.ServiceRegister : Report service instance properties fail.
Grpc.Core.RpcException: Status(StatusCode="Unavailable", Detail="Error connecting to subchannel.", DebugException="System.Net.Sockets.SocketException (10061): 由于目标计算机积极拒绝，无法连接。
   at System.Net.Sockets.Socket.AwaitableSocketAsyncEventArgs.System.Threading.Tasks.Sources.IValueTaskSource.GetResult(Int16 token)
   at System.Net.Sockets.Socket.<ConnectAsync>g__WaitForConnectWithCancellation|285_0(AwaitableSocketAsyncEventArgs saea, ValueTask connectTask, CancellationToken cancellationToken)
   at Grpc.Net.Client.Balancer.Internal.SocketConnectivitySubchannelTransport.TryConnectAsync(CancellationToken cancellationToken)")
   at Grpc.Net.Client.Balancer.Internal.ConnectionManager.PickAsync(PickContext context, Boolean waitForReady, CancellationToken cancellationToken)
   at Grpc.Net.Client.Balancer.Internal.BalancerHttpHandler.SendAsync(HttpRequestMessage request, CancellationToken cancellationToken)
   at Grpc.Net.Client.Internal.GrpcCall`2.RunCall(HttpRequestMessage request, Nullable`1 timeout)
   at SkyApm.Transport.Grpc.V8.ServiceRegister.<>c__DisplayClass9_0.<<ReportInstancePropertiesAsync>b__0>d.MoveNext()
--- End of stack trace from previous location ---
   at SkyApm.Transport.Grpc.Common.Call.Execute[T](Func`1 task, Func`1 errCallback, Func`1 errMessage)
2025-10-28 17:09:18.223 +08:00 [docker-arsidentityserver0421001] [Warning] SkyApm.Transport.Grpc.ConnectionManager : Connection state changed. Status(StatusCode="Unavailable", Detail="Error connecting to subchannel.", DebugException="System.Net.Sockets.SocketException (10061): 由于目标计算机积极拒绝，无法连接。
   at System.Net.Sockets.Socket.AwaitableSocketAsyncEventArgs.System.Threading.Tasks.Sources.IValueTaskSource.GetResult(Int16 token)
   at System.Net.Sockets.Socket.<ConnectAsync>g__WaitForConnectWithCancellation|285_0(AwaitableSocketAsyncEventArgs saea, ValueTask connectTask, CancellationToken cancellationToken)
   at Grpc.Net.Client.Balancer.Internal.SocketConnectivitySubchannelTransport.TryConnectAsync(CancellationToken cancellationToken)")
2025-10-28 17:09:18.987 +08:00 [docker-arsidentityserver0421001] [Information] SkyApm.Transport.Grpc.ConnectionManager : Shutdown connection[172.20.64.1:11800].
2025-10-28 17:09:18.988 +08:00 [docker-arsidentityserver0421001] [Information] SkyApm.Transport.Grpc.ConnectionManager : Connected server[172.20.64.1:11800].
2025-10-28 17:09:21.281 +08:00 [docker-arsidentityserver0421001] [Error] SkyApm.Transport.Grpc.V8.ServiceRegister : Report service instance properties fail.
Grpc.Core.RpcException: Status(StatusCode="Unavailable", Detail="Error connecting to subchannel.", DebugException="System.Net.Sockets.SocketException (10061): 由于目标计算机积极拒绝，无法连接。
   at System.Net.Sockets.Socket.AwaitableSocketAsyncEventArgs.System.Threading.Tasks.Sources.IValueTaskSource.GetResult(Int16 token)
   at System.Net.Sockets.Socket.<ConnectAsync>g__WaitForConnectWithCancellation|285_0(AwaitableSocketAsyncEventArgs saea, ValueTask connectTask, CancellationToken cancellationToken)
   at Grpc.Net.Client.Balancer.Internal.SocketConnectivitySubchannelTransport.TryConnectAsync(CancellationToken cancellationToken)")
   at Grpc.Net.Client.Balancer.Internal.ConnectionManager.PickAsync(PickContext context, Boolean waitForReady, CancellationToken cancellationToken)
   at Grpc.Net.Client.Balancer.Internal.BalancerHttpHandler.SendAsync(HttpRequestMessage request, CancellationToken cancellationToken)
   at Grpc.Net.Client.Internal.GrpcCall`2.RunCall(HttpRequestMessage request, Nullable`1 timeout)
   at SkyApm.Transport.Grpc.V8.ServiceRegister.<>c__DisplayClass9_0.<<ReportInstancePropertiesAsync>b__0>d.MoveNext()
--- End of stack trace from previous location ---
   at SkyApm.Transport.Grpc.Common.Call.Execute[T](Func`1 task, Func`1 errCallback, Func`1 errMessage)
2025-10-28 17:09:21.282 +08:00 [docker-arsidentityserver0421001] [Warning] SkyApm.Transport.Grpc.ConnectionManager : Connection state changed. Status(StatusCode="Unavailable", Detail="Error connecting to subchannel.", DebugException="System.Net.Sockets.SocketException (10061): 由于目标计算机积极拒绝，无法连接。
   at System.Net.Sockets.Socket.AwaitableSocketAsyncEventArgs.System.Threading.Tasks.Sources.IValueTaskSource.GetResult(Int16 token)
   at System.Net.Sockets.Socket.<ConnectAsync>g__WaitForConnectWithCancellation|285_0(AwaitableSocketAsyncEventArgs saea, ValueTask connectTask, CancellationToken cancellationToken)
   at Grpc.Net.Client.Balancer.Internal.SocketConnectivitySubchannelTransport.TryConnectAsync(CancellationToken cancellationToken)")
2025-10-28 17:09:33.984 +08:00 [docker-arsidentityserver0421001] [Information] SkyApm.Transport.Grpc.ConnectionManager : Shutdown connection[172.20.64.1:11800].
2025-10-28 17:09:33.984 +08:00 [docker-arsidentityserver0421001] [Information] SkyApm.Transport.Grpc.ConnectionManager : Connected server[172.20.64.1:11800].
2025-10-28 17:09:48.202 +08:00 [docker-arsidentityserver0421001] [Error] SkyApm.Transport.Grpc.V8.ServiceRegister : Report service instance properties fail.
Grpc.Core.RpcException: Status(StatusCode="Unavailable", Detail="Error connecting to subchannel.", DebugException="System.Net.Sockets.SocketException (10061): 由于目标计算机积极拒绝，无法连接。
   at System.Net.Sockets.Socket.AwaitableSocketAsyncEventArgs.System.Threading.Tasks.Sources.IValueTaskSource.GetResult(Int16 token)
   at System.Net.Sockets.Socket.<ConnectAsync>g__WaitForConnectWithCancellation|285_0(AwaitableSocketAsyncEventArgs saea, ValueTask connectTask, CancellationToken cancellationToken)
   at Grpc.Net.Client.Balancer.Internal.SocketConnectivitySubchannelTransport.TryConnectAsync(CancellationToken cancellationToken)")
   at Grpc.Net.Client.Balancer.Internal.ConnectionManager.PickAsync(PickContext context, Boolean waitForReady, CancellationToken cancellationToken)
   at Grpc.Net.Client.Balancer.Internal.BalancerHttpHandler.SendAsync(HttpRequestMessage request, CancellationToken cancellationToken)
   at Grpc.Net.Client.Internal.GrpcCall`2.RunCall(HttpRequestMessage request, Nullable`1 timeout)
   at SkyApm.Transport.Grpc.V8.ServiceRegister.<>c__DisplayClass9_0.<<ReportInstancePropertiesAsync>b__0>d.MoveNext()
--- End of stack trace from previous location ---
   at SkyApm.Transport.Grpc.Common.Call.Execute[T](Func`1 task, Func`1 errCallback, Func`1 errMessage)
2025-10-28 17:09:48.202 +08:00 [docker-arsidentityserver0421001] [Warning] SkyApm.Transport.Grpc.ConnectionManager : Connection state changed. Status(StatusCode="Unavailable", Detail="Error connecting to subchannel.", DebugException="System.Net.Sockets.SocketException (10061): 由于目标计算机积极拒绝，无法连接。
   at System.Net.Sockets.Socket.AwaitableSocketAsyncEventArgs.System.Threading.Tasks.Sources.IValueTaskSource.GetResult(Int16 token)
   at System.Net.Sockets.Socket.<ConnectAsync>g__WaitForConnectWithCancellation|285_0(AwaitableSocketAsyncEventArgs saea, ValueTask connectTask, CancellationToken cancellationToken)
   at Grpc.Net.Client.Balancer.Internal.SocketConnectivitySubchannelTransport.TryConnectAsync(CancellationToken cancellationToken)")
2025-10-28 17:09:48.975 +08:00 [docker-arsidentityserver0421001] [Information] SkyApm.Transport.Grpc.ConnectionManager : Shutdown connection[172.20.64.1:11800].
2025-10-28 17:09:48.975 +08:00 [docker-arsidentityserver0421001] [Information] SkyApm.Transport.Grpc.ConnectionManager : Connected server[172.20.64.1:11800].
2025-10-28 17:09:51.257 +08:00 [docker-arsidentityserver0421001] [Error] SkyApm.Transport.Grpc.V8.ServiceRegister : Report service instance properties fail.
Grpc.Core.RpcException: Status(StatusCode="Unavailable", Detail="Error connecting to subchannel.", DebugException="System.Net.Sockets.SocketException (10061): 由于目标计算机积极拒绝，无法连接。
   at System.Net.Sockets.Socket.AwaitableSocketAsyncEventArgs.System.Threading.Tasks.Sources.IValueTaskSource.GetResult(Int16 token)
   at System.Net.Sockets.Socket.<ConnectAsync>g__WaitForConnectWithCancellation|285_0(AwaitableSocketAsyncEventArgs saea, ValueTask connectTask, CancellationToken cancellationToken)
   at Grpc.Net.Client.Balancer.Internal.SocketConnectivitySubchannelTransport.TryConnectAsync(CancellationToken cancellationToken)")
   at Grpc.Net.Client.Balancer.Internal.ConnectionManager.PickAsync(PickContext context, Boolean waitForReady, CancellationToken cancellationToken)
   at Grpc.Net.Client.Balancer.Internal.BalancerHttpHandler.SendAsync(HttpRequestMessage request, CancellationToken cancellationToken)
   at Grpc.Net.Client.Internal.GrpcCall`2.RunCall(HttpRequestMessage request, Nullable`1 timeout)
   at SkyApm.Transport.Grpc.V8.ServiceRegister.<>c__DisplayClass9_0.<<ReportInstancePropertiesAsync>b__0>d.MoveNext()
--- End of stack trace from previous location ---
   at SkyApm.Transport.Grpc.Common.Call.Execute[T](Func`1 task, Func`1 errCallback, Func`1 errMessage)
2025-10-28 17:09:51.257 +08:00 [docker-arsidentityserver0421001] [Warning] SkyApm.Transport.Grpc.ConnectionManager : Connection state changed. Status(StatusCode="Unavailable", Detail="Error connecting to subchannel.", DebugException="System.Net.Sockets.SocketException (10061): 由于目标计算机积极拒绝，无法连接。
   at System.Net.Sockets.Socket.AwaitableSocketAsyncEventArgs.System.Threading.Tasks.Sources.IValueTaskSource.GetResult(Int16 token)
   at System.Net.Sockets.Socket.<ConnectAsync>g__WaitForConnectWithCancellation|285_0(AwaitableSocketAsyncEventArgs saea, ValueTask connectTask, CancellationToken cancellationToken)
   at Grpc.Net.Client.Balancer.Internal.SocketConnectivitySubchannelTransport.TryConnectAsync(CancellationToken cancellationToken)")
2025-10-28 17:10:03.979 +08:00 [docker-arsidentityserver0421001] [Information] SkyApm.Transport.Grpc.ConnectionManager : Shutdown connection[172.20.64.1:11800].
2025-10-28 17:10:03.979 +08:00 [docker-arsidentityserver0421001] [Information] SkyApm.Transport.Grpc.ConnectionManager : Connected server[172.20.64.1:11800].
2025-10-28 17:10:18.218 +08:00 [docker-arsidentityserver0421001] [Error] SkyApm.Transport.Grpc.V8.ServiceRegister : Report service instance properties fail.
Grpc.Core.RpcException: Status(StatusCode="Unavailable", Detail="Error connecting to subchannel.", DebugException="System.Net.Sockets.SocketException (10061): 由于目标计算机积极拒绝，无法连接。
   at System.Net.Sockets.Socket.AwaitableSocketAsyncEventArgs.System.Threading.Tasks.Sources.IValueTaskSource.GetResult(Int16 token)
   at System.Net.Sockets.Socket.<ConnectAsync>g__WaitForConnectWithCancellation|285_0(AwaitableSocketAsyncEventArgs saea, ValueTask connectTask, CancellationToken cancellationToken)
   at Grpc.Net.Client.Balancer.Internal.SocketConnectivitySubchannelTransport.TryConnectAsync(CancellationToken cancellationToken)")
   at Grpc.Net.Client.Balancer.Internal.ConnectionManager.PickAsync(PickContext context, Boolean waitForReady, CancellationToken cancellationToken)
   at Grpc.Net.Client.Balancer.Internal.BalancerHttpHandler.SendAsync(HttpRequestMessage request, CancellationToken cancellationToken)
   at Grpc.Net.Client.Internal.GrpcCall`2.RunCall(HttpRequestMessage request, Nullable`1 timeout)
   at SkyApm.Transport.Grpc.V8.ServiceRegister.<>c__DisplayClass9_0.<<ReportInstancePropertiesAsync>b__0>d.MoveNext()
--- End of stack trace from previous location ---
   at SkyApm.Transport.Grpc.Common.Call.Execute[T](Func`1 task, Func`1 errCallback, Func`1 errMessage)
2025-10-28 17:10:18.218 +08:00 [docker-arsidentityserver0421001] [Warning] SkyApm.Transport.Grpc.ConnectionManager : Connection state changed. Status(StatusCode="Unavailable", Detail="Error connecting to subchannel.", DebugException="System.Net.Sockets.SocketException (10061): 由于目标计算机积极拒绝，无法连接。
   at System.Net.Sockets.Socket.AwaitableSocketAsyncEventArgs.System.Threading.Tasks.Sources.IValueTaskSource.GetResult(Int16 token)
   at System.Net.Sockets.Socket.<ConnectAsync>g__WaitForConnectWithCancellation|285_0(AwaitableSocketAsyncEventArgs saea, ValueTask connectTask, CancellationToken cancellationToken)
   at Grpc.Net.Client.Balancer.Internal.SocketConnectivitySubchannelTransport.TryConnectAsync(CancellationToken cancellationToken)")
2025-10-28 17:10:18.980 +08:00 [docker-arsidentityserver0421001] [Information] SkyApm.Transport.Grpc.ConnectionManager : Shutdown connection[172.20.64.1:11800].
2025-10-28 17:10:18.980 +08:00 [docker-arsidentityserver0421001] [Information] SkyApm.Transport.Grpc.ConnectionManager : Connected server[172.20.64.1:11800].
2025-10-28 17:10:21.272 +08:00 [docker-arsidentityserver0421001] [Error] SkyApm.Transport.Grpc.V8.ServiceRegister : Report service instance properties fail.
Grpc.Core.RpcException: Status(StatusCode="Unavailable", Detail="Error connecting to subchannel.", DebugException="System.Net.Sockets.SocketException (10061): 由于目标计算机积极拒绝，无法连接。
   at System.Net.Sockets.Socket.AwaitableSocketAsyncEventArgs.System.Threading.Tasks.Sources.IValueTaskSource.GetResult(Int16 token)
   at System.Net.Sockets.Socket.<ConnectAsync>g__WaitForConnectWithCancellation|285_0(AwaitableSocketAsyncEventArgs saea, ValueTask connectTask, CancellationToken cancellationToken)
   at Grpc.Net.Client.Balancer.Internal.SocketConnectivitySubchannelTransport.TryConnectAsync(CancellationToken cancellationToken)")
   at Grpc.Net.Client.Balancer.Internal.ConnectionManager.PickAsync(PickContext context, Boolean waitForReady, CancellationToken cancellationToken)
   at Grpc.Net.Client.Balancer.Internal.BalancerHttpHandler.SendAsync(HttpRequestMessage request, CancellationToken cancellationToken)
   at Grpc.Net.Client.Internal.GrpcCall`2.RunCall(HttpRequestMessage request, Nullable`1 timeout)
   at SkyApm.Transport.Grpc.V8.ServiceRegister.<>c__DisplayClass9_0.<<ReportInstancePropertiesAsync>b__0>d.MoveNext()
--- End of stack trace from previous location ---
   at SkyApm.Transport.Grpc.Common.Call.Execute[T](Func`1 task, Func`1 errCallback, Func`1 errMessage)
2025-10-28 17:10:21.272 +08:00 [docker-arsidentityserver0421001] [Warning] SkyApm.Transport.Grpc.ConnectionManager : Connection state changed. Status(StatusCode="Unavailable", Detail="Error connecting to subchannel.", DebugException="System.Net.Sockets.SocketException (10061): 由于目标计算机积极拒绝，无法连接。
   at System.Net.Sockets.Socket.AwaitableSocketAsyncEventArgs.System.Threading.Tasks.Sources.IValueTaskSource.GetResult(Int16 token)
   at System.Net.Sockets.Socket.<ConnectAsync>g__WaitForConnectWithCancellation|285_0(AwaitableSocketAsyncEventArgs saea, ValueTask connectTask, CancellationToken cancellationToken)
   at Grpc.Net.Client.Balancer.Internal.SocketConnectivitySubchannelTransport.TryConnectAsync(CancellationToken cancellationToken)")
2025-10-28 17:10:33.986 +08:00 [docker-arsidentityserver0421001] [Information] SkyApm.Transport.Grpc.ConnectionManager : Shutdown connection[172.20.64.1:11800].
2025-10-28 17:10:33.987 +08:00 [docker-arsidentityserver0421001] [Information] SkyApm.Transport.Grpc.ConnectionManager : Connected server[172.20.64.1:11800].
2025-10-28 17:10:48.198 +08:00 [docker-arsidentityserver0421001] [Error] SkyApm.Transport.Grpc.V8.ServiceRegister : Report service instance properties fail.
Grpc.Core.RpcException: Status(StatusCode="Unavailable", Detail="Error connecting to subchannel.", DebugException="System.Net.Sockets.SocketException (10061): 由于目标计算机积极拒绝，无法连接。
   at System.Net.Sockets.Socket.AwaitableSocketAsyncEventArgs.System.Threading.Tasks.Sources.IValueTaskSource.GetResult(Int16 token)
   at System.Net.Sockets.Socket.<ConnectAsync>g__WaitForConnectWithCancellation|285_0(AwaitableSocketAsyncEventArgs saea, ValueTask connectTask, CancellationToken cancellationToken)
   at Grpc.Net.Client.Balancer.Internal.SocketConnectivitySubchannelTransport.TryConnectAsync(CancellationToken cancellationToken)")
   at Grpc.Net.Client.Balancer.Internal.ConnectionManager.PickAsync(PickContext context, Boolean waitForReady, CancellationToken cancellationToken)
   at Grpc.Net.Client.Balancer.Internal.BalancerHttpHandler.SendAsync(HttpRequestMessage request, CancellationToken cancellationToken)
   at Grpc.Net.Client.Internal.GrpcCall`2.RunCall(HttpRequestMessage request, Nullable`1 timeout)
   at SkyApm.Transport.Grpc.V8.ServiceRegister.<>c__DisplayClass9_0.<<ReportInstancePropertiesAsync>b__0>d.MoveNext()
--- End of stack trace from previous location ---
   at SkyApm.Transport.Grpc.Common.Call.Execute[T](Func`1 task, Func`1 errCallback, Func`1 errMessage)
2025-10-28 17:10:48.198 +08:00 [docker-arsidentityserver0421001] [Warning] SkyApm.Transport.Grpc.ConnectionManager : Connection state changed. Status(StatusCode="Unavailable", Detail="Error connecting to subchannel.", DebugException="System.Net.Sockets.SocketException (10061): 由于目标计算机积极拒绝，无法连接。
   at System.Net.Sockets.Socket.AwaitableSocketAsyncEventArgs.System.Threading.Tasks.Sources.IValueTaskSource.GetResult(Int16 token)
   at System.Net.Sockets.Socket.<ConnectAsync>g__WaitForConnectWithCancellation|285_0(AwaitableSocketAsyncEventArgs saea, ValueTask connectTask, CancellationToken cancellationToken)
   at Grpc.Net.Client.Balancer.Internal.SocketConnectivitySubchannelTransport.TryConnectAsync(CancellationToken cancellationToken)")
2025-10-28 17:10:48.987 +08:00 [docker-arsidentityserver0421001] [Information] SkyApm.Transport.Grpc.ConnectionManager : Shutdown connection[172.20.64.1:11800].
2025-10-28 17:10:48.987 +08:00 [docker-arsidentityserver0421001] [Information] SkyApm.Transport.Grpc.ConnectionManager : Connected server[172.20.64.1:11800].
2025-10-28 17:10:51.260 +08:00 [docker-arsidentityserver0421001] [Error] SkyApm.Transport.Grpc.V8.ServiceRegister : Report service instance properties fail.
Grpc.Core.RpcException: Status(StatusCode="Unavailable", Detail="Error connecting to subchannel.", DebugException="System.Net.Sockets.SocketException (10061): 由于目标计算机积极拒绝，无法连接。
   at System.Net.Sockets.Socket.AwaitableSocketAsyncEventArgs.System.Threading.Tasks.Sources.IValueTaskSource.GetResult(Int16 token)
   at System.Net.Sockets.Socket.<ConnectAsync>g__WaitForConnectWithCancellation|285_0(AwaitableSocketAsyncEventArgs saea, ValueTask connectTask, CancellationToken cancellationToken)
   at Grpc.Net.Client.Balancer.Internal.SocketConnectivitySubchannelTransport.TryConnectAsync(CancellationToken cancellationToken)")
   at Grpc.Net.Client.Balancer.Internal.ConnectionManager.PickAsync(PickContext context, Boolean waitForReady, CancellationToken cancellationToken)
   at Grpc.Net.Client.Balancer.Internal.BalancerHttpHandler.SendAsync(HttpRequestMessage request, CancellationToken cancellationToken)
   at Grpc.Net.Client.Internal.GrpcCall`2.RunCall(HttpRequestMessage request, Nullable`1 timeout)
   at SkyApm.Transport.Grpc.V8.ServiceRegister.<>c__DisplayClass9_0.<<ReportInstancePropertiesAsync>b__0>d.MoveNext()
--- End of stack trace from previous location ---
   at SkyApm.Transport.Grpc.Common.Call.Execute[T](Func`1 task, Func`1 errCallback, Func`1 errMessage)
2025-10-28 17:10:51.260 +08:00 [docker-arsidentityserver0421001] [Warning] SkyApm.Transport.Grpc.ConnectionManager : Connection state changed. Status(StatusCode="Unavailable", Detail="Error connecting to subchannel.", DebugException="System.Net.Sockets.SocketException (10061): 由于目标计算机积极拒绝，无法连接。
   at System.Net.Sockets.Socket.AwaitableSocketAsyncEventArgs.System.Threading.Tasks.Sources.IValueTaskSource.GetResult(Int16 token)
   at System.Net.Sockets.Socket.<ConnectAsync>g__WaitForConnectWithCancellation|285_0(AwaitableSocketAsyncEventArgs saea, ValueTask connectTask, CancellationToken cancellationToken)
   at Grpc.Net.Client.Balancer.Internal.SocketConnectivitySubchannelTransport.TryConnectAsync(CancellationToken cancellationToken)")
2025-10-28 17:11:03.975 +08:00 [docker-arsidentityserver0421001] [Information] SkyApm.Transport.Grpc.ConnectionManager : Shutdown connection[172.20.64.1:11800].
2025-10-28 17:11:03.975 +08:00 [docker-arsidentityserver0421001] [Information] SkyApm.Transport.Grpc.ConnectionManager : Connected server[172.20.64.1:11800].
2025-10-28 17:11:18.222 +08:00 [docker-arsidentityserver0421001] [Error] SkyApm.Transport.Grpc.V8.ServiceRegister : Report service instance properties fail.
Grpc.Core.RpcException: Status(StatusCode="Unavailable", Detail="Error connecting to subchannel.", DebugException="System.Net.Sockets.SocketException (10061): 由于目标计算机积极拒绝，无法连接。
   at System.Net.Sockets.Socket.AwaitableSocketAsyncEventArgs.System.Threading.Tasks.Sources.IValueTaskSource.GetResult(Int16 token)
   at System.Net.Sockets.Socket.<ConnectAsync>g__WaitForConnectWithCancellation|285_0(AwaitableSocketAsyncEventArgs saea, ValueTask connectTask, CancellationToken cancellationToken)
   at Grpc.Net.Client.Balancer.Internal.SocketConnectivitySubchannelTransport.TryConnectAsync(CancellationToken cancellationToken)")
   at Grpc.Net.Client.Balancer.Internal.ConnectionManager.PickAsync(PickContext context, Boolean waitForReady, CancellationToken cancellationToken)
   at Grpc.Net.Client.Balancer.Internal.BalancerHttpHandler.SendAsync(HttpRequestMessage request, CancellationToken cancellationToken)
   at Grpc.Net.Client.Internal.GrpcCall`2.RunCall(HttpRequestMessage request, Nullable`1 timeout)
   at SkyApm.Transport.Grpc.V8.ServiceRegister.<>c__DisplayClass9_0.<<ReportInstancePropertiesAsync>b__0>d.MoveNext()
--- End of stack trace from previous location ---
   at SkyApm.Transport.Grpc.Common.Call.Execute[T](Func`1 task, Func`1 errCallback, Func`1 errMessage)
2025-10-28 17:11:18.222 +08:00 [docker-arsidentityserver0421001] [Warning] SkyApm.Transport.Grpc.ConnectionManager : Connection state changed. Status(StatusCode="Unavailable", Detail="Error connecting to subchannel.", DebugException="System.Net.Sockets.SocketException (10061): 由于目标计算机积极拒绝，无法连接。
   at System.Net.Sockets.Socket.AwaitableSocketAsyncEventArgs.System.Threading.Tasks.Sources.IValueTaskSource.GetResult(Int16 token)
   at System.Net.Sockets.Socket.<ConnectAsync>g__WaitForConnectWithCancellation|285_0(AwaitableSocketAsyncEventArgs saea, ValueTask connectTask, CancellationToken cancellationToken)
   at Grpc.Net.Client.Balancer.Internal.SocketConnectivitySubchannelTransport.TryConnectAsync(CancellationToken cancellationToken)")
2025-10-28 17:11:18.982 +08:00 [docker-arsidentityserver0421001] [Information] SkyApm.Transport.Grpc.ConnectionManager : Shutdown connection[172.20.64.1:11800].
2025-10-28 17:11:18.982 +08:00 [docker-arsidentityserver0421001] [Information] SkyApm.Transport.Grpc.ConnectionManager : Connected server[172.20.64.1:11800].
2025-10-28 17:11:21.299 +08:00 [docker-arsidentityserver0421001] [Error] SkyApm.Transport.Grpc.V8.ServiceRegister : Report service instance properties fail.
Grpc.Core.RpcException: Status(StatusCode="Unavailable", Detail="Error connecting to subchannel.", DebugException="System.Net.Sockets.SocketException (10061): 由于目标计算机积极拒绝，无法连接。
   at System.Net.Sockets.Socket.AwaitableSocketAsyncEventArgs.System.Threading.Tasks.Sources.IValueTaskSource.GetResult(Int16 token)
   at System.Net.Sockets.Socket.<ConnectAsync>g__WaitForConnectWithCancellation|285_0(AwaitableSocketAsyncEventArgs saea, ValueTask connectTask, CancellationToken cancellationToken)
   at Grpc.Net.Client.Balancer.Internal.SocketConnectivitySubchannelTransport.TryConnectAsync(CancellationToken cancellationToken)")
   at Grpc.Net.Client.Balancer.Internal.ConnectionManager.PickAsync(PickContext context, Boolean waitForReady, CancellationToken cancellationToken)
   at Grpc.Net.Client.Balancer.Internal.BalancerHttpHandler.SendAsync(HttpRequestMessage request, CancellationToken cancellationToken)
   at Grpc.Net.Client.Internal.GrpcCall`2.RunCall(HttpRequestMessage request, Nullable`1 timeout)
   at SkyApm.Transport.Grpc.V8.ServiceRegister.<>c__DisplayClass9_0.<<ReportInstancePropertiesAsync>b__0>d.MoveNext()
--- End of stack trace from previous location ---
   at SkyApm.Transport.Grpc.Common.Call.Execute[T](Func`1 task, Func`1 errCallback, Func`1 errMessage)
2025-10-28 17:11:21.299 +08:00 [docker-arsidentityserver0421001] [Warning] SkyApm.Transport.Grpc.ConnectionManager : Connection state changed. Status(StatusCode="Unavailable", Detail="Error connecting to subchannel.", DebugException="System.Net.Sockets.SocketException (10061): 由于目标计算机积极拒绝，无法连接。
   at System.Net.Sockets.Socket.AwaitableSocketAsyncEventArgs.System.Threading.Tasks.Sources.IValueTaskSource.GetResult(Int16 token)
   at System.Net.Sockets.Socket.<ConnectAsync>g__WaitForConnectWithCancellation|285_0(AwaitableSocketAsyncEventArgs saea, ValueTask connectTask, CancellationToken cancellationToken)
   at Grpc.Net.Client.Balancer.Internal.SocketConnectivitySubchannelTransport.TryConnectAsync(CancellationToken cancellationToken)")
2025-10-28 17:11:33.982 +08:00 [docker-arsidentityserver0421001] [Information] SkyApm.Transport.Grpc.ConnectionManager : Shutdown connection[172.20.64.1:11800].
2025-10-28 17:11:33.982 +08:00 [docker-arsidentityserver0421001] [Information] SkyApm.Transport.Grpc.ConnectionManager : Connected server[172.20.64.1:11800].
2025-10-28 17:11:48.184 +08:00 [docker-arsidentityserver0421001] [Error] SkyApm.Transport.Grpc.V8.ServiceRegister : Report service instance properties fail.
Grpc.Core.RpcException: Status(StatusCode="Unavailable", Detail="Error connecting to subchannel.", DebugException="System.Net.Sockets.SocketException (10061): 由于目标计算机积极拒绝，无法连接。
   at System.Net.Sockets.Socket.AwaitableSocketAsyncEventArgs.System.Threading.Tasks.Sources.IValueTaskSource.GetResult(Int16 token)
   at System.Net.Sockets.Socket.<ConnectAsync>g__WaitForConnectWithCancellation|285_0(AwaitableSocketAsyncEventArgs saea, ValueTask connectTask, CancellationToken cancellationToken)
   at Grpc.Net.Client.Balancer.Internal.SocketConnectivitySubchannelTransport.TryConnectAsync(CancellationToken cancellationToken)")
   at Grpc.Net.Client.Balancer.Internal.ConnectionManager.PickAsync(PickContext context, Boolean waitForReady, CancellationToken cancellationToken)
   at Grpc.Net.Client.Balancer.Internal.BalancerHttpHandler.SendAsync(HttpRequestMessage request, CancellationToken cancellationToken)
   at Grpc.Net.Client.Internal.GrpcCall`2.RunCall(HttpRequestMessage request, Nullable`1 timeout)
   at SkyApm.Transport.Grpc.V8.ServiceRegister.<>c__DisplayClass9_0.<<ReportInstancePropertiesAsync>b__0>d.MoveNext()
--- End of stack trace from previous location ---
   at SkyApm.Transport.Grpc.Common.Call.Execute[T](Func`1 task, Func`1 errCallback, Func`1 errMessage)
2025-10-28 17:11:48.184 +08:00 [docker-arsidentityserver0421001] [Warning] SkyApm.Transport.Grpc.ConnectionManager : Connection state changed. Status(StatusCode="Unavailable", Detail="Error connecting to subchannel.", DebugException="System.Net.Sockets.SocketException (10061): 由于目标计算机积极拒绝，无法连接。
   at System.Net.Sockets.Socket.AwaitableSocketAsyncEventArgs.System.Threading.Tasks.Sources.IValueTaskSource.GetResult(Int16 token)
   at System.Net.Sockets.Socket.<ConnectAsync>g__WaitForConnectWithCancellation|285_0(AwaitableSocketAsyncEventArgs saea, ValueTask connectTask, CancellationToken cancellationToken)
   at Grpc.Net.Client.Balancer.Internal.SocketConnectivitySubchannelTransport.TryConnectAsync(CancellationToken cancellationToken)")
2025-10-28 17:11:48.989 +08:00 [docker-arsidentityserver0421001] [Information] SkyApm.Transport.Grpc.ConnectionManager : Shutdown connection[172.20.64.1:11800].
2025-10-28 17:11:48.990 +08:00 [docker-arsidentityserver0421001] [Information] SkyApm.Transport.Grpc.ConnectionManager : Connected server[172.20.64.1:11800].
2025-10-28 17:11:51.269 +08:00 [docker-arsidentityserver0421001] [Error] SkyApm.Transport.Grpc.V8.ServiceRegister : Report service instance properties fail.
Grpc.Core.RpcException: Status(StatusCode="Unavailable", Detail="Error connecting to subchannel.", DebugException="System.Net.Sockets.SocketException (10061): 由于目标计算机积极拒绝，无法连接。
   at System.Net.Sockets.Socket.AwaitableSocketAsyncEventArgs.System.Threading.Tasks.Sources.IValueTaskSource.GetResult(Int16 token)
   at System.Net.Sockets.Socket.<ConnectAsync>g__WaitForConnectWithCancellation|285_0(AwaitableSocketAsyncEventArgs saea, ValueTask connectTask, CancellationToken cancellationToken)
   at Grpc.Net.Client.Balancer.Internal.SocketConnectivitySubchannelTransport.TryConnectAsync(CancellationToken cancellationToken)")
   at Grpc.Net.Client.Balancer.Internal.ConnectionManager.PickAsync(PickContext context, Boolean waitForReady, CancellationToken cancellationToken)
   at Grpc.Net.Client.Balancer.Internal.BalancerHttpHandler.SendAsync(HttpRequestMessage request, CancellationToken cancellationToken)
   at Grpc.Net.Client.Internal.GrpcCall`2.RunCall(HttpRequestMessage request, Nullable`1 timeout)
   at SkyApm.Transport.Grpc.V8.ServiceRegister.<>c__DisplayClass9_0.<<ReportInstancePropertiesAsync>b__0>d.MoveNext()
--- End of stack trace from previous location ---
   at SkyApm.Transport.Grpc.Common.Call.Execute[T](Func`1 task, Func`1 errCallback, Func`1 errMessage)
2025-10-28 17:11:51.269 +08:00 [docker-arsidentityserver0421001] [Warning] SkyApm.Transport.Grpc.ConnectionManager : Connection state changed. Status(StatusCode="Unavailable", Detail="Error connecting to subchannel.", DebugException="System.Net.Sockets.SocketException (10061): 由于目标计算机积极拒绝，无法连接。
   at System.Net.Sockets.Socket.AwaitableSocketAsyncEventArgs.System.Threading.Tasks.Sources.IValueTaskSource.GetResult(Int16 token)
   at System.Net.Sockets.Socket.<ConnectAsync>g__WaitForConnectWithCancellation|285_0(AwaitableSocketAsyncEventArgs saea, ValueTask connectTask, CancellationToken cancellationToken)
   at Grpc.Net.Client.Balancer.Internal.SocketConnectivitySubchannelTransport.TryConnectAsync(CancellationToken cancellationToken)")
2025-10-28 17:12:03.982 +08:00 [docker-arsidentityserver0421001] [Information] SkyApm.Transport.Grpc.ConnectionManager : Shutdown connection[172.20.64.1:11800].
2025-10-28 17:12:03.982 +08:00 [docker-arsidentityserver0421001] [Information] SkyApm.Transport.Grpc.ConnectionManager : Connected server[172.20.64.1:11800].
2025-10-28 17:12:18.209 +08:00 [docker-arsidentityserver0421001] [Error] SkyApm.Transport.Grpc.V8.ServiceRegister : Report service instance properties fail.
Grpc.Core.RpcException: Status(StatusCode="Unavailable", Detail="Error connecting to subchannel.", DebugException="System.Net.Sockets.SocketException (10061): 由于目标计算机积极拒绝，无法连接。
   at System.Net.Sockets.Socket.AwaitableSocketAsyncEventArgs.System.Threading.Tasks.Sources.IValueTaskSource.GetResult(Int16 token)
   at System.Net.Sockets.Socket.<ConnectAsync>g__WaitForConnectWithCancellation|285_0(AwaitableSocketAsyncEventArgs saea, ValueTask connectTask, CancellationToken cancellationToken)
   at Grpc.Net.Client.Balancer.Internal.SocketConnectivitySubchannelTransport.TryConnectAsync(CancellationToken cancellationToken)")
   at Grpc.Net.Client.Balancer.Internal.ConnectionManager.PickAsync(PickContext context, Boolean waitForReady, CancellationToken cancellationToken)
   at Grpc.Net.Client.Balancer.Internal.BalancerHttpHandler.SendAsync(HttpRequestMessage request, CancellationToken cancellationToken)
   at Grpc.Net.Client.Internal.GrpcCall`2.RunCall(HttpRequestMessage request, Nullable`1 timeout)
   at SkyApm.Transport.Grpc.V8.ServiceRegister.<>c__DisplayClass9_0.<<ReportInstancePropertiesAsync>b__0>d.MoveNext()
--- End of stack trace from previous location ---
   at SkyApm.Transport.Grpc.Common.Call.Execute[T](Func`1 task, Func`1 errCallback, Func`1 errMessage)
2025-10-28 17:12:18.209 +08:00 [docker-arsidentityserver0421001] [Warning] SkyApm.Transport.Grpc.ConnectionManager : Connection state changed. Status(StatusCode="Unavailable", Detail="Error connecting to subchannel.", DebugException="System.Net.Sockets.SocketException (10061): 由于目标计算机积极拒绝，无法连接。
   at System.Net.Sockets.Socket.AwaitableSocketAsyncEventArgs.System.Threading.Tasks.Sources.IValueTaskSource.GetResult(Int16 token)
   at System.Net.Sockets.Socket.<ConnectAsync>g__WaitForConnectWithCancellation|285_0(AwaitableSocketAsyncEventArgs saea, ValueTask connectTask, CancellationToken cancellationToken)
   at Grpc.Net.Client.Balancer.Internal.SocketConnectivitySubchannelTransport.TryConnectAsync(CancellationToken cancellationToken)")
2025-10-28 17:12:18.991 +08:00 [docker-arsidentityserver0421001] [Information] SkyApm.Transport.Grpc.ConnectionManager : Shutdown connection[172.20.64.1:11800].
2025-10-28 17:12:18.992 +08:00 [docker-arsidentityserver0421001] [Information] SkyApm.Transport.Grpc.ConnectionManager : Connected server[172.20.64.1:11800].
2025-10-28 17:12:21.307 +08:00 [docker-arsidentityserver0421001] [Error] SkyApm.Transport.Grpc.V8.ServiceRegister : Report service instance properties fail.
Grpc.Core.RpcException: Status(StatusCode="Unavailable", Detail="Error connecting to subchannel.", DebugException="System.Net.Sockets.SocketException (10061): 由于目标计算机积极拒绝，无法连接。
   at System.Net.Sockets.Socket.AwaitableSocketAsyncEventArgs.System.Threading.Tasks.Sources.IValueTaskSource.GetResult(Int16 token)
   at System.Net.Sockets.Socket.<ConnectAsync>g__WaitForConnectWithCancellation|285_0(AwaitableSocketAsyncEventArgs saea, ValueTask connectTask, CancellationToken cancellationToken)
   at Grpc.Net.Client.Balancer.Internal.SocketConnectivitySubchannelTransport.TryConnectAsync(CancellationToken cancellationToken)")
   at Grpc.Net.Client.Balancer.Internal.ConnectionManager.PickAsync(PickContext context, Boolean waitForReady, CancellationToken cancellationToken)
   at Grpc.Net.Client.Balancer.Internal.BalancerHttpHandler.SendAsync(HttpRequestMessage request, CancellationToken cancellationToken)
   at Grpc.Net.Client.Internal.GrpcCall`2.RunCall(HttpRequestMessage request, Nullable`1 timeout)
   at SkyApm.Transport.Grpc.V8.ServiceRegister.<>c__DisplayClass9_0.<<ReportInstancePropertiesAsync>b__0>d.MoveNext()
--- End of stack trace from previous location ---
   at SkyApm.Transport.Grpc.Common.Call.Execute[T](Func`1 task, Func`1 errCallback, Func`1 errMessage)
2025-10-28 17:12:21.307 +08:00 [docker-arsidentityserver0421001] [Warning] SkyApm.Transport.Grpc.ConnectionManager : Connection state changed. Status(StatusCode="Unavailable", Detail="Error connecting to subchannel.", DebugException="System.Net.Sockets.SocketException (10061): 由于目标计算机积极拒绝，无法连接。
   at System.Net.Sockets.Socket.AwaitableSocketAsyncEventArgs.System.Threading.Tasks.Sources.IValueTaskSource.GetResult(Int16 token)
   at System.Net.Sockets.Socket.<ConnectAsync>g__WaitForConnectWithCancellation|285_0(AwaitableSocketAsyncEventArgs saea, ValueTask connectTask, CancellationToken cancellationToken)
   at Grpc.Net.Client.Balancer.Internal.SocketConnectivitySubchannelTransport.TryConnectAsync(CancellationToken cancellationToken)")
2025-10-28 17:12:33.987 +08:00 [docker-arsidentityserver0421001] [Information] SkyApm.Transport.Grpc.ConnectionManager : Shutdown connection[172.20.64.1:11800].
2025-10-28 17:12:33.987 +08:00 [docker-arsidentityserver0421001] [Information] SkyApm.Transport.Grpc.ConnectionManager : Connected server[172.20.64.1:11800].
2025-10-28 17:13:36.194 +08:00 [docker-arsidentityserver0421001] [Error] SkyApm.Transport.Grpc.V8.ServiceRegister : Report service instance properties fail.
Grpc.Core.RpcException: Status(StatusCode="Unavailable", Detail="Error connecting to subchannel.", DebugException="System.Net.Sockets.SocketException (10061): 由于目标计算机积极拒绝，无法连接。
   at System.Net.Sockets.Socket.AwaitableSocketAsyncEventArgs.System.Threading.Tasks.Sources.IValueTaskSource.GetResult(Int16 token)
   at System.Net.Sockets.Socket.<ConnectAsync>g__WaitForConnectWithCancellation|285_0(AwaitableSocketAsyncEventArgs saea, ValueTask connectTask, CancellationToken cancellationToken)
   at Grpc.Net.Client.Balancer.Internal.SocketConnectivitySubchannelTransport.TryConnectAsync(CancellationToken cancellationToken)")
   at Grpc.Net.Client.Balancer.Internal.ConnectionManager.PickAsync(PickContext context, Boolean waitForReady, CancellationToken cancellationToken)
   at Grpc.Net.Client.Balancer.Internal.BalancerHttpHandler.SendAsync(HttpRequestMessage request, CancellationToken cancellationToken)
   at Grpc.Net.Client.Internal.GrpcCall`2.RunCall(HttpRequestMessage request, Nullable`1 timeout)
   at SkyApm.Transport.Grpc.V8.ServiceRegister.<>c__DisplayClass9_0.<<ReportInstancePropertiesAsync>b__0>d.MoveNext()
--- End of stack trace from previous location ---
   at SkyApm.Transport.Grpc.Common.Call.Execute[T](Func`1 task, Func`1 errCallback, Func`1 errMessage)
2025-10-28 17:13:36.194 +08:00 [docker-arsidentityserver0421001] [Error] SkyApm.Transport.Grpc.V8.ServiceRegister : Report service instance properties fail.
Grpc.Core.RpcException: Status(StatusCode="Unavailable", Detail="Error connecting to subchannel.", DebugException="System.Net.Sockets.SocketException (10061): 由于目标计算机积极拒绝，无法连接。
   at System.Net.Sockets.Socket.AwaitableSocketAsyncEventArgs.System.Threading.Tasks.Sources.IValueTaskSource.GetResult(Int16 token)
   at System.Net.Sockets.Socket.<ConnectAsync>g__WaitForConnectWithCancellation|285_0(AwaitableSocketAsyncEventArgs saea, ValueTask connectTask, CancellationToken cancellationToken)
   at Grpc.Net.Client.Balancer.Internal.SocketConnectivitySubchannelTransport.TryConnectAsync(CancellationToken cancellationToken)")
   at Grpc.Net.Client.Balancer.Internal.ConnectionManager.PickAsync(PickContext context, Boolean waitForReady, CancellationToken cancellationToken)
   at Grpc.Net.Client.Balancer.Internal.BalancerHttpHandler.SendAsync(HttpRequestMessage request, CancellationToken cancellationToken)
   at Grpc.Net.Client.Internal.GrpcCall`2.RunCall(HttpRequestMessage request, Nullable`1 timeout)
   at SkyApm.Transport.Grpc.V8.ServiceRegister.<>c__DisplayClass9_0.<<ReportInstancePropertiesAsync>b__0>d.MoveNext()
--- End of stack trace from previous location ---
   at SkyApm.Transport.Grpc.Common.Call.Execute[T](Func`1 task, Func`1 errCallback, Func`1 errMessage)
2025-10-28 17:13:36.194 +08:00 [docker-arsidentityserver0421001] [Warning] SkyApm.Transport.Grpc.ConnectionManager : Connection state changed. Status(StatusCode="Unavailable", Detail="Error connecting to subchannel.", DebugException="System.Net.Sockets.SocketException (10061): 由于目标计算机积极拒绝，无法连接。
   at System.Net.Sockets.Socket.AwaitableSocketAsyncEventArgs.System.Threading.Tasks.Sources.IValueTaskSource.GetResult(Int16 token)
   at System.Net.Sockets.Socket.<ConnectAsync>g__WaitForConnectWithCancellation|285_0(AwaitableSocketAsyncEventArgs saea, ValueTask connectTask, CancellationToken cancellationToken)
   at Grpc.Net.Client.Balancer.Internal.SocketConnectivitySubchannelTransport.TryConnectAsync(CancellationToken cancellationToken)")
2025-10-28 17:13:36.194 +08:00 [docker-arsidentityserver0421001] [Warning] SkyApm.Transport.Grpc.ConnectionManager : Connection state changed. Status(StatusCode="Unavailable", Detail="Error connecting to subchannel.", DebugException="System.Net.Sockets.SocketException (10061): 由于目标计算机积极拒绝，无法连接。
   at System.Net.Sockets.Socket.AwaitableSocketAsyncEventArgs.System.Threading.Tasks.Sources.IValueTaskSource.GetResult(Int16 token)
   at System.Net.Sockets.Socket.<ConnectAsync>g__WaitForConnectWithCancellation|285_0(AwaitableSocketAsyncEventArgs saea, ValueTask connectTask, CancellationToken cancellationToken)
   at Grpc.Net.Client.Balancer.Internal.SocketConnectivitySubchannelTransport.TryConnectAsync(CancellationToken cancellationToken)")
2025-10-28 17:14:04.476 +08:00 [docker-arsidentityserver0421001] [Information] SkyApm.Transport.Grpc.ConnectionManager : Shutdown connection[172.20.64.1:11800].
2025-10-28 17:14:04.477 +08:00 [docker-arsidentityserver0421001] [Information] SkyApm.Transport.Grpc.ConnectionManager : Connected server[172.20.64.1:11800].
2025-10-28 17:14:06.604 +08:00 [docker-arsidentityserver0421001] [Error] SkyApm.Transport.Grpc.V8.ServiceRegister : Report service instance properties fail.
Grpc.Core.RpcException: Status(StatusCode="Unavailable", Detail="Error connecting to subchannel.", DebugException="System.Net.Sockets.SocketException (10061): 由于目标计算机积极拒绝，无法连接。
   at System.Net.Sockets.Socket.AwaitableSocketAsyncEventArgs.System.Threading.Tasks.Sources.IValueTaskSource.GetResult(Int16 token)
   at System.Net.Sockets.Socket.<ConnectAsync>g__WaitForConnectWithCancellation|285_0(AwaitableSocketAsyncEventArgs saea, ValueTask connectTask, CancellationToken cancellationToken)
   at Grpc.Net.Client.Balancer.Internal.SocketConnectivitySubchannelTransport.TryConnectAsync(CancellationToken cancellationToken)")
   at Grpc.Net.Client.Balancer.Internal.ConnectionManager.PickAsync(PickContext context, Boolean waitForReady, CancellationToken cancellationToken)
   at Grpc.Net.Client.Balancer.Internal.BalancerHttpHandler.SendAsync(HttpRequestMessage request, CancellationToken cancellationToken)
   at Grpc.Net.Client.Internal.GrpcCall`2.RunCall(HttpRequestMessage request, Nullable`1 timeout)
   at SkyApm.Transport.Grpc.V8.ServiceRegister.<>c__DisplayClass9_0.<<ReportInstancePropertiesAsync>b__0>d.MoveNext()
--- End of stack trace from previous location ---
   at SkyApm.Transport.Grpc.Common.Call.Execute[T](Func`1 task, Func`1 errCallback, Func`1 errMessage)
2025-10-28 17:14:06.604 +08:00 [docker-arsidentityserver0421001] [Error] SkyApm.Transport.Grpc.V8.ServiceRegister : Report service instance properties fail.
Grpc.Core.RpcException: Status(StatusCode="Unavailable", Detail="Error connecting to subchannel.", DebugException="System.Net.Sockets.SocketException (10061): 由于目标计算机积极拒绝，无法连接。
   at System.Net.Sockets.Socket.AwaitableSocketAsyncEventArgs.System.Threading.Tasks.Sources.IValueTaskSource.GetResult(Int16 token)
   at System.Net.Sockets.Socket.<ConnectAsync>g__WaitForConnectWithCancellation|285_0(AwaitableSocketAsyncEventArgs saea, ValueTask connectTask, CancellationToken cancellationToken)
   at Grpc.Net.Client.Balancer.Internal.SocketConnectivitySubchannelTransport.TryConnectAsync(CancellationToken cancellationToken)")
   at Grpc.Net.Client.Balancer.Internal.ConnectionManager.PickAsync(PickContext context, Boolean waitForReady, CancellationToken cancellationToken)
   at Grpc.Net.Client.Balancer.Internal.BalancerHttpHandler.SendAsync(HttpRequestMessage request, CancellationToken cancellationToken)
   at Grpc.Net.Client.Internal.GrpcCall`2.RunCall(HttpRequestMessage request, Nullable`1 timeout)
   at SkyApm.Transport.Grpc.V8.ServiceRegister.<>c__DisplayClass9_0.<<ReportInstancePropertiesAsync>b__0>d.MoveNext()
--- End of stack trace from previous location ---
   at SkyApm.Transport.Grpc.Common.Call.Execute[T](Func`1 task, Func`1 errCallback, Func`1 errMessage)
2025-10-28 17:14:06.604 +08:00 [docker-arsidentityserver0421001] [Error] SkyApm.Transport.Grpc.V8.ServiceRegister : Report service instance properties fail.
Grpc.Core.RpcException: Status(StatusCode="Unavailable", Detail="Error connecting to subchannel.", DebugException="System.Net.Sockets.SocketException (10061): 由于目标计算机积极拒绝，无法连接。
   at System.Net.Sockets.Socket.AwaitableSocketAsyncEventArgs.System.Threading.Tasks.Sources.IValueTaskSource.GetResult(Int16 token)
   at System.Net.Sockets.Socket.<ConnectAsync>g__WaitForConnectWithCancellation|285_0(AwaitableSocketAsyncEventArgs saea, ValueTask connectTask, CancellationToken cancellationToken)
   at Grpc.Net.Client.Balancer.Internal.SocketConnectivitySubchannelTransport.TryConnectAsync(CancellationToken cancellationToken)")
   at Grpc.Net.Client.Balancer.Internal.ConnectionManager.PickAsync(PickContext context, Boolean waitForReady, CancellationToken cancellationToken)
   at Grpc.Net.Client.Balancer.Internal.BalancerHttpHandler.SendAsync(HttpRequestMessage request, CancellationToken cancellationToken)
   at Grpc.Net.Client.Internal.GrpcCall`2.RunCall(HttpRequestMessage request, Nullable`1 timeout)
   at SkyApm.Transport.Grpc.V8.ServiceRegister.<>c__DisplayClass9_0.<<ReportInstancePropertiesAsync>b__0>d.MoveNext()
--- End of stack trace from previous location ---
   at SkyApm.Transport.Grpc.Common.Call.Execute[T](Func`1 task, Func`1 errCallback, Func`1 errMessage)
2025-10-28 17:14:06.604 +08:00 [docker-arsidentityserver0421001] [Warning] SkyApm.Transport.Grpc.ConnectionManager : Connection state changed. Status(StatusCode="Unavailable", Detail="Error connecting to subchannel.", DebugException="System.Net.Sockets.SocketException (10061): 由于目标计算机积极拒绝，无法连接。
   at System.Net.Sockets.Socket.AwaitableSocketAsyncEventArgs.System.Threading.Tasks.Sources.IValueTaskSource.GetResult(Int16 token)
   at System.Net.Sockets.Socket.<ConnectAsync>g__WaitForConnectWithCancellation|285_0(AwaitableSocketAsyncEventArgs saea, ValueTask connectTask, CancellationToken cancellationToken)
   at Grpc.Net.Client.Balancer.Internal.SocketConnectivitySubchannelTransport.TryConnectAsync(CancellationToken cancellationToken)")
2025-10-28 17:14:06.604 +08:00 [docker-arsidentityserver0421001] [Warning] SkyApm.Transport.Grpc.ConnectionManager : Connection state changed. Status(StatusCode="Unavailable", Detail="Error connecting to subchannel.", DebugException="System.Net.Sockets.SocketException (10061): 由于目标计算机积极拒绝，无法连接。
   at System.Net.Sockets.Socket.AwaitableSocketAsyncEventArgs.System.Threading.Tasks.Sources.IValueTaskSource.GetResult(Int16 token)
   at System.Net.Sockets.Socket.<ConnectAsync>g__WaitForConnectWithCancellation|285_0(AwaitableSocketAsyncEventArgs saea, ValueTask connectTask, CancellationToken cancellationToken)
   at Grpc.Net.Client.Balancer.Internal.SocketConnectivitySubchannelTransport.TryConnectAsync(CancellationToken cancellationToken)")
2025-10-28 17:14:06.604 +08:00 [docker-arsidentityserver0421001] [Warning] SkyApm.Transport.Grpc.ConnectionManager : Connection state changed. Status(StatusCode="Unavailable", Detail="Error connecting to subchannel.", DebugException="System.Net.Sockets.SocketException (10061): 由于目标计算机积极拒绝，无法连接。
   at System.Net.Sockets.Socket.AwaitableSocketAsyncEventArgs.System.Threading.Tasks.Sources.IValueTaskSource.GetResult(Int16 token)
   at System.Net.Sockets.Socket.<ConnectAsync>g__WaitForConnectWithCancellation|285_0(AwaitableSocketAsyncEventArgs saea, ValueTask connectTask, CancellationToken cancellationToken)
   at Grpc.Net.Client.Balancer.Internal.SocketConnectivitySubchannelTransport.TryConnectAsync(CancellationToken cancellationToken)")
2025-10-28 17:14:33.206 +08:00 [docker-arsidentityserver0421001] [Information] SkyApm.Transport.Grpc.ConnectionManager : Shutdown connection[172.20.64.1:11800].
2025-10-28 17:14:33.208 +08:00 [docker-arsidentityserver0421001] [Information] SkyApm.Transport.Grpc.ConnectionManager : Connected server[172.20.64.1:11800].
2025-10-28 17:14:46.998 +08:00 [docker-arsidentityserver0421001] [Error] SkyApm.Transport.Grpc.V8.ServiceRegister : Report service instance properties fail.
Grpc.Core.RpcException: Status(StatusCode="Unavailable", Detail="Error connecting to subchannel.", DebugException="System.Net.Sockets.SocketException (10061): 由于目标计算机积极拒绝，无法连接。
   at System.Net.Sockets.Socket.AwaitableSocketAsyncEventArgs.System.Threading.Tasks.Sources.IValueTaskSource.GetResult(Int16 token)
   at System.Net.Sockets.Socket.<ConnectAsync>g__WaitForConnectWithCancellation|285_0(AwaitableSocketAsyncEventArgs saea, ValueTask connectTask, CancellationToken cancellationToken)
   at Grpc.Net.Client.Balancer.Internal.SocketConnectivitySubchannelTransport.TryConnectAsync(CancellationToken cancellationToken)")
   at Grpc.Net.Client.Balancer.Internal.ConnectionManager.PickAsync(PickContext context, Boolean waitForReady, CancellationToken cancellationToken)
   at Grpc.Net.Client.Balancer.Internal.BalancerHttpHandler.SendAsync(HttpRequestMessage request, CancellationToken cancellationToken)
   at Grpc.Net.Client.Internal.GrpcCall`2.RunCall(HttpRequestMessage request, Nullable`1 timeout)
   at SkyApm.Transport.Grpc.V8.ServiceRegister.<>c__DisplayClass9_0.<<ReportInstancePropertiesAsync>b__0>d.MoveNext()
--- End of stack trace from previous location ---
   at SkyApm.Transport.Grpc.Common.Call.Execute[T](Func`1 task, Func`1 errCallback, Func`1 errMessage)
2025-10-28 17:14:46.998 +08:00 [docker-arsidentityserver0421001] [Warning] SkyApm.Transport.Grpc.ConnectionManager : Connection state changed. Status(StatusCode="Unavailable", Detail="Error connecting to subchannel.", DebugException="System.Net.Sockets.SocketException (10061): 由于目标计算机积极拒绝，无法连接。
   at System.Net.Sockets.Socket.AwaitableSocketAsyncEventArgs.System.Threading.Tasks.Sources.IValueTaskSource.GetResult(Int16 token)
   at System.Net.Sockets.Socket.<ConnectAsync>g__WaitForConnectWithCancellation|285_0(AwaitableSocketAsyncEventArgs saea, ValueTask connectTask, CancellationToken cancellationToken)
   at Grpc.Net.Client.Balancer.Internal.SocketConnectivitySubchannelTransport.TryConnectAsync(CancellationToken cancellationToken)")
2025-10-28 17:14:49.483 +08:00 [docker-arsidentityserver0421001] [Information] SkyApm.Transport.Grpc.ConnectionManager : Shutdown connection[172.20.64.1:11800].
2025-10-28 17:14:49.484 +08:00 [docker-arsidentityserver0421001] [Information] SkyApm.Transport.Grpc.ConnectionManager : Connected server[172.20.64.1:11800].
2025-10-28 17:15:05.852 +08:00 [docker-arsidentityserver0421001] [Error] SkyApm.Transport.Grpc.V8.ServiceRegister : Report service instance properties fail.
Grpc.Core.RpcException: Status(StatusCode="Unavailable", Detail="Error connecting to subchannel.", DebugException="System.Net.Sockets.SocketException (10061): 由于目标计算机积极拒绝，无法连接。
   at System.Net.Sockets.Socket.AwaitableSocketAsyncEventArgs.System.Threading.Tasks.Sources.IValueTaskSource.GetResult(Int16 token)
   at System.Net.Sockets.Socket.<ConnectAsync>g__WaitForConnectWithCancellation|285_0(AwaitableSocketAsyncEventArgs saea, ValueTask connectTask, CancellationToken cancellationToken)
   at Grpc.Net.Client.Balancer.Internal.SocketConnectivitySubchannelTransport.TryConnectAsync(CancellationToken cancellationToken)")
   at Grpc.Net.Client.Balancer.Internal.ConnectionManager.PickAsync(PickContext context, Boolean waitForReady, CancellationToken cancellationToken)
   at Grpc.Net.Client.Balancer.Internal.BalancerHttpHandler.SendAsync(HttpRequestMessage request, CancellationToken cancellationToken)
   at Grpc.Net.Client.Internal.GrpcCall`2.RunCall(HttpRequestMessage request, Nullable`1 timeout)
   at SkyApm.Transport.Grpc.V8.ServiceRegister.<>c__DisplayClass9_0.<<ReportInstancePropertiesAsync>b__0>d.MoveNext()
--- End of stack trace from previous location ---
   at SkyApm.Transport.Grpc.Common.Call.Execute[T](Func`1 task, Func`1 errCallback, Func`1 errMessage)
2025-10-28 17:15:05.852 +08:00 [docker-arsidentityserver0421001] [Warning] SkyApm.Transport.Grpc.ConnectionManager : Connection state changed. Status(StatusCode="Unavailable", Detail="Error connecting to subchannel.", DebugException="System.Net.Sockets.SocketException (10061): 由于目标计算机积极拒绝，无法连接。
   at System.Net.Sockets.Socket.AwaitableSocketAsyncEventArgs.System.Threading.Tasks.Sources.IValueTaskSource.GetResult(Int16 token)
   at System.Net.Sockets.Socket.<ConnectAsync>g__WaitForConnectWithCancellation|285_0(AwaitableSocketAsyncEventArgs saea, ValueTask connectTask, CancellationToken cancellationToken)
   at Grpc.Net.Client.Balancer.Internal.SocketConnectivitySubchannelTransport.TryConnectAsync(CancellationToken cancellationToken)")
2025-10-28 17:15:19.480 +08:00 [docker-arsidentityserver0421001] [Information] SkyApm.Transport.Grpc.ConnectionManager : Shutdown connection[172.20.64.1:11800].
2025-10-28 17:15:19.481 +08:00 [docker-arsidentityserver0421001] [Information] SkyApm.Transport.Grpc.ConnectionManager : Connected server[172.20.64.1:11800].
2025-10-28 17:15:35.844 +08:00 [docker-arsidentityserver0421001] [Error] SkyApm.Transport.Grpc.V8.ServiceRegister : Report service instance properties fail.
Grpc.Core.RpcException: Status(StatusCode="Unavailable", Detail="Error connecting to subchannel.", DebugException="System.Net.Sockets.SocketException (10061): 由于目标计算机积极拒绝，无法连接。
   at System.Net.Sockets.Socket.AwaitableSocketAsyncEventArgs.System.Threading.Tasks.Sources.IValueTaskSource.GetResult(Int16 token)
   at System.Net.Sockets.Socket.<ConnectAsync>g__WaitForConnectWithCancellation|285_0(AwaitableSocketAsyncEventArgs saea, ValueTask connectTask, CancellationToken cancellationToken)
   at Grpc.Net.Client.Balancer.Internal.SocketConnectivitySubchannelTransport.TryConnectAsync(CancellationToken cancellationToken)")
   at Grpc.Net.Client.Balancer.Internal.ConnectionManager.PickAsync(PickContext context, Boolean waitForReady, CancellationToken cancellationToken)
   at Grpc.Net.Client.Balancer.Internal.BalancerHttpHandler.SendAsync(HttpRequestMessage request, CancellationToken cancellationToken)
   at Grpc.Net.Client.Internal.GrpcCall`2.RunCall(HttpRequestMessage request, Nullable`1 timeout)
   at SkyApm.Transport.Grpc.V8.ServiceRegister.<>c__DisplayClass9_0.<<ReportInstancePropertiesAsync>b__0>d.MoveNext()
--- End of stack trace from previous location ---
   at SkyApm.Transport.Grpc.Common.Call.Execute[T](Func`1 task, Func`1 errCallback, Func`1 errMessage)
2025-10-28 17:15:35.844 +08:00 [docker-arsidentityserver0421001] [Warning] SkyApm.Transport.Grpc.ConnectionManager : Connection state changed. Status(StatusCode="Unavailable", Detail="Error connecting to subchannel.", DebugException="System.Net.Sockets.SocketException (10061): 由于目标计算机积极拒绝，无法连接。
   at System.Net.Sockets.Socket.AwaitableSocketAsyncEventArgs.System.Threading.Tasks.Sources.IValueTaskSource.GetResult(Int16 token)
   at System.Net.Sockets.Socket.<ConnectAsync>g__WaitForConnectWithCancellation|285_0(AwaitableSocketAsyncEventArgs saea, ValueTask connectTask, CancellationToken cancellationToken)
   at Grpc.Net.Client.Balancer.Internal.SocketConnectivitySubchannelTransport.TryConnectAsync(CancellationToken cancellationToken)")
2025-10-28 17:15:49.487 +08:00 [docker-arsidentityserver0421001] [Information] SkyApm.Transport.Grpc.ConnectionManager : Shutdown connection[172.20.64.1:11800].
2025-10-28 17:15:49.487 +08:00 [docker-arsidentityserver0421001] [Information] SkyApm.Transport.Grpc.ConnectionManager : Connected server[172.20.64.1:11800].
2025-10-28 17:16:05.856 +08:00 [docker-arsidentityserver0421001] [Error] SkyApm.Transport.Grpc.V8.ServiceRegister : Report service instance properties fail.
Grpc.Core.RpcException: Status(StatusCode="Unavailable", Detail="Error connecting to subchannel.", DebugException="System.Net.Sockets.SocketException (10061): 由于目标计算机积极拒绝，无法连接。
   at System.Net.Sockets.Socket.AwaitableSocketAsyncEventArgs.System.Threading.Tasks.Sources.IValueTaskSource.GetResult(Int16 token)
   at System.Net.Sockets.Socket.<ConnectAsync>g__WaitForConnectWithCancellation|285_0(AwaitableSocketAsyncEventArgs saea, ValueTask connectTask, CancellationToken cancellationToken)
   at Grpc.Net.Client.Balancer.Internal.SocketConnectivitySubchannelTransport.TryConnectAsync(CancellationToken cancellationToken)")
   at Grpc.Net.Client.Balancer.Internal.ConnectionManager.PickAsync(PickContext context, Boolean waitForReady, CancellationToken cancellationToken)
   at Grpc.Net.Client.Balancer.Internal.BalancerHttpHandler.SendAsync(HttpRequestMessage request, CancellationToken cancellationToken)
   at Grpc.Net.Client.Internal.GrpcCall`2.RunCall(HttpRequestMessage request, Nullable`1 timeout)
   at SkyApm.Transport.Grpc.V8.ServiceRegister.<>c__DisplayClass9_0.<<ReportInstancePropertiesAsync>b__0>d.MoveNext()
--- End of stack trace from previous location ---
   at SkyApm.Transport.Grpc.Common.Call.Execute[T](Func`1 task, Func`1 errCallback, Func`1 errMessage)
2025-10-28 17:16:05.856 +08:00 [docker-arsidentityserver0421001] [Warning] SkyApm.Transport.Grpc.ConnectionManager : Connection state changed. Status(StatusCode="Unavailable", Detail="Error connecting to subchannel.", DebugException="System.Net.Sockets.SocketException (10061): 由于目标计算机积极拒绝，无法连接。
   at System.Net.Sockets.Socket.AwaitableSocketAsyncEventArgs.System.Threading.Tasks.Sources.IValueTaskSource.GetResult(Int16 token)
   at System.Net.Sockets.Socket.<ConnectAsync>g__WaitForConnectWithCancellation|285_0(AwaitableSocketAsyncEventArgs saea, ValueTask connectTask, CancellationToken cancellationToken)
   at Grpc.Net.Client.Balancer.Internal.SocketConnectivitySubchannelTransport.TryConnectAsync(CancellationToken cancellationToken)")
2025-10-28 17:16:19.476 +08:00 [docker-arsidentityserver0421001] [Information] SkyApm.Transport.Grpc.ConnectionManager : Shutdown connection[172.20.64.1:11800].
2025-10-28 17:16:19.476 +08:00 [docker-arsidentityserver0421001] [Information] SkyApm.Transport.Grpc.ConnectionManager : Connected server[172.20.64.1:11800].
2025-10-28 17:16:35.857 +08:00 [docker-arsidentityserver0421001] [Error] SkyApm.Transport.Grpc.V8.ServiceRegister : Report service instance properties fail.
Grpc.Core.RpcException: Status(StatusCode="Unavailable", Detail="Error connecting to subchannel.", DebugException="System.Net.Sockets.SocketException (10061): 由于目标计算机积极拒绝，无法连接。
   at System.Net.Sockets.Socket.AwaitableSocketAsyncEventArgs.System.Threading.Tasks.Sources.IValueTaskSource.GetResult(Int16 token)
   at System.Net.Sockets.Socket.<ConnectAsync>g__WaitForConnectWithCancellation|285_0(AwaitableSocketAsyncEventArgs saea, ValueTask connectTask, CancellationToken cancellationToken)
   at Grpc.Net.Client.Balancer.Internal.SocketConnectivitySubchannelTransport.TryConnectAsync(CancellationToken cancellationToken)")
   at Grpc.Net.Client.Balancer.Internal.ConnectionManager.PickAsync(PickContext context, Boolean waitForReady, CancellationToken cancellationToken)
   at Grpc.Net.Client.Balancer.Internal.BalancerHttpHandler.SendAsync(HttpRequestMessage request, CancellationToken cancellationToken)
   at Grpc.Net.Client.Internal.GrpcCall`2.RunCall(HttpRequestMessage request, Nullable`1 timeout)
   at SkyApm.Transport.Grpc.V8.ServiceRegister.<>c__DisplayClass9_0.<<ReportInstancePropertiesAsync>b__0>d.MoveNext()
--- End of stack trace from previous location ---
   at SkyApm.Transport.Grpc.Common.Call.Execute[T](Func`1 task, Func`1 errCallback, Func`1 errMessage)
2025-10-28 17:16:35.857 +08:00 [docker-arsidentityserver0421001] [Warning] SkyApm.Transport.Grpc.ConnectionManager : Connection state changed. Status(StatusCode="Unavailable", Detail="Error connecting to subchannel.", DebugException="System.Net.Sockets.SocketException (10061): 由于目标计算机积极拒绝，无法连接。
   at System.Net.Sockets.Socket.AwaitableSocketAsyncEventArgs.System.Threading.Tasks.Sources.IValueTaskSource.GetResult(Int16 token)
   at System.Net.Sockets.Socket.<ConnectAsync>g__WaitForConnectWithCancellation|285_0(AwaitableSocketAsyncEventArgs saea, ValueTask connectTask, CancellationToken cancellationToken)
   at Grpc.Net.Client.Balancer.Internal.SocketConnectivitySubchannelTransport.TryConnectAsync(CancellationToken cancellationToken)")
2025-10-28 17:16:50.653 +08:00 [docker-arsidentityserver0421001] [Information] SkyApm.Transport.Grpc.ConnectionManager : Shutdown connection[172.20.64.1:11800].
2025-10-28 17:16:50.653 +08:00 [docker-arsidentityserver0421001] [Information] SkyApm.Transport.Grpc.ConnectionManager : Connected server[172.20.64.1:11800].
2025-10-28 17:17:05.863 +08:00 [docker-arsidentityserver0421001] [Error] SkyApm.Transport.Grpc.V8.ServiceRegister : Report service instance properties fail.
Grpc.Core.RpcException: Status(StatusCode="Unavailable", Detail="Error connecting to subchannel.", DebugException="System.Net.Sockets.SocketException (10061): 由于目标计算机积极拒绝，无法连接。
   at System.Net.Sockets.Socket.AwaitableSocketAsyncEventArgs.System.Threading.Tasks.Sources.IValueTaskSource.GetResult(Int16 token)
   at System.Net.Sockets.Socket.<ConnectAsync>g__WaitForConnectWithCancellation|285_0(AwaitableSocketAsyncEventArgs saea, ValueTask connectTask, CancellationToken cancellationToken)
   at Grpc.Net.Client.Balancer.Internal.SocketConnectivitySubchannelTransport.TryConnectAsync(CancellationToken cancellationToken)")
   at Grpc.Net.Client.Balancer.Internal.ConnectionManager.PickAsync(PickContext context, Boolean waitForReady, CancellationToken cancellationToken)
   at Grpc.Net.Client.Balancer.Internal.BalancerHttpHandler.SendAsync(HttpRequestMessage request, CancellationToken cancellationToken)
   at Grpc.Net.Client.Internal.GrpcCall`2.RunCall(HttpRequestMessage request, Nullable`1 timeout)
   at SkyApm.Transport.Grpc.V8.ServiceRegister.<>c__DisplayClass9_0.<<ReportInstancePropertiesAsync>b__0>d.MoveNext()
--- End of stack trace from previous location ---
   at SkyApm.Transport.Grpc.Common.Call.Execute[T](Func`1 task, Func`1 errCallback, Func`1 errMessage)
2025-10-28 17:17:05.863 +08:00 [docker-arsidentityserver0421001] [Warning] SkyApm.Transport.Grpc.ConnectionManager : Connection state changed. Status(StatusCode="Unavailable", Detail="Error connecting to subchannel.", DebugException="System.Net.Sockets.SocketException (10061): 由于目标计算机积极拒绝，无法连接。
   at System.Net.Sockets.Socket.AwaitableSocketAsyncEventArgs.System.Threading.Tasks.Sources.IValueTaskSource.GetResult(Int16 token)
   at System.Net.Sockets.Socket.<ConnectAsync>g__WaitForConnectWithCancellation|285_0(AwaitableSocketAsyncEventArgs saea, ValueTask connectTask, CancellationToken cancellationToken)
   at Grpc.Net.Client.Balancer.Internal.SocketConnectivitySubchannelTransport.TryConnectAsync(CancellationToken cancellationToken)")
2025-10-28 17:17:19.489 +08:00 [docker-arsidentityserver0421001] [Information] SkyApm.Transport.Grpc.ConnectionManager : Shutdown connection[172.20.64.1:11800].
2025-10-28 17:17:19.489 +08:00 [docker-arsidentityserver0421001] [Information] SkyApm.Transport.Grpc.ConnectionManager : Connected server[172.20.64.1:11800].
2025-10-28 17:17:35.861 +08:00 [docker-arsidentityserver0421001] [Error] SkyApm.Transport.Grpc.V8.ServiceRegister : Report service instance properties fail.
Grpc.Core.RpcException: Status(StatusCode="Unavailable", Detail="Error connecting to subchannel.", DebugException="System.Net.Sockets.SocketException (10061): 由于目标计算机积极拒绝，无法连接。
   at System.Net.Sockets.Socket.AwaitableSocketAsyncEventArgs.System.Threading.Tasks.Sources.IValueTaskSource.GetResult(Int16 token)
   at System.Net.Sockets.Socket.<ConnectAsync>g__WaitForConnectWithCancellation|285_0(AwaitableSocketAsyncEventArgs saea, ValueTask connectTask, CancellationToken cancellationToken)
   at Grpc.Net.Client.Balancer.Internal.SocketConnectivitySubchannelTransport.TryConnectAsync(CancellationToken cancellationToken)")
   at Grpc.Net.Client.Balancer.Internal.ConnectionManager.PickAsync(PickContext context, Boolean waitForReady, CancellationToken cancellationToken)
   at Grpc.Net.Client.Balancer.Internal.BalancerHttpHandler.SendAsync(HttpRequestMessage request, CancellationToken cancellationToken)
   at Grpc.Net.Client.Internal.GrpcCall`2.RunCall(HttpRequestMessage request, Nullable`1 timeout)
   at SkyApm.Transport.Grpc.V8.ServiceRegister.<>c__DisplayClass9_0.<<ReportInstancePropertiesAsync>b__0>d.MoveNext()
--- End of stack trace from previous location ---
   at SkyApm.Transport.Grpc.Common.Call.Execute[T](Func`1 task, Func`1 errCallback, Func`1 errMessage)
2025-10-28 17:17:35.861 +08:00 [docker-arsidentityserver0421001] [Warning] SkyApm.Transport.Grpc.ConnectionManager : Connection state changed. Status(StatusCode="Unavailable", Detail="Error connecting to subchannel.", DebugException="System.Net.Sockets.SocketException (10061): 由于目标计算机积极拒绝，无法连接。
   at System.Net.Sockets.Socket.AwaitableSocketAsyncEventArgs.System.Threading.Tasks.Sources.IValueTaskSource.GetResult(Int16 token)
   at System.Net.Sockets.Socket.<ConnectAsync>g__WaitForConnectWithCancellation|285_0(AwaitableSocketAsyncEventArgs saea, ValueTask connectTask, CancellationToken cancellationToken)
   at Grpc.Net.Client.Balancer.Internal.SocketConnectivitySubchannelTransport.TryConnectAsync(CancellationToken cancellationToken)")
2025-10-28 17:17:49.480 +08:00 [docker-arsidentityserver0421001] [Information] SkyApm.Transport.Grpc.ConnectionManager : Shutdown connection[172.20.64.1:11800].
2025-10-28 17:17:49.480 +08:00 [docker-arsidentityserver0421001] [Information] SkyApm.Transport.Grpc.ConnectionManager : Connected server[172.20.64.1:11800].
2025-10-28 17:18:05.858 +08:00 [docker-arsidentityserver0421001] [Error] SkyApm.Transport.Grpc.V8.ServiceRegister : Report service instance properties fail.
Grpc.Core.RpcException: Status(StatusCode="Unavailable", Detail="Error connecting to subchannel.", DebugException="System.Net.Sockets.SocketException (10061): 由于目标计算机积极拒绝，无法连接。
   at System.Net.Sockets.Socket.AwaitableSocketAsyncEventArgs.System.Threading.Tasks.Sources.IValueTaskSource.GetResult(Int16 token)
   at System.Net.Sockets.Socket.<ConnectAsync>g__WaitForConnectWithCancellation|285_0(AwaitableSocketAsyncEventArgs saea, ValueTask connectTask, CancellationToken cancellationToken)
   at Grpc.Net.Client.Balancer.Internal.SocketConnectivitySubchannelTransport.TryConnectAsync(CancellationToken cancellationToken)")
   at Grpc.Net.Client.Balancer.Internal.ConnectionManager.PickAsync(PickContext context, Boolean waitForReady, CancellationToken cancellationToken)
   at Grpc.Net.Client.Balancer.Internal.BalancerHttpHandler.SendAsync(HttpRequestMessage request, CancellationToken cancellationToken)
   at Grpc.Net.Client.Internal.GrpcCall`2.RunCall(HttpRequestMessage request, Nullable`1 timeout)
   at SkyApm.Transport.Grpc.V8.ServiceRegister.<>c__DisplayClass9_0.<<ReportInstancePropertiesAsync>b__0>d.MoveNext()
--- End of stack trace from previous location ---
   at SkyApm.Transport.Grpc.Common.Call.Execute[T](Func`1 task, Func`1 errCallback, Func`1 errMessage)
2025-10-28 17:18:05.858 +08:00 [docker-arsidentityserver0421001] [Warning] SkyApm.Transport.Grpc.ConnectionManager : Connection state changed. Status(StatusCode="Unavailable", Detail="Error connecting to subchannel.", DebugException="System.Net.Sockets.SocketException (10061): 由于目标计算机积极拒绝，无法连接。
   at System.Net.Sockets.Socket.AwaitableSocketAsyncEventArgs.System.Threading.Tasks.Sources.IValueTaskSource.GetResult(Int16 token)
   at System.Net.Sockets.Socket.<ConnectAsync>g__WaitForConnectWithCancellation|285_0(AwaitableSocketAsyncEventArgs saea, ValueTask connectTask, CancellationToken cancellationToken)
   at Grpc.Net.Client.Balancer.Internal.SocketConnectivitySubchannelTransport.TryConnectAsync(CancellationToken cancellationToken)")
2025-10-28 17:18:19.489 +08:00 [docker-arsidentityserver0421001] [Information] SkyApm.Transport.Grpc.ConnectionManager : Shutdown connection[172.20.64.1:11800].
2025-10-28 17:18:19.489 +08:00 [docker-arsidentityserver0421001] [Information] SkyApm.Transport.Grpc.ConnectionManager : Connected server[172.20.64.1:11800].
2025-10-28 17:18:35.847 +08:00 [docker-arsidentityserver0421001] [Error] SkyApm.Transport.Grpc.V8.ServiceRegister : Report service instance properties fail.
Grpc.Core.RpcException: Status(StatusCode="Unavailable", Detail="Error connecting to subchannel.", DebugException="System.Net.Sockets.SocketException (10061): 由于目标计算机积极拒绝，无法连接。
   at System.Net.Sockets.Socket.AwaitableSocketAsyncEventArgs.System.Threading.Tasks.Sources.IValueTaskSource.GetResult(Int16 token)
   at System.Net.Sockets.Socket.<ConnectAsync>g__WaitForConnectWithCancellation|285_0(AwaitableSocketAsyncEventArgs saea, ValueTask connectTask, CancellationToken cancellationToken)
   at Grpc.Net.Client.Balancer.Internal.SocketConnectivitySubchannelTransport.TryConnectAsync(CancellationToken cancellationToken)")
   at Grpc.Net.Client.Balancer.Internal.ConnectionManager.PickAsync(PickContext context, Boolean waitForReady, CancellationToken cancellationToken)
   at Grpc.Net.Client.Balancer.Internal.BalancerHttpHandler.SendAsync(HttpRequestMessage request, CancellationToken cancellationToken)
   at Grpc.Net.Client.Internal.GrpcCall`2.RunCall(HttpRequestMessage request, Nullable`1 timeout)
   at SkyApm.Transport.Grpc.V8.ServiceRegister.<>c__DisplayClass9_0.<<ReportInstancePropertiesAsync>b__0>d.MoveNext()
--- End of stack trace from previous location ---
   at SkyApm.Transport.Grpc.Common.Call.Execute[T](Func`1 task, Func`1 errCallback, Func`1 errMessage)
2025-10-28 17:18:35.847 +08:00 [docker-arsidentityserver0421001] [Warning] SkyApm.Transport.Grpc.ConnectionManager : Connection state changed. Status(StatusCode="Unavailable", Detail="Error connecting to subchannel.", DebugException="System.Net.Sockets.SocketException (10061): 由于目标计算机积极拒绝，无法连接。
   at System.Net.Sockets.Socket.AwaitableSocketAsyncEventArgs.System.Threading.Tasks.Sources.IValueTaskSource.GetResult(Int16 token)
   at System.Net.Sockets.Socket.<ConnectAsync>g__WaitForConnectWithCancellation|285_0(AwaitableSocketAsyncEventArgs saea, ValueTask connectTask, CancellationToken cancellationToken)
   at Grpc.Net.Client.Balancer.Internal.SocketConnectivitySubchannelTransport.TryConnectAsync(CancellationToken cancellationToken)")
2025-10-28 17:18:49.489 +08:00 [docker-arsidentityserver0421001] [Information] SkyApm.Transport.Grpc.ConnectionManager : Shutdown connection[172.20.64.1:11800].
2025-10-28 17:18:49.489 +08:00 [docker-arsidentityserver0421001] [Information] SkyApm.Transport.Grpc.ConnectionManager : Connected server[172.20.64.1:11800].
2025-10-28 17:19:05.841 +08:00 [docker-arsidentityserver0421001] [Error] SkyApm.Transport.Grpc.V8.ServiceRegister : Report service instance properties fail.
Grpc.Core.RpcException: Status(StatusCode="Unavailable", Detail="Error connecting to subchannel.", DebugException="System.Net.Sockets.SocketException (10061): 由于目标计算机积极拒绝，无法连接。
   at System.Net.Sockets.Socket.AwaitableSocketAsyncEventArgs.System.Threading.Tasks.Sources.IValueTaskSource.GetResult(Int16 token)
   at System.Net.Sockets.Socket.<ConnectAsync>g__WaitForConnectWithCancellation|285_0(AwaitableSocketAsyncEventArgs saea, ValueTask connectTask, CancellationToken cancellationToken)
   at Grpc.Net.Client.Balancer.Internal.SocketConnectivitySubchannelTransport.TryConnectAsync(CancellationToken cancellationToken)")
   at Grpc.Net.Client.Balancer.Internal.ConnectionManager.PickAsync(PickContext context, Boolean waitForReady, CancellationToken cancellationToken)
   at Grpc.Net.Client.Balancer.Internal.BalancerHttpHandler.SendAsync(HttpRequestMessage request, CancellationToken cancellationToken)
   at Grpc.Net.Client.Internal.GrpcCall`2.RunCall(HttpRequestMessage request, Nullable`1 timeout)
   at SkyApm.Transport.Grpc.V8.ServiceRegister.<>c__DisplayClass9_0.<<ReportInstancePropertiesAsync>b__0>d.MoveNext()
--- End of stack trace from previous location ---
   at SkyApm.Transport.Grpc.Common.Call.Execute[T](Func`1 task, Func`1 errCallback, Func`1 errMessage)
2025-10-28 17:19:05.841 +08:00 [docker-arsidentityserver0421001] [Warning] SkyApm.Transport.Grpc.ConnectionManager : Connection state changed. Status(StatusCode="Unavailable", Detail="Error connecting to subchannel.", DebugException="System.Net.Sockets.SocketException (10061): 由于目标计算机积极拒绝，无法连接。
   at System.Net.Sockets.Socket.AwaitableSocketAsyncEventArgs.System.Threading.Tasks.Sources.IValueTaskSource.GetResult(Int16 token)
   at System.Net.Sockets.Socket.<ConnectAsync>g__WaitForConnectWithCancellation|285_0(AwaitableSocketAsyncEventArgs saea, ValueTask connectTask, CancellationToken cancellationToken)
   at Grpc.Net.Client.Balancer.Internal.SocketConnectivitySubchannelTransport.TryConnectAsync(CancellationToken cancellationToken)")
2025-10-28 17:19:19.479 +08:00 [docker-arsidentityserver0421001] [Information] SkyApm.Transport.Grpc.ConnectionManager : Shutdown connection[172.20.64.1:11800].
2025-10-28 17:19:19.480 +08:00 [docker-arsidentityserver0421001] [Information] SkyApm.Transport.Grpc.ConnectionManager : Connected server[172.20.64.1:11800].
2025-10-28 17:19:35.838 +08:00 [docker-arsidentityserver0421001] [Error] SkyApm.Transport.Grpc.V8.ServiceRegister : Report service instance properties fail.
Grpc.Core.RpcException: Status(StatusCode="Unavailable", Detail="Error connecting to subchannel.", DebugException="System.Net.Sockets.SocketException (10061): 由于目标计算机积极拒绝，无法连接。
   at System.Net.Sockets.Socket.AwaitableSocketAsyncEventArgs.System.Threading.Tasks.Sources.IValueTaskSource.GetResult(Int16 token)
   at System.Net.Sockets.Socket.<ConnectAsync>g__WaitForConnectWithCancellation|285_0(AwaitableSocketAsyncEventArgs saea, ValueTask connectTask, CancellationToken cancellationToken)
   at Grpc.Net.Client.Balancer.Internal.SocketConnectivitySubchannelTransport.TryConnectAsync(CancellationToken cancellationToken)")
   at Grpc.Net.Client.Balancer.Internal.ConnectionManager.PickAsync(PickContext context, Boolean waitForReady, CancellationToken cancellationToken)
   at Grpc.Net.Client.Balancer.Internal.BalancerHttpHandler.SendAsync(HttpRequestMessage request, CancellationToken cancellationToken)
   at Grpc.Net.Client.Internal.GrpcCall`2.RunCall(HttpRequestMessage request, Nullable`1 timeout)
   at SkyApm.Transport.Grpc.V8.ServiceRegister.<>c__DisplayClass9_0.<<ReportInstancePropertiesAsync>b__0>d.MoveNext()
--- End of stack trace from previous location ---
   at SkyApm.Transport.Grpc.Common.Call.Execute[T](Func`1 task, Func`1 errCallback, Func`1 errMessage)
2025-10-28 17:19:35.838 +08:00 [docker-arsidentityserver0421001] [Warning] SkyApm.Transport.Grpc.ConnectionManager : Connection state changed. Status(StatusCode="Unavailable", Detail="Error connecting to subchannel.", DebugException="System.Net.Sockets.SocketException (10061): 由于目标计算机积极拒绝，无法连接。
   at System.Net.Sockets.Socket.AwaitableSocketAsyncEventArgs.System.Threading.Tasks.Sources.IValueTaskSource.GetResult(Int16 token)
   at System.Net.Sockets.Socket.<ConnectAsync>g__WaitForConnectWithCancellation|285_0(AwaitableSocketAsyncEventArgs saea, ValueTask connectTask, CancellationToken cancellationToken)
   at Grpc.Net.Client.Balancer.Internal.SocketConnectivitySubchannelTransport.TryConnectAsync(CancellationToken cancellationToken)")
2025-10-28 17:19:49.485 +08:00 [docker-arsidentityserver0421001] [Information] SkyApm.Transport.Grpc.ConnectionManager : Shutdown connection[172.20.64.1:11800].
2025-10-28 17:19:49.485 +08:00 [docker-arsidentityserver0421001] [Information] SkyApm.Transport.Grpc.ConnectionManager : Connected server[172.20.64.1:11800].
2025-10-28 17:20:05.860 +08:00 [docker-arsidentityserver0421001] [Error] SkyApm.Transport.Grpc.V8.ServiceRegister : Report service instance properties fail.
Grpc.Core.RpcException: Status(StatusCode="Unavailable", Detail="Error connecting to subchannel.", DebugException="System.Net.Sockets.SocketException (10061): 由于目标计算机积极拒绝，无法连接。
   at System.Net.Sockets.Socket.AwaitableSocketAsyncEventArgs.System.Threading.Tasks.Sources.IValueTaskSource.GetResult(Int16 token)
   at System.Net.Sockets.Socket.<ConnectAsync>g__WaitForConnectWithCancellation|285_0(AwaitableSocketAsyncEventArgs saea, ValueTask connectTask, CancellationToken cancellationToken)
   at Grpc.Net.Client.Balancer.Internal.SocketConnectivitySubchannelTransport.TryConnectAsync(CancellationToken cancellationToken)")
   at Grpc.Net.Client.Balancer.Internal.ConnectionManager.PickAsync(PickContext context, Boolean waitForReady, CancellationToken cancellationToken)
   at Grpc.Net.Client.Balancer.Internal.BalancerHttpHandler.SendAsync(HttpRequestMessage request, CancellationToken cancellationToken)
   at Grpc.Net.Client.Internal.GrpcCall`2.RunCall(HttpRequestMessage request, Nullable`1 timeout)
   at SkyApm.Transport.Grpc.V8.ServiceRegister.<>c__DisplayClass9_0.<<ReportInstancePropertiesAsync>b__0>d.MoveNext()
--- End of stack trace from previous location ---
   at SkyApm.Transport.Grpc.Common.Call.Execute[T](Func`1 task, Func`1 errCallback, Func`1 errMessage)
2025-10-28 17:20:05.860 +08:00 [docker-arsidentityserver0421001] [Warning] SkyApm.Transport.Grpc.ConnectionManager : Connection state changed. Status(StatusCode="Unavailable", Detail="Error connecting to subchannel.", DebugException="System.Net.Sockets.SocketException (10061): 由于目标计算机积极拒绝，无法连接。
   at System.Net.Sockets.Socket.AwaitableSocketAsyncEventArgs.System.Threading.Tasks.Sources.IValueTaskSource.GetResult(Int16 token)
   at System.Net.Sockets.Socket.<ConnectAsync>g__WaitForConnectWithCancellation|285_0(AwaitableSocketAsyncEventArgs saea, ValueTask connectTask, CancellationToken cancellationToken)
   at Grpc.Net.Client.Balancer.Internal.SocketConnectivitySubchannelTransport.TryConnectAsync(CancellationToken cancellationToken)")
2025-10-28 17:20:19.477 +08:00 [docker-arsidentityserver0421001] [Information] SkyApm.Transport.Grpc.ConnectionManager : Shutdown connection[172.20.64.1:11800].
2025-10-28 17:20:19.477 +08:00 [docker-arsidentityserver0421001] [Information] SkyApm.Transport.Grpc.ConnectionManager : Connected server[172.20.64.1:11800].
2025-10-28 17:20:35.859 +08:00 [docker-arsidentityserver0421001] [Error] SkyApm.Transport.Grpc.V8.ServiceRegister : Report service instance properties fail.
Grpc.Core.RpcException: Status(StatusCode="Unavailable", Detail="Error connecting to subchannel.", DebugException="System.Net.Sockets.SocketException (10061): 由于目标计算机积极拒绝，无法连接。
   at System.Net.Sockets.Socket.AwaitableSocketAsyncEventArgs.System.Threading.Tasks.Sources.IValueTaskSource.GetResult(Int16 token)
   at System.Net.Sockets.Socket.<ConnectAsync>g__WaitForConnectWithCancellation|285_0(AwaitableSocketAsyncEventArgs saea, ValueTask connectTask, CancellationToken cancellationToken)
   at Grpc.Net.Client.Balancer.Internal.SocketConnectivitySubchannelTransport.TryConnectAsync(CancellationToken cancellationToken)")
   at Grpc.Net.Client.Balancer.Internal.ConnectionManager.PickAsync(PickContext context, Boolean waitForReady, CancellationToken cancellationToken)
   at Grpc.Net.Client.Balancer.Internal.BalancerHttpHandler.SendAsync(HttpRequestMessage request, CancellationToken cancellationToken)
   at Grpc.Net.Client.Internal.GrpcCall`2.RunCall(HttpRequestMessage request, Nullable`1 timeout)
   at SkyApm.Transport.Grpc.V8.ServiceRegister.<>c__DisplayClass9_0.<<ReportInstancePropertiesAsync>b__0>d.MoveNext()
--- End of stack trace from previous location ---
   at SkyApm.Transport.Grpc.Common.Call.Execute[T](Func`1 task, Func`1 errCallback, Func`1 errMessage)
2025-10-28 17:20:35.859 +08:00 [docker-arsidentityserver0421001] [Warning] SkyApm.Transport.Grpc.ConnectionManager : Connection state changed. Status(StatusCode="Unavailable", Detail="Error connecting to subchannel.", DebugException="System.Net.Sockets.SocketException (10061): 由于目标计算机积极拒绝，无法连接。
   at System.Net.Sockets.Socket.AwaitableSocketAsyncEventArgs.System.Threading.Tasks.Sources.IValueTaskSource.GetResult(Int16 token)
   at System.Net.Sockets.Socket.<ConnectAsync>g__WaitForConnectWithCancellation|285_0(AwaitableSocketAsyncEventArgs saea, ValueTask connectTask, CancellationToken cancellationToken)
   at Grpc.Net.Client.Balancer.Internal.SocketConnectivitySubchannelTransport.TryConnectAsync(CancellationToken cancellationToken)")
2025-10-28 17:20:49.483 +08:00 [docker-arsidentityserver0421001] [Information] SkyApm.Transport.Grpc.ConnectionManager : Shutdown connection[172.20.64.1:11800].
2025-10-28 17:20:49.483 +08:00 [docker-arsidentityserver0421001] [Information] SkyApm.Transport.Grpc.ConnectionManager : Connected server[172.20.64.1:11800].
2025-10-28 17:21:05.852 +08:00 [docker-arsidentityserver0421001] [Error] SkyApm.Transport.Grpc.V8.ServiceRegister : Report service instance properties fail.
Grpc.Core.RpcException: Status(StatusCode="Unavailable", Detail="Error connecting to subchannel.", DebugException="System.Net.Sockets.SocketException (10061): 由于目标计算机积极拒绝，无法连接。
   at System.Net.Sockets.Socket.AwaitableSocketAsyncEventArgs.System.Threading.Tasks.Sources.IValueTaskSource.GetResult(Int16 token)
   at System.Net.Sockets.Socket.<ConnectAsync>g__WaitForConnectWithCancellation|285_0(AwaitableSocketAsyncEventArgs saea, ValueTask connectTask, CancellationToken cancellationToken)
   at Grpc.Net.Client.Balancer.Internal.SocketConnectivitySubchannelTransport.TryConnectAsync(CancellationToken cancellationToken)")
   at Grpc.Net.Client.Balancer.Internal.ConnectionManager.PickAsync(PickContext context, Boolean waitForReady, CancellationToken cancellationToken)
   at Grpc.Net.Client.Balancer.Internal.BalancerHttpHandler.SendAsync(HttpRequestMessage request, CancellationToken cancellationToken)
   at Grpc.Net.Client.Internal.GrpcCall`2.RunCall(HttpRequestMessage request, Nullable`1 timeout)
   at SkyApm.Transport.Grpc.V8.ServiceRegister.<>c__DisplayClass9_0.<<ReportInstancePropertiesAsync>b__0>d.MoveNext()
--- End of stack trace from previous location ---
   at SkyApm.Transport.Grpc.Common.Call.Execute[T](Func`1 task, Func`1 errCallback, Func`1 errMessage)
2025-10-28 17:21:05.852 +08:00 [docker-arsidentityserver0421001] [Warning] SkyApm.Transport.Grpc.ConnectionManager : Connection state changed. Status(StatusCode="Unavailable", Detail="Error connecting to subchannel.", DebugException="System.Net.Sockets.SocketException (10061): 由于目标计算机积极拒绝，无法连接。
   at System.Net.Sockets.Socket.AwaitableSocketAsyncEventArgs.System.Threading.Tasks.Sources.IValueTaskSource.GetResult(Int16 token)
   at System.Net.Sockets.Socket.<ConnectAsync>g__WaitForConnectWithCancellation|285_0(AwaitableSocketAsyncEventArgs saea, ValueTask connectTask, CancellationToken cancellationToken)
   at Grpc.Net.Client.Balancer.Internal.SocketConnectivitySubchannelTransport.TryConnectAsync(CancellationToken cancellationToken)")
2025-10-28 17:21:19.480 +08:00 [docker-arsidentityserver0421001] [Information] SkyApm.Transport.Grpc.ConnectionManager : Shutdown connection[172.20.64.1:11800].
2025-10-28 17:21:19.481 +08:00 [docker-arsidentityserver0421001] [Information] SkyApm.Transport.Grpc.ConnectionManager : Connected server[172.20.64.1:11800].
2025-10-28 17:21:35.853 +08:00 [docker-arsidentityserver0421001] [Error] SkyApm.Transport.Grpc.V8.ServiceRegister : Report service instance properties fail.
Grpc.Core.RpcException: Status(StatusCode="Unavailable", Detail="Error connecting to subchannel.", DebugException="System.Net.Sockets.SocketException (10061): 由于目标计算机积极拒绝，无法连接。
   at System.Net.Sockets.Socket.AwaitableSocketAsyncEventArgs.System.Threading.Tasks.Sources.IValueTaskSource.GetResult(Int16 token)
   at System.Net.Sockets.Socket.<ConnectAsync>g__WaitForConnectWithCancellation|285_0(AwaitableSocketAsyncEventArgs saea, ValueTask connectTask, CancellationToken cancellationToken)
   at Grpc.Net.Client.Balancer.Internal.SocketConnectivitySubchannelTransport.TryConnectAsync(CancellationToken cancellationToken)")
   at Grpc.Net.Client.Balancer.Internal.ConnectionManager.PickAsync(PickContext context, Boolean waitForReady, CancellationToken cancellationToken)
   at Grpc.Net.Client.Balancer.Internal.BalancerHttpHandler.SendAsync(HttpRequestMessage request, CancellationToken cancellationToken)
   at Grpc.Net.Client.Internal.GrpcCall`2.RunCall(HttpRequestMessage request, Nullable`1 timeout)
   at SkyApm.Transport.Grpc.V8.ServiceRegister.<>c__DisplayClass9_0.<<ReportInstancePropertiesAsync>b__0>d.MoveNext()
--- End of stack trace from previous location ---
   at SkyApm.Transport.Grpc.Common.Call.Execute[T](Func`1 task, Func`1 errCallback, Func`1 errMessage)
2025-10-28 17:21:35.853 +08:00 [docker-arsidentityserver0421001] [Warning] SkyApm.Transport.Grpc.ConnectionManager : Connection state changed. Status(StatusCode="Unavailable", Detail="Error connecting to subchannel.", DebugException="System.Net.Sockets.SocketException (10061): 由于目标计算机积极拒绝，无法连接。
   at System.Net.Sockets.Socket.AwaitableSocketAsyncEventArgs.System.Threading.Tasks.Sources.IValueTaskSource.GetResult(Int16 token)
   at System.Net.Sockets.Socket.<ConnectAsync>g__WaitForConnectWithCancellation|285_0(AwaitableSocketAsyncEventArgs saea, ValueTask connectTask, CancellationToken cancellationToken)
   at Grpc.Net.Client.Balancer.Internal.SocketConnectivitySubchannelTransport.TryConnectAsync(CancellationToken cancellationToken)")
2025-10-28 17:21:49.487 +08:00 [docker-arsidentityserver0421001] [Information] SkyApm.Transport.Grpc.ConnectionManager : Shutdown connection[172.20.64.1:11800].
2025-10-28 17:21:49.487 +08:00 [docker-arsidentityserver0421001] [Information] SkyApm.Transport.Grpc.ConnectionManager : Connected server[172.20.64.1:11800].
2025-10-28 17:22:05.871 +08:00 [docker-arsidentityserver0421001] [Error] SkyApm.Transport.Grpc.V8.ServiceRegister : Report service instance properties fail.
Grpc.Core.RpcException: Status(StatusCode="Unavailable", Detail="Error connecting to subchannel.", DebugException="System.Net.Sockets.SocketException (10061): 由于目标计算机积极拒绝，无法连接。
   at System.Net.Sockets.Socket.AwaitableSocketAsyncEventArgs.System.Threading.Tasks.Sources.IValueTaskSource.GetResult(Int16 token)
   at System.Net.Sockets.Socket.<ConnectAsync>g__WaitForConnectWithCancellation|285_0(AwaitableSocketAsyncEventArgs saea, ValueTask connectTask, CancellationToken cancellationToken)
   at Grpc.Net.Client.Balancer.Internal.SocketConnectivitySubchannelTransport.TryConnectAsync(CancellationToken cancellationToken)")
   at Grpc.Net.Client.Balancer.Internal.ConnectionManager.PickAsync(PickContext context, Boolean waitForReady, CancellationToken cancellationToken)
   at Grpc.Net.Client.Balancer.Internal.BalancerHttpHandler.SendAsync(HttpRequestMessage request, CancellationToken cancellationToken)
   at Grpc.Net.Client.Internal.GrpcCall`2.RunCall(HttpRequestMessage request, Nullable`1 timeout)
   at SkyApm.Transport.Grpc.V8.ServiceRegister.<>c__DisplayClass9_0.<<ReportInstancePropertiesAsync>b__0>d.MoveNext()
--- End of stack trace from previous location ---
   at SkyApm.Transport.Grpc.Common.Call.Execute[T](Func`1 task, Func`1 errCallback, Func`1 errMessage)
2025-10-28 17:22:05.871 +08:00 [docker-arsidentityserver0421001] [Warning] SkyApm.Transport.Grpc.ConnectionManager : Connection state changed. Status(StatusCode="Unavailable", Detail="Error connecting to subchannel.", DebugException="System.Net.Sockets.SocketException (10061): 由于目标计算机积极拒绝，无法连接。
   at System.Net.Sockets.Socket.AwaitableSocketAsyncEventArgs.System.Threading.Tasks.Sources.IValueTaskSource.GetResult(Int16 token)
   at System.Net.Sockets.Socket.<ConnectAsync>g__WaitForConnectWithCancellation|285_0(AwaitableSocketAsyncEventArgs saea, ValueTask connectTask, CancellationToken cancellationToken)
   at Grpc.Net.Client.Balancer.Internal.SocketConnectivitySubchannelTransport.TryConnectAsync(CancellationToken cancellationToken)")
2025-10-28 17:22:28.882 +08:00 [docker-arsidentityserver0421001] [Information] SkyApm.Transport.Grpc.ConnectionManager : Shutdown connection[172.20.64.1:11800].
2025-10-28 17:22:28.882 +08:00 [docker-arsidentityserver0421001] [Information] SkyApm.Transport.Grpc.ConnectionManager : Connected server[172.20.64.1:11800].
2025-10-28 17:22:35.864 +08:00 [docker-arsidentityserver0421001] [Error] SkyApm.Transport.Grpc.V8.ServiceRegister : Report service instance properties fail.
Grpc.Core.RpcException: Status(StatusCode="Unavailable", Detail="Error connecting to subchannel.", DebugException="System.Net.Sockets.SocketException (10061): 由于目标计算机积极拒绝，无法连接。
   at System.Net.Sockets.Socket.AwaitableSocketAsyncEventArgs.System.Threading.Tasks.Sources.IValueTaskSource.GetResult(Int16 token)
   at System.Net.Sockets.Socket.<ConnectAsync>g__WaitForConnectWithCancellation|285_0(AwaitableSocketAsyncEventArgs saea, ValueTask connectTask, CancellationToken cancellationToken)
   at Grpc.Net.Client.Balancer.Internal.SocketConnectivitySubchannelTransport.TryConnectAsync(CancellationToken cancellationToken)")
   at Grpc.Net.Client.Balancer.Internal.ConnectionManager.PickAsync(PickContext context, Boolean waitForReady, CancellationToken cancellationToken)
   at Grpc.Net.Client.Balancer.Internal.BalancerHttpHandler.SendAsync(HttpRequestMessage request, CancellationToken cancellationToken)
   at Grpc.Net.Client.Internal.GrpcCall`2.RunCall(HttpRequestMessage request, Nullable`1 timeout)
   at SkyApm.Transport.Grpc.V8.ServiceRegister.<>c__DisplayClass9_0.<<ReportInstancePropertiesAsync>b__0>d.MoveNext()
--- End of stack trace from previous location ---
   at SkyApm.Transport.Grpc.Common.Call.Execute[T](Func`1 task, Func`1 errCallback, Func`1 errMessage)
2025-10-28 17:22:35.864 +08:00 [docker-arsidentityserver0421001] [Warning] SkyApm.Transport.Grpc.ConnectionManager : Connection state changed. Status(StatusCode="Unavailable", Detail="Error connecting to subchannel.", DebugException="System.Net.Sockets.SocketException (10061): 由于目标计算机积极拒绝，无法连接。
   at System.Net.Sockets.Socket.AwaitableSocketAsyncEventArgs.System.Threading.Tasks.Sources.IValueTaskSource.GetResult(Int16 token)
   at System.Net.Sockets.Socket.<ConnectAsync>g__WaitForConnectWithCancellation|285_0(AwaitableSocketAsyncEventArgs saea, ValueTask connectTask, CancellationToken cancellationToken)
   at Grpc.Net.Client.Balancer.Internal.SocketConnectivitySubchannelTransport.TryConnectAsync(CancellationToken cancellationToken)")
2025-10-28 17:23:32.835 +08:00 [docker-arsidentityserver0421001] [Information] SkyApm.InstrumentStartup : Initializing ...
2025-10-28 17:23:32.906 +08:00 [docker-arsidentityserver0421001] [Information] SkyApm.Service.RegisterService : Loaded instrument service [SkyApm.Service.RegisterService].
2025-10-28 17:23:32.906 +08:00 [docker-arsidentityserver0421001] [Information] SkyApm.Service.LogReportService : Loaded instrument service [SkyApm.Service.LogReportService].
2025-10-28 17:23:32.907 +08:00 [docker-arsidentityserver0421001] [Information] SkyApm.Service.PingService : Loaded instrument service [SkyApm.Service.PingService].
2025-10-28 17:23:32.907 +08:00 [docker-arsidentityserver0421001] [Information] SkyApm.Service.SegmentReportService : Loaded instrument service [SkyApm.Service.SegmentReportService].
2025-10-28 17:23:32.907 +08:00 [docker-arsidentityserver0421001] [Information] SkyApm.Service.CLRStatsService : Loaded instrument service [SkyApm.Service.CLRStatsService].
2025-10-28 17:23:32.907 +08:00 [docker-arsidentityserver0421001] [Information] SkyApm.Sampling.SimpleCountSamplingInterceptor : Loaded instrument service [SkyApm.Sampling.SimpleCountSamplingInterceptor].
2025-10-28 17:23:32.907 +08:00 [docker-arsidentityserver0421001] [Information] SkyApm.Transport.Grpc.ConnectService : Loaded instrument service [SkyApm.Transport.Grpc.ConnectService].
2025-10-28 17:23:32.981 +08:00 [docker-arsidentityserver0421001] [Information] SkyApm.InstrumentStartup : Started SkyAPM .NET Core Agent.
2025-10-28 17:23:33.059 +08:00 [docker-arsidentityserver0421001] [Information] SkyApm.Transport.Grpc.ConnectionManager : Connected server[172.20.64.1:11800].
2025-10-28 17:23:33.594 +08:00 [docker-arsidentityserver0421001] [Information] SkyApm.Diagnostics.TracingDiagnosticProcessorObserver : Loaded diagnostic listener [Grpc.Net.Client].
2025-10-28 17:23:35.739 +08:00 [docker-arsidentityserver0421001] [Error] SkyApm.Transport.Grpc.V8.ServiceRegister : Report service instance properties fail.
Grpc.Core.RpcException: Status(StatusCode="Unavailable", Detail="Error connecting to subchannel.", DebugException="System.Net.Sockets.SocketException (10061): 由于目标计算机积极拒绝，无法连接。
   at System.Net.Sockets.Socket.AwaitableSocketAsyncEventArgs.ThrowException(SocketError error, CancellationToken cancellationToken)
   at System.Net.Sockets.Socket.AwaitableSocketAsyncEventArgs.System.Threading.Tasks.Sources.IValueTaskSource.GetResult(Int16 token)
   at System.Net.Sockets.Socket.<ConnectAsync>g__WaitForConnectWithCancellation|285_0(AwaitableSocketAsyncEventArgs saea, ValueTask connectTask, CancellationToken cancellationToken)
   at Grpc.Net.Client.Balancer.Internal.SocketConnectivitySubchannelTransport.TryConnectAsync(CancellationToken cancellationToken)")
   at Grpc.Net.Client.Balancer.Internal.ConnectionManager.PickAsync(PickContext context, Boolean waitForReady, CancellationToken cancellationToken)
   at Grpc.Net.Client.Balancer.Internal.BalancerHttpHandler.SendAsync(HttpRequestMessage request, CancellationToken cancellationToken)
   at Grpc.Net.Client.Internal.GrpcCall`2.RunCall(HttpRequestMessage request, Nullable`1 timeout)
   at SkyApm.Transport.Grpc.V8.ServiceRegister.<>c__DisplayClass9_0.<<ReportInstancePropertiesAsync>b__0>d.MoveNext()
--- End of stack trace from previous location ---
   at SkyApm.Transport.Grpc.Common.Call.Execute[T](Func`1 task, Func`1 errCallback, Func`1 errMessage)
2025-10-28 17:23:35.740 +08:00 [docker-arsidentityserver0421001] [Warning] SkyApm.Transport.Grpc.ConnectionManager : Connection state changed. Status(StatusCode="Unavailable", Detail="Error connecting to subchannel.", DebugException="System.Net.Sockets.SocketException (10061): 由于目标计算机积极拒绝，无法连接。
   at System.Net.Sockets.Socket.AwaitableSocketAsyncEventArgs.ThrowException(SocketError error, CancellationToken cancellationToken)
   at System.Net.Sockets.Socket.AwaitableSocketAsyncEventArgs.System.Threading.Tasks.Sources.IValueTaskSource.GetResult(Int16 token)
   at System.Net.Sockets.Socket.<ConnectAsync>g__WaitForConnectWithCancellation|285_0(AwaitableSocketAsyncEventArgs saea, ValueTask connectTask, CancellationToken cancellationToken)
   at Grpc.Net.Client.Balancer.Internal.SocketConnectivitySubchannelTransport.TryConnectAsync(CancellationToken cancellationToken)")
2025-10-28 17:23:37.840 +08:00 [docker-arsidentityserver0421001] [Information] SkyApm.Diagnostics.TracingDiagnosticProcessorObserver : Loaded diagnostic listener [HttpHandlerDiagnosticListener].
2025-10-28 17:23:47.924 +08:00 [docker-arsidentityserver0421001] [Information] SkyApm.Transport.Grpc.ConnectionManager : Shutdown connection[172.20.64.1:11800].
2025-10-28 17:23:47.924 +08:00 [docker-arsidentityserver0421001] [Information] SkyApm.Transport.Grpc.ConnectionManager : Connected server[172.20.64.1:11800].
2025-10-28 17:24:17.318 +08:00 [docker-arsidentityserver0421001] [Error] SkyApm.Transport.Grpc.V8.ServiceRegister : Report service instance properties fail.
Grpc.Core.RpcException: Status(StatusCode="Unavailable", Detail="Error connecting to subchannel.", DebugException="System.Net.Sockets.SocketException (10061): 由于目标计算机积极拒绝，无法连接。
   at System.Net.Sockets.Socket.AwaitableSocketAsyncEventArgs.ThrowException(SocketError error, CancellationToken cancellationToken)
   at System.Net.Sockets.Socket.AwaitableSocketAsyncEventArgs.System.Threading.Tasks.Sources.IValueTaskSource.GetResult(Int16 token)
   at System.Net.Sockets.Socket.<ConnectAsync>g__WaitForConnectWithCancellation|285_0(AwaitableSocketAsyncEventArgs saea, ValueTask connectTask, CancellationToken cancellationToken)
   at Grpc.Net.Client.Balancer.Internal.SocketConnectivitySubchannelTransport.TryConnectAsync(CancellationToken cancellationToken)")
   at Grpc.Net.Client.Balancer.Internal.ConnectionManager.PickAsync(PickContext context, Boolean waitForReady, CancellationToken cancellationToken)
   at Grpc.Net.Client.Balancer.Internal.BalancerHttpHandler.SendAsync(HttpRequestMessage request, CancellationToken cancellationToken)
   at Grpc.Net.Client.Internal.GrpcCall`2.RunCall(HttpRequestMessage request, Nullable`1 timeout)
   at SkyApm.Transport.Grpc.V8.ServiceRegister.<>c__DisplayClass9_0.<<ReportInstancePropertiesAsync>b__0>d.MoveNext()
--- End of stack trace from previous location ---
   at SkyApm.Transport.Grpc.Common.Call.Execute[T](Func`1 task, Func`1 errCallback, Func`1 errMessage)
2025-10-28 17:24:17.319 +08:00 [docker-arsidentityserver0421001] [Warning] SkyApm.Transport.Grpc.ConnectionManager : Connection state changed. Status(StatusCode="Unavailable", Detail="Error connecting to subchannel.", DebugException="System.Net.Sockets.SocketException (10061): 由于目标计算机积极拒绝，无法连接。
   at System.Net.Sockets.Socket.AwaitableSocketAsyncEventArgs.ThrowException(SocketError error, CancellationToken cancellationToken)
   at System.Net.Sockets.Socket.AwaitableSocketAsyncEventArgs.System.Threading.Tasks.Sources.IValueTaskSource.GetResult(Int16 token)
   at System.Net.Sockets.Socket.<ConnectAsync>g__WaitForConnectWithCancellation|285_0(AwaitableSocketAsyncEventArgs saea, ValueTask connectTask, CancellationToken cancellationToken)
   at Grpc.Net.Client.Balancer.Internal.SocketConnectivitySubchannelTransport.TryConnectAsync(CancellationToken cancellationToken)")
2025-10-28 17:24:17.910 +08:00 [docker-arsidentityserver0421001] [Information] SkyApm.Transport.Grpc.ConnectionManager : Shutdown connection[172.20.64.1:11800].
2025-10-28 17:24:17.910 +08:00 [docker-arsidentityserver0421001] [Information] SkyApm.Transport.Grpc.ConnectionManager : Connected server[172.20.64.1:11800].
2025-10-28 17:24:20.380 +08:00 [docker-arsidentityserver0421001] [Error] SkyApm.Transport.Grpc.V8.ServiceRegister : Report service instance properties fail.
Grpc.Core.RpcException: Status(StatusCode="Unavailable", Detail="Error connecting to subchannel.", DebugException="System.Net.Sockets.SocketException (10061): 由于目标计算机积极拒绝，无法连接。
   at System.Net.Sockets.Socket.AwaitableSocketAsyncEventArgs.ThrowException(SocketError error, CancellationToken cancellationToken)
   at System.Net.Sockets.Socket.AwaitableSocketAsyncEventArgs.System.Threading.Tasks.Sources.IValueTaskSource.GetResult(Int16 token)
   at System.Net.Sockets.Socket.<ConnectAsync>g__WaitForConnectWithCancellation|285_0(AwaitableSocketAsyncEventArgs saea, ValueTask connectTask, CancellationToken cancellationToken)
   at Grpc.Net.Client.Balancer.Internal.SocketConnectivitySubchannelTransport.TryConnectAsync(CancellationToken cancellationToken)")
   at Grpc.Net.Client.Balancer.Internal.ConnectionManager.PickAsync(PickContext context, Boolean waitForReady, CancellationToken cancellationToken)
   at Grpc.Net.Client.Balancer.Internal.BalancerHttpHandler.SendAsync(HttpRequestMessage request, CancellationToken cancellationToken)
   at Grpc.Net.Client.Internal.GrpcCall`2.RunCall(HttpRequestMessage request, Nullable`1 timeout)
   at SkyApm.Transport.Grpc.V8.ServiceRegister.<>c__DisplayClass9_0.<<ReportInstancePropertiesAsync>b__0>d.MoveNext()
--- End of stack trace from previous location ---
   at SkyApm.Transport.Grpc.Common.Call.Execute[T](Func`1 task, Func`1 errCallback, Func`1 errMessage)
2025-10-28 17:24:20.380 +08:00 [docker-arsidentityserver0421001] [Warning] SkyApm.Transport.Grpc.ConnectionManager : Connection state changed. Status(StatusCode="Unavailable", Detail="Error connecting to subchannel.", DebugException="System.Net.Sockets.SocketException (10061): 由于目标计算机积极拒绝，无法连接。
   at System.Net.Sockets.Socket.AwaitableSocketAsyncEventArgs.ThrowException(SocketError error, CancellationToken cancellationToken)
   at System.Net.Sockets.Socket.AwaitableSocketAsyncEventArgs.System.Threading.Tasks.Sources.IValueTaskSource.GetResult(Int16 token)
   at System.Net.Sockets.Socket.<ConnectAsync>g__WaitForConnectWithCancellation|285_0(AwaitableSocketAsyncEventArgs saea, ValueTask connectTask, CancellationToken cancellationToken)
   at Grpc.Net.Client.Balancer.Internal.SocketConnectivitySubchannelTransport.TryConnectAsync(CancellationToken cancellationToken)")
2025-10-28 17:24:32.915 +08:00 [docker-arsidentityserver0421001] [Information] SkyApm.Transport.Grpc.ConnectionManager : Shutdown connection[172.20.64.1:11800].
2025-10-28 17:24:32.916 +08:00 [docker-arsidentityserver0421001] [Information] SkyApm.Transport.Grpc.ConnectionManager : Connected server[172.20.64.1:11800].
2025-10-28 17:24:34.954 +08:00 [docker-arsidentityserver0421001] [Error] SkyApm.Transport.Grpc.V8.ServiceRegister : Report service instance properties fail.
Grpc.Core.RpcException: Status(StatusCode="Unavailable", Detail="Error connecting to subchannel.", DebugException="System.Net.Sockets.SocketException (10061): 由于目标计算机积极拒绝，无法连接。
   at System.Net.Sockets.Socket.AwaitableSocketAsyncEventArgs.ThrowException(SocketError error, CancellationToken cancellationToken)
   at System.Net.Sockets.Socket.AwaitableSocketAsyncEventArgs.System.Threading.Tasks.Sources.IValueTaskSource.GetResult(Int16 token)
   at System.Net.Sockets.Socket.<ConnectAsync>g__WaitForConnectWithCancellation|285_0(AwaitableSocketAsyncEventArgs saea, ValueTask connectTask, CancellationToken cancellationToken)
   at Grpc.Net.Client.Balancer.Internal.SocketConnectivitySubchannelTransport.TryConnectAsync(CancellationToken cancellationToken)")
   at Grpc.Net.Client.Balancer.Internal.ConnectionManager.PickAsync(PickContext context, Boolean waitForReady, CancellationToken cancellationToken)
   at Grpc.Net.Client.Balancer.Internal.BalancerHttpHandler.SendAsync(HttpRequestMessage request, CancellationToken cancellationToken)
   at Grpc.Net.Client.Internal.GrpcCall`2.RunCall(HttpRequestMessage request, Nullable`1 timeout)
   at SkyApm.Transport.Grpc.V8.ServiceRegister.<>c__DisplayClass9_0.<<ReportInstancePropertiesAsync>b__0>d.MoveNext()
--- End of stack trace from previous location ---
   at SkyApm.Transport.Grpc.Common.Call.Execute[T](Func`1 task, Func`1 errCallback, Func`1 errMessage)
2025-10-28 17:24:34.954 +08:00 [docker-arsidentityserver0421001] [Warning] SkyApm.Transport.Grpc.ConnectionManager : Connection state changed. Status(StatusCode="Unavailable", Detail="Error connecting to subchannel.", DebugException="System.Net.Sockets.SocketException (10061): 由于目标计算机积极拒绝，无法连接。
   at System.Net.Sockets.Socket.AwaitableSocketAsyncEventArgs.ThrowException(SocketError error, CancellationToken cancellationToken)
   at System.Net.Sockets.Socket.AwaitableSocketAsyncEventArgs.System.Threading.Tasks.Sources.IValueTaskSource.GetResult(Int16 token)
   at System.Net.Sockets.Socket.<ConnectAsync>g__WaitForConnectWithCancellation|285_0(AwaitableSocketAsyncEventArgs saea, ValueTask connectTask, CancellationToken cancellationToken)
   at Grpc.Net.Client.Balancer.Internal.SocketConnectivitySubchannelTransport.TryConnectAsync(CancellationToken cancellationToken)")
2025-10-28 17:24:47.912 +08:00 [docker-arsidentityserver0421001] [Information] SkyApm.Transport.Grpc.ConnectionManager : Shutdown connection[172.20.64.1:11800].
2025-10-28 17:24:47.912 +08:00 [docker-arsidentityserver0421001] [Information] SkyApm.Transport.Grpc.ConnectionManager : Connected server[172.20.64.1:11800].
2025-10-28 17:25:30.801 +08:00 [docker-arsidentityserver0421001] [Information] SkyApm.InstrumentStartup : Initializing ...
2025-10-28 17:25:30.881 +08:00 [docker-arsidentityserver0421001] [Information] SkyApm.Service.RegisterService : Loaded instrument service [SkyApm.Service.RegisterService].
2025-10-28 17:25:30.882 +08:00 [docker-arsidentityserver0421001] [Information] SkyApm.Service.LogReportService : Loaded instrument service [SkyApm.Service.LogReportService].
2025-10-28 17:25:30.882 +08:00 [docker-arsidentityserver0421001] [Information] SkyApm.Service.PingService : Loaded instrument service [SkyApm.Service.PingService].
2025-10-28 17:25:30.882 +08:00 [docker-arsidentityserver0421001] [Information] SkyApm.Service.SegmentReportService : Loaded instrument service [SkyApm.Service.SegmentReportService].
2025-10-28 17:25:30.882 +08:00 [docker-arsidentityserver0421001] [Information] SkyApm.Service.CLRStatsService : Loaded instrument service [SkyApm.Service.CLRStatsService].
2025-10-28 17:25:30.882 +08:00 [docker-arsidentityserver0421001] [Information] SkyApm.Sampling.SimpleCountSamplingInterceptor : Loaded instrument service [SkyApm.Sampling.SimpleCountSamplingInterceptor].
2025-10-28 17:25:30.883 +08:00 [docker-arsidentityserver0421001] [Information] SkyApm.Transport.Grpc.ConnectService : Loaded instrument service [SkyApm.Transport.Grpc.ConnectService].
2025-10-28 17:25:30.887 +08:00 [docker-arsidentityserver0421001] [Information] SkyApm.InstrumentStartup : Started SkyAPM .NET Core Agent.
2025-10-28 17:25:31.001 +08:00 [docker-arsidentityserver0421001] [Information] SkyApm.Transport.Grpc.ConnectionManager : Connected server[172.20.64.1:11800].
2025-10-28 17:25:31.551 +08:00 [docker-arsidentityserver0421001] [Information] SkyApm.Diagnostics.TracingDiagnosticProcessorObserver : Loaded diagnostic listener [Grpc.Net.Client].
2025-10-28 17:25:33.713 +08:00 [docker-arsidentityserver0421001] [Error] SkyApm.Transport.Grpc.V8.ServiceRegister : Report service instance properties fail.
Grpc.Core.RpcException: Status(StatusCode="Unavailable", Detail="Error connecting to subchannel.", DebugException="System.Net.Sockets.SocketException (10061): 由于目标计算机积极拒绝，无法连接。
   at System.Net.Sockets.Socket.AwaitableSocketAsyncEventArgs.ThrowException(SocketError error, CancellationToken cancellationToken)
   at System.Net.Sockets.Socket.AwaitableSocketAsyncEventArgs.System.Threading.Tasks.Sources.IValueTaskSource.GetResult(Int16 token)
   at System.Net.Sockets.Socket.<ConnectAsync>g__WaitForConnectWithCancellation|285_0(AwaitableSocketAsyncEventArgs saea, ValueTask connectTask, CancellationToken cancellationToken)
   at Grpc.Net.Client.Balancer.Internal.SocketConnectivitySubchannelTransport.TryConnectAsync(CancellationToken cancellationToken)")
   at Grpc.Net.Client.Balancer.Internal.ConnectionManager.PickAsync(PickContext context, Boolean waitForReady, CancellationToken cancellationToken)
   at Grpc.Net.Client.Balancer.Internal.BalancerHttpHandler.SendAsync(HttpRequestMessage request, CancellationToken cancellationToken)
   at Grpc.Net.Client.Internal.GrpcCall`2.RunCall(HttpRequestMessage request, Nullable`1 timeout)
   at SkyApm.Transport.Grpc.V8.ServiceRegister.<>c__DisplayClass9_0.<<ReportInstancePropertiesAsync>b__0>d.MoveNext()
--- End of stack trace from previous location ---
   at SkyApm.Transport.Grpc.Common.Call.Execute[T](Func`1 task, Func`1 errCallback, Func`1 errMessage)
2025-10-28 17:25:33.714 +08:00 [docker-arsidentityserver0421001] [Warning] SkyApm.Transport.Grpc.ConnectionManager : Connection state changed. Status(StatusCode="Unavailable", Detail="Error connecting to subchannel.", DebugException="System.Net.Sockets.SocketException (10061): 由于目标计算机积极拒绝，无法连接。
   at System.Net.Sockets.Socket.AwaitableSocketAsyncEventArgs.ThrowException(SocketError error, CancellationToken cancellationToken)
   at System.Net.Sockets.Socket.AwaitableSocketAsyncEventArgs.System.Threading.Tasks.Sources.IValueTaskSource.GetResult(Int16 token)
   at System.Net.Sockets.Socket.<ConnectAsync>g__WaitForConnectWithCancellation|285_0(AwaitableSocketAsyncEventArgs saea, ValueTask connectTask, CancellationToken cancellationToken)
   at Grpc.Net.Client.Balancer.Internal.SocketConnectivitySubchannelTransport.TryConnectAsync(CancellationToken cancellationToken)")
2025-10-28 17:25:38.217 +08:00 [docker-arsidentityserver0421001] [Information] SkyApm.Diagnostics.TracingDiagnosticProcessorObserver : Loaded diagnostic listener [HttpHandlerDiagnosticListener].
2025-10-28 17:25:45.888 +08:00 [docker-arsidentityserver0421001] [Information] SkyApm.Transport.Grpc.ConnectionManager : Shutdown connection[172.20.64.1:11800].
2025-10-28 17:25:45.888 +08:00 [docker-arsidentityserver0421001] [Information] SkyApm.Transport.Grpc.ConnectionManager : Connected server[172.20.64.1:11800].
2025-10-28 17:26:02.940 +08:00 [docker-arsidentityserver0421001] [Error] SkyApm.Transport.Grpc.V8.ServiceRegister : Report service instance properties fail.
Grpc.Core.RpcException: Status(StatusCode="Unavailable", Detail="Error connecting to subchannel.", DebugException="System.Net.Sockets.SocketException (10061): 由于目标计算机积极拒绝，无法连接。
   at System.Net.Sockets.Socket.AwaitableSocketAsyncEventArgs.ThrowException(SocketError error, CancellationToken cancellationToken)
   at System.Net.Sockets.Socket.AwaitableSocketAsyncEventArgs.System.Threading.Tasks.Sources.IValueTaskSource.GetResult(Int16 token)
   at System.Net.Sockets.Socket.<ConnectAsync>g__WaitForConnectWithCancellation|285_0(AwaitableSocketAsyncEventArgs saea, ValueTask connectTask, CancellationToken cancellationToken)
   at Grpc.Net.Client.Balancer.Internal.SocketConnectivitySubchannelTransport.TryConnectAsync(CancellationToken cancellationToken)")
   at Grpc.Net.Client.Balancer.Internal.ConnectionManager.PickAsync(PickContext context, Boolean waitForReady, CancellationToken cancellationToken)
   at Grpc.Net.Client.Balancer.Internal.BalancerHttpHandler.SendAsync(HttpRequestMessage request, CancellationToken cancellationToken)
   at Grpc.Net.Client.Internal.GrpcCall`2.RunCall(HttpRequestMessage request, Nullable`1 timeout)
   at SkyApm.Transport.Grpc.V8.ServiceRegister.<>c__DisplayClass9_0.<<ReportInstancePropertiesAsync>b__0>d.MoveNext()
--- End of stack trace from previous location ---
   at SkyApm.Transport.Grpc.Common.Call.Execute[T](Func`1 task, Func`1 errCallback, Func`1 errMessage)
2025-10-28 17:26:02.940 +08:00 [docker-arsidentityserver0421001] [Warning] SkyApm.Transport.Grpc.ConnectionManager : Connection state changed. Status(StatusCode="Unavailable", Detail="Error connecting to subchannel.", DebugException="System.Net.Sockets.SocketException (10061): 由于目标计算机积极拒绝，无法连接。
   at System.Net.Sockets.Socket.AwaitableSocketAsyncEventArgs.ThrowException(SocketError error, CancellationToken cancellationToken)
   at System.Net.Sockets.Socket.AwaitableSocketAsyncEventArgs.System.Threading.Tasks.Sources.IValueTaskSource.GetResult(Int16 token)
   at System.Net.Sockets.Socket.<ConnectAsync>g__WaitForConnectWithCancellation|285_0(AwaitableSocketAsyncEventArgs saea, ValueTask connectTask, CancellationToken cancellationToken)
   at Grpc.Net.Client.Balancer.Internal.SocketConnectivitySubchannelTransport.TryConnectAsync(CancellationToken cancellationToken)")
2025-10-28 17:26:15.887 +08:00 [docker-arsidentityserver0421001] [Information] SkyApm.Transport.Grpc.ConnectionManager : Shutdown connection[172.20.64.1:11800].
2025-10-28 17:26:15.887 +08:00 [docker-arsidentityserver0421001] [Information] SkyApm.Transport.Grpc.ConnectionManager : Connected server[172.20.64.1:11800].
2025-10-28 17:26:32.927 +08:00 [docker-arsidentityserver0421001] [Error] SkyApm.Transport.Grpc.V8.ServiceRegister : Report service instance properties fail.
Grpc.Core.RpcException: Status(StatusCode="Unavailable", Detail="Error connecting to subchannel.", DebugException="System.Net.Sockets.SocketException (10061): 由于目标计算机积极拒绝，无法连接。
   at System.Net.Sockets.Socket.AwaitableSocketAsyncEventArgs.ThrowException(SocketError error, CancellationToken cancellationToken)
   at System.Net.Sockets.Socket.AwaitableSocketAsyncEventArgs.System.Threading.Tasks.Sources.IValueTaskSource.GetResult(Int16 token)
   at System.Net.Sockets.Socket.<ConnectAsync>g__WaitForConnectWithCancellation|285_0(AwaitableSocketAsyncEventArgs saea, ValueTask connectTask, CancellationToken cancellationToken)
   at Grpc.Net.Client.Balancer.Internal.SocketConnectivitySubchannelTransport.TryConnectAsync(CancellationToken cancellationToken)")
   at Grpc.Net.Client.Balancer.Internal.ConnectionManager.PickAsync(PickContext context, Boolean waitForReady, CancellationToken cancellationToken)
   at Grpc.Net.Client.Balancer.Internal.BalancerHttpHandler.SendAsync(HttpRequestMessage request, CancellationToken cancellationToken)
   at Grpc.Net.Client.Internal.GrpcCall`2.RunCall(HttpRequestMessage request, Nullable`1 timeout)
   at SkyApm.Transport.Grpc.V8.ServiceRegister.<>c__DisplayClass9_0.<<ReportInstancePropertiesAsync>b__0>d.MoveNext()
--- End of stack trace from previous location ---
   at SkyApm.Transport.Grpc.Common.Call.Execute[T](Func`1 task, Func`1 errCallback, Func`1 errMessage)
2025-10-28 17:26:32.927 +08:00 [docker-arsidentityserver0421001] [Warning] SkyApm.Transport.Grpc.ConnectionManager : Connection state changed. Status(StatusCode="Unavailable", Detail="Error connecting to subchannel.", DebugException="System.Net.Sockets.SocketException (10061): 由于目标计算机积极拒绝，无法连接。
   at System.Net.Sockets.Socket.AwaitableSocketAsyncEventArgs.ThrowException(SocketError error, CancellationToken cancellationToken)
   at System.Net.Sockets.Socket.AwaitableSocketAsyncEventArgs.System.Threading.Tasks.Sources.IValueTaskSource.GetResult(Int16 token)
   at System.Net.Sockets.Socket.<ConnectAsync>g__WaitForConnectWithCancellation|285_0(AwaitableSocketAsyncEventArgs saea, ValueTask connectTask, CancellationToken cancellationToken)
   at Grpc.Net.Client.Balancer.Internal.SocketConnectivitySubchannelTransport.TryConnectAsync(CancellationToken cancellationToken)")
2025-10-28 17:26:45.887 +08:00 [docker-arsidentityserver0421001] [Information] SkyApm.Transport.Grpc.ConnectionManager : Shutdown connection[172.20.64.1:11800].
2025-10-28 17:26:45.887 +08:00 [docker-arsidentityserver0421001] [Information] SkyApm.Transport.Grpc.ConnectionManager : Connected server[172.20.64.1:11800].
2025-10-28 17:28:37.487 +08:00 [docker-arsidentityserver0421001] [Error] SkyApm.Transport.Grpc.V8.ServiceRegister : Report service instance properties fail.
Grpc.Core.RpcException: Status(StatusCode="Unavailable", Detail="Error connecting to subchannel.", DebugException="System.Net.Sockets.SocketException (10061): 由于目标计算机积极拒绝，无法连接。
   at System.Net.Sockets.Socket.AwaitableSocketAsyncEventArgs.ThrowException(SocketError error, CancellationToken cancellationToken)
   at System.Net.Sockets.Socket.AwaitableSocketAsyncEventArgs.System.Threading.Tasks.Sources.IValueTaskSource.GetResult(Int16 token)
   at System.Net.Sockets.Socket.<ConnectAsync>g__WaitForConnectWithCancellation|285_0(AwaitableSocketAsyncEventArgs saea, ValueTask connectTask, CancellationToken cancellationToken)
   at Grpc.Net.Client.Balancer.Internal.SocketConnectivitySubchannelTransport.TryConnectAsync(CancellationToken cancellationToken)")
   at Grpc.Net.Client.Balancer.Internal.ConnectionManager.PickAsync(PickContext context, Boolean waitForReady, CancellationToken cancellationToken)
   at Grpc.Net.Client.Balancer.Internal.BalancerHttpHandler.SendAsync(HttpRequestMessage request, CancellationToken cancellationToken)
   at Grpc.Net.Client.Internal.GrpcCall`2.RunCall(HttpRequestMessage request, Nullable`1 timeout)
   at SkyApm.Transport.Grpc.V8.ServiceRegister.<>c__DisplayClass9_0.<<ReportInstancePropertiesAsync>b__0>d.MoveNext()
--- End of stack trace from previous location ---
   at SkyApm.Transport.Grpc.Common.Call.Execute[T](Func`1 task, Func`1 errCallback, Func`1 errMessage)
2025-10-28 17:28:37.488 +08:00 [docker-arsidentityserver0421001] [Warning] SkyApm.Transport.Grpc.ConnectionManager : Connection state changed. Status(StatusCode="Unavailable", Detail="Error connecting to subchannel.", DebugException="System.Net.Sockets.SocketException (10061): 由于目标计算机积极拒绝，无法连接。
   at System.Net.Sockets.Socket.AwaitableSocketAsyncEventArgs.ThrowException(SocketError error, CancellationToken cancellationToken)
   at System.Net.Sockets.Socket.AwaitableSocketAsyncEventArgs.System.Threading.Tasks.Sources.IValueTaskSource.GetResult(Int16 token)
   at System.Net.Sockets.Socket.<ConnectAsync>g__WaitForConnectWithCancellation|285_0(AwaitableSocketAsyncEventArgs saea, ValueTask connectTask, CancellationToken cancellationToken)
   at Grpc.Net.Client.Balancer.Internal.SocketConnectivitySubchannelTransport.TryConnectAsync(CancellationToken cancellationToken)")
2025-10-28 17:28:37.487 +08:00 [docker-arsidentityserver0421001] [Error] SkyApm.Transport.Grpc.V8.ServiceRegister : Report service instance properties fail.
Grpc.Core.RpcException: Status(StatusCode="Unavailable", Detail="Error connecting to subchannel.", DebugException="System.Net.Sockets.SocketException (10061): 由于目标计算机积极拒绝，无法连接。
   at System.Net.Sockets.Socket.AwaitableSocketAsyncEventArgs.ThrowException(SocketError error, CancellationToken cancellationToken)
   at System.Net.Sockets.Socket.AwaitableSocketAsyncEventArgs.System.Threading.Tasks.Sources.IValueTaskSource.GetResult(Int16 token)
   at System.Net.Sockets.Socket.<ConnectAsync>g__WaitForConnectWithCancellation|285_0(AwaitableSocketAsyncEventArgs saea, ValueTask connectTask, CancellationToken cancellationToken)
   at Grpc.Net.Client.Balancer.Internal.SocketConnectivitySubchannelTransport.TryConnectAsync(CancellationToken cancellationToken)")
   at Grpc.Net.Client.Balancer.Internal.ConnectionManager.PickAsync(PickContext context, Boolean waitForReady, CancellationToken cancellationToken)
   at Grpc.Net.Client.Balancer.Internal.BalancerHttpHandler.SendAsync(HttpRequestMessage request, CancellationToken cancellationToken)
   at Grpc.Net.Client.Internal.GrpcCall`2.RunCall(HttpRequestMessage request, Nullable`1 timeout)
   at SkyApm.Transport.Grpc.V8.ServiceRegister.<>c__DisplayClass9_0.<<ReportInstancePropertiesAsync>b__0>d.MoveNext()
--- End of stack trace from previous location ---
   at SkyApm.Transport.Grpc.Common.Call.Execute[T](Func`1 task, Func`1 errCallback, Func`1 errMessage)
2025-10-28 17:28:44.148 +08:00 [docker-arsidentityserver0421001] [Information] SkyApm.Transport.Grpc.ConnectionManager : Shutdown connection[172.20.64.1:11800].
2025-10-28 17:28:44.148 +08:00 [docker-arsidentityserver0421001] [Information] SkyApm.Transport.Grpc.ConnectionManager : Connected server[172.20.64.1:11800].
2025-10-28 17:29:01.181 +08:00 [docker-arsidentityserver0421001] [Error] SkyApm.Transport.Grpc.V8.ServiceRegister : Report service instance properties fail.
Grpc.Core.RpcException: Status(StatusCode="Unavailable", Detail="Error connecting to subchannel.", DebugException="System.Net.Sockets.SocketException (10061): 由于目标计算机积极拒绝，无法连接。
   at System.Net.Sockets.Socket.AwaitableSocketAsyncEventArgs.ThrowException(SocketError error, CancellationToken cancellationToken)
   at System.Net.Sockets.Socket.AwaitableSocketAsyncEventArgs.System.Threading.Tasks.Sources.IValueTaskSource.GetResult(Int16 token)
   at System.Net.Sockets.Socket.<ConnectAsync>g__WaitForConnectWithCancellation|285_0(AwaitableSocketAsyncEventArgs saea, ValueTask connectTask, CancellationToken cancellationToken)
   at Grpc.Net.Client.Balancer.Internal.SocketConnectivitySubchannelTransport.TryConnectAsync(CancellationToken cancellationToken)")
   at Grpc.Net.Client.Balancer.Internal.ConnectionManager.PickAsync(PickContext context, Boolean waitForReady, CancellationToken cancellationToken)
   at Grpc.Net.Client.Balancer.Internal.BalancerHttpHandler.SendAsync(HttpRequestMessage request, CancellationToken cancellationToken)
   at Grpc.Net.Client.Internal.GrpcCall`2.RunCall(HttpRequestMessage request, Nullable`1 timeout)
   at SkyApm.Transport.Grpc.V8.ServiceRegister.<>c__DisplayClass9_0.<<ReportInstancePropertiesAsync>b__0>d.MoveNext()
--- End of stack trace from previous location ---
   at SkyApm.Transport.Grpc.Common.Call.Execute[T](Func`1 task, Func`1 errCallback, Func`1 errMessage)
2025-10-28 17:29:01.181 +08:00 [docker-arsidentityserver0421001] [Warning] SkyApm.Transport.Grpc.ConnectionManager : Connection state changed. Status(StatusCode="Unavailable", Detail="Error connecting to subchannel.", DebugException="System.Net.Sockets.SocketException (10061): 由于目标计算机积极拒绝，无法连接。
   at System.Net.Sockets.Socket.AwaitableSocketAsyncEventArgs.ThrowException(SocketError error, CancellationToken cancellationToken)
   at System.Net.Sockets.Socket.AwaitableSocketAsyncEventArgs.System.Threading.Tasks.Sources.IValueTaskSource.GetResult(Int16 token)
   at System.Net.Sockets.Socket.<ConnectAsync>g__WaitForConnectWithCancellation|285_0(AwaitableSocketAsyncEventArgs saea, ValueTask connectTask, CancellationToken cancellationToken)
   at Grpc.Net.Client.Balancer.Internal.SocketConnectivitySubchannelTransport.TryConnectAsync(CancellationToken cancellationToken)")
2025-10-28 17:29:14.153 +08:00 [docker-arsidentityserver0421001] [Information] SkyApm.Transport.Grpc.ConnectionManager : Shutdown connection[172.20.64.1:11800].
2025-10-28 17:29:14.154 +08:00 [docker-arsidentityserver0421001] [Information] SkyApm.Transport.Grpc.ConnectionManager : Connected server[172.20.64.1:11800].
2025-10-28 17:29:31.177 +08:00 [docker-arsidentityserver0421001] [Error] SkyApm.Transport.Grpc.V8.ServiceRegister : Report service instance properties fail.
Grpc.Core.RpcException: Status(StatusCode="Unavailable", Detail="Error connecting to subchannel.", DebugException="System.Net.Sockets.SocketException (10061): 由于目标计算机积极拒绝，无法连接。
   at System.Net.Sockets.Socket.AwaitableSocketAsyncEventArgs.ThrowException(SocketError error, CancellationToken cancellationToken)
   at System.Net.Sockets.Socket.AwaitableSocketAsyncEventArgs.System.Threading.Tasks.Sources.IValueTaskSource.GetResult(Int16 token)
   at System.Net.Sockets.Socket.<ConnectAsync>g__WaitForConnectWithCancellation|285_0(AwaitableSocketAsyncEventArgs saea, ValueTask connectTask, CancellationToken cancellationToken)
   at Grpc.Net.Client.Balancer.Internal.SocketConnectivitySubchannelTransport.TryConnectAsync(CancellationToken cancellationToken)")
   at Grpc.Net.Client.Balancer.Internal.ConnectionManager.PickAsync(PickContext context, Boolean waitForReady, CancellationToken cancellationToken)
   at Grpc.Net.Client.Balancer.Internal.BalancerHttpHandler.SendAsync(HttpRequestMessage request, CancellationToken cancellationToken)
   at Grpc.Net.Client.Internal.GrpcCall`2.RunCall(HttpRequestMessage request, Nullable`1 timeout)
   at SkyApm.Transport.Grpc.V8.ServiceRegister.<>c__DisplayClass9_0.<<ReportInstancePropertiesAsync>b__0>d.MoveNext()
--- End of stack trace from previous location ---
   at SkyApm.Transport.Grpc.Common.Call.Execute[T](Func`1 task, Func`1 errCallback, Func`1 errMessage)
2025-10-28 17:29:31.177 +08:00 [docker-arsidentityserver0421001] [Warning] SkyApm.Transport.Grpc.ConnectionManager : Connection state changed. Status(StatusCode="Unavailable", Detail="Error connecting to subchannel.", DebugException="System.Net.Sockets.SocketException (10061): 由于目标计算机积极拒绝，无法连接。
   at System.Net.Sockets.Socket.AwaitableSocketAsyncEventArgs.ThrowException(SocketError error, CancellationToken cancellationToken)
   at System.Net.Sockets.Socket.AwaitableSocketAsyncEventArgs.System.Threading.Tasks.Sources.IValueTaskSource.GetResult(Int16 token)
   at System.Net.Sockets.Socket.<ConnectAsync>g__WaitForConnectWithCancellation|285_0(AwaitableSocketAsyncEventArgs saea, ValueTask connectTask, CancellationToken cancellationToken)
   at Grpc.Net.Client.Balancer.Internal.SocketConnectivitySubchannelTransport.TryConnectAsync(CancellationToken cancellationToken)")
2025-10-28 17:29:44.140 +08:00 [docker-arsidentityserver0421001] [Information] SkyApm.Transport.Grpc.ConnectionManager : Shutdown connection[172.20.64.1:11800].
2025-10-28 17:29:44.140 +08:00 [docker-arsidentityserver0421001] [Information] SkyApm.Transport.Grpc.ConnectionManager : Connected server[172.20.64.1:11800].
2025-10-28 17:30:01.194 +08:00 [docker-arsidentityserver0421001] [Error] SkyApm.Transport.Grpc.V8.ServiceRegister : Report service instance properties fail.
Grpc.Core.RpcException: Status(StatusCode="Unavailable", Detail="Error connecting to subchannel.", DebugException="System.Net.Sockets.SocketException (10061): 由于目标计算机积极拒绝，无法连接。
   at System.Net.Sockets.Socket.AwaitableSocketAsyncEventArgs.ThrowException(SocketError error, CancellationToken cancellationToken)
   at System.Net.Sockets.Socket.AwaitableSocketAsyncEventArgs.System.Threading.Tasks.Sources.IValueTaskSource.GetResult(Int16 token)
   at System.Net.Sockets.Socket.<ConnectAsync>g__WaitForConnectWithCancellation|285_0(AwaitableSocketAsyncEventArgs saea, ValueTask connectTask, CancellationToken cancellationToken)
   at Grpc.Net.Client.Balancer.Internal.SocketConnectivitySubchannelTransport.TryConnectAsync(CancellationToken cancellationToken)")
   at Grpc.Net.Client.Balancer.Internal.ConnectionManager.PickAsync(PickContext context, Boolean waitForReady, CancellationToken cancellationToken)
   at Grpc.Net.Client.Balancer.Internal.BalancerHttpHandler.SendAsync(HttpRequestMessage request, CancellationToken cancellationToken)
   at Grpc.Net.Client.Internal.GrpcCall`2.RunCall(HttpRequestMessage request, Nullable`1 timeout)
   at SkyApm.Transport.Grpc.V8.ServiceRegister.<>c__DisplayClass9_0.<<ReportInstancePropertiesAsync>b__0>d.MoveNext()
--- End of stack trace from previous location ---
   at SkyApm.Transport.Grpc.Common.Call.Execute[T](Func`1 task, Func`1 errCallback, Func`1 errMessage)
2025-10-28 17:30:01.194 +08:00 [docker-arsidentityserver0421001] [Warning] SkyApm.Transport.Grpc.ConnectionManager : Connection state changed. Status(StatusCode="Unavailable", Detail="Error connecting to subchannel.", DebugException="System.Net.Sockets.SocketException (10061): 由于目标计算机积极拒绝，无法连接。
   at System.Net.Sockets.Socket.AwaitableSocketAsyncEventArgs.ThrowException(SocketError error, CancellationToken cancellationToken)
   at System.Net.Sockets.Socket.AwaitableSocketAsyncEventArgs.System.Threading.Tasks.Sources.IValueTaskSource.GetResult(Int16 token)
   at System.Net.Sockets.Socket.<ConnectAsync>g__WaitForConnectWithCancellation|285_0(AwaitableSocketAsyncEventArgs saea, ValueTask connectTask, CancellationToken cancellationToken)
   at Grpc.Net.Client.Balancer.Internal.SocketConnectivitySubchannelTransport.TryConnectAsync(CancellationToken cancellationToken)")
2025-10-28 17:30:14.149 +08:00 [docker-arsidentityserver0421001] [Information] SkyApm.Transport.Grpc.ConnectionManager : Shutdown connection[172.20.64.1:11800].
2025-10-28 17:30:14.150 +08:00 [docker-arsidentityserver0421001] [Information] SkyApm.Transport.Grpc.ConnectionManager : Connected server[172.20.64.1:11800].
2025-10-28 17:30:31.192 +08:00 [docker-arsidentityserver0421001] [Error] SkyApm.Transport.Grpc.V8.ServiceRegister : Report service instance properties fail.
Grpc.Core.RpcException: Status(StatusCode="Unavailable", Detail="Error connecting to subchannel.", DebugException="System.Net.Sockets.SocketException (10061): 由于目标计算机积极拒绝，无法连接。
   at System.Net.Sockets.Socket.AwaitableSocketAsyncEventArgs.System.Threading.Tasks.Sources.IValueTaskSource.GetResult(Int16 token)
   at System.Net.Sockets.Socket.<ConnectAsync>g__WaitForConnectWithCancellation|285_0(AwaitableSocketAsyncEventArgs saea, ValueTask connectTask, CancellationToken cancellationToken)
   at Grpc.Net.Client.Balancer.Internal.SocketConnectivitySubchannelTransport.TryConnectAsync(CancellationToken cancellationToken)")
   at Grpc.Net.Client.Balancer.Internal.ConnectionManager.PickAsync(PickContext context, Boolean waitForReady, CancellationToken cancellationToken)
   at Grpc.Net.Client.Balancer.Internal.BalancerHttpHandler.SendAsync(HttpRequestMessage request, CancellationToken cancellationToken)
   at Grpc.Net.Client.Internal.GrpcCall`2.RunCall(HttpRequestMessage request, Nullable`1 timeout)
   at SkyApm.Transport.Grpc.V8.ServiceRegister.<>c__DisplayClass9_0.<<ReportInstancePropertiesAsync>b__0>d.MoveNext()
--- End of stack trace from previous location ---
   at SkyApm.Transport.Grpc.Common.Call.Execute[T](Func`1 task, Func`1 errCallback, Func`1 errMessage)
2025-10-28 17:30:31.192 +08:00 [docker-arsidentityserver0421001] [Warning] SkyApm.Transport.Grpc.ConnectionManager : Connection state changed. Status(StatusCode="Unavailable", Detail="Error connecting to subchannel.", DebugException="System.Net.Sockets.SocketException (10061): 由于目标计算机积极拒绝，无法连接。
   at System.Net.Sockets.Socket.AwaitableSocketAsyncEventArgs.System.Threading.Tasks.Sources.IValueTaskSource.GetResult(Int16 token)
   at System.Net.Sockets.Socket.<ConnectAsync>g__WaitForConnectWithCancellation|285_0(AwaitableSocketAsyncEventArgs saea, ValueTask connectTask, CancellationToken cancellationToken)
   at Grpc.Net.Client.Balancer.Internal.SocketConnectivitySubchannelTransport.TryConnectAsync(CancellationToken cancellationToken)")
2025-10-28 17:30:44.144 +08:00 [docker-arsidentityserver0421001] [Information] SkyApm.Transport.Grpc.ConnectionManager : Shutdown connection[172.20.64.1:11800].
2025-10-28 17:30:44.145 +08:00 [docker-arsidentityserver0421001] [Information] SkyApm.Transport.Grpc.ConnectionManager : Connected server[172.20.64.1:11800].
2025-10-28 17:31:01.182 +08:00 [docker-arsidentityserver0421001] [Error] SkyApm.Transport.Grpc.V8.ServiceRegister : Report service instance properties fail.
Grpc.Core.RpcException: Status(StatusCode="Unavailable", Detail="Error connecting to subchannel.", DebugException="System.Net.Sockets.SocketException (10061): 由于目标计算机积极拒绝，无法连接。
   at System.Net.Sockets.Socket.AwaitableSocketAsyncEventArgs.System.Threading.Tasks.Sources.IValueTaskSource.GetResult(Int16 token)
   at System.Net.Sockets.Socket.<ConnectAsync>g__WaitForConnectWithCancellation|285_0(AwaitableSocketAsyncEventArgs saea, ValueTask connectTask, CancellationToken cancellationToken)
   at Grpc.Net.Client.Balancer.Internal.SocketConnectivitySubchannelTransport.TryConnectAsync(CancellationToken cancellationToken)")
   at Grpc.Net.Client.Balancer.Internal.ConnectionManager.PickAsync(PickContext context, Boolean waitForReady, CancellationToken cancellationToken)
   at Grpc.Net.Client.Balancer.Internal.BalancerHttpHandler.SendAsync(HttpRequestMessage request, CancellationToken cancellationToken)
   at Grpc.Net.Client.Internal.GrpcCall`2.RunCall(HttpRequestMessage request, Nullable`1 timeout)
   at SkyApm.Transport.Grpc.V8.ServiceRegister.<>c__DisplayClass9_0.<<ReportInstancePropertiesAsync>b__0>d.MoveNext()
--- End of stack trace from previous location ---
   at SkyApm.Transport.Grpc.Common.Call.Execute[T](Func`1 task, Func`1 errCallback, Func`1 errMessage)
2025-10-28 17:31:01.182 +08:00 [docker-arsidentityserver0421001] [Warning] SkyApm.Transport.Grpc.ConnectionManager : Connection state changed. Status(StatusCode="Unavailable", Detail="Error connecting to subchannel.", DebugException="System.Net.Sockets.SocketException (10061): 由于目标计算机积极拒绝，无法连接。
   at System.Net.Sockets.Socket.AwaitableSocketAsyncEventArgs.System.Threading.Tasks.Sources.IValueTaskSource.GetResult(Int16 token)
   at System.Net.Sockets.Socket.<ConnectAsync>g__WaitForConnectWithCancellation|285_0(AwaitableSocketAsyncEventArgs saea, ValueTask connectTask, CancellationToken cancellationToken)
   at Grpc.Net.Client.Balancer.Internal.SocketConnectivitySubchannelTransport.TryConnectAsync(CancellationToken cancellationToken)")
2025-10-28 17:31:14.144 +08:00 [docker-arsidentityserver0421001] [Information] SkyApm.Transport.Grpc.ConnectionManager : Shutdown connection[172.20.64.1:11800].
2025-10-28 17:31:14.144 +08:00 [docker-arsidentityserver0421001] [Information] SkyApm.Transport.Grpc.ConnectionManager : Connected server[172.20.64.1:11800].
2025-10-28 17:31:35.282 +08:00 [docker-arsidentityserver0421001] [Error] SkyApm.Transport.Grpc.V8.ServiceRegister : Report service instance properties fail.
Grpc.Core.RpcException: Status(StatusCode="Unavailable", Detail="Error connecting to subchannel.", DebugException="System.Net.Sockets.SocketException (10061): 由于目标计算机积极拒绝，无法连接。
   at System.Net.Sockets.Socket.AwaitableSocketAsyncEventArgs.System.Threading.Tasks.Sources.IValueTaskSource.GetResult(Int16 token)
   at System.Net.Sockets.Socket.<ConnectAsync>g__WaitForConnectWithCancellation|285_0(AwaitableSocketAsyncEventArgs saea, ValueTask connectTask, CancellationToken cancellationToken)
   at Grpc.Net.Client.Balancer.Internal.SocketConnectivitySubchannelTransport.TryConnectAsync(CancellationToken cancellationToken)")
   at Grpc.Net.Client.Balancer.Internal.ConnectionManager.PickAsync(PickContext context, Boolean waitForReady, CancellationToken cancellationToken)
   at Grpc.Net.Client.Balancer.Internal.BalancerHttpHandler.SendAsync(HttpRequestMessage request, CancellationToken cancellationToken)
   at Grpc.Net.Client.Internal.GrpcCall`2.RunCall(HttpRequestMessage request, Nullable`1 timeout)
   at SkyApm.Transport.Grpc.V8.ServiceRegister.<>c__DisplayClass9_0.<<ReportInstancePropertiesAsync>b__0>d.MoveNext()
--- End of stack trace from previous location ---
   at SkyApm.Transport.Grpc.Common.Call.Execute[T](Func`1 task, Func`1 errCallback, Func`1 errMessage)
2025-10-28 17:31:35.282 +08:00 [docker-arsidentityserver0421001] [Warning] SkyApm.Transport.Grpc.ConnectionManager : Connection state changed. Status(StatusCode="Unavailable", Detail="Error connecting to subchannel.", DebugException="System.Net.Sockets.SocketException (10061): 由于目标计算机积极拒绝，无法连接。
   at System.Net.Sockets.Socket.AwaitableSocketAsyncEventArgs.System.Threading.Tasks.Sources.IValueTaskSource.GetResult(Int16 token)
   at System.Net.Sockets.Socket.<ConnectAsync>g__WaitForConnectWithCancellation|285_0(AwaitableSocketAsyncEventArgs saea, ValueTask connectTask, CancellationToken cancellationToken)
   at Grpc.Net.Client.Balancer.Internal.SocketConnectivitySubchannelTransport.TryConnectAsync(CancellationToken cancellationToken)")
2025-10-28 17:36:28.229 +08:00 [docker-arsidentityserver0421001] [Information] SkyApm.InstrumentStartup : Initializing ...
2025-10-28 17:36:28.318 +08:00 [docker-arsidentityserver0421001] [Information] SkyApm.Service.RegisterService : Loaded instrument service [SkyApm.Service.RegisterService].
2025-10-28 17:36:28.318 +08:00 [docker-arsidentityserver0421001] [Information] SkyApm.Service.LogReportService : Loaded instrument service [SkyApm.Service.LogReportService].
2025-10-28 17:36:28.319 +08:00 [docker-arsidentityserver0421001] [Information] SkyApm.Service.PingService : Loaded instrument service [SkyApm.Service.PingService].
2025-10-28 17:36:28.320 +08:00 [docker-arsidentityserver0421001] [Information] SkyApm.Service.SegmentReportService : Loaded instrument service [SkyApm.Service.SegmentReportService].
2025-10-28 17:36:28.321 +08:00 [docker-arsidentityserver0421001] [Information] SkyApm.Service.CLRStatsService : Loaded instrument service [SkyApm.Service.CLRStatsService].
2025-10-28 17:36:28.322 +08:00 [docker-arsidentityserver0421001] [Information] SkyApm.Sampling.SimpleCountSamplingInterceptor : Loaded instrument service [SkyApm.Sampling.SimpleCountSamplingInterceptor].
2025-10-28 17:36:28.322 +08:00 [docker-arsidentityserver0421001] [Information] SkyApm.Transport.Grpc.ConnectService : Loaded instrument service [SkyApm.Transport.Grpc.ConnectService].
2025-10-28 17:36:28.357 +08:00 [docker-arsidentityserver0421001] [Information] SkyApm.InstrumentStartup : Started SkyAPM .NET Core Agent.
2025-10-28 17:36:28.428 +08:00 [docker-arsidentityserver0421001] [Information] SkyApm.Transport.Grpc.ConnectionManager : Connected server[172.20.64.1:11800].
2025-10-28 17:36:28.991 +08:00 [docker-arsidentityserver0421001] [Information] SkyApm.Diagnostics.TracingDiagnosticProcessorObserver : Loaded diagnostic listener [Grpc.Net.Client].
2025-10-28 17:36:31.804 +08:00 [docker-arsidentityserver0421001] [Error] SkyApm.Transport.Grpc.V8.ServiceRegister : Report service instance properties fail.
Grpc.Core.RpcException: Status(StatusCode="Unavailable", Detail="Error connecting to subchannel.", DebugException="System.Net.Sockets.SocketException (10061): 由于目标计算机积极拒绝，无法连接。
   at System.Net.Sockets.Socket.AwaitableSocketAsyncEventArgs.ThrowException(SocketError error, CancellationToken cancellationToken)
   at System.Net.Sockets.Socket.AwaitableSocketAsyncEventArgs.System.Threading.Tasks.Sources.IValueTaskSource.GetResult(Int16 token)
   at System.Net.Sockets.Socket.<ConnectAsync>g__WaitForConnectWithCancellation|285_0(AwaitableSocketAsyncEventArgs saea, ValueTask connectTask, CancellationToken cancellationToken)
   at Grpc.Net.Client.Balancer.Internal.SocketConnectivitySubchannelTransport.TryConnectAsync(CancellationToken cancellationToken)")
   at Grpc.Net.Client.Balancer.Internal.ConnectionManager.PickAsync(PickContext context, Boolean waitForReady, CancellationToken cancellationToken)
   at Grpc.Net.Client.Balancer.Internal.BalancerHttpHandler.SendAsync(HttpRequestMessage request, CancellationToken cancellationToken)
   at Grpc.Net.Client.Internal.GrpcCall`2.RunCall(HttpRequestMessage request, Nullable`1 timeout)
   at SkyApm.Transport.Grpc.V8.ServiceRegister.<>c__DisplayClass9_0.<<ReportInstancePropertiesAsync>b__0>d.MoveNext()
--- End of stack trace from previous location ---
   at SkyApm.Transport.Grpc.Common.Call.Execute[T](Func`1 task, Func`1 errCallback, Func`1 errMessage)
2025-10-28 17:36:31.805 +08:00 [docker-arsidentityserver0421001] [Warning] SkyApm.Transport.Grpc.ConnectionManager : Connection state changed. Status(StatusCode="Unavailable", Detail="Error connecting to subchannel.", DebugException="System.Net.Sockets.SocketException (10061): 由于目标计算机积极拒绝，无法连接。
   at System.Net.Sockets.Socket.AwaitableSocketAsyncEventArgs.ThrowException(SocketError error, CancellationToken cancellationToken)
   at System.Net.Sockets.Socket.AwaitableSocketAsyncEventArgs.System.Threading.Tasks.Sources.IValueTaskSource.GetResult(Int16 token)
   at System.Net.Sockets.Socket.<ConnectAsync>g__WaitForConnectWithCancellation|285_0(AwaitableSocketAsyncEventArgs saea, ValueTask connectTask, CancellationToken cancellationToken)
   at Grpc.Net.Client.Balancer.Internal.SocketConnectivitySubchannelTransport.TryConnectAsync(CancellationToken cancellationToken)")
2025-10-28 17:36:38.862 +08:00 [docker-arsidentityserver0421001] [Information] SkyApm.Diagnostics.TracingDiagnosticProcessorObserver : Loaded diagnostic listener [HttpHandlerDiagnosticListener].
2025-10-28 17:36:46.671 +08:00 [docker-arsidentityserver0421001] [Information] SkyApm.Transport.Grpc.ConnectionManager : Shutdown connection[172.20.64.1:11800].
2025-10-28 17:36:46.671 +08:00 [docker-arsidentityserver0421001] [Information] SkyApm.Transport.Grpc.ConnectionManager : Connected server[172.20.64.1:11800].
2025-10-28 17:37:00.367 +08:00 [docker-arsidentityserver0421001] [Error] SkyApm.Transport.Grpc.V8.ServiceRegister : Report service instance properties fail.
Grpc.Core.RpcException: Status(StatusCode="Unavailable", Detail="Error connecting to subchannel.", DebugException="System.Net.Sockets.SocketException (10061): 由于目标计算机积极拒绝，无法连接。
   at System.Net.Sockets.Socket.AwaitableSocketAsyncEventArgs.ThrowException(SocketError error, CancellationToken cancellationToken)
   at System.Net.Sockets.Socket.AwaitableSocketAsyncEventArgs.System.Threading.Tasks.Sources.IValueTaskSource.GetResult(Int16 token)
   at System.Net.Sockets.Socket.<ConnectAsync>g__WaitForConnectWithCancellation|285_0(AwaitableSocketAsyncEventArgs saea, ValueTask connectTask, CancellationToken cancellationToken)
   at Grpc.Net.Client.Balancer.Internal.SocketConnectivitySubchannelTransport.TryConnectAsync(CancellationToken cancellationToken)")
   at Grpc.Net.Client.Balancer.Internal.ConnectionManager.PickAsync(PickContext context, Boolean waitForReady, CancellationToken cancellationToken)
   at Grpc.Net.Client.Balancer.Internal.BalancerHttpHandler.SendAsync(HttpRequestMessage request, CancellationToken cancellationToken)
   at Grpc.Net.Client.Internal.GrpcCall`2.RunCall(HttpRequestMessage request, Nullable`1 timeout)
   at SkyApm.Transport.Grpc.V8.ServiceRegister.<>c__DisplayClass9_0.<<ReportInstancePropertiesAsync>b__0>d.MoveNext()
--- End of stack trace from previous location ---
   at SkyApm.Transport.Grpc.Common.Call.Execute[T](Func`1 task, Func`1 errCallback, Func`1 errMessage)
2025-10-28 17:37:00.367 +08:00 [docker-arsidentityserver0421001] [Warning] SkyApm.Transport.Grpc.ConnectionManager : Connection state changed. Status(StatusCode="Unavailable", Detail="Error connecting to subchannel.", DebugException="System.Net.Sockets.SocketException (10061): 由于目标计算机积极拒绝，无法连接。
   at System.Net.Sockets.Socket.AwaitableSocketAsyncEventArgs.ThrowException(SocketError error, CancellationToken cancellationToken)
   at System.Net.Sockets.Socket.AwaitableSocketAsyncEventArgs.System.Threading.Tasks.Sources.IValueTaskSource.GetResult(Int16 token)
   at System.Net.Sockets.Socket.<ConnectAsync>g__WaitForConnectWithCancellation|285_0(AwaitableSocketAsyncEventArgs saea, ValueTask connectTask, CancellationToken cancellationToken)
   at Grpc.Net.Client.Balancer.Internal.SocketConnectivitySubchannelTransport.TryConnectAsync(CancellationToken cancellationToken)")
2025-10-28 17:37:13.331 +08:00 [docker-arsidentityserver0421001] [Information] SkyApm.Transport.Grpc.ConnectionManager : Shutdown connection[172.20.64.1:11800].
2025-10-28 17:37:13.331 +08:00 [docker-arsidentityserver0421001] [Information] SkyApm.Transport.Grpc.ConnectionManager : Connected server[172.20.64.1:11800].
2025-10-28 17:37:30.367 +08:00 [docker-arsidentityserver0421001] [Error] SkyApm.Transport.Grpc.V8.ServiceRegister : Report service instance properties fail.
Grpc.Core.RpcException: Status(StatusCode="Unavailable", Detail="Error connecting to subchannel.", DebugException="System.Net.Sockets.SocketException (10061): 由于目标计算机积极拒绝，无法连接。
   at System.Net.Sockets.Socket.AwaitableSocketAsyncEventArgs.ThrowException(SocketError error, CancellationToken cancellationToken)
   at System.Net.Sockets.Socket.AwaitableSocketAsyncEventArgs.System.Threading.Tasks.Sources.IValueTaskSource.GetResult(Int16 token)
   at System.Net.Sockets.Socket.<ConnectAsync>g__WaitForConnectWithCancellation|285_0(AwaitableSocketAsyncEventArgs saea, ValueTask connectTask, CancellationToken cancellationToken)
   at Grpc.Net.Client.Balancer.Internal.SocketConnectivitySubchannelTransport.TryConnectAsync(CancellationToken cancellationToken)")
   at Grpc.Net.Client.Balancer.Internal.ConnectionManager.PickAsync(PickContext context, Boolean waitForReady, CancellationToken cancellationToken)
   at Grpc.Net.Client.Balancer.Internal.BalancerHttpHandler.SendAsync(HttpRequestMessage request, CancellationToken cancellationToken)
   at Grpc.Net.Client.Internal.GrpcCall`2.RunCall(HttpRequestMessage request, Nullable`1 timeout)
   at SkyApm.Transport.Grpc.V8.ServiceRegister.<>c__DisplayClass9_0.<<ReportInstancePropertiesAsync>b__0>d.MoveNext()
--- End of stack trace from previous location ---
   at SkyApm.Transport.Grpc.Common.Call.Execute[T](Func`1 task, Func`1 errCallback, Func`1 errMessage)
2025-10-28 17:37:30.367 +08:00 [docker-arsidentityserver0421001] [Warning] SkyApm.Transport.Grpc.ConnectionManager : Connection state changed. Status(StatusCode="Unavailable", Detail="Error connecting to subchannel.", DebugException="System.Net.Sockets.SocketException (10061): 由于目标计算机积极拒绝，无法连接。
   at System.Net.Sockets.Socket.AwaitableSocketAsyncEventArgs.ThrowException(SocketError error, CancellationToken cancellationToken)
   at System.Net.Sockets.Socket.AwaitableSocketAsyncEventArgs.System.Threading.Tasks.Sources.IValueTaskSource.GetResult(Int16 token)
   at System.Net.Sockets.Socket.<ConnectAsync>g__WaitForConnectWithCancellation|285_0(AwaitableSocketAsyncEventArgs saea, ValueTask connectTask, CancellationToken cancellationToken)
   at Grpc.Net.Client.Balancer.Internal.SocketConnectivitySubchannelTransport.TryConnectAsync(CancellationToken cancellationToken)")
2025-10-28 17:37:43.331 +08:00 [docker-arsidentityserver0421001] [Information] SkyApm.Transport.Grpc.ConnectionManager : Shutdown connection[172.20.64.1:11800].
2025-10-28 17:37:43.332 +08:00 [docker-arsidentityserver0421001] [Information] SkyApm.Transport.Grpc.ConnectionManager : Connected server[172.20.64.1:11800].
2025-10-28 17:38:00.378 +08:00 [docker-arsidentityserver0421001] [Error] SkyApm.Transport.Grpc.V8.ServiceRegister : Report service instance properties fail.
Grpc.Core.RpcException: Status(StatusCode="Unavailable", Detail="Error connecting to subchannel.", DebugException="System.Net.Sockets.SocketException (10061): 由于目标计算机积极拒绝，无法连接。
   at System.Net.Sockets.Socket.AwaitableSocketAsyncEventArgs.ThrowException(SocketError error, CancellationToken cancellationToken)
   at System.Net.Sockets.Socket.AwaitableSocketAsyncEventArgs.System.Threading.Tasks.Sources.IValueTaskSource.GetResult(Int16 token)
   at System.Net.Sockets.Socket.<ConnectAsync>g__WaitForConnectWithCancellation|285_0(AwaitableSocketAsyncEventArgs saea, ValueTask connectTask, CancellationToken cancellationToken)
   at Grpc.Net.Client.Balancer.Internal.SocketConnectivitySubchannelTransport.TryConnectAsync(CancellationToken cancellationToken)")
   at Grpc.Net.Client.Balancer.Internal.ConnectionManager.PickAsync(PickContext context, Boolean waitForReady, CancellationToken cancellationToken)
   at Grpc.Net.Client.Balancer.Internal.BalancerHttpHandler.SendAsync(HttpRequestMessage request, CancellationToken cancellationToken)
   at Grpc.Net.Client.Internal.GrpcCall`2.RunCall(HttpRequestMessage request, Nullable`1 timeout)
   at SkyApm.Transport.Grpc.V8.ServiceRegister.<>c__DisplayClass9_0.<<ReportInstancePropertiesAsync>b__0>d.MoveNext()
--- End of stack trace from previous location ---
   at SkyApm.Transport.Grpc.Common.Call.Execute[T](Func`1 task, Func`1 errCallback, Func`1 errMessage)
2025-10-28 17:38:00.378 +08:00 [docker-arsidentityserver0421001] [Warning] SkyApm.Transport.Grpc.ConnectionManager : Connection state changed. Status(StatusCode="Unavailable", Detail="Error connecting to subchannel.", DebugException="System.Net.Sockets.SocketException (10061): 由于目标计算机积极拒绝，无法连接。
   at System.Net.Sockets.Socket.AwaitableSocketAsyncEventArgs.ThrowException(SocketError error, CancellationToken cancellationToken)
   at System.Net.Sockets.Socket.AwaitableSocketAsyncEventArgs.System.Threading.Tasks.Sources.IValueTaskSource.GetResult(Int16 token)
   at System.Net.Sockets.Socket.<ConnectAsync>g__WaitForConnectWithCancellation|285_0(AwaitableSocketAsyncEventArgs saea, ValueTask connectTask, CancellationToken cancellationToken)
   at Grpc.Net.Client.Balancer.Internal.SocketConnectivitySubchannelTransport.TryConnectAsync(CancellationToken cancellationToken)")
2025-10-28 17:38:13.336 +08:00 [docker-arsidentityserver0421001] [Information] SkyApm.Transport.Grpc.ConnectionManager : Shutdown connection[172.20.64.1:11800].
2025-10-28 17:38:13.337 +08:00 [docker-arsidentityserver0421001] [Information] SkyApm.Transport.Grpc.ConnectionManager : Connected server[172.20.64.1:11800].
2025-10-28 17:38:30.377 +08:00 [docker-arsidentityserver0421001] [Error] SkyApm.Transport.Grpc.V8.ServiceRegister : Report service instance properties fail.
Grpc.Core.RpcException: Status(StatusCode="Unavailable", Detail="Error connecting to subchannel.", DebugException="System.Net.Sockets.SocketException (10061): 由于目标计算机积极拒绝，无法连接。
   at System.Net.Sockets.Socket.AwaitableSocketAsyncEventArgs.ThrowException(SocketError error, CancellationToken cancellationToken)
   at System.Net.Sockets.Socket.AwaitableSocketAsyncEventArgs.System.Threading.Tasks.Sources.IValueTaskSource.GetResult(Int16 token)
   at System.Net.Sockets.Socket.<ConnectAsync>g__WaitForConnectWithCancellation|285_0(AwaitableSocketAsyncEventArgs saea, ValueTask connectTask, CancellationToken cancellationToken)
   at Grpc.Net.Client.Balancer.Internal.SocketConnectivitySubchannelTransport.TryConnectAsync(CancellationToken cancellationToken)")
   at Grpc.Net.Client.Balancer.Internal.ConnectionManager.PickAsync(PickContext context, Boolean waitForReady, CancellationToken cancellationToken)
   at Grpc.Net.Client.Balancer.Internal.BalancerHttpHandler.SendAsync(HttpRequestMessage request, CancellationToken cancellationToken)
   at Grpc.Net.Client.Internal.GrpcCall`2.RunCall(HttpRequestMessage request, Nullable`1 timeout)
   at SkyApm.Transport.Grpc.V8.ServiceRegister.<>c__DisplayClass9_0.<<ReportInstancePropertiesAsync>b__0>d.MoveNext()
--- End of stack trace from previous location ---
   at SkyApm.Transport.Grpc.Common.Call.Execute[T](Func`1 task, Func`1 errCallback, Func`1 errMessage)
2025-10-28 17:38:30.378 +08:00 [docker-arsidentityserver0421001] [Warning] SkyApm.Transport.Grpc.ConnectionManager : Connection state changed. Status(StatusCode="Unavailable", Detail="Error connecting to subchannel.", DebugException="System.Net.Sockets.SocketException (10061): 由于目标计算机积极拒绝，无法连接。
   at System.Net.Sockets.Socket.AwaitableSocketAsyncEventArgs.ThrowException(SocketError error, CancellationToken cancellationToken)
   at System.Net.Sockets.Socket.AwaitableSocketAsyncEventArgs.System.Threading.Tasks.Sources.IValueTaskSource.GetResult(Int16 token)
   at System.Net.Sockets.Socket.<ConnectAsync>g__WaitForConnectWithCancellation|285_0(AwaitableSocketAsyncEventArgs saea, ValueTask connectTask, CancellationToken cancellationToken)
   at Grpc.Net.Client.Balancer.Internal.SocketConnectivitySubchannelTransport.TryConnectAsync(CancellationToken cancellationToken)")
2025-10-28 17:38:43.329 +08:00 [docker-arsidentityserver0421001] [Information] SkyApm.Transport.Grpc.ConnectionManager : Shutdown connection[172.20.64.1:11800].
2025-10-28 17:38:43.329 +08:00 [docker-arsidentityserver0421001] [Information] SkyApm.Transport.Grpc.ConnectionManager : Connected server[172.20.64.1:11800].
2025-10-28 17:39:00.382 +08:00 [docker-arsidentityserver0421001] [Error] SkyApm.Transport.Grpc.V8.ServiceRegister : Report service instance properties fail.
Grpc.Core.RpcException: Status(StatusCode="Unavailable", Detail="Error connecting to subchannel.", DebugException="System.Net.Sockets.SocketException (10061): 由于目标计算机积极拒绝，无法连接。
   at System.Net.Sockets.Socket.AwaitableSocketAsyncEventArgs.ThrowException(SocketError error, CancellationToken cancellationToken)
   at System.Net.Sockets.Socket.AwaitableSocketAsyncEventArgs.System.Threading.Tasks.Sources.IValueTaskSource.GetResult(Int16 token)
   at System.Net.Sockets.Socket.<ConnectAsync>g__WaitForConnectWithCancellation|285_0(AwaitableSocketAsyncEventArgs saea, ValueTask connectTask, CancellationToken cancellationToken)
   at Grpc.Net.Client.Balancer.Internal.SocketConnectivitySubchannelTransport.TryConnectAsync(CancellationToken cancellationToken)")
   at Grpc.Net.Client.Balancer.Internal.ConnectionManager.PickAsync(PickContext context, Boolean waitForReady, CancellationToken cancellationToken)
   at Grpc.Net.Client.Balancer.Internal.BalancerHttpHandler.SendAsync(HttpRequestMessage request, CancellationToken cancellationToken)
   at Grpc.Net.Client.Internal.GrpcCall`2.RunCall(HttpRequestMessage request, Nullable`1 timeout)
   at SkyApm.Transport.Grpc.V8.ServiceRegister.<>c__DisplayClass9_0.<<ReportInstancePropertiesAsync>b__0>d.MoveNext()
--- End of stack trace from previous location ---
   at SkyApm.Transport.Grpc.Common.Call.Execute[T](Func`1 task, Func`1 errCallback, Func`1 errMessage)
2025-10-28 17:39:00.383 +08:00 [docker-arsidentityserver0421001] [Warning] SkyApm.Transport.Grpc.ConnectionManager : Connection state changed. Status(StatusCode="Unavailable", Detail="Error connecting to subchannel.", DebugException="System.Net.Sockets.SocketException (10061): 由于目标计算机积极拒绝，无法连接。
   at System.Net.Sockets.Socket.AwaitableSocketAsyncEventArgs.ThrowException(SocketError error, CancellationToken cancellationToken)
   at System.Net.Sockets.Socket.AwaitableSocketAsyncEventArgs.System.Threading.Tasks.Sources.IValueTaskSource.GetResult(Int16 token)
   at System.Net.Sockets.Socket.<ConnectAsync>g__WaitForConnectWithCancellation|285_0(AwaitableSocketAsyncEventArgs saea, ValueTask connectTask, CancellationToken cancellationToken)
   at Grpc.Net.Client.Balancer.Internal.SocketConnectivitySubchannelTransport.TryConnectAsync(CancellationToken cancellationToken)")
2025-10-28 17:39:13.335 +08:00 [docker-arsidentityserver0421001] [Information] SkyApm.Transport.Grpc.ConnectionManager : Shutdown connection[172.20.64.1:11800].
2025-10-28 17:39:13.335 +08:00 [docker-arsidentityserver0421001] [Information] SkyApm.Transport.Grpc.ConnectionManager : Connected server[172.20.64.1:11800].
2025-10-28 17:39:30.368 +08:00 [docker-arsidentityserver0421001] [Error] SkyApm.Transport.Grpc.V8.ServiceRegister : Report service instance properties fail.
Grpc.Core.RpcException: Status(StatusCode="Unavailable", Detail="Error connecting to subchannel.", DebugException="System.Net.Sockets.SocketException (10061): 由于目标计算机积极拒绝，无法连接。
   at System.Net.Sockets.Socket.AwaitableSocketAsyncEventArgs.ThrowException(SocketError error, CancellationToken cancellationToken)
   at System.Net.Sockets.Socket.AwaitableSocketAsyncEventArgs.System.Threading.Tasks.Sources.IValueTaskSource.GetResult(Int16 token)
   at System.Net.Sockets.Socket.<ConnectAsync>g__WaitForConnectWithCancellation|285_0(AwaitableSocketAsyncEventArgs saea, ValueTask connectTask, CancellationToken cancellationToken)
   at Grpc.Net.Client.Balancer.Internal.SocketConnectivitySubchannelTransport.TryConnectAsync(CancellationToken cancellationToken)")
   at Grpc.Net.Client.Balancer.Internal.ConnectionManager.PickAsync(PickContext context, Boolean waitForReady, CancellationToken cancellationToken)
   at Grpc.Net.Client.Balancer.Internal.BalancerHttpHandler.SendAsync(HttpRequestMessage request, CancellationToken cancellationToken)
   at Grpc.Net.Client.Internal.GrpcCall`2.RunCall(HttpRequestMessage request, Nullable`1 timeout)
   at SkyApm.Transport.Grpc.V8.ServiceRegister.<>c__DisplayClass9_0.<<ReportInstancePropertiesAsync>b__0>d.MoveNext()
--- End of stack trace from previous location ---
   at SkyApm.Transport.Grpc.Common.Call.Execute[T](Func`1 task, Func`1 errCallback, Func`1 errMessage)
2025-10-28 17:39:30.368 +08:00 [docker-arsidentityserver0421001] [Warning] SkyApm.Transport.Grpc.ConnectionManager : Connection state changed. Status(StatusCode="Unavailable", Detail="Error connecting to subchannel.", DebugException="System.Net.Sockets.SocketException (10061): 由于目标计算机积极拒绝，无法连接。
   at System.Net.Sockets.Socket.AwaitableSocketAsyncEventArgs.ThrowException(SocketError error, CancellationToken cancellationToken)
   at System.Net.Sockets.Socket.AwaitableSocketAsyncEventArgs.System.Threading.Tasks.Sources.IValueTaskSource.GetResult(Int16 token)
   at System.Net.Sockets.Socket.<ConnectAsync>g__WaitForConnectWithCancellation|285_0(AwaitableSocketAsyncEventArgs saea, ValueTask connectTask, CancellationToken cancellationToken)
   at Grpc.Net.Client.Balancer.Internal.SocketConnectivitySubchannelTransport.TryConnectAsync(CancellationToken cancellationToken)")
2025-10-28 17:39:43.326 +08:00 [docker-arsidentityserver0421001] [Information] SkyApm.Transport.Grpc.ConnectionManager : Shutdown connection[172.20.64.1:11800].
2025-10-28 17:39:43.327 +08:00 [docker-arsidentityserver0421001] [Information] SkyApm.Transport.Grpc.ConnectionManager : Connected server[172.20.64.1:11800].
2025-10-28 17:40:00.384 +08:00 [docker-arsidentityserver0421001] [Error] SkyApm.Transport.Grpc.V8.ServiceRegister : Report service instance properties fail.
Grpc.Core.RpcException: Status(StatusCode="Unavailable", Detail="Error connecting to subchannel.", DebugException="System.Net.Sockets.SocketException (10061): 由于目标计算机积极拒绝，无法连接。
   at System.Net.Sockets.Socket.AwaitableSocketAsyncEventArgs.System.Threading.Tasks.Sources.IValueTaskSource.GetResult(Int16 token)
   at System.Net.Sockets.Socket.<ConnectAsync>g__WaitForConnectWithCancellation|285_0(AwaitableSocketAsyncEventArgs saea, ValueTask connectTask, CancellationToken cancellationToken)
   at Grpc.Net.Client.Balancer.Internal.SocketConnectivitySubchannelTransport.TryConnectAsync(CancellationToken cancellationToken)")
   at Grpc.Net.Client.Balancer.Internal.ConnectionManager.PickAsync(PickContext context, Boolean waitForReady, CancellationToken cancellationToken)
   at Grpc.Net.Client.Balancer.Internal.BalancerHttpHandler.SendAsync(HttpRequestMessage request, CancellationToken cancellationToken)
   at Grpc.Net.Client.Internal.GrpcCall`2.RunCall(HttpRequestMessage request, Nullable`1 timeout)
   at SkyApm.Transport.Grpc.V8.ServiceRegister.<>c__DisplayClass9_0.<<ReportInstancePropertiesAsync>b__0>d.MoveNext()
--- End of stack trace from previous location ---
   at SkyApm.Transport.Grpc.Common.Call.Execute[T](Func`1 task, Func`1 errCallback, Func`1 errMessage)
2025-10-28 17:40:00.384 +08:00 [docker-arsidentityserver0421001] [Warning] SkyApm.Transport.Grpc.ConnectionManager : Connection state changed. Status(StatusCode="Unavailable", Detail="Error connecting to subchannel.", DebugException="System.Net.Sockets.SocketException (10061): 由于目标计算机积极拒绝，无法连接。
   at System.Net.Sockets.Socket.AwaitableSocketAsyncEventArgs.System.Threading.Tasks.Sources.IValueTaskSource.GetResult(Int16 token)
   at System.Net.Sockets.Socket.<ConnectAsync>g__WaitForConnectWithCancellation|285_0(AwaitableSocketAsyncEventArgs saea, ValueTask connectTask, CancellationToken cancellationToken)
   at Grpc.Net.Client.Balancer.Internal.SocketConnectivitySubchannelTransport.TryConnectAsync(CancellationToken cancellationToken)")
