2026-02-02 09:36:24.797 +08:00 [grpcservice] [Information] SkyApm.InstrumentStartup : Initializing ...
2026-02-02 09:36:24.859 +08:00 [grpcservice] [Information] SkyApm.Service.RegisterService : Loaded instrument service [SkyApm.Service.RegisterService].
2026-02-02 09:36:24.860 +08:00 [grpcservice] [Information] SkyApm.Service.LogReportService : Loaded instrument service [SkyApm.Service.LogReportService].
2026-02-02 09:36:24.860 +08:00 [grpcservice] [Information] SkyApm.Service.PingService : Loaded instrument service [SkyApm.Service.PingService].
2026-02-02 09:36:24.860 +08:00 [grpcservice] [Information] SkyApm.Service.SegmentReportService : Loaded instrument service [SkyApm.Service.SegmentReportService].
2026-02-02 09:36:24.861 +08:00 [grpcservice] [Information] SkyApm.Service.CLRStatsService : Loaded instrument service [SkyApm.Service.CLRStatsService].
2026-02-02 09:36:24.862 +08:00 [grpcservice] [Information] SkyApm.Sampling.SimpleCountSamplingInterceptor : Loaded instrument service [SkyApm.Sampling.SimpleCountSamplingInterceptor].
2026-02-02 09:36:24.862 +08:00 [grpcservice] [Information] SkyApm.Transport.Grpc.ConnectService : Loaded instrument service [SkyApm.Transport.Grpc.ConnectService].
2026-02-02 09:36:24.916 +08:00 [grpcservice] [Information] SkyApm.Transport.Grpc.ConnectionManager : Connected server[127.0.0.1:11800].
2026-02-02 09:36:24.922 +08:00 [grpcservice] [Information] SkyApm.Diagnostics.TracingDiagnosticProcessorObserver : Loaded diagnostic listener [HttpHandlerDiagnosticListener].
2026-02-02 09:36:24.923 +08:00 [grpcservice] [Information] SkyApm.InstrumentStartup : Started SkyAPM .NET Core Agent.
2026-02-02 09:36:25.608 +08:00 [grpcservice] [Information] SkyApm.Diagnostics.TracingDiagnosticProcessorObserver : Loaded diagnostic listener [Grpc.Net.Client].
2026-02-02 09:36:28.032 +08:00 [grpcservice] [Error] SkyApm.Transport.Grpc.V8.ServiceRegister : Report service instance properties fail.
Grpc.Core.RpcException: Status(StatusCode="Unavailable", Detail="Error connecting to subchannel.", DebugException="System.Net.Sockets.SocketException: 由于目标计算机积极拒绝，无法连接。")
 ---> System.Net.Sockets.SocketException (10061): 由于目标计算机积极拒绝，无法连接。
   at System.Net.Sockets.Socket.AwaitableSocketAsyncEventArgs.ThrowException(SocketError error, CancellationToken cancellationToken)
   at System.Net.Sockets.Socket.AwaitableSocketAsyncEventArgs.System.Threading.Tasks.Sources.IValueTaskSource.GetResult(Int16 token)
   at System.Net.Sockets.Socket.<ConnectAsync>g__WaitForConnectWithCancellation|285_0(AwaitableSocketAsyncEventArgs saea, ValueTask connectTask, CancellationToken cancellationToken)
   at Grpc.Net.Client.Balancer.Internal.SocketConnectivitySubchannelTransport.TryConnectAsync(ConnectContext context, Int32 attempt)
   --- End of inner exception stack trace ---
   at Grpc.Net.Client.Balancer.Internal.ConnectionManager.PickAsync(PickContext context, Boolean waitForReady, CancellationToken cancellationToken)
   at Grpc.Net.Client.Balancer.Internal.BalancerHttpHandler.SendAsync(HttpRequestMessage request, CancellationToken cancellationToken)
   at Grpc.Net.Client.Internal.GrpcCall`2.RunCall(HttpRequestMessage request, Nullable`1 timeout)
   at Grpc.Net.Client.Internal.GrpcCall`2.GetResponseHeadersCoreAsync()
   at SkyApm.Transport.Grpc.V8.ServiceRegister.<>c__DisplayClass9_0.<<ReportInstancePropertiesAsync>b__0>d.MoveNext()
--- End of stack trace from previous location ---
   at SkyApm.Transport.Grpc.Common.Call.Execute[T](Func`1 task, Func`1 errCallback, Func`1 errMessage)
2026-02-02 09:36:28.033 +08:00 [grpcservice] [Warning] SkyApm.Transport.Grpc.ConnectionManager : Connection state changed. Status(StatusCode="Unavailable", Detail="Error connecting to subchannel.", DebugException="System.Net.Sockets.SocketException: 由于目标计算机积极拒绝，无法连接。")
2026-02-02 09:36:39.878 +08:00 [grpcservice] [Information] SkyApm.Transport.Grpc.ConnectionManager : Shutdown connection[127.0.0.1:11800].
2026-02-02 09:36:39.879 +08:00 [grpcservice] [Information] SkyApm.Transport.Grpc.ConnectionManager : Connected server[127.0.0.1:11800].
2026-02-02 09:36:56.926 +08:00 [grpcservice] [Error] SkyApm.Transport.Grpc.V8.ServiceRegister : Report service instance properties fail.
Grpc.Core.RpcException: Status(StatusCode="Unavailable", Detail="Error connecting to subchannel.", DebugException="System.Net.Sockets.SocketException: 由于目标计算机积极拒绝，无法连接。")
 ---> System.Net.Sockets.SocketException (10061): 由于目标计算机积极拒绝，无法连接。
   at System.Net.Sockets.Socket.AwaitableSocketAsyncEventArgs.ThrowException(SocketError error, CancellationToken cancellationToken)
   at System.Net.Sockets.Socket.AwaitableSocketAsyncEventArgs.System.Threading.Tasks.Sources.IValueTaskSource.GetResult(Int16 token)
   at System.Net.Sockets.Socket.<ConnectAsync>g__WaitForConnectWithCancellation|285_0(AwaitableSocketAsyncEventArgs saea, ValueTask connectTask, CancellationToken cancellationToken)
   at Grpc.Net.Client.Balancer.Internal.SocketConnectivitySubchannelTransport.TryConnectAsync(ConnectContext context, Int32 attempt)
   --- End of inner exception stack trace ---
   at Grpc.Net.Client.Balancer.Internal.ConnectionManager.PickAsync(PickContext context, Boolean waitForReady, CancellationToken cancellationToken)
   at Grpc.Net.Client.Balancer.Internal.BalancerHttpHandler.SendAsync(HttpRequestMessage request, CancellationToken cancellationToken)
   at Grpc.Net.Client.Internal.GrpcCall`2.RunCall(HttpRequestMessage request, Nullable`1 timeout)
   at Grpc.Net.Client.Internal.GrpcCall`2.GetResponseHeadersCoreAsync()
   at SkyApm.Transport.Grpc.V8.ServiceRegister.<>c__DisplayClass9_0.<<ReportInstancePropertiesAsync>b__0>d.MoveNext()
--- End of stack trace from previous location ---
   at SkyApm.Transport.Grpc.Common.Call.Execute[T](Func`1 task, Func`1 errCallback, Func`1 errMessage)
2026-02-02 09:36:56.926 +08:00 [grpcservice] [Warning] SkyApm.Transport.Grpc.ConnectionManager : Connection state changed. Status(StatusCode="Unavailable", Detail="Error connecting to subchannel.", DebugException="System.Net.Sockets.SocketException: 由于目标计算机积极拒绝，无法连接。")
2026-02-02 09:37:09.873 +08:00 [grpcservice] [Information] SkyApm.Transport.Grpc.ConnectionManager : Shutdown connection[127.0.0.1:11800].
2026-02-02 09:37:09.873 +08:00 [grpcservice] [Information] SkyApm.Transport.Grpc.ConnectionManager : Connected server[127.0.0.1:11800].
2026-02-02 09:37:26.901 +08:00 [grpcservice] [Error] SkyApm.Transport.Grpc.V8.ServiceRegister : Report service instance properties fail.
Grpc.Core.RpcException: Status(StatusCode="Unavailable", Detail="Error connecting to subchannel.", DebugException="System.Net.Sockets.SocketException: 由于目标计算机积极拒绝，无法连接。")
 ---> System.Net.Sockets.SocketException (10061): 由于目标计算机积极拒绝，无法连接。
   at System.Net.Sockets.Socket.AwaitableSocketAsyncEventArgs.ThrowException(SocketError error, CancellationToken cancellationToken)
   at System.Net.Sockets.Socket.AwaitableSocketAsyncEventArgs.System.Threading.Tasks.Sources.IValueTaskSource.GetResult(Int16 token)
   at System.Net.Sockets.Socket.<ConnectAsync>g__WaitForConnectWithCancellation|285_0(AwaitableSocketAsyncEventArgs saea, ValueTask connectTask, CancellationToken cancellationToken)
   at Grpc.Net.Client.Balancer.Internal.SocketConnectivitySubchannelTransport.TryConnectAsync(ConnectContext context, Int32 attempt)
   --- End of inner exception stack trace ---
   at Grpc.Net.Client.Balancer.Internal.ConnectionManager.PickAsync(PickContext context, Boolean waitForReady, CancellationToken cancellationToken)
   at Grpc.Net.Client.Balancer.Internal.BalancerHttpHandler.SendAsync(HttpRequestMessage request, CancellationToken cancellationToken)
   at Grpc.Net.Client.Internal.GrpcCall`2.RunCall(HttpRequestMessage request, Nullable`1 timeout)
   at Grpc.Net.Client.Internal.GrpcCall`2.GetResponseHeadersCoreAsync()
   at SkyApm.Transport.Grpc.V8.ServiceRegister.<>c__DisplayClass9_0.<<ReportInstancePropertiesAsync>b__0>d.MoveNext()
--- End of stack trace from previous location ---
   at SkyApm.Transport.Grpc.Common.Call.Execute[T](Func`1 task, Func`1 errCallback, Func`1 errMessage)
2026-02-02 09:37:26.902 +08:00 [grpcservice] [Warning] SkyApm.Transport.Grpc.ConnectionManager : Connection state changed. Status(StatusCode="Unavailable", Detail="Error connecting to subchannel.", DebugException="System.Net.Sockets.SocketException: 由于目标计算机积极拒绝，无法连接。")
2026-02-02 09:37:39.873 +08:00 [grpcservice] [Information] SkyApm.Transport.Grpc.ConnectionManager : Shutdown connection[127.0.0.1:11800].
2026-02-02 09:37:39.873 +08:00 [grpcservice] [Information] SkyApm.Transport.Grpc.ConnectionManager : Connected server[127.0.0.1:11800].
2026-02-02 09:37:56.904 +08:00 [grpcservice] [Error] SkyApm.Transport.Grpc.V8.ServiceRegister : Report service instance properties fail.
Grpc.Core.RpcException: Status(StatusCode="Unavailable", Detail="Error connecting to subchannel.", DebugException="System.Net.Sockets.SocketException: 由于目标计算机积极拒绝，无法连接。")
 ---> System.Net.Sockets.SocketException (10061): 由于目标计算机积极拒绝，无法连接。
   at System.Net.Sockets.Socket.AwaitableSocketAsyncEventArgs.ThrowException(SocketError error, CancellationToken cancellationToken)
   at System.Net.Sockets.Socket.AwaitableSocketAsyncEventArgs.System.Threading.Tasks.Sources.IValueTaskSource.GetResult(Int16 token)
   at System.Net.Sockets.Socket.<ConnectAsync>g__WaitForConnectWithCancellation|285_0(AwaitableSocketAsyncEventArgs saea, ValueTask connectTask, CancellationToken cancellationToken)
   at Grpc.Net.Client.Balancer.Internal.SocketConnectivitySubchannelTransport.TryConnectAsync(ConnectContext context, Int32 attempt)
   --- End of inner exception stack trace ---
   at Grpc.Net.Client.Balancer.Internal.ConnectionManager.PickAsync(PickContext context, Boolean waitForReady, CancellationToken cancellationToken)
   at Grpc.Net.Client.Balancer.Internal.BalancerHttpHandler.SendAsync(HttpRequestMessage request, CancellationToken cancellationToken)
   at Grpc.Net.Client.Internal.GrpcCall`2.RunCall(HttpRequestMessage request, Nullable`1 timeout)
   at Grpc.Net.Client.Internal.GrpcCall`2.GetResponseHeadersCoreAsync()
   at SkyApm.Transport.Grpc.V8.ServiceRegister.<>c__DisplayClass9_0.<<ReportInstancePropertiesAsync>b__0>d.MoveNext()
--- End of stack trace from previous location ---
   at SkyApm.Transport.Grpc.Common.Call.Execute[T](Func`1 task, Func`1 errCallback, Func`1 errMessage)
2026-02-02 09:37:56.905 +08:00 [grpcservice] [Warning] SkyApm.Transport.Grpc.ConnectionManager : Connection state changed. Status(StatusCode="Unavailable", Detail="Error connecting to subchannel.", DebugException="System.Net.Sockets.SocketException: 由于目标计算机积极拒绝，无法连接。")
2026-02-02 09:38:09.863 +08:00 [grpcservice] [Information] SkyApm.Transport.Grpc.ConnectionManager : Shutdown connection[127.0.0.1:11800].
2026-02-02 09:38:09.864 +08:00 [grpcservice] [Information] SkyApm.Transport.Grpc.ConnectionManager : Connected server[127.0.0.1:11800].
2026-02-02 09:38:26.918 +08:00 [grpcservice] [Error] SkyApm.Transport.Grpc.V8.ServiceRegister : Report service instance properties fail.
Grpc.Core.RpcException: Status(StatusCode="Unavailable", Detail="Error connecting to subchannel.", DebugException="System.Net.Sockets.SocketException: 由于目标计算机积极拒绝，无法连接。")
 ---> System.Net.Sockets.SocketException (10061): 由于目标计算机积极拒绝，无法连接。
   at System.Net.Sockets.Socket.AwaitableSocketAsyncEventArgs.ThrowException(SocketError error, CancellationToken cancellationToken)
   at System.Net.Sockets.Socket.AwaitableSocketAsyncEventArgs.System.Threading.Tasks.Sources.IValueTaskSource.GetResult(Int16 token)
   at System.Net.Sockets.Socket.<ConnectAsync>g__WaitForConnectWithCancellation|285_0(AwaitableSocketAsyncEventArgs saea, ValueTask connectTask, CancellationToken cancellationToken)
   at Grpc.Net.Client.Balancer.Internal.SocketConnectivitySubchannelTransport.TryConnectAsync(ConnectContext context, Int32 attempt)
   --- End of inner exception stack trace ---
   at Grpc.Net.Client.Balancer.Internal.ConnectionManager.PickAsync(PickContext context, Boolean waitForReady, CancellationToken cancellationToken)
   at Grpc.Net.Client.Balancer.Internal.BalancerHttpHandler.SendAsync(HttpRequestMessage request, CancellationToken cancellationToken)
   at Grpc.Net.Client.Internal.GrpcCall`2.RunCall(HttpRequestMessage request, Nullable`1 timeout)
   at Grpc.Net.Client.Internal.GrpcCall`2.GetResponseHeadersCoreAsync()
   at SkyApm.Transport.Grpc.V8.ServiceRegister.<>c__DisplayClass9_0.<<ReportInstancePropertiesAsync>b__0>d.MoveNext()
--- End of stack trace from previous location ---
   at SkyApm.Transport.Grpc.Common.Call.Execute[T](Func`1 task, Func`1 errCallback, Func`1 errMessage)
2026-02-02 09:38:26.918 +08:00 [grpcservice] [Warning] SkyApm.Transport.Grpc.ConnectionManager : Connection state changed. Status(StatusCode="Unavailable", Detail="Error connecting to subchannel.", DebugException="System.Net.Sockets.SocketException: 由于目标计算机积极拒绝，无法连接。")
2026-02-02 09:38:39.875 +08:00 [grpcservice] [Information] SkyApm.Transport.Grpc.ConnectionManager : Shutdown connection[127.0.0.1:11800].
2026-02-02 09:38:39.875 +08:00 [grpcservice] [Information] SkyApm.Transport.Grpc.ConnectionManager : Connected server[127.0.0.1:11800].
2026-02-02 09:38:56.890 +08:00 [grpcservice] [Error] SkyApm.Transport.Grpc.V8.ServiceRegister : Report service instance properties fail.
Grpc.Core.RpcException: Status(StatusCode="Unavailable", Detail="Error connecting to subchannel.", DebugException="System.Net.Sockets.SocketException: 由于目标计算机积极拒绝，无法连接。")
 ---> System.Net.Sockets.SocketException (10061): 由于目标计算机积极拒绝，无法连接。
   at System.Net.Sockets.Socket.AwaitableSocketAsyncEventArgs.ThrowException(SocketError error, CancellationToken cancellationToken)
   at System.Net.Sockets.Socket.AwaitableSocketAsyncEventArgs.System.Threading.Tasks.Sources.IValueTaskSource.GetResult(Int16 token)
   at System.Net.Sockets.Socket.<ConnectAsync>g__WaitForConnectWithCancellation|285_0(AwaitableSocketAsyncEventArgs saea, ValueTask connectTask, CancellationToken cancellationToken)
   at Grpc.Net.Client.Balancer.Internal.SocketConnectivitySubchannelTransport.TryConnectAsync(ConnectContext context, Int32 attempt)
   --- End of inner exception stack trace ---
   at Grpc.Net.Client.Balancer.Internal.ConnectionManager.PickAsync(PickContext context, Boolean waitForReady, CancellationToken cancellationToken)
   at Grpc.Net.Client.Balancer.Internal.BalancerHttpHandler.SendAsync(HttpRequestMessage request, CancellationToken cancellationToken)
   at Grpc.Net.Client.Internal.GrpcCall`2.RunCall(HttpRequestMessage request, Nullable`1 timeout)
   at Grpc.Net.Client.Internal.GrpcCall`2.GetResponseHeadersCoreAsync()
   at SkyApm.Transport.Grpc.V8.ServiceRegister.<>c__DisplayClass9_0.<<ReportInstancePropertiesAsync>b__0>d.MoveNext()
--- End of stack trace from previous location ---
   at SkyApm.Transport.Grpc.Common.Call.Execute[T](Func`1 task, Func`1 errCallback, Func`1 errMessage)
2026-02-02 09:38:56.890 +08:00 [grpcservice] [Warning] SkyApm.Transport.Grpc.ConnectionManager : Connection state changed. Status(StatusCode="Unavailable", Detail="Error connecting to subchannel.", DebugException="System.Net.Sockets.SocketException: 由于目标计算机积极拒绝，无法连接。")
2026-02-02 09:39:09.867 +08:00 [grpcservice] [Information] SkyApm.Transport.Grpc.ConnectionManager : Shutdown connection[127.0.0.1:11800].
2026-02-02 09:39:09.867 +08:00 [grpcservice] [Information] SkyApm.Transport.Grpc.ConnectionManager : Connected server[127.0.0.1:11800].
2026-02-02 09:39:26.913 +08:00 [grpcservice] [Error] SkyApm.Transport.Grpc.V8.ServiceRegister : Report service instance properties fail.
Grpc.Core.RpcException: Status(StatusCode="Unavailable", Detail="Error connecting to subchannel.", DebugException="System.Net.Sockets.SocketException: 由于目标计算机积极拒绝，无法连接。")
 ---> System.Net.Sockets.SocketException (10061): 由于目标计算机积极拒绝，无法连接。
   at System.Net.Sockets.Socket.AwaitableSocketAsyncEventArgs.ThrowException(SocketError error, CancellationToken cancellationToken)
   at System.Net.Sockets.Socket.AwaitableSocketAsyncEventArgs.System.Threading.Tasks.Sources.IValueTaskSource.GetResult(Int16 token)
   at System.Net.Sockets.Socket.<ConnectAsync>g__WaitForConnectWithCancellation|285_0(AwaitableSocketAsyncEventArgs saea, ValueTask connectTask, CancellationToken cancellationToken)
   at Grpc.Net.Client.Balancer.Internal.SocketConnectivitySubchannelTransport.TryConnectAsync(ConnectContext context, Int32 attempt)
   --- End of inner exception stack trace ---
   at Grpc.Net.Client.Balancer.Internal.ConnectionManager.PickAsync(PickContext context, Boolean waitForReady, CancellationToken cancellationToken)
   at Grpc.Net.Client.Balancer.Internal.BalancerHttpHandler.SendAsync(HttpRequestMessage request, CancellationToken cancellationToken)
   at Grpc.Net.Client.Internal.GrpcCall`2.RunCall(HttpRequestMessage request, Nullable`1 timeout)
   at Grpc.Net.Client.Internal.GrpcCall`2.GetResponseHeadersCoreAsync()
   at SkyApm.Transport.Grpc.V8.ServiceRegister.<>c__DisplayClass9_0.<<ReportInstancePropertiesAsync>b__0>d.MoveNext()
--- End of stack trace from previous location ---
   at SkyApm.Transport.Grpc.Common.Call.Execute[T](Func`1 task, Func`1 errCallback, Func`1 errMessage)
2026-02-02 09:39:26.914 +08:00 [grpcservice] [Warning] SkyApm.Transport.Grpc.ConnectionManager : Connection state changed. Status(StatusCode="Unavailable", Detail="Error connecting to subchannel.", DebugException="System.Net.Sockets.SocketException: 由于目标计算机积极拒绝，无法连接。")
2026-02-02 09:39:39.868 +08:00 [grpcservice] [Information] SkyApm.Transport.Grpc.ConnectionManager : Shutdown connection[127.0.0.1:11800].
2026-02-02 09:39:39.869 +08:00 [grpcservice] [Information] SkyApm.Transport.Grpc.ConnectionManager : Connected server[127.0.0.1:11800].
2026-02-02 09:39:56.927 +08:00 [grpcservice] [Error] SkyApm.Transport.Grpc.V8.ServiceRegister : Report service instance properties fail.
Grpc.Core.RpcException: Status(StatusCode="Unavailable", Detail="Error connecting to subchannel.", DebugException="System.Net.Sockets.SocketException: 由于目标计算机积极拒绝，无法连接。")
 ---> System.Net.Sockets.SocketException (10061): 由于目标计算机积极拒绝，无法连接。
   at System.Net.Sockets.Socket.AwaitableSocketAsyncEventArgs.System.Threading.Tasks.Sources.IValueTaskSource.GetResult(Int16 token)
   at System.Net.Sockets.Socket.<ConnectAsync>g__WaitForConnectWithCancellation|285_0(AwaitableSocketAsyncEventArgs saea, ValueTask connectTask, CancellationToken cancellationToken)
   at Grpc.Net.Client.Balancer.Internal.SocketConnectivitySubchannelTransport.TryConnectAsync(ConnectContext context, Int32 attempt)
   --- End of inner exception stack trace ---
   at Grpc.Net.Client.Balancer.Internal.ConnectionManager.PickAsync(PickContext context, Boolean waitForReady, CancellationToken cancellationToken)
   at Grpc.Net.Client.Balancer.Internal.BalancerHttpHandler.SendAsync(HttpRequestMessage request, CancellationToken cancellationToken)
   at Grpc.Net.Client.Internal.GrpcCall`2.RunCall(HttpRequestMessage request, Nullable`1 timeout)
   at Grpc.Net.Client.Internal.GrpcCall`2.GetResponseHeadersCoreAsync()
   at SkyApm.Transport.Grpc.V8.ServiceRegister.<>c__DisplayClass9_0.<<ReportInstancePropertiesAsync>b__0>d.MoveNext()
--- End of stack trace from previous location ---
   at SkyApm.Transport.Grpc.Common.Call.Execute[T](Func`1 task, Func`1 errCallback, Func`1 errMessage)
2026-02-02 09:39:56.928 +08:00 [grpcservice] [Warning] SkyApm.Transport.Grpc.ConnectionManager : Connection state changed. Status(StatusCode="Unavailable", Detail="Error connecting to subchannel.", DebugException="System.Net.Sockets.SocketException: 由于目标计算机积极拒绝，无法连接。")
2026-02-02 09:40:09.871 +08:00 [grpcservice] [Information] SkyApm.Transport.Grpc.ConnectionManager : Shutdown connection[127.0.0.1:11800].
2026-02-02 09:40:09.871 +08:00 [grpcservice] [Information] SkyApm.Transport.Grpc.ConnectionManager : Connected server[127.0.0.1:11800].
2026-02-02 09:40:26.941 +08:00 [grpcservice] [Error] SkyApm.Transport.Grpc.V8.ServiceRegister : Report service instance properties fail.
Grpc.Core.RpcException: Status(StatusCode="Unavailable", Detail="Error connecting to subchannel.", DebugException="System.Net.Sockets.SocketException: 由于目标计算机积极拒绝，无法连接。")
 ---> System.Net.Sockets.SocketException (10061): 由于目标计算机积极拒绝，无法连接。
   at System.Net.Sockets.Socket.AwaitableSocketAsyncEventArgs.System.Threading.Tasks.Sources.IValueTaskSource.GetResult(Int16 token)
   at System.Net.Sockets.Socket.<ConnectAsync>g__WaitForConnectWithCancellation|285_0(AwaitableSocketAsyncEventArgs saea, ValueTask connectTask, CancellationToken cancellationToken)
   at Grpc.Net.Client.Balancer.Internal.SocketConnectivitySubchannelTransport.TryConnectAsync(ConnectContext context, Int32 attempt)
   --- End of inner exception stack trace ---
   at Grpc.Net.Client.Balancer.Internal.ConnectionManager.PickAsync(PickContext context, Boolean waitForReady, CancellationToken cancellationToken)
   at Grpc.Net.Client.Balancer.Internal.BalancerHttpHandler.SendAsync(HttpRequestMessage request, CancellationToken cancellationToken)
   at Grpc.Net.Client.Internal.GrpcCall`2.RunCall(HttpRequestMessage request, Nullable`1 timeout)
   at Grpc.Net.Client.Internal.GrpcCall`2.GetResponseHeadersCoreAsync()
   at SkyApm.Transport.Grpc.V8.ServiceRegister.<>c__DisplayClass9_0.<<ReportInstancePropertiesAsync>b__0>d.MoveNext()
--- End of stack trace from previous location ---
   at SkyApm.Transport.Grpc.Common.Call.Execute[T](Func`1 task, Func`1 errCallback, Func`1 errMessage)
2026-02-02 09:40:26.941 +08:00 [grpcservice] [Warning] SkyApm.Transport.Grpc.ConnectionManager : Connection state changed. Status(StatusCode="Unavailable", Detail="Error connecting to subchannel.", DebugException="System.Net.Sockets.SocketException: 由于目标计算机积极拒绝，无法连接。")
2026-02-02 09:40:39.862 +08:00 [grpcservice] [Information] SkyApm.Transport.Grpc.ConnectionManager : Shutdown connection[127.0.0.1:11800].
2026-02-02 09:40:39.862 +08:00 [grpcservice] [Information] SkyApm.Transport.Grpc.ConnectionManager : Connected server[127.0.0.1:11800].
2026-02-02 09:40:56.903 +08:00 [grpcservice] [Error] SkyApm.Transport.Grpc.V8.ServiceRegister : Report service instance properties fail.
Grpc.Core.RpcException: Status(StatusCode="Unavailable", Detail="Error connecting to subchannel.", DebugException="System.Net.Sockets.SocketException: 由于目标计算机积极拒绝，无法连接。")
 ---> System.Net.Sockets.SocketException (10061): 由于目标计算机积极拒绝，无法连接。
   at System.Net.Sockets.Socket.AwaitableSocketAsyncEventArgs.System.Threading.Tasks.Sources.IValueTaskSource.GetResult(Int16 token)
   at System.Net.Sockets.Socket.<ConnectAsync>g__WaitForConnectWithCancellation|285_0(AwaitableSocketAsyncEventArgs saea, ValueTask connectTask, CancellationToken cancellationToken)
   at Grpc.Net.Client.Balancer.Internal.SocketConnectivitySubchannelTransport.TryConnectAsync(ConnectContext context, Int32 attempt)
   --- End of inner exception stack trace ---
   at Grpc.Net.Client.Balancer.Internal.ConnectionManager.PickAsync(PickContext context, Boolean waitForReady, CancellationToken cancellationToken)
   at Grpc.Net.Client.Balancer.Internal.BalancerHttpHandler.SendAsync(HttpRequestMessage request, CancellationToken cancellationToken)
   at Grpc.Net.Client.Internal.GrpcCall`2.RunCall(HttpRequestMessage request, Nullable`1 timeout)
   at Grpc.Net.Client.Internal.GrpcCall`2.GetResponseHeadersCoreAsync()
   at SkyApm.Transport.Grpc.V8.ServiceRegister.<>c__DisplayClass9_0.<<ReportInstancePropertiesAsync>b__0>d.MoveNext()
--- End of stack trace from previous location ---
   at SkyApm.Transport.Grpc.Common.Call.Execute[T](Func`1 task, Func`1 errCallback, Func`1 errMessage)
2026-02-02 09:40:56.903 +08:00 [grpcservice] [Warning] SkyApm.Transport.Grpc.ConnectionManager : Connection state changed. Status(StatusCode="Unavailable", Detail="Error connecting to subchannel.", DebugException="System.Net.Sockets.SocketException: 由于目标计算机积极拒绝，无法连接。")
2026-02-02 09:41:09.868 +08:00 [grpcservice] [Information] SkyApm.Transport.Grpc.ConnectionManager : Shutdown connection[127.0.0.1:11800].
2026-02-02 09:41:09.868 +08:00 [grpcservice] [Information] SkyApm.Transport.Grpc.ConnectionManager : Connected server[127.0.0.1:11800].
2026-02-02 09:41:26.900 +08:00 [grpcservice] [Error] SkyApm.Transport.Grpc.V8.ServiceRegister : Report service instance properties fail.
Grpc.Core.RpcException: Status(StatusCode="Unavailable", Detail="Error connecting to subchannel.", DebugException="System.Net.Sockets.SocketException: 由于目标计算机积极拒绝，无法连接。")
 ---> System.Net.Sockets.SocketException (10061): 由于目标计算机积极拒绝，无法连接。
   at System.Net.Sockets.Socket.AwaitableSocketAsyncEventArgs.System.Threading.Tasks.Sources.IValueTaskSource.GetResult(Int16 token)
   at System.Net.Sockets.Socket.<ConnectAsync>g__WaitForConnectWithCancellation|285_0(AwaitableSocketAsyncEventArgs saea, ValueTask connectTask, CancellationToken cancellationToken)
   at Grpc.Net.Client.Balancer.Internal.SocketConnectivitySubchannelTransport.TryConnectAsync(ConnectContext context, Int32 attempt)
   --- End of inner exception stack trace ---
   at Grpc.Net.Client.Balancer.Internal.ConnectionManager.PickAsync(PickContext context, Boolean waitForReady, CancellationToken cancellationToken)
   at Grpc.Net.Client.Balancer.Internal.BalancerHttpHandler.SendAsync(HttpRequestMessage request, CancellationToken cancellationToken)
   at Grpc.Net.Client.Internal.GrpcCall`2.RunCall(HttpRequestMessage request, Nullable`1 timeout)
   at Grpc.Net.Client.Internal.GrpcCall`2.GetResponseHeadersCoreAsync()
   at SkyApm.Transport.Grpc.V8.ServiceRegister.<>c__DisplayClass9_0.<<ReportInstancePropertiesAsync>b__0>d.MoveNext()
--- End of stack trace from previous location ---
   at SkyApm.Transport.Grpc.Common.Call.Execute[T](Func`1 task, Func`1 errCallback, Func`1 errMessage)
2026-02-02 09:41:26.900 +08:00 [grpcservice] [Warning] SkyApm.Transport.Grpc.ConnectionManager : Connection state changed. Status(StatusCode="Unavailable", Detail="Error connecting to subchannel.", DebugException="System.Net.Sockets.SocketException: 由于目标计算机积极拒绝，无法连接。")
2026-02-02 09:41:39.866 +08:00 [grpcservice] [Information] SkyApm.Transport.Grpc.ConnectionManager : Shutdown connection[127.0.0.1:11800].
2026-02-02 09:41:39.866 +08:00 [grpcservice] [Information] SkyApm.Transport.Grpc.ConnectionManager : Connected server[127.0.0.1:11800].
2026-02-02 09:41:57.450 +08:00 [grpcservice] [Error] SkyApm.Transport.Grpc.V8.ServiceRegister : Report service instance properties fail.
Grpc.Core.RpcException: Status(StatusCode="Unavailable", Detail="Error connecting to subchannel.", DebugException="System.Net.Sockets.SocketException: 由于目标计算机积极拒绝，无法连接。")
 ---> System.Net.Sockets.SocketException (10061): 由于目标计算机积极拒绝，无法连接。
   at System.Net.Sockets.Socket.AwaitableSocketAsyncEventArgs.System.Threading.Tasks.Sources.IValueTaskSource.GetResult(Int16 token)
   at System.Net.Sockets.Socket.<ConnectAsync>g__WaitForConnectWithCancellation|285_0(AwaitableSocketAsyncEventArgs saea, ValueTask connectTask, CancellationToken cancellationToken)
   at Grpc.Net.Client.Balancer.Internal.SocketConnectivitySubchannelTransport.TryConnectAsync(ConnectContext context, Int32 attempt)
   --- End of inner exception stack trace ---
   at Grpc.Net.Client.Balancer.Internal.ConnectionManager.PickAsync(PickContext context, Boolean waitForReady, CancellationToken cancellationToken)
   at Grpc.Net.Client.Balancer.Internal.BalancerHttpHandler.SendAsync(HttpRequestMessage request, CancellationToken cancellationToken)
   at Grpc.Net.Client.Internal.GrpcCall`2.RunCall(HttpRequestMessage request, Nullable`1 timeout)
   at Grpc.Net.Client.Internal.GrpcCall`2.GetResponseHeadersCoreAsync()
   at SkyApm.Transport.Grpc.V8.ServiceRegister.<>c__DisplayClass9_0.<<ReportInstancePropertiesAsync>b__0>d.MoveNext()
--- End of stack trace from previous location ---
   at SkyApm.Transport.Grpc.Common.Call.Execute[T](Func`1 task, Func`1 errCallback, Func`1 errMessage)
2026-02-02 09:41:57.450 +08:00 [grpcservice] [Warning] SkyApm.Transport.Grpc.ConnectionManager : Connection state changed. Status(StatusCode="Unavailable", Detail="Error connecting to subchannel.", DebugException="System.Net.Sockets.SocketException: 由于目标计算机积极拒绝，无法连接。")
2026-02-02 09:42:09.876 +08:00 [grpcservice] [Information] SkyApm.Transport.Grpc.ConnectionManager : Shutdown connection[127.0.0.1:11800].
2026-02-02 09:42:09.877 +08:00 [grpcservice] [Information] SkyApm.Transport.Grpc.ConnectionManager : Connected server[127.0.0.1:11800].
2026-02-02 09:42:26.903 +08:00 [grpcservice] [Error] SkyApm.Transport.Grpc.V8.ServiceRegister : Report service instance properties fail.
Grpc.Core.RpcException: Status(StatusCode="Unavailable", Detail="Error connecting to subchannel.", DebugException="System.Net.Sockets.SocketException: 由于目标计算机积极拒绝，无法连接。")
 ---> System.Net.Sockets.SocketException (10061): 由于目标计算机积极拒绝，无法连接。
   at System.Net.Sockets.Socket.AwaitableSocketAsyncEventArgs.System.Threading.Tasks.Sources.IValueTaskSource.GetResult(Int16 token)
   at System.Net.Sockets.Socket.<ConnectAsync>g__WaitForConnectWithCancellation|285_0(AwaitableSocketAsyncEventArgs saea, ValueTask connectTask, CancellationToken cancellationToken)
   at Grpc.Net.Client.Balancer.Internal.SocketConnectivitySubchannelTransport.TryConnectAsync(ConnectContext context, Int32 attempt)
   --- End of inner exception stack trace ---
   at Grpc.Net.Client.Balancer.Internal.ConnectionManager.PickAsync(PickContext context, Boolean waitForReady, CancellationToken cancellationToken)
   at Grpc.Net.Client.Balancer.Internal.BalancerHttpHandler.SendAsync(HttpRequestMessage request, CancellationToken cancellationToken)
   at Grpc.Net.Client.Internal.GrpcCall`2.RunCall(HttpRequestMessage request, Nullable`1 timeout)
   at Grpc.Net.Client.Internal.GrpcCall`2.GetResponseHeadersCoreAsync()
   at SkyApm.Transport.Grpc.V8.ServiceRegister.<>c__DisplayClass9_0.<<ReportInstancePropertiesAsync>b__0>d.MoveNext()
--- End of stack trace from previous location ---
   at SkyApm.Transport.Grpc.Common.Call.Execute[T](Func`1 task, Func`1 errCallback, Func`1 errMessage)
2026-02-02 09:42:26.904 +08:00 [grpcservice] [Warning] SkyApm.Transport.Grpc.ConnectionManager : Connection state changed. Status(StatusCode="Unavailable", Detail="Error connecting to subchannel.", DebugException="System.Net.Sockets.SocketException: 由于目标计算机积极拒绝，无法连接。")
2026-02-02 09:42:39.875 +08:00 [grpcservice] [Information] SkyApm.Transport.Grpc.ConnectionManager : Shutdown connection[127.0.0.1:11800].
2026-02-02 09:42:39.876 +08:00 [grpcservice] [Information] SkyApm.Transport.Grpc.ConnectionManager : Connected server[127.0.0.1:11800].
2026-02-02 09:42:56.902 +08:00 [grpcservice] [Error] SkyApm.Transport.Grpc.V8.ServiceRegister : Report service instance properties fail.
Grpc.Core.RpcException: Status(StatusCode="Unavailable", Detail="Error connecting to subchannel.", DebugException="System.Net.Sockets.SocketException: 由于目标计算机积极拒绝，无法连接。")
 ---> System.Net.Sockets.SocketException (10061): 由于目标计算机积极拒绝，无法连接。
   at System.Net.Sockets.Socket.AwaitableSocketAsyncEventArgs.System.Threading.Tasks.Sources.IValueTaskSource.GetResult(Int16 token)
   at System.Net.Sockets.Socket.<ConnectAsync>g__WaitForConnectWithCancellation|285_0(AwaitableSocketAsyncEventArgs saea, ValueTask connectTask, CancellationToken cancellationToken)
   at Grpc.Net.Client.Balancer.Internal.SocketConnectivitySubchannelTransport.TryConnectAsync(ConnectContext context, Int32 attempt)
   --- End of inner exception stack trace ---
   at Grpc.Net.Client.Balancer.Internal.ConnectionManager.PickAsync(PickContext context, Boolean waitForReady, CancellationToken cancellationToken)
   at Grpc.Net.Client.Balancer.Internal.BalancerHttpHandler.SendAsync(HttpRequestMessage request, CancellationToken cancellationToken)
   at Grpc.Net.Client.Internal.GrpcCall`2.RunCall(HttpRequestMessage request, Nullable`1 timeout)
   at Grpc.Net.Client.Internal.GrpcCall`2.GetResponseHeadersCoreAsync()
   at SkyApm.Transport.Grpc.V8.ServiceRegister.<>c__DisplayClass9_0.<<ReportInstancePropertiesAsync>b__0>d.MoveNext()
--- End of stack trace from previous location ---
   at SkyApm.Transport.Grpc.Common.Call.Execute[T](Func`1 task, Func`1 errCallback, Func`1 errMessage)
2026-02-02 09:42:56.903 +08:00 [grpcservice] [Warning] SkyApm.Transport.Grpc.ConnectionManager : Connection state changed. Status(StatusCode="Unavailable", Detail="Error connecting to subchannel.", DebugException="System.Net.Sockets.SocketException: 由于目标计算机积极拒绝，无法连接。")
2026-02-02 09:43:09.867 +08:00 [grpcservice] [Information] SkyApm.Transport.Grpc.ConnectionManager : Shutdown connection[127.0.0.1:11800].
2026-02-02 09:43:09.868 +08:00 [grpcservice] [Information] SkyApm.Transport.Grpc.ConnectionManager : Connected server[127.0.0.1:11800].
2026-02-02 09:43:26.897 +08:00 [grpcservice] [Error] SkyApm.Transport.Grpc.V8.ServiceRegister : Report service instance properties fail.
Grpc.Core.RpcException: Status(StatusCode="Unavailable", Detail="Error connecting to subchannel.", DebugException="System.Net.Sockets.SocketException: 由于目标计算机积极拒绝，无法连接。")
 ---> System.Net.Sockets.SocketException (10061): 由于目标计算机积极拒绝，无法连接。
   at System.Net.Sockets.Socket.AwaitableSocketAsyncEventArgs.System.Threading.Tasks.Sources.IValueTaskSource.GetResult(Int16 token)
   at System.Net.Sockets.Socket.<ConnectAsync>g__WaitForConnectWithCancellation|285_0(AwaitableSocketAsyncEventArgs saea, ValueTask connectTask, CancellationToken cancellationToken)
   at Grpc.Net.Client.Balancer.Internal.SocketConnectivitySubchannelTransport.TryConnectAsync(ConnectContext context, Int32 attempt)
   --- End of inner exception stack trace ---
   at Grpc.Net.Client.Balancer.Internal.ConnectionManager.PickAsync(PickContext context, Boolean waitForReady, CancellationToken cancellationToken)
   at Grpc.Net.Client.Balancer.Internal.BalancerHttpHandler.SendAsync(HttpRequestMessage request, CancellationToken cancellationToken)
   at Grpc.Net.Client.Internal.GrpcCall`2.RunCall(HttpRequestMessage request, Nullable`1 timeout)
   at Grpc.Net.Client.Internal.GrpcCall`2.GetResponseHeadersCoreAsync()
   at SkyApm.Transport.Grpc.V8.ServiceRegister.<>c__DisplayClass9_0.<<ReportInstancePropertiesAsync>b__0>d.MoveNext()
--- End of stack trace from previous location ---
   at SkyApm.Transport.Grpc.Common.Call.Execute[T](Func`1 task, Func`1 errCallback, Func`1 errMessage)
2026-02-02 09:43:26.898 +08:00 [grpcservice] [Warning] SkyApm.Transport.Grpc.ConnectionManager : Connection state changed. Status(StatusCode="Unavailable", Detail="Error connecting to subchannel.", DebugException="System.Net.Sockets.SocketException: 由于目标计算机积极拒绝，无法连接。")
2026-02-02 09:43:39.868 +08:00 [grpcservice] [Information] SkyApm.Transport.Grpc.ConnectionManager : Shutdown connection[127.0.0.1:11800].
2026-02-02 09:43:39.868 +08:00 [grpcservice] [Information] SkyApm.Transport.Grpc.ConnectionManager : Connected server[127.0.0.1:11800].
2026-02-02 09:43:56.902 +08:00 [grpcservice] [Error] SkyApm.Transport.Grpc.V8.ServiceRegister : Report service instance properties fail.
Grpc.Core.RpcException: Status(StatusCode="Unavailable", Detail="Error connecting to subchannel.", DebugException="System.Net.Sockets.SocketException: 由于目标计算机积极拒绝，无法连接。")
 ---> System.Net.Sockets.SocketException (10061): 由于目标计算机积极拒绝，无法连接。
   at System.Net.Sockets.Socket.AwaitableSocketAsyncEventArgs.System.Threading.Tasks.Sources.IValueTaskSource.GetResult(Int16 token)
   at System.Net.Sockets.Socket.<ConnectAsync>g__WaitForConnectWithCancellation|285_0(AwaitableSocketAsyncEventArgs saea, ValueTask connectTask, CancellationToken cancellationToken)
   at Grpc.Net.Client.Balancer.Internal.SocketConnectivitySubchannelTransport.TryConnectAsync(ConnectContext context, Int32 attempt)
   --- End of inner exception stack trace ---
   at Grpc.Net.Client.Balancer.Internal.ConnectionManager.PickAsync(PickContext context, Boolean waitForReady, CancellationToken cancellationToken)
   at Grpc.Net.Client.Balancer.Internal.BalancerHttpHandler.SendAsync(HttpRequestMessage request, CancellationToken cancellationToken)
   at Grpc.Net.Client.Internal.GrpcCall`2.RunCall(HttpRequestMessage request, Nullable`1 timeout)
   at Grpc.Net.Client.Internal.GrpcCall`2.GetResponseHeadersCoreAsync()
   at SkyApm.Transport.Grpc.V8.ServiceRegister.<>c__DisplayClass9_0.<<ReportInstancePropertiesAsync>b__0>d.MoveNext()
--- End of stack trace from previous location ---
   at SkyApm.Transport.Grpc.Common.Call.Execute[T](Func`1 task, Func`1 errCallback, Func`1 errMessage)
2026-02-02 09:43:56.902 +08:00 [grpcservice] [Warning] SkyApm.Transport.Grpc.ConnectionManager : Connection state changed. Status(StatusCode="Unavailable", Detail="Error connecting to subchannel.", DebugException="System.Net.Sockets.SocketException: 由于目标计算机积极拒绝，无法连接。")
2026-02-02 09:44:09.873 +08:00 [grpcservice] [Information] SkyApm.Transport.Grpc.ConnectionManager : Shutdown connection[127.0.0.1:11800].
2026-02-02 09:44:09.873 +08:00 [grpcservice] [Information] SkyApm.Transport.Grpc.ConnectionManager : Connected server[127.0.0.1:11800].
2026-02-02 09:44:26.904 +08:00 [grpcservice] [Error] SkyApm.Transport.Grpc.V8.ServiceRegister : Report service instance properties fail.
Grpc.Core.RpcException: Status(StatusCode="Unavailable", Detail="Error connecting to subchannel.", DebugException="System.Net.Sockets.SocketException: 由于目标计算机积极拒绝，无法连接。")
 ---> System.Net.Sockets.SocketException (10061): 由于目标计算机积极拒绝，无法连接。
   at System.Net.Sockets.Socket.AwaitableSocketAsyncEventArgs.System.Threading.Tasks.Sources.IValueTaskSource.GetResult(Int16 token)
   at System.Net.Sockets.Socket.<ConnectAsync>g__WaitForConnectWithCancellation|285_0(AwaitableSocketAsyncEventArgs saea, ValueTask connectTask, CancellationToken cancellationToken)
   at Grpc.Net.Client.Balancer.Internal.SocketConnectivitySubchannelTransport.TryConnectAsync(ConnectContext context, Int32 attempt)
   --- End of inner exception stack trace ---
   at Grpc.Net.Client.Balancer.Internal.ConnectionManager.PickAsync(PickContext context, Boolean waitForReady, CancellationToken cancellationToken)
   at Grpc.Net.Client.Balancer.Internal.BalancerHttpHandler.SendAsync(HttpRequestMessage request, CancellationToken cancellationToken)
   at Grpc.Net.Client.Internal.GrpcCall`2.RunCall(HttpRequestMessage request, Nullable`1 timeout)
   at Grpc.Net.Client.Internal.GrpcCall`2.GetResponseHeadersCoreAsync()
   at SkyApm.Transport.Grpc.V8.ServiceRegister.<>c__DisplayClass9_0.<<ReportInstancePropertiesAsync>b__0>d.MoveNext()
--- End of stack trace from previous location ---
   at SkyApm.Transport.Grpc.Common.Call.Execute[T](Func`1 task, Func`1 errCallback, Func`1 errMessage)
2026-02-02 09:44:26.904 +08:00 [grpcservice] [Warning] SkyApm.Transport.Grpc.ConnectionManager : Connection state changed. Status(StatusCode="Unavailable", Detail="Error connecting to subchannel.", DebugException="System.Net.Sockets.SocketException: 由于目标计算机积极拒绝，无法连接。")
2026-02-02 09:44:41.990 +08:00 [grpcservice] [Information] SkyApm.Transport.Grpc.ConnectionManager : Shutdown connection[127.0.0.1:11800].
2026-02-02 09:44:41.990 +08:00 [grpcservice] [Information] SkyApm.Transport.Grpc.ConnectionManager : Connected server[127.0.0.1:11800].
2026-02-02 09:44:56.919 +08:00 [grpcservice] [Error] SkyApm.Transport.Grpc.V8.ServiceRegister : Report service instance properties fail.
Grpc.Core.RpcException: Status(StatusCode="Unavailable", Detail="Error connecting to subchannel.", DebugException="System.Net.Sockets.SocketException: 由于目标计算机积极拒绝，无法连接。")
 ---> System.Net.Sockets.SocketException (10061): 由于目标计算机积极拒绝，无法连接。
   at System.Net.Sockets.Socket.AwaitableSocketAsyncEventArgs.System.Threading.Tasks.Sources.IValueTaskSource.GetResult(Int16 token)
   at System.Net.Sockets.Socket.<ConnectAsync>g__WaitForConnectWithCancellation|285_0(AwaitableSocketAsyncEventArgs saea, ValueTask connectTask, CancellationToken cancellationToken)
   at Grpc.Net.Client.Balancer.Internal.SocketConnectivitySubchannelTransport.TryConnectAsync(ConnectContext context, Int32 attempt)
   --- End of inner exception stack trace ---
   at Grpc.Net.Client.Balancer.Internal.ConnectionManager.PickAsync(PickContext context, Boolean waitForReady, CancellationToken cancellationToken)
   at Grpc.Net.Client.Balancer.Internal.BalancerHttpHandler.SendAsync(HttpRequestMessage request, CancellationToken cancellationToken)
   at Grpc.Net.Client.Internal.GrpcCall`2.RunCall(HttpRequestMessage request, Nullable`1 timeout)
   at Grpc.Net.Client.Internal.GrpcCall`2.GetResponseHeadersCoreAsync()
   at SkyApm.Transport.Grpc.V8.ServiceRegister.<>c__DisplayClass9_0.<<ReportInstancePropertiesAsync>b__0>d.MoveNext()
--- End of stack trace from previous location ---
   at SkyApm.Transport.Grpc.Common.Call.Execute[T](Func`1 task, Func`1 errCallback, Func`1 errMessage)
2026-02-02 09:44:56.919 +08:00 [grpcservice] [Warning] SkyApm.Transport.Grpc.ConnectionManager : Connection state changed. Status(StatusCode="Unavailable", Detail="Error connecting to subchannel.", DebugException="System.Net.Sockets.SocketException: 由于目标计算机积极拒绝，无法连接。")
2026-02-02 09:45:09.867 +08:00 [grpcservice] [Information] SkyApm.Transport.Grpc.ConnectionManager : Shutdown connection[127.0.0.1:11800].
2026-02-02 09:45:09.867 +08:00 [grpcservice] [Information] SkyApm.Transport.Grpc.ConnectionManager : Connected server[127.0.0.1:11800].
2026-02-02 09:45:26.919 +08:00 [grpcservice] [Error] SkyApm.Transport.Grpc.V8.ServiceRegister : Report service instance properties fail.
Grpc.Core.RpcException: Status(StatusCode="Unavailable", Detail="Error connecting to subchannel.", DebugException="System.Net.Sockets.SocketException: 由于目标计算机积极拒绝，无法连接。")
 ---> System.Net.Sockets.SocketException (10061): 由于目标计算机积极拒绝，无法连接。
   at System.Net.Sockets.Socket.AwaitableSocketAsyncEventArgs.System.Threading.Tasks.Sources.IValueTaskSource.GetResult(Int16 token)
   at System.Net.Sockets.Socket.<ConnectAsync>g__WaitForConnectWithCancellation|285_0(AwaitableSocketAsyncEventArgs saea, ValueTask connectTask, CancellationToken cancellationToken)
   at Grpc.Net.Client.Balancer.Internal.SocketConnectivitySubchannelTransport.TryConnectAsync(ConnectContext context, Int32 attempt)
   --- End of inner exception stack trace ---
   at Grpc.Net.Client.Balancer.Internal.ConnectionManager.PickAsync(PickContext context, Boolean waitForReady, CancellationToken cancellationToken)
   at Grpc.Net.Client.Balancer.Internal.BalancerHttpHandler.SendAsync(HttpRequestMessage request, CancellationToken cancellationToken)
   at Grpc.Net.Client.Internal.GrpcCall`2.RunCall(HttpRequestMessage request, Nullable`1 timeout)
   at Grpc.Net.Client.Internal.GrpcCall`2.GetResponseHeadersCoreAsync()
   at SkyApm.Transport.Grpc.V8.ServiceRegister.<>c__DisplayClass9_0.<<ReportInstancePropertiesAsync>b__0>d.MoveNext()
--- End of stack trace from previous location ---
   at SkyApm.Transport.Grpc.Common.Call.Execute[T](Func`1 task, Func`1 errCallback, Func`1 errMessage)
2026-02-02 09:45:26.921 +08:00 [grpcservice] [Warning] SkyApm.Transport.Grpc.ConnectionManager : Connection state changed. Status(StatusCode="Unavailable", Detail="Error connecting to subchannel.", DebugException="System.Net.Sockets.SocketException: 由于目标计算机积极拒绝，无法连接。")
2026-02-02 09:45:39.863 +08:00 [grpcservice] [Information] SkyApm.Transport.Grpc.ConnectionManager : Shutdown connection[127.0.0.1:11800].
2026-02-02 09:45:39.863 +08:00 [grpcservice] [Information] SkyApm.Transport.Grpc.ConnectionManager : Connected server[127.0.0.1:11800].
2026-02-02 09:45:56.901 +08:00 [grpcservice] [Error] SkyApm.Transport.Grpc.V8.ServiceRegister : Report service instance properties fail.
Grpc.Core.RpcException: Status(StatusCode="Unavailable", Detail="Error connecting to subchannel.", DebugException="System.Net.Sockets.SocketException: 由于目标计算机积极拒绝，无法连接。")
 ---> System.Net.Sockets.SocketException (10061): 由于目标计算机积极拒绝，无法连接。
   at System.Net.Sockets.Socket.AwaitableSocketAsyncEventArgs.System.Threading.Tasks.Sources.IValueTaskSource.GetResult(Int16 token)
   at System.Net.Sockets.Socket.<ConnectAsync>g__WaitForConnectWithCancellation|285_0(AwaitableSocketAsyncEventArgs saea, ValueTask connectTask, CancellationToken cancellationToken)
   at Grpc.Net.Client.Balancer.Internal.SocketConnectivitySubchannelTransport.TryConnectAsync(ConnectContext context, Int32 attempt)
   --- End of inner exception stack trace ---
   at Grpc.Net.Client.Balancer.Internal.ConnectionManager.PickAsync(PickContext context, Boolean waitForReady, CancellationToken cancellationToken)
   at Grpc.Net.Client.Balancer.Internal.BalancerHttpHandler.SendAsync(HttpRequestMessage request, CancellationToken cancellationToken)
   at Grpc.Net.Client.Internal.GrpcCall`2.RunCall(HttpRequestMessage request, Nullable`1 timeout)
   at Grpc.Net.Client.Internal.GrpcCall`2.GetResponseHeadersCoreAsync()
   at SkyApm.Transport.Grpc.V8.ServiceRegister.<>c__DisplayClass9_0.<<ReportInstancePropertiesAsync>b__0>d.MoveNext()
--- End of stack trace from previous location ---
   at SkyApm.Transport.Grpc.Common.Call.Execute[T](Func`1 task, Func`1 errCallback, Func`1 errMessage)
2026-02-02 09:45:56.902 +08:00 [grpcservice] [Warning] SkyApm.Transport.Grpc.ConnectionManager : Connection state changed. Status(StatusCode="Unavailable", Detail="Error connecting to subchannel.", DebugException="System.Net.Sockets.SocketException: 由于目标计算机积极拒绝，无法连接。")
2026-02-02 09:46:09.864 +08:00 [grpcservice] [Information] SkyApm.Transport.Grpc.ConnectionManager : Shutdown connection[127.0.0.1:11800].
2026-02-02 09:46:09.864 +08:00 [grpcservice] [Information] SkyApm.Transport.Grpc.ConnectionManager : Connected server[127.0.0.1:11800].
2026-02-02 09:46:26.893 +08:00 [grpcservice] [Error] SkyApm.Transport.Grpc.V8.ServiceRegister : Report service instance properties fail.
Grpc.Core.RpcException: Status(StatusCode="Unavailable", Detail="Error connecting to subchannel.", DebugException="System.Net.Sockets.SocketException: 由于目标计算机积极拒绝，无法连接。")
 ---> System.Net.Sockets.SocketException (10061): 由于目标计算机积极拒绝，无法连接。
   at System.Net.Sockets.Socket.AwaitableSocketAsyncEventArgs.System.Threading.Tasks.Sources.IValueTaskSource.GetResult(Int16 token)
   at System.Net.Sockets.Socket.<ConnectAsync>g__WaitForConnectWithCancellation|285_0(AwaitableSocketAsyncEventArgs saea, ValueTask connectTask, CancellationToken cancellationToken)
   at Grpc.Net.Client.Balancer.Internal.SocketConnectivitySubchannelTransport.TryConnectAsync(ConnectContext context, Int32 attempt)
   --- End of inner exception stack trace ---
   at Grpc.Net.Client.Balancer.Internal.ConnectionManager.PickAsync(PickContext context, Boolean waitForReady, CancellationToken cancellationToken)
   at Grpc.Net.Client.Balancer.Internal.BalancerHttpHandler.SendAsync(HttpRequestMessage request, CancellationToken cancellationToken)
   at Grpc.Net.Client.Internal.GrpcCall`2.RunCall(HttpRequestMessage request, Nullable`1 timeout)
   at Grpc.Net.Client.Internal.GrpcCall`2.GetResponseHeadersCoreAsync()
   at SkyApm.Transport.Grpc.V8.ServiceRegister.<>c__DisplayClass9_0.<<ReportInstancePropertiesAsync>b__0>d.MoveNext()
--- End of stack trace from previous location ---
   at SkyApm.Transport.Grpc.Common.Call.Execute[T](Func`1 task, Func`1 errCallback, Func`1 errMessage)
2026-02-02 09:46:26.893 +08:00 [grpcservice] [Warning] SkyApm.Transport.Grpc.ConnectionManager : Connection state changed. Status(StatusCode="Unavailable", Detail="Error connecting to subchannel.", DebugException="System.Net.Sockets.SocketException: 由于目标计算机积极拒绝，无法连接。")
2026-02-02 09:46:39.872 +08:00 [grpcservice] [Information] SkyApm.Transport.Grpc.ConnectionManager : Shutdown connection[127.0.0.1:11800].
2026-02-02 09:46:39.873 +08:00 [grpcservice] [Information] SkyApm.Transport.Grpc.ConnectionManager : Connected server[127.0.0.1:11800].
2026-02-02 09:46:56.918 +08:00 [grpcservice] [Error] SkyApm.Transport.Grpc.V8.ServiceRegister : Report service instance properties fail.
Grpc.Core.RpcException: Status(StatusCode="Unavailable", Detail="Error connecting to subchannel.", DebugException="System.Net.Sockets.SocketException: 由于目标计算机积极拒绝，无法连接。")
 ---> System.Net.Sockets.SocketException (10061): 由于目标计算机积极拒绝，无法连接。
   at System.Net.Sockets.Socket.AwaitableSocketAsyncEventArgs.System.Threading.Tasks.Sources.IValueTaskSource.GetResult(Int16 token)
   at System.Net.Sockets.Socket.<ConnectAsync>g__WaitForConnectWithCancellation|285_0(AwaitableSocketAsyncEventArgs saea, ValueTask connectTask, CancellationToken cancellationToken)
   at Grpc.Net.Client.Balancer.Internal.SocketConnectivitySubchannelTransport.TryConnectAsync(ConnectContext context, Int32 attempt)
   --- End of inner exception stack trace ---
   at Grpc.Net.Client.Balancer.Internal.ConnectionManager.PickAsync(PickContext context, Boolean waitForReady, CancellationToken cancellationToken)
   at Grpc.Net.Client.Balancer.Internal.BalancerHttpHandler.SendAsync(HttpRequestMessage request, CancellationToken cancellationToken)
   at Grpc.Net.Client.Internal.GrpcCall`2.RunCall(HttpRequestMessage request, Nullable`1 timeout)
   at Grpc.Net.Client.Internal.GrpcCall`2.GetResponseHeadersCoreAsync()
   at SkyApm.Transport.Grpc.V8.ServiceRegister.<>c__DisplayClass9_0.<<ReportInstancePropertiesAsync>b__0>d.MoveNext()
--- End of stack trace from previous location ---
   at SkyApm.Transport.Grpc.Common.Call.Execute[T](Func`1 task, Func`1 errCallback, Func`1 errMessage)
2026-02-02 09:46:56.918 +08:00 [grpcservice] [Warning] SkyApm.Transport.Grpc.ConnectionManager : Connection state changed. Status(StatusCode="Unavailable", Detail="Error connecting to subchannel.", DebugException="System.Net.Sockets.SocketException: 由于目标计算机积极拒绝，无法连接。")
2026-02-02 09:47:09.871 +08:00 [grpcservice] [Information] SkyApm.Transport.Grpc.ConnectionManager : Shutdown connection[127.0.0.1:11800].
2026-02-02 09:47:09.872 +08:00 [grpcservice] [Information] SkyApm.Transport.Grpc.ConnectionManager : Connected server[127.0.0.1:11800].
2026-02-02 09:47:26.898 +08:00 [grpcservice] [Error] SkyApm.Transport.Grpc.V8.ServiceRegister : Report service instance properties fail.
Grpc.Core.RpcException: Status(StatusCode="Unavailable", Detail="Error connecting to subchannel.", DebugException="System.Net.Sockets.SocketException: 由于目标计算机积极拒绝，无法连接。")
 ---> System.Net.Sockets.SocketException (10061): 由于目标计算机积极拒绝，无法连接。
   at System.Net.Sockets.Socket.AwaitableSocketAsyncEventArgs.System.Threading.Tasks.Sources.IValueTaskSource.GetResult(Int16 token)
   at System.Net.Sockets.Socket.<ConnectAsync>g__WaitForConnectWithCancellation|285_0(AwaitableSocketAsyncEventArgs saea, ValueTask connectTask, CancellationToken cancellationToken)
   at Grpc.Net.Client.Balancer.Internal.SocketConnectivitySubchannelTransport.TryConnectAsync(ConnectContext context, Int32 attempt)
   --- End of inner exception stack trace ---
   at Grpc.Net.Client.Balancer.Internal.ConnectionManager.PickAsync(PickContext context, Boolean waitForReady, CancellationToken cancellationToken)
   at Grpc.Net.Client.Balancer.Internal.BalancerHttpHandler.SendAsync(HttpRequestMessage request, CancellationToken cancellationToken)
   at Grpc.Net.Client.Internal.GrpcCall`2.RunCall(HttpRequestMessage request, Nullable`1 timeout)
   at Grpc.Net.Client.Internal.GrpcCall`2.GetResponseHeadersCoreAsync()
   at SkyApm.Transport.Grpc.V8.ServiceRegister.<>c__DisplayClass9_0.<<ReportInstancePropertiesAsync>b__0>d.MoveNext()
--- End of stack trace from previous location ---
   at SkyApm.Transport.Grpc.Common.Call.Execute[T](Func`1 task, Func`1 errCallback, Func`1 errMessage)
2026-02-02 09:47:26.898 +08:00 [grpcservice] [Warning] SkyApm.Transport.Grpc.ConnectionManager : Connection state changed. Status(StatusCode="Unavailable", Detail="Error connecting to subchannel.", DebugException="System.Net.Sockets.SocketException: 由于目标计算机积极拒绝，无法连接。")
2026-02-02 09:47:39.863 +08:00 [grpcservice] [Information] SkyApm.Transport.Grpc.ConnectionManager : Shutdown connection[127.0.0.1:11800].
2026-02-02 09:47:39.864 +08:00 [grpcservice] [Information] SkyApm.Transport.Grpc.ConnectionManager : Connected server[127.0.0.1:11800].
2026-02-02 09:48:01.670 +08:00 [grpcservice] [Error] SkyApm.Transport.Grpc.V8.ServiceRegister : Report service instance properties fail.
Grpc.Core.RpcException: Status(StatusCode="Unavailable", Detail="Error connecting to subchannel.", DebugException="System.Net.Sockets.SocketException: 由于目标计算机积极拒绝，无法连接。")
 ---> System.Net.Sockets.SocketException (10061): 由于目标计算机积极拒绝，无法连接。
   at System.Net.Sockets.Socket.AwaitableSocketAsyncEventArgs.System.Threading.Tasks.Sources.IValueTaskSource.GetResult(Int16 token)
   at System.Net.Sockets.Socket.<ConnectAsync>g__WaitForConnectWithCancellation|285_0(AwaitableSocketAsyncEventArgs saea, ValueTask connectTask, CancellationToken cancellationToken)
   at Grpc.Net.Client.Balancer.Internal.SocketConnectivitySubchannelTransport.TryConnectAsync(ConnectContext context, Int32 attempt)
   --- End of inner exception stack trace ---
   at Grpc.Net.Client.Balancer.Internal.ConnectionManager.PickAsync(PickContext context, Boolean waitForReady, CancellationToken cancellationToken)
   at Grpc.Net.Client.Balancer.Internal.BalancerHttpHandler.SendAsync(HttpRequestMessage request, CancellationToken cancellationToken)
   at Grpc.Net.Client.Internal.GrpcCall`2.RunCall(HttpRequestMessage request, Nullable`1 timeout)
   at Grpc.Net.Client.Internal.GrpcCall`2.GetResponseHeadersCoreAsync()
   at SkyApm.Transport.Grpc.V8.ServiceRegister.<>c__DisplayClass9_0.<<ReportInstancePropertiesAsync>b__0>d.MoveNext()
--- End of stack trace from previous location ---
   at SkyApm.Transport.Grpc.Common.Call.Execute[T](Func`1 task, Func`1 errCallback, Func`1 errMessage)
2026-02-02 09:48:01.670 +08:00 [grpcservice] [Warning] SkyApm.Transport.Grpc.ConnectionManager : Connection state changed. Status(StatusCode="Unavailable", Detail="Error connecting to subchannel.", DebugException="System.Net.Sockets.SocketException: 由于目标计算机积极拒绝，无法连接。")
2026-02-02 09:48:09.877 +08:00 [grpcservice] [Information] SkyApm.Transport.Grpc.ConnectionManager : Shutdown connection[127.0.0.1:11800].
2026-02-02 09:48:09.878 +08:00 [grpcservice] [Information] SkyApm.Transport.Grpc.ConnectionManager : Connected server[127.0.0.1:11800].
2026-02-02 09:48:26.911 +08:00 [grpcservice] [Error] SkyApm.Transport.Grpc.V8.ServiceRegister : Report service instance properties fail.
Grpc.Core.RpcException: Status(StatusCode="Unavailable", Detail="Error connecting to subchannel.", DebugException="System.Net.Sockets.SocketException: 由于目标计算机积极拒绝，无法连接。")
 ---> System.Net.Sockets.SocketException (10061): 由于目标计算机积极拒绝，无法连接。
   at System.Net.Sockets.Socket.AwaitableSocketAsyncEventArgs.System.Threading.Tasks.Sources.IValueTaskSource.GetResult(Int16 token)
   at System.Net.Sockets.Socket.<ConnectAsync>g__WaitForConnectWithCancellation|285_0(AwaitableSocketAsyncEventArgs saea, ValueTask connectTask, CancellationToken cancellationToken)
   at Grpc.Net.Client.Balancer.Internal.SocketConnectivitySubchannelTransport.TryConnectAsync(ConnectContext context, Int32 attempt)
   --- End of inner exception stack trace ---
   at Grpc.Net.Client.Balancer.Internal.ConnectionManager.PickAsync(PickContext context, Boolean waitForReady, CancellationToken cancellationToken)
   at Grpc.Net.Client.Balancer.Internal.BalancerHttpHandler.SendAsync(HttpRequestMessage request, CancellationToken cancellationToken)
   at Grpc.Net.Client.Internal.GrpcCall`2.RunCall(HttpRequestMessage request, Nullable`1 timeout)
   at Grpc.Net.Client.Internal.GrpcCall`2.GetResponseHeadersCoreAsync()
   at SkyApm.Transport.Grpc.V8.ServiceRegister.<>c__DisplayClass9_0.<<ReportInstancePropertiesAsync>b__0>d.MoveNext()
--- End of stack trace from previous location ---
   at SkyApm.Transport.Grpc.Common.Call.Execute[T](Func`1 task, Func`1 errCallback, Func`1 errMessage)
2026-02-02 09:48:26.911 +08:00 [grpcservice] [Warning] SkyApm.Transport.Grpc.ConnectionManager : Connection state changed. Status(StatusCode="Unavailable", Detail="Error connecting to subchannel.", DebugException="System.Net.Sockets.SocketException: 由于目标计算机积极拒绝，无法连接。")
2026-02-02 09:48:39.877 +08:00 [grpcservice] [Information] SkyApm.Transport.Grpc.ConnectionManager : Shutdown connection[127.0.0.1:11800].
2026-02-02 09:48:39.877 +08:00 [grpcservice] [Information] SkyApm.Transport.Grpc.ConnectionManager : Connected server[127.0.0.1:11800].
2026-02-02 09:49:00.121 +08:00 [grpcservice] [Error] SkyApm.Transport.Grpc.V8.ServiceRegister : Report service instance properties fail.
Grpc.Core.RpcException: Status(StatusCode="Unavailable", Detail="Error connecting to subchannel.", DebugException="System.Net.Sockets.SocketException: 由于目标计算机积极拒绝，无法连接。")
 ---> System.Net.Sockets.SocketException (10061): 由于目标计算机积极拒绝，无法连接。
   at System.Net.Sockets.Socket.AwaitableSocketAsyncEventArgs.System.Threading.Tasks.Sources.IValueTaskSource.GetResult(Int16 token)
   at System.Net.Sockets.Socket.<ConnectAsync>g__WaitForConnectWithCancellation|285_0(AwaitableSocketAsyncEventArgs saea, ValueTask connectTask, CancellationToken cancellationToken)
   at Grpc.Net.Client.Balancer.Internal.SocketConnectivitySubchannelTransport.TryConnectAsync(ConnectContext context, Int32 attempt)
   --- End of inner exception stack trace ---
   at Grpc.Net.Client.Balancer.Internal.ConnectionManager.PickAsync(PickContext context, Boolean waitForReady, CancellationToken cancellationToken)
   at Grpc.Net.Client.Balancer.Internal.BalancerHttpHandler.SendAsync(HttpRequestMessage request, CancellationToken cancellationToken)
   at Grpc.Net.Client.Internal.GrpcCall`2.RunCall(HttpRequestMessage request, Nullable`1 timeout)
   at Grpc.Net.Client.Internal.GrpcCall`2.GetResponseHeadersCoreAsync()
   at SkyApm.Transport.Grpc.V8.ServiceRegister.<>c__DisplayClass9_0.<<ReportInstancePropertiesAsync>b__0>d.MoveNext()
--- End of stack trace from previous location ---
   at SkyApm.Transport.Grpc.Common.Call.Execute[T](Func`1 task, Func`1 errCallback, Func`1 errMessage)
2026-02-02 09:49:00.121 +08:00 [grpcservice] [Warning] SkyApm.Transport.Grpc.ConnectionManager : Connection state changed. Status(StatusCode="Unavailable", Detail="Error connecting to subchannel.", DebugException="System.Net.Sockets.SocketException: 由于目标计算机积极拒绝，无法连接。")
2026-02-02 09:49:09.878 +08:00 [grpcservice] [Information] SkyApm.Transport.Grpc.ConnectionManager : Shutdown connection[127.0.0.1:11800].
2026-02-02 09:49:09.879 +08:00 [grpcservice] [Information] SkyApm.Transport.Grpc.ConnectionManager : Connected server[127.0.0.1:11800].
2026-02-02 09:49:26.897 +08:00 [grpcservice] [Error] SkyApm.Transport.Grpc.V8.ServiceRegister : Report service instance properties fail.
Grpc.Core.RpcException: Status(StatusCode="Unavailable", Detail="Error connecting to subchannel.", DebugException="System.Net.Sockets.SocketException: 由于目标计算机积极拒绝，无法连接。")
 ---> System.Net.Sockets.SocketException (10061): 由于目标计算机积极拒绝，无法连接。
   at System.Net.Sockets.Socket.AwaitableSocketAsyncEventArgs.System.Threading.Tasks.Sources.IValueTaskSource.GetResult(Int16 token)
   at System.Net.Sockets.Socket.<ConnectAsync>g__WaitForConnectWithCancellation|285_0(AwaitableSocketAsyncEventArgs saea, ValueTask connectTask, CancellationToken cancellationToken)
   at Grpc.Net.Client.Balancer.Internal.SocketConnectivitySubchannelTransport.TryConnectAsync(ConnectContext context, Int32 attempt)
   --- End of inner exception stack trace ---
   at Grpc.Net.Client.Balancer.Internal.ConnectionManager.PickAsync(PickContext context, Boolean waitForReady, CancellationToken cancellationToken)
   at Grpc.Net.Client.Balancer.Internal.BalancerHttpHandler.SendAsync(HttpRequestMessage request, CancellationToken cancellationToken)
   at Grpc.Net.Client.Internal.GrpcCall`2.RunCall(HttpRequestMessage request, Nullable`1 timeout)
   at Grpc.Net.Client.Internal.GrpcCall`2.GetResponseHeadersCoreAsync()
   at SkyApm.Transport.Grpc.V8.ServiceRegister.<>c__DisplayClass9_0.<<ReportInstancePropertiesAsync>b__0>d.MoveNext()
--- End of stack trace from previous location ---
   at SkyApm.Transport.Grpc.Common.Call.Execute[T](Func`1 task, Func`1 errCallback, Func`1 errMessage)
2026-02-02 09:49:26.897 +08:00 [grpcservice] [Warning] SkyApm.Transport.Grpc.ConnectionManager : Connection state changed. Status(StatusCode="Unavailable", Detail="Error connecting to subchannel.", DebugException="System.Net.Sockets.SocketException: 由于目标计算机积极拒绝，无法连接。")
2026-02-02 09:49:39.871 +08:00 [grpcservice] [Information] SkyApm.Transport.Grpc.ConnectionManager : Shutdown connection[127.0.0.1:11800].
2026-02-02 09:49:39.871 +08:00 [grpcservice] [Information] SkyApm.Transport.Grpc.ConnectionManager : Connected server[127.0.0.1:11800].
2026-02-02 09:49:56.896 +08:00 [grpcservice] [Error] SkyApm.Transport.Grpc.V8.ServiceRegister : Report service instance properties fail.
Grpc.Core.RpcException: Status(StatusCode="Unavailable", Detail="Error connecting to subchannel.", DebugException="System.Net.Sockets.SocketException: 由于目标计算机积极拒绝，无法连接。")
 ---> System.Net.Sockets.SocketException (10061): 由于目标计算机积极拒绝，无法连接。
   at System.Net.Sockets.Socket.AwaitableSocketAsyncEventArgs.System.Threading.Tasks.Sources.IValueTaskSource.GetResult(Int16 token)
   at System.Net.Sockets.Socket.<ConnectAsync>g__WaitForConnectWithCancellation|285_0(AwaitableSocketAsyncEventArgs saea, ValueTask connectTask, CancellationToken cancellationToken)
   at Grpc.Net.Client.Balancer.Internal.SocketConnectivitySubchannelTransport.TryConnectAsync(ConnectContext context, Int32 attempt)
   --- End of inner exception stack trace ---
   at Grpc.Net.Client.Balancer.Internal.ConnectionManager.PickAsync(PickContext context, Boolean waitForReady, CancellationToken cancellationToken)
   at Grpc.Net.Client.Balancer.Internal.BalancerHttpHandler.SendAsync(HttpRequestMessage request, CancellationToken cancellationToken)
   at Grpc.Net.Client.Internal.GrpcCall`2.RunCall(HttpRequestMessage request, Nullable`1 timeout)
   at Grpc.Net.Client.Internal.GrpcCall`2.GetResponseHeadersCoreAsync()
   at SkyApm.Transport.Grpc.V8.ServiceRegister.<>c__DisplayClass9_0.<<ReportInstancePropertiesAsync>b__0>d.MoveNext()
--- End of stack trace from previous location ---
   at SkyApm.Transport.Grpc.Common.Call.Execute[T](Func`1 task, Func`1 errCallback, Func`1 errMessage)
2026-02-02 09:49:56.896 +08:00 [grpcservice] [Warning] SkyApm.Transport.Grpc.ConnectionManager : Connection state changed. Status(StatusCode="Unavailable", Detail="Error connecting to subchannel.", DebugException="System.Net.Sockets.SocketException: 由于目标计算机积极拒绝，无法连接。")
2026-02-02 09:50:09.862 +08:00 [grpcservice] [Information] SkyApm.Transport.Grpc.ConnectionManager : Shutdown connection[127.0.0.1:11800].
2026-02-02 09:50:09.862 +08:00 [grpcservice] [Information] SkyApm.Transport.Grpc.ConnectionManager : Connected server[127.0.0.1:11800].
2026-02-02 09:50:26.913 +08:00 [grpcservice] [Error] SkyApm.Transport.Grpc.V8.ServiceRegister : Report service instance properties fail.
Grpc.Core.RpcException: Status(StatusCode="Unavailable", Detail="Error connecting to subchannel.", DebugException="System.Net.Sockets.SocketException: 由于目标计算机积极拒绝，无法连接。")
 ---> System.Net.Sockets.SocketException (10061): 由于目标计算机积极拒绝，无法连接。
   at System.Net.Sockets.Socket.AwaitableSocketAsyncEventArgs.System.Threading.Tasks.Sources.IValueTaskSource.GetResult(Int16 token)
   at System.Net.Sockets.Socket.<ConnectAsync>g__WaitForConnectWithCancellation|285_0(AwaitableSocketAsyncEventArgs saea, ValueTask connectTask, CancellationToken cancellationToken)
   at Grpc.Net.Client.Balancer.Internal.SocketConnectivitySubchannelTransport.TryConnectAsync(ConnectContext context, Int32 attempt)
   --- End of inner exception stack trace ---
   at Grpc.Net.Client.Balancer.Internal.ConnectionManager.PickAsync(PickContext context, Boolean waitForReady, CancellationToken cancellationToken)
   at Grpc.Net.Client.Balancer.Internal.BalancerHttpHandler.SendAsync(HttpRequestMessage request, CancellationToken cancellationToken)
   at Grpc.Net.Client.Internal.GrpcCall`2.RunCall(HttpRequestMessage request, Nullable`1 timeout)
   at Grpc.Net.Client.Internal.GrpcCall`2.GetResponseHeadersCoreAsync()
   at SkyApm.Transport.Grpc.V8.ServiceRegister.<>c__DisplayClass9_0.<<ReportInstancePropertiesAsync>b__0>d.MoveNext()
--- End of stack trace from previous location ---
   at SkyApm.Transport.Grpc.Common.Call.Execute[T](Func`1 task, Func`1 errCallback, Func`1 errMessage)
2026-02-02 09:50:26.913 +08:00 [grpcservice] [Warning] SkyApm.Transport.Grpc.ConnectionManager : Connection state changed. Status(StatusCode="Unavailable", Detail="Error connecting to subchannel.", DebugException="System.Net.Sockets.SocketException: 由于目标计算机积极拒绝，无法连接。")
2026-02-02 09:50:39.874 +08:00 [grpcservice] [Information] SkyApm.Transport.Grpc.ConnectionManager : Shutdown connection[127.0.0.1:11800].
2026-02-02 09:50:39.874 +08:00 [grpcservice] [Information] SkyApm.Transport.Grpc.ConnectionManager : Connected server[127.0.0.1:11800].
2026-02-02 09:50:56.910 +08:00 [grpcservice] [Error] SkyApm.Transport.Grpc.V8.ServiceRegister : Report service instance properties fail.
Grpc.Core.RpcException: Status(StatusCode="Unavailable", Detail="Error connecting to subchannel.", DebugException="System.Net.Sockets.SocketException: 由于目标计算机积极拒绝，无法连接。")
 ---> System.Net.Sockets.SocketException (10061): 由于目标计算机积极拒绝，无法连接。
   at System.Net.Sockets.Socket.AwaitableSocketAsyncEventArgs.System.Threading.Tasks.Sources.IValueTaskSource.GetResult(Int16 token)
   at System.Net.Sockets.Socket.<ConnectAsync>g__WaitForConnectWithCancellation|285_0(AwaitableSocketAsyncEventArgs saea, ValueTask connectTask, CancellationToken cancellationToken)
   at Grpc.Net.Client.Balancer.Internal.SocketConnectivitySubchannelTransport.TryConnectAsync(ConnectContext context, Int32 attempt)
   --- End of inner exception stack trace ---
   at Grpc.Net.Client.Balancer.Internal.ConnectionManager.PickAsync(PickContext context, Boolean waitForReady, CancellationToken cancellationToken)
   at Grpc.Net.Client.Balancer.Internal.BalancerHttpHandler.SendAsync(HttpRequestMessage request, CancellationToken cancellationToken)
   at Grpc.Net.Client.Internal.GrpcCall`2.RunCall(HttpRequestMessage request, Nullable`1 timeout)
   at Grpc.Net.Client.Internal.GrpcCall`2.GetResponseHeadersCoreAsync()
   at SkyApm.Transport.Grpc.V8.ServiceRegister.<>c__DisplayClass9_0.<<ReportInstancePropertiesAsync>b__0>d.MoveNext()
--- End of stack trace from previous location ---
   at SkyApm.Transport.Grpc.Common.Call.Execute[T](Func`1 task, Func`1 errCallback, Func`1 errMessage)
2026-02-02 09:50:56.910 +08:00 [grpcservice] [Warning] SkyApm.Transport.Grpc.ConnectionManager : Connection state changed. Status(StatusCode="Unavailable", Detail="Error connecting to subchannel.", DebugException="System.Net.Sockets.SocketException: 由于目标计算机积极拒绝，无法连接。")
2026-02-02 09:51:09.868 +08:00 [grpcservice] [Information] SkyApm.Transport.Grpc.ConnectionManager : Shutdown connection[127.0.0.1:11800].
2026-02-02 09:51:09.869 +08:00 [grpcservice] [Information] SkyApm.Transport.Grpc.ConnectionManager : Connected server[127.0.0.1:11800].
2026-02-02 09:51:29.969 +08:00 [grpcservice] [Error] SkyApm.Transport.Grpc.V8.ServiceRegister : Report service instance properties fail.
Grpc.Core.RpcException: Status(StatusCode="Unavailable", Detail="Error connecting to subchannel.", DebugException="System.Net.Sockets.SocketException: 由于目标计算机积极拒绝，无法连接。")
 ---> System.Net.Sockets.SocketException (10061): 由于目标计算机积极拒绝，无法连接。
   at System.Net.Sockets.Socket.AwaitableSocketAsyncEventArgs.System.Threading.Tasks.Sources.IValueTaskSource.GetResult(Int16 token)
   at System.Net.Sockets.Socket.<ConnectAsync>g__WaitForConnectWithCancellation|285_0(AwaitableSocketAsyncEventArgs saea, ValueTask connectTask, CancellationToken cancellationToken)
   at Grpc.Net.Client.Balancer.Internal.SocketConnectivitySubchannelTransport.TryConnectAsync(ConnectContext context, Int32 attempt)
   --- End of inner exception stack trace ---
   at Grpc.Net.Client.Balancer.Internal.ConnectionManager.PickAsync(PickContext context, Boolean waitForReady, CancellationToken cancellationToken)
   at Grpc.Net.Client.Balancer.Internal.BalancerHttpHandler.SendAsync(HttpRequestMessage request, CancellationToken cancellationToken)
   at Grpc.Net.Client.Internal.GrpcCall`2.RunCall(HttpRequestMessage request, Nullable`1 timeout)
   at Grpc.Net.Client.Internal.GrpcCall`2.GetResponseHeadersCoreAsync()
   at SkyApm.Transport.Grpc.V8.ServiceRegister.<>c__DisplayClass9_0.<<ReportInstancePropertiesAsync>b__0>d.MoveNext()
--- End of stack trace from previous location ---
   at SkyApm.Transport.Grpc.Common.Call.Execute[T](Func`1 task, Func`1 errCallback, Func`1 errMessage)
2026-02-02 09:51:29.969 +08:00 [grpcservice] [Warning] SkyApm.Transport.Grpc.ConnectionManager : Connection state changed. Status(StatusCode="Unavailable", Detail="Error connecting to subchannel.", DebugException="System.Net.Sockets.SocketException: 由于目标计算机积极拒绝，无法连接。")
2026-02-02 09:51:46.646 +08:00 [grpcservice] [Information] SkyApm.Transport.Grpc.ConnectionManager : Shutdown connection[127.0.0.1:11800].
2026-02-02 09:51:46.646 +08:00 [grpcservice] [Information] SkyApm.Transport.Grpc.ConnectionManager : Connected server[127.0.0.1:11800].
2026-02-02 09:52:00.691 +08:00 [grpcservice] [Error] SkyApm.Transport.Grpc.V8.ServiceRegister : Report service instance properties fail.
Grpc.Core.RpcException: Status(StatusCode="Unavailable", Detail="Error connecting to subchannel.", DebugException="System.Net.Sockets.SocketException: 由于目标计算机积极拒绝，无法连接。")
 ---> System.Net.Sockets.SocketException (10061): 由于目标计算机积极拒绝，无法连接。
   at System.Net.Sockets.Socket.AwaitableSocketAsyncEventArgs.System.Threading.Tasks.Sources.IValueTaskSource.GetResult(Int16 token)
   at System.Net.Sockets.Socket.<ConnectAsync>g__WaitForConnectWithCancellation|285_0(AwaitableSocketAsyncEventArgs saea, ValueTask connectTask, CancellationToken cancellationToken)
   at Grpc.Net.Client.Balancer.Internal.SocketConnectivitySubchannelTransport.TryConnectAsync(ConnectContext context, Int32 attempt)
   --- End of inner exception stack trace ---
   at Grpc.Net.Client.Balancer.Internal.ConnectionManager.PickAsync(PickContext context, Boolean waitForReady, CancellationToken cancellationToken)
   at Grpc.Net.Client.Balancer.Internal.BalancerHttpHandler.SendAsync(HttpRequestMessage request, CancellationToken cancellationToken)
   at Grpc.Net.Client.Internal.GrpcCall`2.RunCall(HttpRequestMessage request, Nullable`1 timeout)
   at Grpc.Net.Client.Internal.GrpcCall`2.GetResponseHeadersCoreAsync()
   at SkyApm.Transport.Grpc.V8.ServiceRegister.<>c__DisplayClass9_0.<<ReportInstancePropertiesAsync>b__0>d.MoveNext()
--- End of stack trace from previous location ---
   at SkyApm.Transport.Grpc.Common.Call.Execute[T](Func`1 task, Func`1 errCallback, Func`1 errMessage)
2026-02-02 09:52:00.691 +08:00 [grpcservice] [Warning] SkyApm.Transport.Grpc.ConnectionManager : Connection state changed. Status(StatusCode="Unavailable", Detail="Error connecting to subchannel.", DebugException="System.Net.Sockets.SocketException: 由于目标计算机积极拒绝，无法连接。")
2026-02-02 09:52:09.868 +08:00 [grpcservice] [Information] SkyApm.Transport.Grpc.ConnectionManager : Shutdown connection[127.0.0.1:11800].
2026-02-02 09:52:09.869 +08:00 [grpcservice] [Information] SkyApm.Transport.Grpc.ConnectionManager : Connected server[127.0.0.1:11800].
2026-02-02 09:52:26.892 +08:00 [grpcservice] [Error] SkyApm.Transport.Grpc.V8.ServiceRegister : Report service instance properties fail.
Grpc.Core.RpcException: Status(StatusCode="Unavailable", Detail="Error connecting to subchannel.", DebugException="System.Net.Sockets.SocketException: 由于目标计算机积极拒绝，无法连接。")
 ---> System.Net.Sockets.SocketException (10061): 由于目标计算机积极拒绝，无法连接。
   at System.Net.Sockets.Socket.AwaitableSocketAsyncEventArgs.System.Threading.Tasks.Sources.IValueTaskSource.GetResult(Int16 token)
   at System.Net.Sockets.Socket.<ConnectAsync>g__WaitForConnectWithCancellation|285_0(AwaitableSocketAsyncEventArgs saea, ValueTask connectTask, CancellationToken cancellationToken)
   at Grpc.Net.Client.Balancer.Internal.SocketConnectivitySubchannelTransport.TryConnectAsync(ConnectContext context, Int32 attempt)
   --- End of inner exception stack trace ---
   at Grpc.Net.Client.Balancer.Internal.ConnectionManager.PickAsync(PickContext context, Boolean waitForReady, CancellationToken cancellationToken)
   at Grpc.Net.Client.Balancer.Internal.BalancerHttpHandler.SendAsync(HttpRequestMessage request, CancellationToken cancellationToken)
   at Grpc.Net.Client.Internal.GrpcCall`2.RunCall(HttpRequestMessage request, Nullable`1 timeout)
   at Grpc.Net.Client.Internal.GrpcCall`2.GetResponseHeadersCoreAsync()
   at SkyApm.Transport.Grpc.V8.ServiceRegister.<>c__DisplayClass9_0.<<ReportInstancePropertiesAsync>b__0>d.MoveNext()
--- End of stack trace from previous location ---
   at SkyApm.Transport.Grpc.Common.Call.Execute[T](Func`1 task, Func`1 errCallback, Func`1 errMessage)
2026-02-02 09:52:26.892 +08:00 [grpcservice] [Warning] SkyApm.Transport.Grpc.ConnectionManager : Connection state changed. Status(StatusCode="Unavailable", Detail="Error connecting to subchannel.", DebugException="System.Net.Sockets.SocketException: 由于目标计算机积极拒绝，无法连接。")
2026-02-02 09:52:39.867 +08:00 [grpcservice] [Information] SkyApm.Transport.Grpc.ConnectionManager : Shutdown connection[127.0.0.1:11800].
2026-02-02 09:52:39.868 +08:00 [grpcservice] [Information] SkyApm.Transport.Grpc.ConnectionManager : Connected server[127.0.0.1:11800].
2026-02-02 09:52:56.895 +08:00 [grpcservice] [Error] SkyApm.Transport.Grpc.V8.ServiceRegister : Report service instance properties fail.
Grpc.Core.RpcException: Status(StatusCode="Unavailable", Detail="Error connecting to subchannel.", DebugException="System.Net.Sockets.SocketException: 由于目标计算机积极拒绝，无法连接。")
 ---> System.Net.Sockets.SocketException (10061): 由于目标计算机积极拒绝，无法连接。
   at System.Net.Sockets.Socket.AwaitableSocketAsyncEventArgs.System.Threading.Tasks.Sources.IValueTaskSource.GetResult(Int16 token)
   at System.Net.Sockets.Socket.<ConnectAsync>g__WaitForConnectWithCancellation|285_0(AwaitableSocketAsyncEventArgs saea, ValueTask connectTask, CancellationToken cancellationToken)
   at Grpc.Net.Client.Balancer.Internal.SocketConnectivitySubchannelTransport.TryConnectAsync(ConnectContext context, Int32 attempt)
   --- End of inner exception stack trace ---
   at Grpc.Net.Client.Balancer.Internal.ConnectionManager.PickAsync(PickContext context, Boolean waitForReady, CancellationToken cancellationToken)
   at Grpc.Net.Client.Balancer.Internal.BalancerHttpHandler.SendAsync(HttpRequestMessage request, CancellationToken cancellationToken)
   at Grpc.Net.Client.Internal.GrpcCall`2.RunCall(HttpRequestMessage request, Nullable`1 timeout)
   at Grpc.Net.Client.Internal.GrpcCall`2.GetResponseHeadersCoreAsync()
   at SkyApm.Transport.Grpc.V8.ServiceRegister.<>c__DisplayClass9_0.<<ReportInstancePropertiesAsync>b__0>d.MoveNext()
--- End of stack trace from previous location ---
   at SkyApm.Transport.Grpc.Common.Call.Execute[T](Func`1 task, Func`1 errCallback, Func`1 errMessage)
2026-02-02 09:52:56.895 +08:00 [grpcservice] [Warning] SkyApm.Transport.Grpc.ConnectionManager : Connection state changed. Status(StatusCode="Unavailable", Detail="Error connecting to subchannel.", DebugException="System.Net.Sockets.SocketException: 由于目标计算机积极拒绝，无法连接。")
2026-02-02 09:53:09.873 +08:00 [grpcservice] [Information] SkyApm.Transport.Grpc.ConnectionManager : Shutdown connection[127.0.0.1:11800].
2026-02-02 09:53:09.875 +08:00 [grpcservice] [Information] SkyApm.Transport.Grpc.ConnectionManager : Connected server[127.0.0.1:11800].
2026-02-02 09:53:26.894 +08:00 [grpcservice] [Error] SkyApm.Transport.Grpc.V8.ServiceRegister : Report service instance properties fail.
Grpc.Core.RpcException: Status(StatusCode="Unavailable", Detail="Error connecting to subchannel.", DebugException="System.Net.Sockets.SocketException: 由于目标计算机积极拒绝，无法连接。")
 ---> System.Net.Sockets.SocketException (10061): 由于目标计算机积极拒绝，无法连接。
   at System.Net.Sockets.Socket.AwaitableSocketAsyncEventArgs.System.Threading.Tasks.Sources.IValueTaskSource.GetResult(Int16 token)
   at System.Net.Sockets.Socket.<ConnectAsync>g__WaitForConnectWithCancellation|285_0(AwaitableSocketAsyncEventArgs saea, ValueTask connectTask, CancellationToken cancellationToken)
   at Grpc.Net.Client.Balancer.Internal.SocketConnectivitySubchannelTransport.TryConnectAsync(ConnectContext context, Int32 attempt)
   --- End of inner exception stack trace ---
   at Grpc.Net.Client.Balancer.Internal.ConnectionManager.PickAsync(PickContext context, Boolean waitForReady, CancellationToken cancellationToken)
   at Grpc.Net.Client.Balancer.Internal.BalancerHttpHandler.SendAsync(HttpRequestMessage request, CancellationToken cancellationToken)
   at Grpc.Net.Client.Internal.GrpcCall`2.RunCall(HttpRequestMessage request, Nullable`1 timeout)
   at Grpc.Net.Client.Internal.GrpcCall`2.GetResponseHeadersCoreAsync()
   at SkyApm.Transport.Grpc.V8.ServiceRegister.<>c__DisplayClass9_0.<<ReportInstancePropertiesAsync>b__0>d.MoveNext()
--- End of stack trace from previous location ---
   at SkyApm.Transport.Grpc.Common.Call.Execute[T](Func`1 task, Func`1 errCallback, Func`1 errMessage)
2026-02-02 09:53:26.894 +08:00 [grpcservice] [Warning] SkyApm.Transport.Grpc.ConnectionManager : Connection state changed. Status(StatusCode="Unavailable", Detail="Error connecting to subchannel.", DebugException="System.Net.Sockets.SocketException: 由于目标计算机积极拒绝，无法连接。")
2026-02-02 09:53:39.872 +08:00 [grpcservice] [Information] SkyApm.Transport.Grpc.ConnectionManager : Shutdown connection[127.0.0.1:11800].
2026-02-02 09:53:39.872 +08:00 [grpcservice] [Information] SkyApm.Transport.Grpc.ConnectionManager : Connected server[127.0.0.1:11800].
2026-02-02 09:53:56.899 +08:00 [grpcservice] [Error] SkyApm.Transport.Grpc.V8.ServiceRegister : Report service instance properties fail.
Grpc.Core.RpcException: Status(StatusCode="Unavailable", Detail="Error connecting to subchannel.", DebugException="System.Net.Sockets.SocketException: 由于目标计算机积极拒绝，无法连接。")
 ---> System.Net.Sockets.SocketException (10061): 由于目标计算机积极拒绝，无法连接。
   at System.Net.Sockets.Socket.AwaitableSocketAsyncEventArgs.System.Threading.Tasks.Sources.IValueTaskSource.GetResult(Int16 token)
   at System.Net.Sockets.Socket.<ConnectAsync>g__WaitForConnectWithCancellation|285_0(AwaitableSocketAsyncEventArgs saea, ValueTask connectTask, CancellationToken cancellationToken)
   at Grpc.Net.Client.Balancer.Internal.SocketConnectivitySubchannelTransport.TryConnectAsync(ConnectContext context, Int32 attempt)
   --- End of inner exception stack trace ---
   at Grpc.Net.Client.Balancer.Internal.ConnectionManager.PickAsync(PickContext context, Boolean waitForReady, CancellationToken cancellationToken)
   at Grpc.Net.Client.Balancer.Internal.BalancerHttpHandler.SendAsync(HttpRequestMessage request, CancellationToken cancellationToken)
   at Grpc.Net.Client.Internal.GrpcCall`2.RunCall(HttpRequestMessage request, Nullable`1 timeout)
   at Grpc.Net.Client.Internal.GrpcCall`2.GetResponseHeadersCoreAsync()
   at SkyApm.Transport.Grpc.V8.ServiceRegister.<>c__DisplayClass9_0.<<ReportInstancePropertiesAsync>b__0>d.MoveNext()
--- End of stack trace from previous location ---
   at SkyApm.Transport.Grpc.Common.Call.Execute[T](Func`1 task, Func`1 errCallback, Func`1 errMessage)
2026-02-02 09:53:56.899 +08:00 [grpcservice] [Warning] SkyApm.Transport.Grpc.ConnectionManager : Connection state changed. Status(StatusCode="Unavailable", Detail="Error connecting to subchannel.", DebugException="System.Net.Sockets.SocketException: 由于目标计算机积极拒绝，无法连接。")
2026-02-02 09:54:09.865 +08:00 [grpcservice] [Information] SkyApm.Transport.Grpc.ConnectionManager : Shutdown connection[127.0.0.1:11800].
2026-02-02 09:54:09.865 +08:00 [grpcservice] [Information] SkyApm.Transport.Grpc.ConnectionManager : Connected server[127.0.0.1:11800].
2026-02-02 09:54:26.907 +08:00 [grpcservice] [Error] SkyApm.Transport.Grpc.V8.ServiceRegister : Report service instance properties fail.
Grpc.Core.RpcException: Status(StatusCode="Unavailable", Detail="Error connecting to subchannel.", DebugException="System.Net.Sockets.SocketException: 由于目标计算机积极拒绝，无法连接。")
 ---> System.Net.Sockets.SocketException (10061): 由于目标计算机积极拒绝，无法连接。
   at System.Net.Sockets.Socket.AwaitableSocketAsyncEventArgs.System.Threading.Tasks.Sources.IValueTaskSource.GetResult(Int16 token)
   at System.Net.Sockets.Socket.<ConnectAsync>g__WaitForConnectWithCancellation|285_0(AwaitableSocketAsyncEventArgs saea, ValueTask connectTask, CancellationToken cancellationToken)
   at Grpc.Net.Client.Balancer.Internal.SocketConnectivitySubchannelTransport.TryConnectAsync(ConnectContext context, Int32 attempt)
   --- End of inner exception stack trace ---
   at Grpc.Net.Client.Balancer.Internal.ConnectionManager.PickAsync(PickContext context, Boolean waitForReady, CancellationToken cancellationToken)
   at Grpc.Net.Client.Balancer.Internal.BalancerHttpHandler.SendAsync(HttpRequestMessage request, CancellationToken cancellationToken)
   at Grpc.Net.Client.Internal.GrpcCall`2.RunCall(HttpRequestMessage request, Nullable`1 timeout)
   at Grpc.Net.Client.Internal.GrpcCall`2.GetResponseHeadersCoreAsync()
   at SkyApm.Transport.Grpc.V8.ServiceRegister.<>c__DisplayClass9_0.<<ReportInstancePropertiesAsync>b__0>d.MoveNext()
--- End of stack trace from previous location ---
   at SkyApm.Transport.Grpc.Common.Call.Execute[T](Func`1 task, Func`1 errCallback, Func`1 errMessage)
2026-02-02 09:54:26.907 +08:00 [grpcservice] [Warning] SkyApm.Transport.Grpc.ConnectionManager : Connection state changed. Status(StatusCode="Unavailable", Detail="Error connecting to subchannel.", DebugException="System.Net.Sockets.SocketException: 由于目标计算机积极拒绝，无法连接。")
2026-02-02 09:54:39.865 +08:00 [grpcservice] [Information] SkyApm.Transport.Grpc.ConnectionManager : Shutdown connection[127.0.0.1:11800].
2026-02-02 09:54:39.865 +08:00 [grpcservice] [Information] SkyApm.Transport.Grpc.ConnectionManager : Connected server[127.0.0.1:11800].
2026-02-02 09:54:56.904 +08:00 [grpcservice] [Error] SkyApm.Transport.Grpc.V8.ServiceRegister : Report service instance properties fail.
Grpc.Core.RpcException: Status(StatusCode="Unavailable", Detail="Error connecting to subchannel.", DebugException="System.Net.Sockets.SocketException: 由于目标计算机积极拒绝，无法连接。")
 ---> System.Net.Sockets.SocketException (10061): 由于目标计算机积极拒绝，无法连接。
   at System.Net.Sockets.Socket.AwaitableSocketAsyncEventArgs.System.Threading.Tasks.Sources.IValueTaskSource.GetResult(Int16 token)
   at System.Net.Sockets.Socket.<ConnectAsync>g__WaitForConnectWithCancellation|285_0(AwaitableSocketAsyncEventArgs saea, ValueTask connectTask, CancellationToken cancellationToken)
   at Grpc.Net.Client.Balancer.Internal.SocketConnectivitySubchannelTransport.TryConnectAsync(ConnectContext context, Int32 attempt)
   --- End of inner exception stack trace ---
   at Grpc.Net.Client.Balancer.Internal.ConnectionManager.PickAsync(PickContext context, Boolean waitForReady, CancellationToken cancellationToken)
   at Grpc.Net.Client.Balancer.Internal.BalancerHttpHandler.SendAsync(HttpRequestMessage request, CancellationToken cancellationToken)
   at Grpc.Net.Client.Internal.GrpcCall`2.RunCall(HttpRequestMessage request, Nullable`1 timeout)
   at Grpc.Net.Client.Internal.GrpcCall`2.GetResponseHeadersCoreAsync()
   at SkyApm.Transport.Grpc.V8.ServiceRegister.<>c__DisplayClass9_0.<<ReportInstancePropertiesAsync>b__0>d.MoveNext()
--- End of stack trace from previous location ---
   at SkyApm.Transport.Grpc.Common.Call.Execute[T](Func`1 task, Func`1 errCallback, Func`1 errMessage)
2026-02-02 09:54:56.904 +08:00 [grpcservice] [Warning] SkyApm.Transport.Grpc.ConnectionManager : Connection state changed. Status(StatusCode="Unavailable", Detail="Error connecting to subchannel.", DebugException="System.Net.Sockets.SocketException: 由于目标计算机积极拒绝，无法连接。")
2026-02-02 09:55:09.872 +08:00 [grpcservice] [Information] SkyApm.Transport.Grpc.ConnectionManager : Shutdown connection[127.0.0.1:11800].
2026-02-02 09:55:09.872 +08:00 [grpcservice] [Information] SkyApm.Transport.Grpc.ConnectionManager : Connected server[127.0.0.1:11800].
2026-02-02 09:55:26.906 +08:00 [grpcservice] [Error] SkyApm.Transport.Grpc.V8.ServiceRegister : Report service instance properties fail.
Grpc.Core.RpcException: Status(StatusCode="Unavailable", Detail="Error connecting to subchannel.", DebugException="System.Net.Sockets.SocketException: 由于目标计算机积极拒绝，无法连接。")
 ---> System.Net.Sockets.SocketException (10061): 由于目标计算机积极拒绝，无法连接。
   at System.Net.Sockets.Socket.AwaitableSocketAsyncEventArgs.System.Threading.Tasks.Sources.IValueTaskSource.GetResult(Int16 token)
   at System.Net.Sockets.Socket.<ConnectAsync>g__WaitForConnectWithCancellation|285_0(AwaitableSocketAsyncEventArgs saea, ValueTask connectTask, CancellationToken cancellationToken)
   at Grpc.Net.Client.Balancer.Internal.SocketConnectivitySubchannelTransport.TryConnectAsync(ConnectContext context, Int32 attempt)
   --- End of inner exception stack trace ---
   at Grpc.Net.Client.Balancer.Internal.ConnectionManager.PickAsync(PickContext context, Boolean waitForReady, CancellationToken cancellationToken)
   at Grpc.Net.Client.Balancer.Internal.BalancerHttpHandler.SendAsync(HttpRequestMessage request, CancellationToken cancellationToken)
   at Grpc.Net.Client.Internal.GrpcCall`2.RunCall(HttpRequestMessage request, Nullable`1 timeout)
   at Grpc.Net.Client.Internal.GrpcCall`2.GetResponseHeadersCoreAsync()
   at SkyApm.Transport.Grpc.V8.ServiceRegister.<>c__DisplayClass9_0.<<ReportInstancePropertiesAsync>b__0>d.MoveNext()
--- End of stack trace from previous location ---
   at SkyApm.Transport.Grpc.Common.Call.Execute[T](Func`1 task, Func`1 errCallback, Func`1 errMessage)
2026-02-02 09:55:26.906 +08:00 [grpcservice] [Warning] SkyApm.Transport.Grpc.ConnectionManager : Connection state changed. Status(StatusCode="Unavailable", Detail="Error connecting to subchannel.", DebugException="System.Net.Sockets.SocketException: 由于目标计算机积极拒绝，无法连接。")
2026-02-02 09:55:39.877 +08:00 [grpcservice] [Information] SkyApm.Transport.Grpc.ConnectionManager : Shutdown connection[127.0.0.1:11800].
2026-02-02 09:55:39.877 +08:00 [grpcservice] [Information] SkyApm.Transport.Grpc.ConnectionManager : Connected server[127.0.0.1:11800].
2026-02-02 10:00:33.240 +08:00 [grpcservice] [Information] SkyApm.InstrumentStartup : Initializing ...
2026-02-02 10:00:33.325 +08:00 [grpcservice] [Information] SkyApm.Service.RegisterService : Loaded instrument service [SkyApm.Service.RegisterService].
2026-02-02 10:00:33.326 +08:00 [grpcservice] [Information] SkyApm.Service.LogReportService : Loaded instrument service [SkyApm.Service.LogReportService].
2026-02-02 10:00:33.326 +08:00 [grpcservice] [Information] SkyApm.Service.PingService : Loaded instrument service [SkyApm.Service.PingService].
2026-02-02 10:00:33.326 +08:00 [grpcservice] [Information] SkyApm.Service.SegmentReportService : Loaded instrument service [SkyApm.Service.SegmentReportService].
2026-02-02 10:00:33.326 +08:00 [grpcservice] [Information] SkyApm.Service.CLRStatsService : Loaded instrument service [SkyApm.Service.CLRStatsService].
2026-02-02 10:00:33.327 +08:00 [grpcservice] [Information] SkyApm.Sampling.SimpleCountSamplingInterceptor : Loaded instrument service [SkyApm.Sampling.SimpleCountSamplingInterceptor].
2026-02-02 10:00:33.327 +08:00 [grpcservice] [Information] SkyApm.Transport.Grpc.ConnectService : Loaded instrument service [SkyApm.Transport.Grpc.ConnectService].
2026-02-02 10:00:33.404 +08:00 [grpcservice] [Information] SkyApm.Transport.Grpc.ConnectionManager : Connected server[127.0.0.1:11800].
2026-02-02 10:00:33.431 +08:00 [grpcservice] [Information] SkyApm.Diagnostics.TracingDiagnosticProcessorObserver : Loaded diagnostic listener [HttpHandlerDiagnosticListener].
2026-02-02 10:00:33.432 +08:00 [grpcservice] [Information] SkyApm.InstrumentStartup : Started SkyAPM .NET Core Agent.
2026-02-02 10:00:33.968 +08:00 [grpcservice] [Information] SkyApm.Diagnostics.TracingDiagnosticProcessorObserver : Loaded diagnostic listener [Grpc.Net.Client].
2026-02-02 10:00:36.965 +08:00 [grpcservice] [Error] SkyApm.Transport.Grpc.V8.ServiceRegister : Report service instance properties fail.
Grpc.Core.RpcException: Status(StatusCode="Unavailable", Detail="Error connecting to subchannel.", DebugException="System.Net.Sockets.SocketException: 由于目标计算机积极拒绝，无法连接。")
 ---> System.Net.Sockets.SocketException (10061): 由于目标计算机积极拒绝，无法连接。
   at System.Net.Sockets.Socket.AwaitableSocketAsyncEventArgs.ThrowException(SocketError error, CancellationToken cancellationToken)
   at System.Net.Sockets.Socket.AwaitableSocketAsyncEventArgs.System.Threading.Tasks.Sources.IValueTaskSource.GetResult(Int16 token)
   at System.Net.Sockets.Socket.<ConnectAsync>g__WaitForConnectWithCancellation|285_0(AwaitableSocketAsyncEventArgs saea, ValueTask connectTask, CancellationToken cancellationToken)
   at Grpc.Net.Client.Balancer.Internal.SocketConnectivitySubchannelTransport.TryConnectAsync(ConnectContext context, Int32 attempt)
   --- End of inner exception stack trace ---
   at Grpc.Net.Client.Balancer.Internal.ConnectionManager.PickAsync(PickContext context, Boolean waitForReady, CancellationToken cancellationToken)
   at Grpc.Net.Client.Balancer.Internal.BalancerHttpHandler.SendAsync(HttpRequestMessage request, CancellationToken cancellationToken)
   at Grpc.Net.Client.Internal.GrpcCall`2.RunCall(HttpRequestMessage request, Nullable`1 timeout)
   at Grpc.Net.Client.Internal.GrpcCall`2.GetResponseHeadersCoreAsync()
   at SkyApm.Transport.Grpc.V8.ServiceRegister.<>c__DisplayClass9_0.<<ReportInstancePropertiesAsync>b__0>d.MoveNext()
--- End of stack trace from previous location ---
   at SkyApm.Transport.Grpc.Common.Call.Execute[T](Func`1 task, Func`1 errCallback, Func`1 errMessage)
2026-02-02 10:00:36.966 +08:00 [grpcservice] [Warning] SkyApm.Transport.Grpc.ConnectionManager : Connection state changed. Status(StatusCode="Unavailable", Detail="Error connecting to subchannel.", DebugException="System.Net.Sockets.SocketException: 由于目标计算机积极拒绝，无法连接。")
2026-02-02 10:00:48.368 +08:00 [grpcservice] [Information] SkyApm.Transport.Grpc.ConnectionManager : Shutdown connection[127.0.0.1:11800].
2026-02-02 10:00:48.376 +08:00 [grpcservice] [Information] SkyApm.Transport.Grpc.ConnectionManager : Connected server[127.0.0.1:11800].
2026-02-02 10:01:05.371 +08:00 [grpcservice] [Error] SkyApm.Transport.Grpc.V8.ServiceRegister : Report service instance properties fail.
Grpc.Core.RpcException: Status(StatusCode="Unavailable", Detail="Error connecting to subchannel.", DebugException="System.Net.Sockets.SocketException: 由于目标计算机积极拒绝，无法连接。")
 ---> System.Net.Sockets.SocketException (10061): 由于目标计算机积极拒绝，无法连接。
   at System.Net.Sockets.Socket.AwaitableSocketAsyncEventArgs.ThrowException(SocketError error, CancellationToken cancellationToken)
   at System.Net.Sockets.Socket.AwaitableSocketAsyncEventArgs.System.Threading.Tasks.Sources.IValueTaskSource.GetResult(Int16 token)
   at System.Net.Sockets.Socket.<ConnectAsync>g__WaitForConnectWithCancellation|285_0(AwaitableSocketAsyncEventArgs saea, ValueTask connectTask, CancellationToken cancellationToken)
   at Grpc.Net.Client.Balancer.Internal.SocketConnectivitySubchannelTransport.TryConnectAsync(ConnectContext context, Int32 attempt)
   --- End of inner exception stack trace ---
   at Grpc.Net.Client.Balancer.Internal.ConnectionManager.PickAsync(PickContext context, Boolean waitForReady, CancellationToken cancellationToken)
   at Grpc.Net.Client.Balancer.Internal.BalancerHttpHandler.SendAsync(HttpRequestMessage request, CancellationToken cancellationToken)
   at Grpc.Net.Client.Internal.GrpcCall`2.RunCall(HttpRequestMessage request, Nullable`1 timeout)
   at Grpc.Net.Client.Internal.GrpcCall`2.GetResponseHeadersCoreAsync()
   at SkyApm.Transport.Grpc.V8.ServiceRegister.<>c__DisplayClass9_0.<<ReportInstancePropertiesAsync>b__0>d.MoveNext()
--- End of stack trace from previous location ---
   at SkyApm.Transport.Grpc.Common.Call.Execute[T](Func`1 task, Func`1 errCallback, Func`1 errMessage)
2026-02-02 10:01:05.371 +08:00 [grpcservice] [Warning] SkyApm.Transport.Grpc.ConnectionManager : Connection state changed. Status(StatusCode="Unavailable", Detail="Error connecting to subchannel.", DebugException="System.Net.Sockets.SocketException: 由于目标计算机积极拒绝，无法连接。")
2026-02-02 10:01:18.340 +08:00 [grpcservice] [Information] SkyApm.Transport.Grpc.ConnectionManager : Shutdown connection[127.0.0.1:11800].
2026-02-02 10:01:18.341 +08:00 [grpcservice] [Information] SkyApm.Transport.Grpc.ConnectionManager : Connected server[127.0.0.1:11800].
2026-02-02 10:01:35.363 +08:00 [grpcservice] [Error] SkyApm.Transport.Grpc.V8.ServiceRegister : Report service instance properties fail.
Grpc.Core.RpcException: Status(StatusCode="Unavailable", Detail="Error connecting to subchannel.", DebugException="System.Net.Sockets.SocketException: 由于目标计算机积极拒绝，无法连接。")
 ---> System.Net.Sockets.SocketException (10061): 由于目标计算机积极拒绝，无法连接。
   at System.Net.Sockets.Socket.AwaitableSocketAsyncEventArgs.ThrowException(SocketError error, CancellationToken cancellationToken)
   at System.Net.Sockets.Socket.AwaitableSocketAsyncEventArgs.System.Threading.Tasks.Sources.IValueTaskSource.GetResult(Int16 token)
   at System.Net.Sockets.Socket.<ConnectAsync>g__WaitForConnectWithCancellation|285_0(AwaitableSocketAsyncEventArgs saea, ValueTask connectTask, CancellationToken cancellationToken)
   at Grpc.Net.Client.Balancer.Internal.SocketConnectivitySubchannelTransport.TryConnectAsync(ConnectContext context, Int32 attempt)
   --- End of inner exception stack trace ---
   at Grpc.Net.Client.Balancer.Internal.ConnectionManager.PickAsync(PickContext context, Boolean waitForReady, CancellationToken cancellationToken)
   at Grpc.Net.Client.Balancer.Internal.BalancerHttpHandler.SendAsync(HttpRequestMessage request, CancellationToken cancellationToken)
   at Grpc.Net.Client.Internal.GrpcCall`2.RunCall(HttpRequestMessage request, Nullable`1 timeout)
   at Grpc.Net.Client.Internal.GrpcCall`2.GetResponseHeadersCoreAsync()
   at SkyApm.Transport.Grpc.V8.ServiceRegister.<>c__DisplayClass9_0.<<ReportInstancePropertiesAsync>b__0>d.MoveNext()
--- End of stack trace from previous location ---
   at SkyApm.Transport.Grpc.Common.Call.Execute[T](Func`1 task, Func`1 errCallback, Func`1 errMessage)
2026-02-02 10:01:35.363 +08:00 [grpcservice] [Warning] SkyApm.Transport.Grpc.ConnectionManager : Connection state changed. Status(StatusCode="Unavailable", Detail="Error connecting to subchannel.", DebugException="System.Net.Sockets.SocketException: 由于目标计算机积极拒绝，无法连接。")
2026-02-02 10:01:48.335 +08:00 [grpcservice] [Information] SkyApm.Transport.Grpc.ConnectionManager : Shutdown connection[127.0.0.1:11800].
2026-02-02 10:01:48.335 +08:00 [grpcservice] [Information] SkyApm.Transport.Grpc.ConnectionManager : Connected server[127.0.0.1:11800].
2026-02-02 10:02:05.376 +08:00 [grpcservice] [Error] SkyApm.Transport.Grpc.V8.ServiceRegister : Report service instance properties fail.
Grpc.Core.RpcException: Status(StatusCode="Unavailable", Detail="Error connecting to subchannel.", DebugException="System.Net.Sockets.SocketException: 由于目标计算机积极拒绝，无法连接。")
 ---> System.Net.Sockets.SocketException (10061): 由于目标计算机积极拒绝，无法连接。
   at System.Net.Sockets.Socket.AwaitableSocketAsyncEventArgs.ThrowException(SocketError error, CancellationToken cancellationToken)
   at System.Net.Sockets.Socket.AwaitableSocketAsyncEventArgs.System.Threading.Tasks.Sources.IValueTaskSource.GetResult(Int16 token)
   at System.Net.Sockets.Socket.<ConnectAsync>g__WaitForConnectWithCancellation|285_0(AwaitableSocketAsyncEventArgs saea, ValueTask connectTask, CancellationToken cancellationToken)
   at Grpc.Net.Client.Balancer.Internal.SocketConnectivitySubchannelTransport.TryConnectAsync(ConnectContext context, Int32 attempt)
   --- End of inner exception stack trace ---
   at Grpc.Net.Client.Balancer.Internal.ConnectionManager.PickAsync(PickContext context, Boolean waitForReady, CancellationToken cancellationToken)
   at Grpc.Net.Client.Balancer.Internal.BalancerHttpHandler.SendAsync(HttpRequestMessage request, CancellationToken cancellationToken)
   at Grpc.Net.Client.Internal.GrpcCall`2.RunCall(HttpRequestMessage request, Nullable`1 timeout)
   at Grpc.Net.Client.Internal.GrpcCall`2.GetResponseHeadersCoreAsync()
   at SkyApm.Transport.Grpc.V8.ServiceRegister.<>c__DisplayClass9_0.<<ReportInstancePropertiesAsync>b__0>d.MoveNext()
--- End of stack trace from previous location ---
   at SkyApm.Transport.Grpc.Common.Call.Execute[T](Func`1 task, Func`1 errCallback, Func`1 errMessage)
2026-02-02 10:02:05.376 +08:00 [grpcservice] [Warning] SkyApm.Transport.Grpc.ConnectionManager : Connection state changed. Status(StatusCode="Unavailable", Detail="Error connecting to subchannel.", DebugException="System.Net.Sockets.SocketException: 由于目标计算机积极拒绝，无法连接。")
2026-02-02 10:02:18.343 +08:00 [grpcservice] [Information] SkyApm.Transport.Grpc.ConnectionManager : Shutdown connection[127.0.0.1:11800].
2026-02-02 10:02:18.344 +08:00 [grpcservice] [Information] SkyApm.Transport.Grpc.ConnectionManager : Connected server[127.0.0.1:11800].
2026-02-02 10:02:39.670 +08:00 [grpcservice] [Error] SkyApm.Transport.Grpc.V8.ServiceRegister : Report service instance properties fail.
Grpc.Core.RpcException: Status(StatusCode="Unavailable", Detail="Error connecting to subchannel.", DebugException="System.Net.Sockets.SocketException: 由于目标计算机积极拒绝，无法连接。")
 ---> System.Net.Sockets.SocketException (10061): 由于目标计算机积极拒绝，无法连接。
   at System.Net.Sockets.Socket.AwaitableSocketAsyncEventArgs.ThrowException(SocketError error, CancellationToken cancellationToken)
   at System.Net.Sockets.Socket.AwaitableSocketAsyncEventArgs.System.Threading.Tasks.Sources.IValueTaskSource.GetResult(Int16 token)
   at System.Net.Sockets.Socket.<ConnectAsync>g__WaitForConnectWithCancellation|285_0(AwaitableSocketAsyncEventArgs saea, ValueTask connectTask, CancellationToken cancellationToken)
   at Grpc.Net.Client.Balancer.Internal.SocketConnectivitySubchannelTransport.TryConnectAsync(ConnectContext context, Int32 attempt)
   --- End of inner exception stack trace ---
   at Grpc.Net.Client.Balancer.Internal.ConnectionManager.PickAsync(PickContext context, Boolean waitForReady, CancellationToken cancellationToken)
   at Grpc.Net.Client.Balancer.Internal.BalancerHttpHandler.SendAsync(HttpRequestMessage request, CancellationToken cancellationToken)
   at Grpc.Net.Client.Internal.GrpcCall`2.RunCall(HttpRequestMessage request, Nullable`1 timeout)
   at Grpc.Net.Client.Internal.GrpcCall`2.GetResponseHeadersCoreAsync()
   at SkyApm.Transport.Grpc.V8.ServiceRegister.<>c__DisplayClass9_0.<<ReportInstancePropertiesAsync>b__0>d.MoveNext()
--- End of stack trace from previous location ---
   at SkyApm.Transport.Grpc.Common.Call.Execute[T](Func`1 task, Func`1 errCallback, Func`1 errMessage)
2026-02-02 10:02:39.670 +08:00 [grpcservice] [Warning] SkyApm.Transport.Grpc.ConnectionManager : Connection state changed. Status(StatusCode="Unavailable", Detail="Error connecting to subchannel.", DebugException="System.Net.Sockets.SocketException: 由于目标计算机积极拒绝，无法连接。")
2026-02-02 10:02:54.595 +08:00 [grpcservice] [Information] SkyApm.Transport.Grpc.ConnectionManager : Shutdown connection[127.0.0.1:11800].
2026-02-02 10:02:54.597 +08:00 [grpcservice] [Information] SkyApm.Transport.Grpc.ConnectionManager : Connected server[127.0.0.1:11800].
2026-02-02 10:03:11.196 +08:00 [grpcservice] [Error] SkyApm.Transport.Grpc.V8.ServiceRegister : Report service instance properties fail.
Grpc.Core.RpcException: Status(StatusCode="Unavailable", Detail="Error connecting to subchannel.", DebugException="System.Net.Sockets.SocketException: 由于目标计算机积极拒绝，无法连接。")
 ---> System.Net.Sockets.SocketException (10061): 由于目标计算机积极拒绝，无法连接。
   at System.Net.Sockets.Socket.AwaitableSocketAsyncEventArgs.ThrowException(SocketError error, CancellationToken cancellationToken)
   at System.Net.Sockets.Socket.AwaitableSocketAsyncEventArgs.System.Threading.Tasks.Sources.IValueTaskSource.GetResult(Int16 token)
   at System.Net.Sockets.Socket.<ConnectAsync>g__WaitForConnectWithCancellation|285_0(AwaitableSocketAsyncEventArgs saea, ValueTask connectTask, CancellationToken cancellationToken)
   at Grpc.Net.Client.Balancer.Internal.SocketConnectivitySubchannelTransport.TryConnectAsync(ConnectContext context, Int32 attempt)
   --- End of inner exception stack trace ---
   at Grpc.Net.Client.Balancer.Internal.ConnectionManager.PickAsync(PickContext context, Boolean waitForReady, CancellationToken cancellationToken)
   at Grpc.Net.Client.Balancer.Internal.BalancerHttpHandler.SendAsync(HttpRequestMessage request, CancellationToken cancellationToken)
   at Grpc.Net.Client.Internal.GrpcCall`2.RunCall(HttpRequestMessage request, Nullable`1 timeout)
   at Grpc.Net.Client.Internal.GrpcCall`2.GetResponseHeadersCoreAsync()
   at SkyApm.Transport.Grpc.V8.ServiceRegister.<>c__DisplayClass9_0.<<ReportInstancePropertiesAsync>b__0>d.MoveNext()
--- End of stack trace from previous location ---
   at SkyApm.Transport.Grpc.Common.Call.Execute[T](Func`1 task, Func`1 errCallback, Func`1 errMessage)
2026-02-02 10:03:11.197 +08:00 [grpcservice] [Warning] SkyApm.Transport.Grpc.ConnectionManager : Connection state changed. Status(StatusCode="Unavailable", Detail="Error connecting to subchannel.", DebugException="System.Net.Sockets.SocketException: 由于目标计算机积极拒绝，无法连接。")
2026-02-02 10:03:18.534 +08:00 [grpcservice] [Information] SkyApm.Transport.Grpc.ConnectionManager : Shutdown connection[127.0.0.1:11800].
2026-02-02 10:03:18.535 +08:00 [grpcservice] [Information] SkyApm.Transport.Grpc.ConnectionManager : Connected server[127.0.0.1:11800].
2026-02-02 10:03:39.765 +08:00 [grpcservice] [Error] SkyApm.Transport.Grpc.V8.ServiceRegister : Report service instance properties fail.
Grpc.Core.RpcException: Status(StatusCode="Unavailable", Detail="Error connecting to subchannel.", DebugException="System.Net.Sockets.SocketException: 由于目标计算机积极拒绝，无法连接。")
 ---> System.Net.Sockets.SocketException (10061): 由于目标计算机积极拒绝，无法连接。
   at System.Net.Sockets.Socket.AwaitableSocketAsyncEventArgs.ThrowException(SocketError error, CancellationToken cancellationToken)
   at System.Net.Sockets.Socket.AwaitableSocketAsyncEventArgs.System.Threading.Tasks.Sources.IValueTaskSource.GetResult(Int16 token)
   at System.Net.Sockets.Socket.<ConnectAsync>g__WaitForConnectWithCancellation|285_0(AwaitableSocketAsyncEventArgs saea, ValueTask connectTask, CancellationToken cancellationToken)
   at Grpc.Net.Client.Balancer.Internal.SocketConnectivitySubchannelTransport.TryConnectAsync(ConnectContext context, Int32 attempt)
   --- End of inner exception stack trace ---
   at Grpc.Net.Client.Balancer.Internal.ConnectionManager.PickAsync(PickContext context, Boolean waitForReady, CancellationToken cancellationToken)
   at Grpc.Net.Client.Balancer.Internal.BalancerHttpHandler.SendAsync(HttpRequestMessage request, CancellationToken cancellationToken)
   at Grpc.Net.Client.Internal.GrpcCall`2.RunCall(HttpRequestMessage request, Nullable`1 timeout)
   at Grpc.Net.Client.Internal.GrpcCall`2.GetResponseHeadersCoreAsync()
   at SkyApm.Transport.Grpc.V8.ServiceRegister.<>c__DisplayClass9_0.<<ReportInstancePropertiesAsync>b__0>d.MoveNext()
--- End of stack trace from previous location ---
   at SkyApm.Transport.Grpc.Common.Call.Execute[T](Func`1 task, Func`1 errCallback, Func`1 errMessage)
2026-02-02 10:03:39.765 +08:00 [grpcservice] [Warning] SkyApm.Transport.Grpc.ConnectionManager : Connection state changed. Status(StatusCode="Unavailable", Detail="Error connecting to subchannel.", DebugException="System.Net.Sockets.SocketException: 由于目标计算机积极拒绝，无法连接。")
2026-02-02 10:03:48.340 +08:00 [grpcservice] [Information] SkyApm.Transport.Grpc.ConnectionManager : Shutdown connection[127.0.0.1:11800].
2026-02-02 10:03:48.340 +08:00 [grpcservice] [Information] SkyApm.Transport.Grpc.ConnectionManager : Connected server[127.0.0.1:11800].
2026-02-02 10:04:14.365 +08:00 [grpcservice] [Error] SkyApm.Transport.Grpc.V8.ServiceRegister : Report service instance properties fail.
Grpc.Core.RpcException: Status(StatusCode="Unavailable", Detail="Error connecting to subchannel.", DebugException="System.Net.Sockets.SocketException: 由于目标计算机积极拒绝，无法连接。")
 ---> System.Net.Sockets.SocketException (10061): 由于目标计算机积极拒绝，无法连接。
   at System.Net.Sockets.Socket.AwaitableSocketAsyncEventArgs.ThrowException(SocketError error, CancellationToken cancellationToken)
   at System.Net.Sockets.Socket.AwaitableSocketAsyncEventArgs.System.Threading.Tasks.Sources.IValueTaskSource.GetResult(Int16 token)
   at System.Net.Sockets.Socket.<ConnectAsync>g__WaitForConnectWithCancellation|285_0(AwaitableSocketAsyncEventArgs saea, ValueTask connectTask, CancellationToken cancellationToken)
   at Grpc.Net.Client.Balancer.Internal.SocketConnectivitySubchannelTransport.TryConnectAsync(ConnectContext context, Int32 attempt)
   --- End of inner exception stack trace ---
   at Grpc.Net.Client.Balancer.Internal.ConnectionManager.PickAsync(PickContext context, Boolean waitForReady, CancellationToken cancellationToken)
   at Grpc.Net.Client.Balancer.Internal.BalancerHttpHandler.SendAsync(HttpRequestMessage request, CancellationToken cancellationToken)
   at Grpc.Net.Client.Internal.GrpcCall`2.RunCall(HttpRequestMessage request, Nullable`1 timeout)
   at Grpc.Net.Client.Internal.GrpcCall`2.GetResponseHeadersCoreAsync()
   at SkyApm.Transport.Grpc.V8.ServiceRegister.<>c__DisplayClass9_0.<<ReportInstancePropertiesAsync>b__0>d.MoveNext()
--- End of stack trace from previous location ---
   at SkyApm.Transport.Grpc.Common.Call.Execute[T](Func`1 task, Func`1 errCallback, Func`1 errMessage)
2026-02-02 10:04:14.365 +08:00 [grpcservice] [Warning] SkyApm.Transport.Grpc.ConnectionManager : Connection state changed. Status(StatusCode="Unavailable", Detail="Error connecting to subchannel.", DebugException="System.Net.Sockets.SocketException: 由于目标计算机积极拒绝，无法连接。")
2026-02-02 10:04:18.433 +08:00 [grpcservice] [Information] SkyApm.Transport.Grpc.ConnectionManager : Shutdown connection[127.0.0.1:11800].
2026-02-02 10:04:18.433 +08:00 [grpcservice] [Information] SkyApm.Transport.Grpc.ConnectionManager : Connected server[127.0.0.1:11800].
2026-02-02 10:04:37.511 +08:00 [grpcservice] [Error] SkyApm.Transport.Grpc.V8.ServiceRegister : Report service instance properties fail.
Grpc.Core.RpcException: Status(StatusCode="Unavailable", Detail="Error connecting to subchannel.", DebugException="System.Net.Sockets.SocketException: 由于目标计算机积极拒绝，无法连接。")
 ---> System.Net.Sockets.SocketException (10061): 由于目标计算机积极拒绝，无法连接。
   at System.Net.Sockets.Socket.AwaitableSocketAsyncEventArgs.System.Threading.Tasks.Sources.IValueTaskSource.GetResult(Int16 token)
   at System.Net.Sockets.Socket.<ConnectAsync>g__WaitForConnectWithCancellation|285_0(AwaitableSocketAsyncEventArgs saea, ValueTask connectTask, CancellationToken cancellationToken)
   at Grpc.Net.Client.Balancer.Internal.SocketConnectivitySubchannelTransport.TryConnectAsync(ConnectContext context, Int32 attempt)
   --- End of inner exception stack trace ---
   at Grpc.Net.Client.Balancer.Internal.ConnectionManager.PickAsync(PickContext context, Boolean waitForReady, CancellationToken cancellationToken)
   at Grpc.Net.Client.Balancer.Internal.BalancerHttpHandler.SendAsync(HttpRequestMessage request, CancellationToken cancellationToken)
   at Grpc.Net.Client.Internal.GrpcCall`2.RunCall(HttpRequestMessage request, Nullable`1 timeout)
   at Grpc.Net.Client.Internal.GrpcCall`2.GetResponseHeadersCoreAsync()
   at SkyApm.Transport.Grpc.V8.ServiceRegister.<>c__DisplayClass9_0.<<ReportInstancePropertiesAsync>b__0>d.MoveNext()
--- End of stack trace from previous location ---
   at SkyApm.Transport.Grpc.Common.Call.Execute[T](Func`1 task, Func`1 errCallback, Func`1 errMessage)
2026-02-02 10:04:37.511 +08:00 [grpcservice] [Warning] SkyApm.Transport.Grpc.ConnectionManager : Connection state changed. Status(StatusCode="Unavailable", Detail="Error connecting to subchannel.", DebugException="System.Net.Sockets.SocketException: 由于目标计算机积极拒绝，无法连接。")
2026-02-02 10:04:48.825 +08:00 [grpcservice] [Information] SkyApm.Transport.Grpc.ConnectionManager : Shutdown connection[127.0.0.1:11800].
2026-02-02 10:04:48.825 +08:00 [grpcservice] [Information] SkyApm.Transport.Grpc.ConnectionManager : Connected server[127.0.0.1:11800].
2026-02-02 10:05:05.353 +08:00 [grpcservice] [Error] SkyApm.Transport.Grpc.V8.ServiceRegister : Report service instance properties fail.
Grpc.Core.RpcException: Status(StatusCode="Unavailable", Detail="Error connecting to subchannel.", DebugException="System.Net.Sockets.SocketException: 由于目标计算机积极拒绝，无法连接。")
 ---> System.Net.Sockets.SocketException (10061): 由于目标计算机积极拒绝，无法连接。
   at System.Net.Sockets.Socket.AwaitableSocketAsyncEventArgs.System.Threading.Tasks.Sources.IValueTaskSource.GetResult(Int16 token)
   at System.Net.Sockets.Socket.<ConnectAsync>g__WaitForConnectWithCancellation|285_0(AwaitableSocketAsyncEventArgs saea, ValueTask connectTask, CancellationToken cancellationToken)
   at Grpc.Net.Client.Balancer.Internal.SocketConnectivitySubchannelTransport.TryConnectAsync(ConnectContext context, Int32 attempt)
   --- End of inner exception stack trace ---
   at Grpc.Net.Client.Balancer.Internal.ConnectionManager.PickAsync(PickContext context, Boolean waitForReady, CancellationToken cancellationToken)
   at Grpc.Net.Client.Balancer.Internal.BalancerHttpHandler.SendAsync(HttpRequestMessage request, CancellationToken cancellationToken)
   at Grpc.Net.Client.Internal.GrpcCall`2.RunCall(HttpRequestMessage request, Nullable`1 timeout)
   at Grpc.Net.Client.Internal.GrpcCall`2.GetResponseHeadersCoreAsync()
   at SkyApm.Transport.Grpc.V8.ServiceRegister.<>c__DisplayClass9_0.<<ReportInstancePropertiesAsync>b__0>d.MoveNext()
--- End of stack trace from previous location ---
   at SkyApm.Transport.Grpc.Common.Call.Execute[T](Func`1 task, Func`1 errCallback, Func`1 errMessage)
2026-02-02 10:05:05.353 +08:00 [grpcservice] [Warning] SkyApm.Transport.Grpc.ConnectionManager : Connection state changed. Status(StatusCode="Unavailable", Detail="Error connecting to subchannel.", DebugException="System.Net.Sockets.SocketException: 由于目标计算机积极拒绝，无法连接。")
2026-02-02 10:05:18.336 +08:00 [grpcservice] [Information] SkyApm.Transport.Grpc.ConnectionManager : Shutdown connection[127.0.0.1:11800].
2026-02-02 10:05:18.336 +08:00 [grpcservice] [Information] SkyApm.Transport.Grpc.ConnectionManager : Connected server[127.0.0.1:11800].
2026-02-02 10:05:35.371 +08:00 [grpcservice] [Error] SkyApm.Transport.Grpc.V8.ServiceRegister : Report service instance properties fail.
Grpc.Core.RpcException: Status(StatusCode="Unavailable", Detail="Error connecting to subchannel.", DebugException="System.Net.Sockets.SocketException: 由于目标计算机积极拒绝，无法连接。")
 ---> System.Net.Sockets.SocketException (10061): 由于目标计算机积极拒绝，无法连接。
   at System.Net.Sockets.Socket.AwaitableSocketAsyncEventArgs.System.Threading.Tasks.Sources.IValueTaskSource.GetResult(Int16 token)
   at System.Net.Sockets.Socket.<ConnectAsync>g__WaitForConnectWithCancellation|285_0(AwaitableSocketAsyncEventArgs saea, ValueTask connectTask, CancellationToken cancellationToken)
   at Grpc.Net.Client.Balancer.Internal.SocketConnectivitySubchannelTransport.TryConnectAsync(ConnectContext context, Int32 attempt)
   --- End of inner exception stack trace ---
   at Grpc.Net.Client.Balancer.Internal.ConnectionManager.PickAsync(PickContext context, Boolean waitForReady, CancellationToken cancellationToken)
   at Grpc.Net.Client.Balancer.Internal.BalancerHttpHandler.SendAsync(HttpRequestMessage request, CancellationToken cancellationToken)
   at Grpc.Net.Client.Internal.GrpcCall`2.RunCall(HttpRequestMessage request, Nullable`1 timeout)
   at Grpc.Net.Client.Internal.GrpcCall`2.GetResponseHeadersCoreAsync()
   at SkyApm.Transport.Grpc.V8.ServiceRegister.<>c__DisplayClass9_0.<<ReportInstancePropertiesAsync>b__0>d.MoveNext()
--- End of stack trace from previous location ---
   at SkyApm.Transport.Grpc.Common.Call.Execute[T](Func`1 task, Func`1 errCallback, Func`1 errMessage)
2026-02-02 10:05:35.371 +08:00 [grpcservice] [Warning] SkyApm.Transport.Grpc.ConnectionManager : Connection state changed. Status(StatusCode="Unavailable", Detail="Error connecting to subchannel.", DebugException="System.Net.Sockets.SocketException: 由于目标计算机积极拒绝，无法连接。")
2026-02-02 10:05:48.340 +08:00 [grpcservice] [Information] SkyApm.Transport.Grpc.ConnectionManager : Shutdown connection[127.0.0.1:11800].
2026-02-02 10:05:48.341 +08:00 [grpcservice] [Information] SkyApm.Transport.Grpc.ConnectionManager : Connected server[127.0.0.1:11800].
2026-02-02 10:06:05.768 +08:00 [grpcservice] [Error] SkyApm.Transport.Grpc.V8.ServiceRegister : Report service instance properties fail.
Grpc.Core.RpcException: Status(StatusCode="Unavailable", Detail="Error connecting to subchannel.", DebugException="System.Net.Sockets.SocketException: 由于目标计算机积极拒绝，无法连接。")
 ---> System.Net.Sockets.SocketException (10061): 由于目标计算机积极拒绝，无法连接。
   at System.Net.Sockets.Socket.AwaitableSocketAsyncEventArgs.System.Threading.Tasks.Sources.IValueTaskSource.GetResult(Int16 token)
   at System.Net.Sockets.Socket.<ConnectAsync>g__WaitForConnectWithCancellation|285_0(AwaitableSocketAsyncEventArgs saea, ValueTask connectTask, CancellationToken cancellationToken)
   at Grpc.Net.Client.Balancer.Internal.SocketConnectivitySubchannelTransport.TryConnectAsync(ConnectContext context, Int32 attempt)
   --- End of inner exception stack trace ---
   at Grpc.Net.Client.Balancer.Internal.ConnectionManager.PickAsync(PickContext context, Boolean waitForReady, CancellationToken cancellationToken)
   at Grpc.Net.Client.Balancer.Internal.BalancerHttpHandler.SendAsync(HttpRequestMessage request, CancellationToken cancellationToken)
   at Grpc.Net.Client.Internal.GrpcCall`2.RunCall(HttpRequestMessage request, Nullable`1 timeout)
   at Grpc.Net.Client.Internal.GrpcCall`2.GetResponseHeadersCoreAsync()
   at SkyApm.Transport.Grpc.V8.ServiceRegister.<>c__DisplayClass9_0.<<ReportInstancePropertiesAsync>b__0>d.MoveNext()
--- End of stack trace from previous location ---
   at SkyApm.Transport.Grpc.Common.Call.Execute[T](Func`1 task, Func`1 errCallback, Func`1 errMessage)
2026-02-02 10:06:05.768 +08:00 [grpcservice] [Warning] SkyApm.Transport.Grpc.ConnectionManager : Connection state changed. Status(StatusCode="Unavailable", Detail="Error connecting to subchannel.", DebugException="System.Net.Sockets.SocketException: 由于目标计算机积极拒绝，无法连接。")
2026-02-02 10:06:18.330 +08:00 [grpcservice] [Information] SkyApm.Transport.Grpc.ConnectionManager : Shutdown connection[127.0.0.1:11800].
2026-02-02 10:06:18.330 +08:00 [grpcservice] [Information] SkyApm.Transport.Grpc.ConnectionManager : Connected server[127.0.0.1:11800].
2026-02-02 10:06:35.392 +08:00 [grpcservice] [Error] SkyApm.Transport.Grpc.V8.ServiceRegister : Report service instance properties fail.
Grpc.Core.RpcException: Status(StatusCode="Unavailable", Detail="Error connecting to subchannel.", DebugException="System.Net.Sockets.SocketException: 由于目标计算机积极拒绝，无法连接。")
 ---> System.Net.Sockets.SocketException (10061): 由于目标计算机积极拒绝，无法连接。
   at System.Net.Sockets.Socket.AwaitableSocketAsyncEventArgs.System.Threading.Tasks.Sources.IValueTaskSource.GetResult(Int16 token)
   at System.Net.Sockets.Socket.<ConnectAsync>g__WaitForConnectWithCancellation|285_0(AwaitableSocketAsyncEventArgs saea, ValueTask connectTask, CancellationToken cancellationToken)
   at Grpc.Net.Client.Balancer.Internal.SocketConnectivitySubchannelTransport.TryConnectAsync(ConnectContext context, Int32 attempt)
   --- End of inner exception stack trace ---
   at Grpc.Net.Client.Balancer.Internal.ConnectionManager.PickAsync(PickContext context, Boolean waitForReady, CancellationToken cancellationToken)
   at Grpc.Net.Client.Balancer.Internal.BalancerHttpHandler.SendAsync(HttpRequestMessage request, CancellationToken cancellationToken)
   at Grpc.Net.Client.Internal.GrpcCall`2.RunCall(HttpRequestMessage request, Nullable`1 timeout)
   at Grpc.Net.Client.Internal.GrpcCall`2.GetResponseHeadersCoreAsync()
   at SkyApm.Transport.Grpc.V8.ServiceRegister.<>c__DisplayClass9_0.<<ReportInstancePropertiesAsync>b__0>d.MoveNext()
--- End of stack trace from previous location ---
   at SkyApm.Transport.Grpc.Common.Call.Execute[T](Func`1 task, Func`1 errCallback, Func`1 errMessage)
2026-02-02 10:06:35.393 +08:00 [grpcservice] [Warning] SkyApm.Transport.Grpc.ConnectionManager : Connection state changed. Status(StatusCode="Unavailable", Detail="Error connecting to subchannel.", DebugException="System.Net.Sockets.SocketException: 由于目标计算机积极拒绝，无法连接。")
2026-02-02 10:06:48.334 +08:00 [grpcservice] [Information] SkyApm.Transport.Grpc.ConnectionManager : Shutdown connection[127.0.0.1:11800].
2026-02-02 10:06:48.334 +08:00 [grpcservice] [Information] SkyApm.Transport.Grpc.ConnectionManager : Connected server[127.0.0.1:11800].
2026-02-02 10:07:05.366 +08:00 [grpcservice] [Error] SkyApm.Transport.Grpc.V8.ServiceRegister : Report service instance properties fail.
Grpc.Core.RpcException: Status(StatusCode="Unavailable", Detail="Error connecting to subchannel.", DebugException="System.Net.Sockets.SocketException: 由于目标计算机积极拒绝，无法连接。")
 ---> System.Net.Sockets.SocketException (10061): 由于目标计算机积极拒绝，无法连接。
   at System.Net.Sockets.Socket.AwaitableSocketAsyncEventArgs.System.Threading.Tasks.Sources.IValueTaskSource.GetResult(Int16 token)
   at System.Net.Sockets.Socket.<ConnectAsync>g__WaitForConnectWithCancellation|285_0(AwaitableSocketAsyncEventArgs saea, ValueTask connectTask, CancellationToken cancellationToken)
   at Grpc.Net.Client.Balancer.Internal.SocketConnectivitySubchannelTransport.TryConnectAsync(ConnectContext context, Int32 attempt)
   --- End of inner exception stack trace ---
   at Grpc.Net.Client.Balancer.Internal.ConnectionManager.PickAsync(PickContext context, Boolean waitForReady, CancellationToken cancellationToken)
   at Grpc.Net.Client.Balancer.Internal.BalancerHttpHandler.SendAsync(HttpRequestMessage request, CancellationToken cancellationToken)
   at Grpc.Net.Client.Internal.GrpcCall`2.RunCall(HttpRequestMessage request, Nullable`1 timeout)
   at Grpc.Net.Client.Internal.GrpcCall`2.GetResponseHeadersCoreAsync()
   at SkyApm.Transport.Grpc.V8.ServiceRegister.<>c__DisplayClass9_0.<<ReportInstancePropertiesAsync>b__0>d.MoveNext()
--- End of stack trace from previous location ---
   at SkyApm.Transport.Grpc.Common.Call.Execute[T](Func`1 task, Func`1 errCallback, Func`1 errMessage)
2026-02-02 10:07:05.366 +08:00 [grpcservice] [Warning] SkyApm.Transport.Grpc.ConnectionManager : Connection state changed. Status(StatusCode="Unavailable", Detail="Error connecting to subchannel.", DebugException="System.Net.Sockets.SocketException: 由于目标计算机积极拒绝，无法连接。")
2026-02-02 10:07:18.341 +08:00 [grpcservice] [Information] SkyApm.Transport.Grpc.ConnectionManager : Shutdown connection[127.0.0.1:11800].
2026-02-02 10:07:18.341 +08:00 [grpcservice] [Information] SkyApm.Transport.Grpc.ConnectionManager : Connected server[127.0.0.1:11800].
2026-02-02 10:07:35.369 +08:00 [grpcservice] [Error] SkyApm.Transport.Grpc.V8.ServiceRegister : Report service instance properties fail.
Grpc.Core.RpcException: Status(StatusCode="Unavailable", Detail="Error connecting to subchannel.", DebugException="System.Net.Sockets.SocketException: 由于目标计算机积极拒绝，无法连接。")
 ---> System.Net.Sockets.SocketException (10061): 由于目标计算机积极拒绝，无法连接。
   at System.Net.Sockets.Socket.AwaitableSocketAsyncEventArgs.System.Threading.Tasks.Sources.IValueTaskSource.GetResult(Int16 token)
   at System.Net.Sockets.Socket.<ConnectAsync>g__WaitForConnectWithCancellation|285_0(AwaitableSocketAsyncEventArgs saea, ValueTask connectTask, CancellationToken cancellationToken)
   at Grpc.Net.Client.Balancer.Internal.SocketConnectivitySubchannelTransport.TryConnectAsync(ConnectContext context, Int32 attempt)
   --- End of inner exception stack trace ---
   at Grpc.Net.Client.Balancer.Internal.ConnectionManager.PickAsync(PickContext context, Boolean waitForReady, CancellationToken cancellationToken)
   at Grpc.Net.Client.Balancer.Internal.BalancerHttpHandler.SendAsync(HttpRequestMessage request, CancellationToken cancellationToken)
   at Grpc.Net.Client.Internal.GrpcCall`2.RunCall(HttpRequestMessage request, Nullable`1 timeout)
   at Grpc.Net.Client.Internal.GrpcCall`2.GetResponseHeadersCoreAsync()
   at SkyApm.Transport.Grpc.V8.ServiceRegister.<>c__DisplayClass9_0.<<ReportInstancePropertiesAsync>b__0>d.MoveNext()
--- End of stack trace from previous location ---
   at SkyApm.Transport.Grpc.Common.Call.Execute[T](Func`1 task, Func`1 errCallback, Func`1 errMessage)
2026-02-02 10:07:35.369 +08:00 [grpcservice] [Warning] SkyApm.Transport.Grpc.ConnectionManager : Connection state changed. Status(StatusCode="Unavailable", Detail="Error connecting to subchannel.", DebugException="System.Net.Sockets.SocketException: 由于目标计算机积极拒绝，无法连接。")
2026-02-02 10:07:48.329 +08:00 [grpcservice] [Information] SkyApm.Transport.Grpc.ConnectionManager : Shutdown connection[127.0.0.1:11800].
2026-02-02 10:07:48.330 +08:00 [grpcservice] [Information] SkyApm.Transport.Grpc.ConnectionManager : Connected server[127.0.0.1:11800].
2026-02-02 10:08:24.153 +08:00 [grpcservice] [Error] SkyApm.Transport.Grpc.V8.ServiceRegister : Report service instance properties fail.
Grpc.Core.RpcException: Status(StatusCode="Unavailable", Detail="Error connecting to subchannel.", DebugException="System.Net.Sockets.SocketException: 由于目标计算机积极拒绝，无法连接。")
 ---> System.Net.Sockets.SocketException (10061): 由于目标计算机积极拒绝，无法连接。
   at System.Net.Sockets.Socket.AwaitableSocketAsyncEventArgs.System.Threading.Tasks.Sources.IValueTaskSource.GetResult(Int16 token)
   at System.Net.Sockets.Socket.<ConnectAsync>g__WaitForConnectWithCancellation|285_0(AwaitableSocketAsyncEventArgs saea, ValueTask connectTask, CancellationToken cancellationToken)
   at Grpc.Net.Client.Balancer.Internal.SocketConnectivitySubchannelTransport.TryConnectAsync(ConnectContext context, Int32 attempt)
   --- End of inner exception stack trace ---
   at Grpc.Net.Client.Balancer.Internal.ConnectionManager.PickAsync(PickContext context, Boolean waitForReady, CancellationToken cancellationToken)
   at Grpc.Net.Client.Balancer.Internal.BalancerHttpHandler.SendAsync(HttpRequestMessage request, CancellationToken cancellationToken)
   at Grpc.Net.Client.Internal.GrpcCall`2.RunCall(HttpRequestMessage request, Nullable`1 timeout)
   at Grpc.Net.Client.Internal.GrpcCall`2.GetResponseHeadersCoreAsync()
   at SkyApm.Transport.Grpc.V8.ServiceRegister.<>c__DisplayClass9_0.<<ReportInstancePropertiesAsync>b__0>d.MoveNext()
--- End of stack trace from previous location ---
   at SkyApm.Transport.Grpc.Common.Call.Execute[T](Func`1 task, Func`1 errCallback, Func`1 errMessage)
2026-02-02 10:08:24.153 +08:00 [grpcservice] [Warning] SkyApm.Transport.Grpc.ConnectionManager : Connection state changed. Status(StatusCode="Unavailable", Detail="Error connecting to subchannel.", DebugException="System.Net.Sockets.SocketException: 由于目标计算机积极拒绝，无法连接。")
2026-02-02 10:08:37.083 +08:00 [grpcservice] [Information] SkyApm.Transport.Grpc.ConnectionManager : Shutdown connection[127.0.0.1:11800].
2026-02-02 10:08:37.083 +08:00 [grpcservice] [Information] SkyApm.Transport.Grpc.ConnectionManager : Connected server[127.0.0.1:11800].
2026-02-02 10:09:05.393 +08:00 [grpcservice] [Error] SkyApm.Transport.Grpc.V8.ServiceRegister : Report service instance properties fail.
Grpc.Core.RpcException: Status(StatusCode="Unavailable", Detail="Error connecting to subchannel.", DebugException="System.Net.Sockets.SocketException: 由于目标计算机积极拒绝，无法连接。")
 ---> System.Net.Sockets.SocketException (10061): 由于目标计算机积极拒绝，无法连接。
   at System.Net.Sockets.Socket.AwaitableSocketAsyncEventArgs.System.Threading.Tasks.Sources.IValueTaskSource.GetResult(Int16 token)
   at System.Net.Sockets.Socket.<ConnectAsync>g__WaitForConnectWithCancellation|285_0(AwaitableSocketAsyncEventArgs saea, ValueTask connectTask, CancellationToken cancellationToken)
   at Grpc.Net.Client.Balancer.Internal.SocketConnectivitySubchannelTransport.TryConnectAsync(ConnectContext context, Int32 attempt)
   --- End of inner exception stack trace ---
   at Grpc.Net.Client.Balancer.Internal.ConnectionManager.PickAsync(PickContext context, Boolean waitForReady, CancellationToken cancellationToken)
   at Grpc.Net.Client.Balancer.Internal.BalancerHttpHandler.SendAsync(HttpRequestMessage request, CancellationToken cancellationToken)
   at Grpc.Net.Client.Internal.GrpcCall`2.RunCall(HttpRequestMessage request, Nullable`1 timeout)
   at Grpc.Net.Client.Internal.GrpcCall`2.GetResponseHeadersCoreAsync()
   at SkyApm.Transport.Grpc.V8.ServiceRegister.<>c__DisplayClass9_0.<<ReportInstancePropertiesAsync>b__0>d.MoveNext()
--- End of stack trace from previous location ---
   at SkyApm.Transport.Grpc.Common.Call.Execute[T](Func`1 task, Func`1 errCallback, Func`1 errMessage)
2026-02-02 10:09:05.393 +08:00 [grpcservice] [Warning] SkyApm.Transport.Grpc.ConnectionManager : Connection state changed. Status(StatusCode="Unavailable", Detail="Error connecting to subchannel.", DebugException="System.Net.Sockets.SocketException: 由于目标计算机积极拒绝，无法连接。")
2026-02-02 10:09:07.077 +08:00 [grpcservice] [Information] SkyApm.Transport.Grpc.ConnectionManager : Shutdown connection[127.0.0.1:11800].
2026-02-02 10:09:07.077 +08:00 [grpcservice] [Information] SkyApm.Transport.Grpc.ConnectionManager : Connected server[127.0.0.1:11800].
2026-02-02 10:09:40.202 +08:00 [grpcservice] [Error] SkyApm.Transport.Grpc.V8.ServiceRegister : Report service instance properties fail.
Grpc.Core.RpcException: Status(StatusCode="Unavailable", Detail="Error connecting to subchannel.", DebugException="System.Net.Sockets.SocketException: 由于目标计算机积极拒绝，无法连接。")
 ---> System.Net.Sockets.SocketException (10061): 由于目标计算机积极拒绝，无法连接。
   at System.Net.Sockets.Socket.AwaitableSocketAsyncEventArgs.System.Threading.Tasks.Sources.IValueTaskSource.GetResult(Int16 token)
   at System.Net.Sockets.Socket.<ConnectAsync>g__WaitForConnectWithCancellation|285_0(AwaitableSocketAsyncEventArgs saea, ValueTask connectTask, CancellationToken cancellationToken)
   at Grpc.Net.Client.Balancer.Internal.SocketConnectivitySubchannelTransport.TryConnectAsync(ConnectContext context, Int32 attempt)
   --- End of inner exception stack trace ---
   at Grpc.Net.Client.Balancer.Internal.ConnectionManager.PickAsync(PickContext context, Boolean waitForReady, CancellationToken cancellationToken)
   at Grpc.Net.Client.Balancer.Internal.BalancerHttpHandler.SendAsync(HttpRequestMessage request, CancellationToken cancellationToken)
   at Grpc.Net.Client.Internal.GrpcCall`2.RunCall(HttpRequestMessage request, Nullable`1 timeout)
   at Grpc.Net.Client.Internal.GrpcCall`2.GetResponseHeadersCoreAsync()
   at SkyApm.Transport.Grpc.V8.ServiceRegister.<>c__DisplayClass9_0.<<ReportInstancePropertiesAsync>b__0>d.MoveNext()
--- End of stack trace from previous location ---
   at SkyApm.Transport.Grpc.Common.Call.Execute[T](Func`1 task, Func`1 errCallback, Func`1 errMessage)
2026-02-02 10:09:40.202 +08:00 [grpcservice] [Warning] SkyApm.Transport.Grpc.ConnectionManager : Connection state changed. Status(StatusCode="Unavailable", Detail="Error connecting to subchannel.", DebugException="System.Net.Sockets.SocketException: 由于目标计算机积极拒绝，无法连接。")
2026-02-02 10:09:52.084 +08:00 [grpcservice] [Information] SkyApm.Transport.Grpc.ConnectionManager : Shutdown connection[127.0.0.1:11800].
2026-02-02 10:09:52.084 +08:00 [grpcservice] [Information] SkyApm.Transport.Grpc.ConnectionManager : Connected server[127.0.0.1:11800].
2026-02-02 10:10:07.097 +08:00 [grpcservice] [Error] SkyApm.Transport.Grpc.V8.ServiceRegister : Report service instance properties fail.
Grpc.Core.RpcException: Status(StatusCode="Unavailable", Detail="Error connecting to subchannel.", DebugException="System.Net.Sockets.SocketException: 由于目标计算机积极拒绝，无法连接。")
 ---> System.Net.Sockets.SocketException (10061): 由于目标计算机积极拒绝，无法连接。
   at System.Net.Sockets.Socket.AwaitableSocketAsyncEventArgs.System.Threading.Tasks.Sources.IValueTaskSource.GetResult(Int16 token)
   at System.Net.Sockets.Socket.<ConnectAsync>g__WaitForConnectWithCancellation|285_0(AwaitableSocketAsyncEventArgs saea, ValueTask connectTask, CancellationToken cancellationToken)
   at Grpc.Net.Client.Balancer.Internal.SocketConnectivitySubchannelTransport.TryConnectAsync(ConnectContext context, Int32 attempt)
   --- End of inner exception stack trace ---
   at Grpc.Net.Client.Balancer.Internal.ConnectionManager.PickAsync(PickContext context, Boolean waitForReady, CancellationToken cancellationToken)
   at Grpc.Net.Client.Balancer.Internal.BalancerHttpHandler.SendAsync(HttpRequestMessage request, CancellationToken cancellationToken)
   at Grpc.Net.Client.Internal.GrpcCall`2.RunCall(HttpRequestMessage request, Nullable`1 timeout)
   at Grpc.Net.Client.Internal.GrpcCall`2.GetResponseHeadersCoreAsync()
   at SkyApm.Transport.Grpc.V8.ServiceRegister.<>c__DisplayClass9_0.<<ReportInstancePropertiesAsync>b__0>d.MoveNext()
--- End of stack trace from previous location ---
   at SkyApm.Transport.Grpc.Common.Call.Execute[T](Func`1 task, Func`1 errCallback, Func`1 errMessage)
2026-02-02 10:10:07.097 +08:00 [grpcservice] [Warning] SkyApm.Transport.Grpc.ConnectionManager : Connection state changed. Status(StatusCode="Unavailable", Detail="Error connecting to subchannel.", DebugException="System.Net.Sockets.SocketException: 由于目标计算机积极拒绝，无法连接。")
2026-02-02 10:10:45.269 +08:00 [grpcservice] [Information] SkyApm.Transport.Grpc.ConnectionManager : Shutdown connection[127.0.0.1:11800].
2026-02-02 10:10:45.269 +08:00 [grpcservice] [Information] SkyApm.Transport.Grpc.ConnectionManager : Connected server[127.0.0.1:11800].
2026-02-02 10:11:01.509 +08:00 [grpcservice] [Error] SkyApm.Transport.Grpc.V8.ServiceRegister : Report service instance properties fail.
Grpc.Core.RpcException: Status(StatusCode="Unavailable", Detail="Error connecting to subchannel.", DebugException="System.Net.Sockets.SocketException: 由于目标计算机积极拒绝，无法连接。")
 ---> System.Net.Sockets.SocketException (10061): 由于目标计算机积极拒绝，无法连接。
   at System.Net.Sockets.Socket.AwaitableSocketAsyncEventArgs.System.Threading.Tasks.Sources.IValueTaskSource.GetResult(Int16 token)
   at System.Net.Sockets.Socket.<ConnectAsync>g__WaitForConnectWithCancellation|285_0(AwaitableSocketAsyncEventArgs saea, ValueTask connectTask, CancellationToken cancellationToken)
   at Grpc.Net.Client.Balancer.Internal.SocketConnectivitySubchannelTransport.TryConnectAsync(ConnectContext context, Int32 attempt)
   --- End of inner exception stack trace ---
   at Grpc.Net.Client.Balancer.Internal.ConnectionManager.PickAsync(PickContext context, Boolean waitForReady, CancellationToken cancellationToken)
   at Grpc.Net.Client.Balancer.Internal.BalancerHttpHandler.SendAsync(HttpRequestMessage request, CancellationToken cancellationToken)
   at Grpc.Net.Client.Internal.GrpcCall`2.RunCall(HttpRequestMessage request, Nullable`1 timeout)
   at Grpc.Net.Client.Internal.GrpcCall`2.GetResponseHeadersCoreAsync()
   at SkyApm.Transport.Grpc.V8.ServiceRegister.<>c__DisplayClass9_0.<<ReportInstancePropertiesAsync>b__0>d.MoveNext()
--- End of stack trace from previous location ---
   at SkyApm.Transport.Grpc.Common.Call.Execute[T](Func`1 task, Func`1 errCallback, Func`1 errMessage)
2026-02-02 10:11:01.511 +08:00 [grpcservice] [Warning] SkyApm.Transport.Grpc.ConnectionManager : Connection state changed. Status(StatusCode="Unavailable", Detail="Error connecting to subchannel.", DebugException="System.Net.Sockets.SocketException: 由于目标计算机积极拒绝，无法连接。")
2026-02-02 10:11:15.259 +08:00 [grpcservice] [Information] SkyApm.Transport.Grpc.ConnectionManager : Shutdown connection[127.0.0.1:11800].
2026-02-02 10:11:15.260 +08:00 [grpcservice] [Information] SkyApm.Transport.Grpc.ConnectionManager : Connected server[127.0.0.1:11800].
2026-02-02 10:11:35.370 +08:00 [grpcservice] [Error] SkyApm.Transport.Grpc.V8.ServiceRegister : Report service instance properties fail.
Grpc.Core.RpcException: Status(StatusCode="Unavailable", Detail="Error connecting to subchannel.", DebugException="System.Net.Sockets.SocketException: 由于目标计算机积极拒绝，无法连接。")
 ---> System.Net.Sockets.SocketException (10061): 由于目标计算机积极拒绝，无法连接。
   at System.Net.Sockets.Socket.AwaitableSocketAsyncEventArgs.System.Threading.Tasks.Sources.IValueTaskSource.GetResult(Int16 token)
   at System.Net.Sockets.Socket.<ConnectAsync>g__WaitForConnectWithCancellation|285_0(AwaitableSocketAsyncEventArgs saea, ValueTask connectTask, CancellationToken cancellationToken)
   at Grpc.Net.Client.Balancer.Internal.SocketConnectivitySubchannelTransport.TryConnectAsync(ConnectContext context, Int32 attempt)
   --- End of inner exception stack trace ---
   at Grpc.Net.Client.Balancer.Internal.ConnectionManager.PickAsync(PickContext context, Boolean waitForReady, CancellationToken cancellationToken)
   at Grpc.Net.Client.Balancer.Internal.BalancerHttpHandler.SendAsync(HttpRequestMessage request, CancellationToken cancellationToken)
   at Grpc.Net.Client.Internal.GrpcCall`2.RunCall(HttpRequestMessage request, Nullable`1 timeout)
   at Grpc.Net.Client.Internal.GrpcCall`2.GetResponseHeadersCoreAsync()
   at SkyApm.Transport.Grpc.V8.ServiceRegister.<>c__DisplayClass9_0.<<ReportInstancePropertiesAsync>b__0>d.MoveNext()
--- End of stack trace from previous location ---
   at SkyApm.Transport.Grpc.Common.Call.Execute[T](Func`1 task, Func`1 errCallback, Func`1 errMessage)
2026-02-02 10:11:35.370 +08:00 [grpcservice] [Warning] SkyApm.Transport.Grpc.ConnectionManager : Connection state changed. Status(StatusCode="Unavailable", Detail="Error connecting to subchannel.", DebugException="System.Net.Sockets.SocketException: 由于目标计算机积极拒绝，无法连接。")
2026-02-02 10:11:45.265 +08:00 [grpcservice] [Information] SkyApm.Transport.Grpc.ConnectionManager : Shutdown connection[127.0.0.1:11800].
2026-02-02 10:11:45.265 +08:00 [grpcservice] [Information] SkyApm.Transport.Grpc.ConnectionManager : Connected server[127.0.0.1:11800].
2026-02-02 10:12:05.367 +08:00 [grpcservice] [Error] SkyApm.Transport.Grpc.V8.ServiceRegister : Report service instance properties fail.
Grpc.Core.RpcException: Status(StatusCode="Unavailable", Detail="Error connecting to subchannel.", DebugException="System.Net.Sockets.SocketException: 由于目标计算机积极拒绝，无法连接。")
 ---> System.Net.Sockets.SocketException (10061): 由于目标计算机积极拒绝，无法连接。
   at System.Net.Sockets.Socket.AwaitableSocketAsyncEventArgs.System.Threading.Tasks.Sources.IValueTaskSource.GetResult(Int16 token)
   at System.Net.Sockets.Socket.<ConnectAsync>g__WaitForConnectWithCancellation|285_0(AwaitableSocketAsyncEventArgs saea, ValueTask connectTask, CancellationToken cancellationToken)
   at Grpc.Net.Client.Balancer.Internal.SocketConnectivitySubchannelTransport.TryConnectAsync(ConnectContext context, Int32 attempt)
   --- End of inner exception stack trace ---
   at Grpc.Net.Client.Balancer.Internal.ConnectionManager.PickAsync(PickContext context, Boolean waitForReady, CancellationToken cancellationToken)
   at Grpc.Net.Client.Balancer.Internal.BalancerHttpHandler.SendAsync(HttpRequestMessage request, CancellationToken cancellationToken)
   at Grpc.Net.Client.Internal.GrpcCall`2.RunCall(HttpRequestMessage request, Nullable`1 timeout)
   at Grpc.Net.Client.Internal.GrpcCall`2.GetResponseHeadersCoreAsync()
   at SkyApm.Transport.Grpc.V8.ServiceRegister.<>c__DisplayClass9_0.<<ReportInstancePropertiesAsync>b__0>d.MoveNext()
--- End of stack trace from previous location ---
   at SkyApm.Transport.Grpc.Common.Call.Execute[T](Func`1 task, Func`1 errCallback, Func`1 errMessage)
2026-02-02 10:12:05.367 +08:00 [grpcservice] [Warning] SkyApm.Transport.Grpc.ConnectionManager : Connection state changed. Status(StatusCode="Unavailable", Detail="Error connecting to subchannel.", DebugException="System.Net.Sockets.SocketException: 由于目标计算机积极拒绝，无法连接。")
2026-02-02 10:12:15.262 +08:00 [grpcservice] [Information] SkyApm.Transport.Grpc.ConnectionManager : Shutdown connection[127.0.0.1:11800].
2026-02-02 10:12:15.263 +08:00 [grpcservice] [Information] SkyApm.Transport.Grpc.ConnectionManager : Connected server[127.0.0.1:11800].
2026-02-02 10:12:35.375 +08:00 [grpcservice] [Error] SkyApm.Transport.Grpc.V8.ServiceRegister : Report service instance properties fail.
Grpc.Core.RpcException: Status(StatusCode="Unavailable", Detail="Error connecting to subchannel.", DebugException="System.Net.Sockets.SocketException: 由于目标计算机积极拒绝，无法连接。")
 ---> System.Net.Sockets.SocketException (10061): 由于目标计算机积极拒绝，无法连接。
   at System.Net.Sockets.Socket.AwaitableSocketAsyncEventArgs.System.Threading.Tasks.Sources.IValueTaskSource.GetResult(Int16 token)
   at System.Net.Sockets.Socket.<ConnectAsync>g__WaitForConnectWithCancellation|285_0(AwaitableSocketAsyncEventArgs saea, ValueTask connectTask, CancellationToken cancellationToken)
   at Grpc.Net.Client.Balancer.Internal.SocketConnectivitySubchannelTransport.TryConnectAsync(ConnectContext context, Int32 attempt)
   --- End of inner exception stack trace ---
   at Grpc.Net.Client.Balancer.Internal.ConnectionManager.PickAsync(PickContext context, Boolean waitForReady, CancellationToken cancellationToken)
   at Grpc.Net.Client.Balancer.Internal.BalancerHttpHandler.SendAsync(HttpRequestMessage request, CancellationToken cancellationToken)
   at Grpc.Net.Client.Internal.GrpcCall`2.RunCall(HttpRequestMessage request, Nullable`1 timeout)
   at Grpc.Net.Client.Internal.GrpcCall`2.GetResponseHeadersCoreAsync()
   at SkyApm.Transport.Grpc.V8.ServiceRegister.<>c__DisplayClass9_0.<<ReportInstancePropertiesAsync>b__0>d.MoveNext()
--- End of stack trace from previous location ---
   at SkyApm.Transport.Grpc.Common.Call.Execute[T](Func`1 task, Func`1 errCallback, Func`1 errMessage)
2026-02-02 10:12:35.375 +08:00 [grpcservice] [Warning] SkyApm.Transport.Grpc.ConnectionManager : Connection state changed. Status(StatusCode="Unavailable", Detail="Error connecting to subchannel.", DebugException="System.Net.Sockets.SocketException: 由于目标计算机积极拒绝，无法连接。")
2026-02-02 10:12:45.274 +08:00 [grpcservice] [Information] SkyApm.Transport.Grpc.ConnectionManager : Shutdown connection[127.0.0.1:11800].
2026-02-02 10:12:45.274 +08:00 [grpcservice] [Information] SkyApm.Transport.Grpc.ConnectionManager : Connected server[127.0.0.1:11800].
2026-02-02 10:13:05.386 +08:00 [grpcservice] [Error] SkyApm.Transport.Grpc.V8.ServiceRegister : Report service instance properties fail.
Grpc.Core.RpcException: Status(StatusCode="Unavailable", Detail="Error connecting to subchannel.", DebugException="System.Net.Sockets.SocketException: 由于目标计算机积极拒绝，无法连接。")
 ---> System.Net.Sockets.SocketException (10061): 由于目标计算机积极拒绝，无法连接。
   at System.Net.Sockets.Socket.AwaitableSocketAsyncEventArgs.System.Threading.Tasks.Sources.IValueTaskSource.GetResult(Int16 token)
   at System.Net.Sockets.Socket.<ConnectAsync>g__WaitForConnectWithCancellation|285_0(AwaitableSocketAsyncEventArgs saea, ValueTask connectTask, CancellationToken cancellationToken)
   at Grpc.Net.Client.Balancer.Internal.SocketConnectivitySubchannelTransport.TryConnectAsync(ConnectContext context, Int32 attempt)
   --- End of inner exception stack trace ---
   at Grpc.Net.Client.Balancer.Internal.ConnectionManager.PickAsync(PickContext context, Boolean waitForReady, CancellationToken cancellationToken)
   at Grpc.Net.Client.Balancer.Internal.BalancerHttpHandler.SendAsync(HttpRequestMessage request, CancellationToken cancellationToken)
   at Grpc.Net.Client.Internal.GrpcCall`2.RunCall(HttpRequestMessage request, Nullable`1 timeout)
   at Grpc.Net.Client.Internal.GrpcCall`2.GetResponseHeadersCoreAsync()
   at SkyApm.Transport.Grpc.V8.ServiceRegister.<>c__DisplayClass9_0.<<ReportInstancePropertiesAsync>b__0>d.MoveNext()
--- End of stack trace from previous location ---
   at SkyApm.Transport.Grpc.Common.Call.Execute[T](Func`1 task, Func`1 errCallback, Func`1 errMessage)
2026-02-02 10:13:05.386 +08:00 [grpcservice] [Warning] SkyApm.Transport.Grpc.ConnectionManager : Connection state changed. Status(StatusCode="Unavailable", Detail="Error connecting to subchannel.", DebugException="System.Net.Sockets.SocketException: 由于目标计算机积极拒绝，无法连接。")
2026-02-02 10:13:15.271 +08:00 [grpcservice] [Information] SkyApm.Transport.Grpc.ConnectionManager : Shutdown connection[127.0.0.1:11800].
2026-02-02 10:13:15.272 +08:00 [grpcservice] [Information] SkyApm.Transport.Grpc.ConnectionManager : Connected server[127.0.0.1:11800].
2026-02-02 10:13:35.362 +08:00 [grpcservice] [Error] SkyApm.Transport.Grpc.V8.ServiceRegister : Report service instance properties fail.
Grpc.Core.RpcException: Status(StatusCode="Unavailable", Detail="Error connecting to subchannel.", DebugException="System.Net.Sockets.SocketException: 由于目标计算机积极拒绝，无法连接。")
 ---> System.Net.Sockets.SocketException (10061): 由于目标计算机积极拒绝，无法连接。
   at System.Net.Sockets.Socket.AwaitableSocketAsyncEventArgs.System.Threading.Tasks.Sources.IValueTaskSource.GetResult(Int16 token)
   at System.Net.Sockets.Socket.<ConnectAsync>g__WaitForConnectWithCancellation|285_0(AwaitableSocketAsyncEventArgs saea, ValueTask connectTask, CancellationToken cancellationToken)
   at Grpc.Net.Client.Balancer.Internal.SocketConnectivitySubchannelTransport.TryConnectAsync(ConnectContext context, Int32 attempt)
   --- End of inner exception stack trace ---
   at Grpc.Net.Client.Balancer.Internal.ConnectionManager.PickAsync(PickContext context, Boolean waitForReady, CancellationToken cancellationToken)
   at Grpc.Net.Client.Balancer.Internal.BalancerHttpHandler.SendAsync(HttpRequestMessage request, CancellationToken cancellationToken)
   at Grpc.Net.Client.Internal.GrpcCall`2.RunCall(HttpRequestMessage request, Nullable`1 timeout)
   at Grpc.Net.Client.Internal.GrpcCall`2.GetResponseHeadersCoreAsync()
   at SkyApm.Transport.Grpc.V8.ServiceRegister.<>c__DisplayClass9_0.<<ReportInstancePropertiesAsync>b__0>d.MoveNext()
--- End of stack trace from previous location ---
   at SkyApm.Transport.Grpc.Common.Call.Execute[T](Func`1 task, Func`1 errCallback, Func`1 errMessage)
2026-02-02 10:13:35.363 +08:00 [grpcservice] [Warning] SkyApm.Transport.Grpc.ConnectionManager : Connection state changed. Status(StatusCode="Unavailable", Detail="Error connecting to subchannel.", DebugException="System.Net.Sockets.SocketException: 由于目标计算机积极拒绝，无法连接。")
2026-02-02 10:13:45.272 +08:00 [grpcservice] [Information] SkyApm.Transport.Grpc.ConnectionManager : Shutdown connection[127.0.0.1:11800].
2026-02-02 10:13:45.273 +08:00 [grpcservice] [Information] SkyApm.Transport.Grpc.ConnectionManager : Connected server[127.0.0.1:11800].
2026-02-02 10:14:05.374 +08:00 [grpcservice] [Error] SkyApm.Transport.Grpc.V8.ServiceRegister : Report service instance properties fail.
Grpc.Core.RpcException: Status(StatusCode="Unavailable", Detail="Error connecting to subchannel.", DebugException="System.Net.Sockets.SocketException: 由于目标计算机积极拒绝，无法连接。")
 ---> System.Net.Sockets.SocketException (10061): 由于目标计算机积极拒绝，无法连接。
   at System.Net.Sockets.Socket.AwaitableSocketAsyncEventArgs.System.Threading.Tasks.Sources.IValueTaskSource.GetResult(Int16 token)
   at System.Net.Sockets.Socket.<ConnectAsync>g__WaitForConnectWithCancellation|285_0(AwaitableSocketAsyncEventArgs saea, ValueTask connectTask, CancellationToken cancellationToken)
   at Grpc.Net.Client.Balancer.Internal.SocketConnectivitySubchannelTransport.TryConnectAsync(ConnectContext context, Int32 attempt)
   --- End of inner exception stack trace ---
   at Grpc.Net.Client.Balancer.Internal.ConnectionManager.PickAsync(PickContext context, Boolean waitForReady, CancellationToken cancellationToken)
   at Grpc.Net.Client.Balancer.Internal.BalancerHttpHandler.SendAsync(HttpRequestMessage request, CancellationToken cancellationToken)
   at Grpc.Net.Client.Internal.GrpcCall`2.RunCall(HttpRequestMessage request, Nullable`1 timeout)
   at Grpc.Net.Client.Internal.GrpcCall`2.GetResponseHeadersCoreAsync()
   at SkyApm.Transport.Grpc.V8.ServiceRegister.<>c__DisplayClass9_0.<<ReportInstancePropertiesAsync>b__0>d.MoveNext()
--- End of stack trace from previous location ---
   at SkyApm.Transport.Grpc.Common.Call.Execute[T](Func`1 task, Func`1 errCallback, Func`1 errMessage)
2026-02-02 10:14:05.374 +08:00 [grpcservice] [Warning] SkyApm.Transport.Grpc.ConnectionManager : Connection state changed. Status(StatusCode="Unavailable", Detail="Error connecting to subchannel.", DebugException="System.Net.Sockets.SocketException: 由于目标计算机积极拒绝，无法连接。")
2026-02-02 10:14:15.260 +08:00 [grpcservice] [Information] SkyApm.Transport.Grpc.ConnectionManager : Shutdown connection[127.0.0.1:11800].
2026-02-02 10:14:15.261 +08:00 [grpcservice] [Information] SkyApm.Transport.Grpc.ConnectionManager : Connected server[127.0.0.1:11800].
2026-02-02 10:14:35.350 +08:00 [grpcservice] [Error] SkyApm.Transport.Grpc.V8.ServiceRegister : Report service instance properties fail.
Grpc.Core.RpcException: Status(StatusCode="Unavailable", Detail="Error connecting to subchannel.", DebugException="System.Net.Sockets.SocketException: 由于目标计算机积极拒绝，无法连接。")
 ---> System.Net.Sockets.SocketException (10061): 由于目标计算机积极拒绝，无法连接。
   at System.Net.Sockets.Socket.AwaitableSocketAsyncEventArgs.System.Threading.Tasks.Sources.IValueTaskSource.GetResult(Int16 token)
   at System.Net.Sockets.Socket.<ConnectAsync>g__WaitForConnectWithCancellation|285_0(AwaitableSocketAsyncEventArgs saea, ValueTask connectTask, CancellationToken cancellationToken)
   at Grpc.Net.Client.Balancer.Internal.SocketConnectivitySubchannelTransport.TryConnectAsync(ConnectContext context, Int32 attempt)
   --- End of inner exception stack trace ---
   at Grpc.Net.Client.Balancer.Internal.ConnectionManager.PickAsync(PickContext context, Boolean waitForReady, CancellationToken cancellationToken)
   at Grpc.Net.Client.Balancer.Internal.BalancerHttpHandler.SendAsync(HttpRequestMessage request, CancellationToken cancellationToken)
   at Grpc.Net.Client.Internal.GrpcCall`2.RunCall(HttpRequestMessage request, Nullable`1 timeout)
   at Grpc.Net.Client.Internal.GrpcCall`2.GetResponseHeadersCoreAsync()
   at SkyApm.Transport.Grpc.V8.ServiceRegister.<>c__DisplayClass9_0.<<ReportInstancePropertiesAsync>b__0>d.MoveNext()
--- End of stack trace from previous location ---
   at SkyApm.Transport.Grpc.Common.Call.Execute[T](Func`1 task, Func`1 errCallback, Func`1 errMessage)
2026-02-02 10:14:35.350 +08:00 [grpcservice] [Warning] SkyApm.Transport.Grpc.ConnectionManager : Connection state changed. Status(StatusCode="Unavailable", Detail="Error connecting to subchannel.", DebugException="System.Net.Sockets.SocketException: 由于目标计算机积极拒绝，无法连接。")
2026-02-02 10:14:45.274 +08:00 [grpcservice] [Information] SkyApm.Transport.Grpc.ConnectionManager : Shutdown connection[127.0.0.1:11800].
2026-02-02 10:14:45.275 +08:00 [grpcservice] [Information] SkyApm.Transport.Grpc.ConnectionManager : Connected server[127.0.0.1:11800].
2026-02-02 10:48:17.112 +08:00 [grpcservice] [Information] SkyApm.InstrumentStartup : Initializing ...
2026-02-02 10:48:17.259 +08:00 [grpcservice] [Information] SkyApm.Service.RegisterService : Loaded instrument service [SkyApm.Service.RegisterService].
2026-02-02 10:48:17.259 +08:00 [grpcservice] [Information] SkyApm.Service.LogReportService : Loaded instrument service [SkyApm.Service.LogReportService].
2026-02-02 10:48:17.260 +08:00 [grpcservice] [Information] SkyApm.Service.PingService : Loaded instrument service [SkyApm.Service.PingService].
2026-02-02 10:48:17.261 +08:00 [grpcservice] [Information] SkyApm.Service.SegmentReportService : Loaded instrument service [SkyApm.Service.SegmentReportService].
2026-02-02 10:48:17.261 +08:00 [grpcservice] [Information] SkyApm.Service.CLRStatsService : Loaded instrument service [SkyApm.Service.CLRStatsService].
2026-02-02 10:48:17.263 +08:00 [grpcservice] [Information] SkyApm.Sampling.SimpleCountSamplingInterceptor : Loaded instrument service [SkyApm.Sampling.SimpleCountSamplingInterceptor].
2026-02-02 10:48:17.267 +08:00 [grpcservice] [Information] SkyApm.Transport.Grpc.ConnectService : Loaded instrument service [SkyApm.Transport.Grpc.ConnectService].
2026-02-02 10:48:17.345 +08:00 [grpcservice] [Information] SkyApm.Transport.Grpc.ConnectionManager : Connected server[127.0.0.1:11800].
2026-02-02 10:48:17.440 +08:00 [grpcservice] [Information] SkyApm.Diagnostics.TracingDiagnosticProcessorObserver : Loaded diagnostic listener [HttpHandlerDiagnosticListener].
2026-02-02 10:48:17.442 +08:00 [grpcservice] [Information] SkyApm.InstrumentStartup : Started SkyAPM .NET Core Agent.
2026-02-02 10:48:17.934 +08:00 [grpcservice] [Information] SkyApm.Diagnostics.TracingDiagnosticProcessorObserver : Loaded diagnostic listener [Grpc.Net.Client].
2026-02-02 10:48:20.296 +08:00 [grpcservice] [Error] SkyApm.Transport.Grpc.V8.ServiceRegister : Report service instance properties fail.
Grpc.Core.RpcException: Status(StatusCode="Unavailable", Detail="Error connecting to subchannel.", DebugException="System.Net.Sockets.SocketException: 由于目标计算机积极拒绝，无法连接。")
 ---> System.Net.Sockets.SocketException (10061): 由于目标计算机积极拒绝，无法连接。
   at System.Net.Sockets.Socket.AwaitableSocketAsyncEventArgs.ThrowException(SocketError error, CancellationToken cancellationToken)
   at System.Net.Sockets.Socket.AwaitableSocketAsyncEventArgs.System.Threading.Tasks.Sources.IValueTaskSource.GetResult(Int16 token)
   at System.Net.Sockets.Socket.<ConnectAsync>g__WaitForConnectWithCancellation|285_0(AwaitableSocketAsyncEventArgs saea, ValueTask connectTask, CancellationToken cancellationToken)
   at Grpc.Net.Client.Balancer.Internal.SocketConnectivitySubchannelTransport.TryConnectAsync(ConnectContext context, Int32 attempt)
   --- End of inner exception stack trace ---
   at Grpc.Net.Client.Balancer.Internal.ConnectionManager.PickAsync(PickContext context, Boolean waitForReady, CancellationToken cancellationToken)
   at Grpc.Net.Client.Balancer.Internal.BalancerHttpHandler.SendAsync(HttpRequestMessage request, CancellationToken cancellationToken)
   at Grpc.Net.Client.Internal.GrpcCall`2.RunCall(HttpRequestMessage request, Nullable`1 timeout)
   at Grpc.Net.Client.Internal.GrpcCall`2.GetResponseHeadersCoreAsync()
   at SkyApm.Transport.Grpc.V8.ServiceRegister.<>c__DisplayClass9_0.<<ReportInstancePropertiesAsync>b__0>d.MoveNext()
--- End of stack trace from previous location ---
   at SkyApm.Transport.Grpc.Common.Call.Execute[T](Func`1 task, Func`1 errCallback, Func`1 errMessage)
2026-02-02 10:48:20.297 +08:00 [grpcservice] [Warning] SkyApm.Transport.Grpc.ConnectionManager : Connection state changed. Status(StatusCode="Unavailable", Detail="Error connecting to subchannel.", DebugException="System.Net.Sockets.SocketException: 由于目标计算机积极拒绝，无法连接。")
2026-02-02 10:48:33.418 +08:00 [grpcservice] [Information] SkyApm.Transport.Grpc.ConnectionManager : Shutdown connection[127.0.0.1:11800].
2026-02-02 10:48:33.418 +08:00 [grpcservice] [Information] SkyApm.Transport.Grpc.ConnectionManager : Connected server[127.0.0.1:11800].
2026-02-02 10:48:52.426 +08:00 [grpcservice] [Error] SkyApm.Transport.Grpc.V8.ServiceRegister : Report service instance properties fail.
Grpc.Core.RpcException: Status(StatusCode="Unavailable", Detail="Error connecting to subchannel.", DebugException="System.Net.Sockets.SocketException: 由于目标计算机积极拒绝，无法连接。")
 ---> System.Net.Sockets.SocketException (10061): 由于目标计算机积极拒绝，无法连接。
   at System.Net.Sockets.Socket.AwaitableSocketAsyncEventArgs.ThrowException(SocketError error, CancellationToken cancellationToken)
   at System.Net.Sockets.Socket.AwaitableSocketAsyncEventArgs.System.Threading.Tasks.Sources.IValueTaskSource.GetResult(Int16 token)
   at System.Net.Sockets.Socket.<ConnectAsync>g__WaitForConnectWithCancellation|285_0(AwaitableSocketAsyncEventArgs saea, ValueTask connectTask, CancellationToken cancellationToken)
   at Grpc.Net.Client.Balancer.Internal.SocketConnectivitySubchannelTransport.TryConnectAsync(ConnectContext context, Int32 attempt)
   --- End of inner exception stack trace ---
   at Grpc.Net.Client.Balancer.Internal.ConnectionManager.PickAsync(PickContext context, Boolean waitForReady, CancellationToken cancellationToken)
   at Grpc.Net.Client.Balancer.Internal.BalancerHttpHandler.SendAsync(HttpRequestMessage request, CancellationToken cancellationToken)
   at Grpc.Net.Client.Internal.GrpcCall`2.RunCall(HttpRequestMessage request, Nullable`1 timeout)
   at Grpc.Net.Client.Internal.GrpcCall`2.GetResponseHeadersCoreAsync()
   at SkyApm.Transport.Grpc.V8.ServiceRegister.<>c__DisplayClass9_0.<<ReportInstancePropertiesAsync>b__0>d.MoveNext()
--- End of stack trace from previous location ---
   at SkyApm.Transport.Grpc.Common.Call.Execute[T](Func`1 task, Func`1 errCallback, Func`1 errMessage)
2026-02-02 10:48:52.426 +08:00 [grpcservice] [Warning] SkyApm.Transport.Grpc.ConnectionManager : Connection state changed. Status(StatusCode="Unavailable", Detail="Error connecting to subchannel.", DebugException="System.Net.Sockets.SocketException: 由于目标计算机积极拒绝，无法连接。")
2026-02-02 10:49:02.276 +08:00 [grpcservice] [Information] SkyApm.Transport.Grpc.ConnectionManager : Shutdown connection[127.0.0.1:11800].
2026-02-02 10:49:02.277 +08:00 [grpcservice] [Information] SkyApm.Transport.Grpc.ConnectionManager : Connected server[127.0.0.1:11800].
2026-02-02 10:49:19.535 +08:00 [grpcservice] [Error] SkyApm.Transport.Grpc.V8.ServiceRegister : Report service instance properties fail.
Grpc.Core.RpcException: Status(StatusCode="Unavailable", Detail="Error connecting to subchannel.", DebugException="System.Net.Sockets.SocketException: 由于目标计算机积极拒绝，无法连接。")
 ---> System.Net.Sockets.SocketException (10061): 由于目标计算机积极拒绝，无法连接。
   at System.Net.Sockets.Socket.AwaitableSocketAsyncEventArgs.ThrowException(SocketError error, CancellationToken cancellationToken)
   at System.Net.Sockets.Socket.AwaitableSocketAsyncEventArgs.System.Threading.Tasks.Sources.IValueTaskSource.GetResult(Int16 token)
   at System.Net.Sockets.Socket.<ConnectAsync>g__WaitForConnectWithCancellation|285_0(AwaitableSocketAsyncEventArgs saea, ValueTask connectTask, CancellationToken cancellationToken)
   at Grpc.Net.Client.Balancer.Internal.SocketConnectivitySubchannelTransport.TryConnectAsync(ConnectContext context, Int32 attempt)
   --- End of inner exception stack trace ---
   at Grpc.Net.Client.Balancer.Internal.ConnectionManager.PickAsync(PickContext context, Boolean waitForReady, CancellationToken cancellationToken)
   at Grpc.Net.Client.Balancer.Internal.BalancerHttpHandler.SendAsync(HttpRequestMessage request, CancellationToken cancellationToken)
   at Grpc.Net.Client.Internal.GrpcCall`2.RunCall(HttpRequestMessage request, Nullable`1 timeout)
   at Grpc.Net.Client.Internal.GrpcCall`2.GetResponseHeadersCoreAsync()
   at SkyApm.Transport.Grpc.V8.ServiceRegister.<>c__DisplayClass9_0.<<ReportInstancePropertiesAsync>b__0>d.MoveNext()
--- End of stack trace from previous location ---
   at SkyApm.Transport.Grpc.Common.Call.Execute[T](Func`1 task, Func`1 errCallback, Func`1 errMessage)
2026-02-02 10:49:19.535 +08:00 [grpcservice] [Warning] SkyApm.Transport.Grpc.ConnectionManager : Connection state changed. Status(StatusCode="Unavailable", Detail="Error connecting to subchannel.", DebugException="System.Net.Sockets.SocketException: 由于目标计算机积极拒绝，无法连接。")
2026-02-02 10:49:43.214 +08:00 [grpcservice] [Information] SkyApm.Transport.Grpc.ConnectionManager : Shutdown connection[127.0.0.1:11800].
2026-02-02 10:49:43.219 +08:00 [grpcservice] [Information] SkyApm.Transport.Grpc.ConnectionManager : Connected server[127.0.0.1:11800].
2026-02-02 10:49:54.257 +08:00 [grpcservice] [Error] SkyApm.Transport.Grpc.V8.ServiceRegister : Report service instance properties fail.
Grpc.Core.RpcException: Status(StatusCode="Unavailable", Detail="Error connecting to subchannel.", DebugException="System.Net.Sockets.SocketException: 由于目标计算机积极拒绝，无法连接。")
 ---> System.Net.Sockets.SocketException (10061): 由于目标计算机积极拒绝，无法连接。
   at System.Net.Sockets.Socket.AwaitableSocketAsyncEventArgs.ThrowException(SocketError error, CancellationToken cancellationToken)
   at System.Net.Sockets.Socket.AwaitableSocketAsyncEventArgs.System.Threading.Tasks.Sources.IValueTaskSource.GetResult(Int16 token)
   at System.Net.Sockets.Socket.<ConnectAsync>g__WaitForConnectWithCancellation|285_0(AwaitableSocketAsyncEventArgs saea, ValueTask connectTask, CancellationToken cancellationToken)
   at Grpc.Net.Client.Balancer.Internal.SocketConnectivitySubchannelTransport.TryConnectAsync(ConnectContext context, Int32 attempt)
   --- End of inner exception stack trace ---
   at Grpc.Net.Client.Balancer.Internal.ConnectionManager.PickAsync(PickContext context, Boolean waitForReady, CancellationToken cancellationToken)
   at Grpc.Net.Client.Balancer.Internal.BalancerHttpHandler.SendAsync(HttpRequestMessage request, CancellationToken cancellationToken)
   at Grpc.Net.Client.Internal.GrpcCall`2.RunCall(HttpRequestMessage request, Nullable`1 timeout)
   at Grpc.Net.Client.Internal.GrpcCall`2.GetResponseHeadersCoreAsync()
   at SkyApm.Transport.Grpc.V8.ServiceRegister.<>c__DisplayClass9_0.<<ReportInstancePropertiesAsync>b__0>d.MoveNext()
--- End of stack trace from previous location ---
   at SkyApm.Transport.Grpc.Common.Call.Execute[T](Func`1 task, Func`1 errCallback, Func`1 errMessage)
2026-02-02 10:49:54.260 +08:00 [grpcservice] [Warning] SkyApm.Transport.Grpc.ConnectionManager : Connection state changed. Status(StatusCode="Unavailable", Detail="Error connecting to subchannel.", DebugException="System.Net.Sockets.SocketException: 由于目标计算机积极拒绝，无法连接。")
2026-02-02 10:50:10.989 +08:00 [grpcservice] [Information] SkyApm.Transport.Grpc.ConnectionManager : Shutdown connection[127.0.0.1:11800].
2026-02-02 10:50:10.989 +08:00 [grpcservice] [Information] SkyApm.Transport.Grpc.ConnectionManager : Connected server[127.0.0.1:11800].
2026-02-02 10:50:19.305 +08:00 [grpcservice] [Error] SkyApm.Transport.Grpc.V8.ServiceRegister : Report service instance properties fail.
Grpc.Core.RpcException: Status(StatusCode="Unavailable", Detail="Error connecting to subchannel.", DebugException="System.Net.Sockets.SocketException: 由于目标计算机积极拒绝，无法连接。")
 ---> System.Net.Sockets.SocketException (10061): 由于目标计算机积极拒绝，无法连接。
   at System.Net.Sockets.Socket.AwaitableSocketAsyncEventArgs.ThrowException(SocketError error, CancellationToken cancellationToken)
   at System.Net.Sockets.Socket.AwaitableSocketAsyncEventArgs.System.Threading.Tasks.Sources.IValueTaskSource.GetResult(Int16 token)
   at System.Net.Sockets.Socket.<ConnectAsync>g__WaitForConnectWithCancellation|285_0(AwaitableSocketAsyncEventArgs saea, ValueTask connectTask, CancellationToken cancellationToken)
   at Grpc.Net.Client.Balancer.Internal.SocketConnectivitySubchannelTransport.TryConnectAsync(ConnectContext context, Int32 attempt)
   --- End of inner exception stack trace ---
   at Grpc.Net.Client.Balancer.Internal.ConnectionManager.PickAsync(PickContext context, Boolean waitForReady, CancellationToken cancellationToken)
   at Grpc.Net.Client.Balancer.Internal.BalancerHttpHandler.SendAsync(HttpRequestMessage request, CancellationToken cancellationToken)
   at Grpc.Net.Client.Internal.GrpcCall`2.RunCall(HttpRequestMessage request, Nullable`1 timeout)
   at Grpc.Net.Client.Internal.GrpcCall`2.GetResponseHeadersCoreAsync()
   at SkyApm.Transport.Grpc.V8.ServiceRegister.<>c__DisplayClass9_0.<<ReportInstancePropertiesAsync>b__0>d.MoveNext()
--- End of stack trace from previous location ---
   at SkyApm.Transport.Grpc.Common.Call.Execute[T](Func`1 task, Func`1 errCallback, Func`1 errMessage)
2026-02-02 10:50:19.305 +08:00 [grpcservice] [Warning] SkyApm.Transport.Grpc.ConnectionManager : Connection state changed. Status(StatusCode="Unavailable", Detail="Error connecting to subchannel.", DebugException="System.Net.Sockets.SocketException: 由于目标计算机积极拒绝，无法连接。")
2026-02-02 10:50:32.277 +08:00 [grpcservice] [Information] SkyApm.Transport.Grpc.ConnectionManager : Shutdown connection[127.0.0.1:11800].
2026-02-02 10:50:32.277 +08:00 [grpcservice] [Information] SkyApm.Transport.Grpc.ConnectionManager : Connected server[127.0.0.1:11800].
2026-02-02 10:50:55.585 +08:00 [grpcservice] [Error] SkyApm.Transport.Grpc.V8.ServiceRegister : Report service instance properties fail.
Grpc.Core.RpcException: Status(StatusCode="Unavailable", Detail="Error connecting to subchannel.", DebugException="System.Net.Sockets.SocketException: 由于目标计算机积极拒绝，无法连接。")
 ---> System.Net.Sockets.SocketException (10061): 由于目标计算机积极拒绝，无法连接。
   at System.Net.Sockets.Socket.AwaitableSocketAsyncEventArgs.ThrowException(SocketError error, CancellationToken cancellationToken)
   at System.Net.Sockets.Socket.AwaitableSocketAsyncEventArgs.System.Threading.Tasks.Sources.IValueTaskSource.GetResult(Int16 token)
   at System.Net.Sockets.Socket.<ConnectAsync>g__WaitForConnectWithCancellation|285_0(AwaitableSocketAsyncEventArgs saea, ValueTask connectTask, CancellationToken cancellationToken)
   at Grpc.Net.Client.Balancer.Internal.SocketConnectivitySubchannelTransport.TryConnectAsync(ConnectContext context, Int32 attempt)
   --- End of inner exception stack trace ---
   at Grpc.Net.Client.Balancer.Internal.ConnectionManager.PickAsync(PickContext context, Boolean waitForReady, CancellationToken cancellationToken)
   at Grpc.Net.Client.Balancer.Internal.BalancerHttpHandler.SendAsync(HttpRequestMessage request, CancellationToken cancellationToken)
   at Grpc.Net.Client.Internal.GrpcCall`2.RunCall(HttpRequestMessage request, Nullable`1 timeout)
   at Grpc.Net.Client.Internal.GrpcCall`2.GetResponseHeadersCoreAsync()
   at SkyApm.Transport.Grpc.V8.ServiceRegister.<>c__DisplayClass9_0.<<ReportInstancePropertiesAsync>b__0>d.MoveNext()
--- End of stack trace from previous location ---
   at SkyApm.Transport.Grpc.Common.Call.Execute[T](Func`1 task, Func`1 errCallback, Func`1 errMessage)
2026-02-02 10:50:55.585 +08:00 [grpcservice] [Warning] SkyApm.Transport.Grpc.ConnectionManager : Connection state changed. Status(StatusCode="Unavailable", Detail="Error connecting to subchannel.", DebugException="System.Net.Sockets.SocketException: 由于目标计算机积极拒绝，无法连接。")
2026-02-02 10:51:04.011 +08:00 [grpcservice] [Information] SkyApm.Transport.Grpc.ConnectionManager : Shutdown connection[127.0.0.1:11800].
2026-02-02 10:51:04.022 +08:00 [grpcservice] [Information] SkyApm.Transport.Grpc.ConnectionManager : Connected server[127.0.0.1:11800].
2026-02-02 10:51:21.715 +08:00 [grpcservice] [Error] SkyApm.Transport.Grpc.V8.ServiceRegister : Report service instance properties fail.
Grpc.Core.RpcException: Status(StatusCode="Unavailable", Detail="Error connecting to subchannel.", DebugException="System.Net.Sockets.SocketException: 由于目标计算机积极拒绝，无法连接。")
 ---> System.Net.Sockets.SocketException (10061): 由于目标计算机积极拒绝，无法连接。
   at System.Net.Sockets.Socket.AwaitableSocketAsyncEventArgs.ThrowException(SocketError error, CancellationToken cancellationToken)
   at System.Net.Sockets.Socket.AwaitableSocketAsyncEventArgs.System.Threading.Tasks.Sources.IValueTaskSource.GetResult(Int16 token)
   at System.Net.Sockets.Socket.<ConnectAsync>g__WaitForConnectWithCancellation|285_0(AwaitableSocketAsyncEventArgs saea, ValueTask connectTask, CancellationToken cancellationToken)
   at Grpc.Net.Client.Balancer.Internal.SocketConnectivitySubchannelTransport.TryConnectAsync(ConnectContext context, Int32 attempt)
   --- End of inner exception stack trace ---
   at Grpc.Net.Client.Balancer.Internal.ConnectionManager.PickAsync(PickContext context, Boolean waitForReady, CancellationToken cancellationToken)
   at Grpc.Net.Client.Balancer.Internal.BalancerHttpHandler.SendAsync(HttpRequestMessage request, CancellationToken cancellationToken)
   at Grpc.Net.Client.Internal.GrpcCall`2.RunCall(HttpRequestMessage request, Nullable`1 timeout)
   at Grpc.Net.Client.Internal.GrpcCall`2.GetResponseHeadersCoreAsync()
   at SkyApm.Transport.Grpc.V8.ServiceRegister.<>c__DisplayClass9_0.<<ReportInstancePropertiesAsync>b__0>d.MoveNext()
--- End of stack trace from previous location ---
   at SkyApm.Transport.Grpc.Common.Call.Execute[T](Func`1 task, Func`1 errCallback, Func`1 errMessage)
2026-02-02 10:51:21.715 +08:00 [grpcservice] [Warning] SkyApm.Transport.Grpc.ConnectionManager : Connection state changed. Status(StatusCode="Unavailable", Detail="Error connecting to subchannel.", DebugException="System.Net.Sockets.SocketException: 由于目标计算机积极拒绝，无法连接。")
2026-02-02 10:51:32.273 +08:00 [grpcservice] [Information] SkyApm.Transport.Grpc.ConnectionManager : Shutdown connection[127.0.0.1:11800].
2026-02-02 10:51:32.274 +08:00 [grpcservice] [Information] SkyApm.Transport.Grpc.ConnectionManager : Connected server[127.0.0.1:11800].
2026-02-02 10:51:49.378 +08:00 [grpcservice] [Error] SkyApm.Transport.Grpc.V8.ServiceRegister : Report service instance properties fail.
Grpc.Core.RpcException: Status(StatusCode="Unavailable", Detail="Error connecting to subchannel.", DebugException="System.Net.Sockets.SocketException: 由于目标计算机积极拒绝，无法连接。")
 ---> System.Net.Sockets.SocketException (10061): 由于目标计算机积极拒绝，无法连接。
   at System.Net.Sockets.Socket.AwaitableSocketAsyncEventArgs.ThrowException(SocketError error, CancellationToken cancellationToken)
   at System.Net.Sockets.Socket.AwaitableSocketAsyncEventArgs.System.Threading.Tasks.Sources.IValueTaskSource.GetResult(Int16 token)
   at System.Net.Sockets.Socket.<ConnectAsync>g__WaitForConnectWithCancellation|285_0(AwaitableSocketAsyncEventArgs saea, ValueTask connectTask, CancellationToken cancellationToken)
   at Grpc.Net.Client.Balancer.Internal.SocketConnectivitySubchannelTransport.TryConnectAsync(ConnectContext context, Int32 attempt)
   --- End of inner exception stack trace ---
   at Grpc.Net.Client.Balancer.Internal.ConnectionManager.PickAsync(PickContext context, Boolean waitForReady, CancellationToken cancellationToken)
   at Grpc.Net.Client.Balancer.Internal.BalancerHttpHandler.SendAsync(HttpRequestMessage request, CancellationToken cancellationToken)
   at Grpc.Net.Client.Internal.GrpcCall`2.RunCall(HttpRequestMessage request, Nullable`1 timeout)
   at Grpc.Net.Client.Internal.GrpcCall`2.GetResponseHeadersCoreAsync()
   at SkyApm.Transport.Grpc.V8.ServiceRegister.<>c__DisplayClass9_0.<<ReportInstancePropertiesAsync>b__0>d.MoveNext()
--- End of stack trace from previous location ---
   at SkyApm.Transport.Grpc.Common.Call.Execute[T](Func`1 task, Func`1 errCallback, Func`1 errMessage)
2026-02-02 10:51:49.379 +08:00 [grpcservice] [Warning] SkyApm.Transport.Grpc.ConnectionManager : Connection state changed. Status(StatusCode="Unavailable", Detail="Error connecting to subchannel.", DebugException="System.Net.Sockets.SocketException: 由于目标计算机积极拒绝，无法连接。")
2026-02-02 10:52:02.278 +08:00 [grpcservice] [Information] SkyApm.Transport.Grpc.ConnectionManager : Shutdown connection[127.0.0.1:11800].
2026-02-02 10:52:02.278 +08:00 [grpcservice] [Information] SkyApm.Transport.Grpc.ConnectionManager : Connected server[127.0.0.1:11800].
2026-02-02 10:52:19.298 +08:00 [grpcservice] [Error] SkyApm.Transport.Grpc.V8.ServiceRegister : Report service instance properties fail.
Grpc.Core.RpcException: Status(StatusCode="Unavailable", Detail="Error connecting to subchannel.", DebugException="System.Net.Sockets.SocketException: 由于目标计算机积极拒绝，无法连接。")
 ---> System.Net.Sockets.SocketException (10061): 由于目标计算机积极拒绝，无法连接。
   at System.Net.Sockets.Socket.AwaitableSocketAsyncEventArgs.System.Threading.Tasks.Sources.IValueTaskSource.GetResult(Int16 token)
   at System.Net.Sockets.Socket.<ConnectAsync>g__WaitForConnectWithCancellation|285_0(AwaitableSocketAsyncEventArgs saea, ValueTask connectTask, CancellationToken cancellationToken)
   at Grpc.Net.Client.Balancer.Internal.SocketConnectivitySubchannelTransport.TryConnectAsync(ConnectContext context, Int32 attempt)
   --- End of inner exception stack trace ---
   at Grpc.Net.Client.Balancer.Internal.ConnectionManager.PickAsync(PickContext context, Boolean waitForReady, CancellationToken cancellationToken)
   at Grpc.Net.Client.Balancer.Internal.BalancerHttpHandler.SendAsync(HttpRequestMessage request, CancellationToken cancellationToken)
   at Grpc.Net.Client.Internal.GrpcCall`2.RunCall(HttpRequestMessage request, Nullable`1 timeout)
   at Grpc.Net.Client.Internal.GrpcCall`2.GetResponseHeadersCoreAsync()
   at SkyApm.Transport.Grpc.V8.ServiceRegister.<>c__DisplayClass9_0.<<ReportInstancePropertiesAsync>b__0>d.MoveNext()
--- End of stack trace from previous location ---
   at SkyApm.Transport.Grpc.Common.Call.Execute[T](Func`1 task, Func`1 errCallback, Func`1 errMessage)
2026-02-02 10:52:19.298 +08:00 [grpcservice] [Warning] SkyApm.Transport.Grpc.ConnectionManager : Connection state changed. Status(StatusCode="Unavailable", Detail="Error connecting to subchannel.", DebugException="System.Net.Sockets.SocketException: 由于目标计算机积极拒绝，无法连接。")
2026-02-02 10:52:32.280 +08:00 [grpcservice] [Information] SkyApm.Transport.Grpc.ConnectionManager : Shutdown connection[127.0.0.1:11800].
2026-02-02 10:52:32.280 +08:00 [grpcservice] [Information] SkyApm.Transport.Grpc.ConnectionManager : Connected server[127.0.0.1:11800].
2026-02-02 10:52:49.294 +08:00 [grpcservice] [Error] SkyApm.Transport.Grpc.V8.ServiceRegister : Report service instance properties fail.
Grpc.Core.RpcException: Status(StatusCode="Unavailable", Detail="Error connecting to subchannel.", DebugException="System.Net.Sockets.SocketException: 由于目标计算机积极拒绝，无法连接。")
 ---> System.Net.Sockets.SocketException (10061): 由于目标计算机积极拒绝，无法连接。
   at System.Net.Sockets.Socket.AwaitableSocketAsyncEventArgs.System.Threading.Tasks.Sources.IValueTaskSource.GetResult(Int16 token)
   at System.Net.Sockets.Socket.<ConnectAsync>g__WaitForConnectWithCancellation|285_0(AwaitableSocketAsyncEventArgs saea, ValueTask connectTask, CancellationToken cancellationToken)
   at Grpc.Net.Client.Balancer.Internal.SocketConnectivitySubchannelTransport.TryConnectAsync(ConnectContext context, Int32 attempt)
   --- End of inner exception stack trace ---
   at Grpc.Net.Client.Balancer.Internal.ConnectionManager.PickAsync(PickContext context, Boolean waitForReady, CancellationToken cancellationToken)
   at Grpc.Net.Client.Balancer.Internal.BalancerHttpHandler.SendAsync(HttpRequestMessage request, CancellationToken cancellationToken)
   at Grpc.Net.Client.Internal.GrpcCall`2.RunCall(HttpRequestMessage request, Nullable`1 timeout)
   at Grpc.Net.Client.Internal.GrpcCall`2.GetResponseHeadersCoreAsync()
   at SkyApm.Transport.Grpc.V8.ServiceRegister.<>c__DisplayClass9_0.<<ReportInstancePropertiesAsync>b__0>d.MoveNext()
--- End of stack trace from previous location ---
   at SkyApm.Transport.Grpc.Common.Call.Execute[T](Func`1 task, Func`1 errCallback, Func`1 errMessage)
2026-02-02 10:52:49.294 +08:00 [grpcservice] [Warning] SkyApm.Transport.Grpc.ConnectionManager : Connection state changed. Status(StatusCode="Unavailable", Detail="Error connecting to subchannel.", DebugException="System.Net.Sockets.SocketException: 由于目标计算机积极拒绝，无法连接。")
2026-02-02 10:53:02.276 +08:00 [grpcservice] [Information] SkyApm.Transport.Grpc.ConnectionManager : Shutdown connection[127.0.0.1:11800].
2026-02-02 10:53:02.276 +08:00 [grpcservice] [Information] SkyApm.Transport.Grpc.ConnectionManager : Connected server[127.0.0.1:11800].
2026-02-02 10:53:20.983 +08:00 [grpcservice] [Error] SkyApm.Transport.Grpc.V8.ServiceRegister : Report service instance properties fail.
Grpc.Core.RpcException: Status(StatusCode="Unavailable", Detail="Error connecting to subchannel.", DebugException="System.Net.Sockets.SocketException: 由于目标计算机积极拒绝，无法连接。")
 ---> System.Net.Sockets.SocketException (10061): 由于目标计算机积极拒绝，无法连接。
   at System.Net.Sockets.Socket.AwaitableSocketAsyncEventArgs.System.Threading.Tasks.Sources.IValueTaskSource.GetResult(Int16 token)
   at System.Net.Sockets.Socket.<ConnectAsync>g__WaitForConnectWithCancellation|285_0(AwaitableSocketAsyncEventArgs saea, ValueTask connectTask, CancellationToken cancellationToken)
   at Grpc.Net.Client.Balancer.Internal.SocketConnectivitySubchannelTransport.TryConnectAsync(ConnectContext context, Int32 attempt)
   --- End of inner exception stack trace ---
   at Grpc.Net.Client.Balancer.Internal.ConnectionManager.PickAsync(PickContext context, Boolean waitForReady, CancellationToken cancellationToken)
   at Grpc.Net.Client.Balancer.Internal.BalancerHttpHandler.SendAsync(HttpRequestMessage request, CancellationToken cancellationToken)
   at Grpc.Net.Client.Internal.GrpcCall`2.RunCall(HttpRequestMessage request, Nullable`1 timeout)
   at Grpc.Net.Client.Internal.GrpcCall`2.GetResponseHeadersCoreAsync()
   at SkyApm.Transport.Grpc.V8.ServiceRegister.<>c__DisplayClass9_0.<<ReportInstancePropertiesAsync>b__0>d.MoveNext()
--- End of stack trace from previous location ---
   at SkyApm.Transport.Grpc.Common.Call.Execute[T](Func`1 task, Func`1 errCallback, Func`1 errMessage)
2026-02-02 10:53:20.983 +08:00 [grpcservice] [Warning] SkyApm.Transport.Grpc.ConnectionManager : Connection state changed. Status(StatusCode="Unavailable", Detail="Error connecting to subchannel.", DebugException="System.Net.Sockets.SocketException: 由于目标计算机积极拒绝，无法连接。")
2026-02-02 10:53:33.380 +08:00 [grpcservice] [Information] SkyApm.Transport.Grpc.ConnectionManager : Shutdown connection[127.0.0.1:11800].
2026-02-02 10:53:33.383 +08:00 [grpcservice] [Information] SkyApm.Transport.Grpc.ConnectionManager : Connected server[127.0.0.1:11800].
2026-02-02 10:53:49.292 +08:00 [grpcservice] [Error] SkyApm.Transport.Grpc.V8.ServiceRegister : Report service instance properties fail.
Grpc.Core.RpcException: Status(StatusCode="Unavailable", Detail="Error connecting to subchannel.", DebugException="System.Net.Sockets.SocketException: 由于目标计算机积极拒绝，无法连接。")
 ---> System.Net.Sockets.SocketException (10061): 由于目标计算机积极拒绝，无法连接。
   at System.Net.Sockets.Socket.AwaitableSocketAsyncEventArgs.System.Threading.Tasks.Sources.IValueTaskSource.GetResult(Int16 token)
   at System.Net.Sockets.Socket.<ConnectAsync>g__WaitForConnectWithCancellation|285_0(AwaitableSocketAsyncEventArgs saea, ValueTask connectTask, CancellationToken cancellationToken)
   at Grpc.Net.Client.Balancer.Internal.SocketConnectivitySubchannelTransport.TryConnectAsync(ConnectContext context, Int32 attempt)
   --- End of inner exception stack trace ---
   at Grpc.Net.Client.Balancer.Internal.ConnectionManager.PickAsync(PickContext context, Boolean waitForReady, CancellationToken cancellationToken)
   at Grpc.Net.Client.Balancer.Internal.BalancerHttpHandler.SendAsync(HttpRequestMessage request, CancellationToken cancellationToken)
   at Grpc.Net.Client.Internal.GrpcCall`2.RunCall(HttpRequestMessage request, Nullable`1 timeout)
   at Grpc.Net.Client.Internal.GrpcCall`2.GetResponseHeadersCoreAsync()
   at SkyApm.Transport.Grpc.V8.ServiceRegister.<>c__DisplayClass9_0.<<ReportInstancePropertiesAsync>b__0>d.MoveNext()
--- End of stack trace from previous location ---
   at SkyApm.Transport.Grpc.Common.Call.Execute[T](Func`1 task, Func`1 errCallback, Func`1 errMessage)
2026-02-02 10:53:49.292 +08:00 [grpcservice] [Warning] SkyApm.Transport.Grpc.ConnectionManager : Connection state changed. Status(StatusCode="Unavailable", Detail="Error connecting to subchannel.", DebugException="System.Net.Sockets.SocketException: 由于目标计算机积极拒绝，无法连接。")
2026-02-02 10:54:02.267 +08:00 [grpcservice] [Information] SkyApm.Transport.Grpc.ConnectionManager : Shutdown connection[127.0.0.1:11800].
2026-02-02 10:54:02.267 +08:00 [grpcservice] [Information] SkyApm.Transport.Grpc.ConnectionManager : Connected server[127.0.0.1:11800].
2026-02-02 10:54:19.298 +08:00 [grpcservice] [Error] SkyApm.Transport.Grpc.V8.ServiceRegister : Report service instance properties fail.
Grpc.Core.RpcException: Status(StatusCode="Unavailable", Detail="Error connecting to subchannel.", DebugException="System.Net.Sockets.SocketException: 由于目标计算机积极拒绝，无法连接。")
 ---> System.Net.Sockets.SocketException (10061): 由于目标计算机积极拒绝，无法连接。
   at System.Net.Sockets.Socket.AwaitableSocketAsyncEventArgs.System.Threading.Tasks.Sources.IValueTaskSource.GetResult(Int16 token)
   at System.Net.Sockets.Socket.<ConnectAsync>g__WaitForConnectWithCancellation|285_0(AwaitableSocketAsyncEventArgs saea, ValueTask connectTask, CancellationToken cancellationToken)
   at Grpc.Net.Client.Balancer.Internal.SocketConnectivitySubchannelTransport.TryConnectAsync(ConnectContext context, Int32 attempt)
   --- End of inner exception stack trace ---
   at Grpc.Net.Client.Balancer.Internal.ConnectionManager.PickAsync(PickContext context, Boolean waitForReady, CancellationToken cancellationToken)
   at Grpc.Net.Client.Balancer.Internal.BalancerHttpHandler.SendAsync(HttpRequestMessage request, CancellationToken cancellationToken)
   at Grpc.Net.Client.Internal.GrpcCall`2.RunCall(HttpRequestMessage request, Nullable`1 timeout)
   at Grpc.Net.Client.Internal.GrpcCall`2.GetResponseHeadersCoreAsync()
   at SkyApm.Transport.Grpc.V8.ServiceRegister.<>c__DisplayClass9_0.<<ReportInstancePropertiesAsync>b__0>d.MoveNext()
--- End of stack trace from previous location ---
   at SkyApm.Transport.Grpc.Common.Call.Execute[T](Func`1 task, Func`1 errCallback, Func`1 errMessage)
2026-02-02 10:54:19.298 +08:00 [grpcservice] [Warning] SkyApm.Transport.Grpc.ConnectionManager : Connection state changed. Status(StatusCode="Unavailable", Detail="Error connecting to subchannel.", DebugException="System.Net.Sockets.SocketException: 由于目标计算机积极拒绝，无法连接。")
2026-02-02 10:54:32.266 +08:00 [grpcservice] [Information] SkyApm.Transport.Grpc.ConnectionManager : Shutdown connection[127.0.0.1:11800].
2026-02-02 10:54:32.266 +08:00 [grpcservice] [Information] SkyApm.Transport.Grpc.ConnectionManager : Connected server[127.0.0.1:11800].
2026-02-02 10:54:49.308 +08:00 [grpcservice] [Error] SkyApm.Transport.Grpc.V8.ServiceRegister : Report service instance properties fail.
Grpc.Core.RpcException: Status(StatusCode="Unavailable", Detail="Error connecting to subchannel.", DebugException="System.Net.Sockets.SocketException: 由于目标计算机积极拒绝，无法连接。")
 ---> System.Net.Sockets.SocketException (10061): 由于目标计算机积极拒绝，无法连接。
   at System.Net.Sockets.Socket.AwaitableSocketAsyncEventArgs.System.Threading.Tasks.Sources.IValueTaskSource.GetResult(Int16 token)
   at System.Net.Sockets.Socket.<ConnectAsync>g__WaitForConnectWithCancellation|285_0(AwaitableSocketAsyncEventArgs saea, ValueTask connectTask, CancellationToken cancellationToken)
   at Grpc.Net.Client.Balancer.Internal.SocketConnectivitySubchannelTransport.TryConnectAsync(ConnectContext context, Int32 attempt)
   --- End of inner exception stack trace ---
   at Grpc.Net.Client.Balancer.Internal.ConnectionManager.PickAsync(PickContext context, Boolean waitForReady, CancellationToken cancellationToken)
   at Grpc.Net.Client.Balancer.Internal.BalancerHttpHandler.SendAsync(HttpRequestMessage request, CancellationToken cancellationToken)
   at Grpc.Net.Client.Internal.GrpcCall`2.RunCall(HttpRequestMessage request, Nullable`1 timeout)
   at Grpc.Net.Client.Internal.GrpcCall`2.GetResponseHeadersCoreAsync()
   at SkyApm.Transport.Grpc.V8.ServiceRegister.<>c__DisplayClass9_0.<<ReportInstancePropertiesAsync>b__0>d.MoveNext()
--- End of stack trace from previous location ---
   at SkyApm.Transport.Grpc.Common.Call.Execute[T](Func`1 task, Func`1 errCallback, Func`1 errMessage)
2026-02-02 10:54:49.309 +08:00 [grpcservice] [Warning] SkyApm.Transport.Grpc.ConnectionManager : Connection state changed. Status(StatusCode="Unavailable", Detail="Error connecting to subchannel.", DebugException="System.Net.Sockets.SocketException: 由于目标计算机积极拒绝，无法连接。")
2026-02-02 10:55:02.273 +08:00 [grpcservice] [Information] SkyApm.Transport.Grpc.ConnectionManager : Shutdown connection[127.0.0.1:11800].
2026-02-02 10:55:02.273 +08:00 [grpcservice] [Information] SkyApm.Transport.Grpc.ConnectionManager : Connected server[127.0.0.1:11800].
2026-02-02 10:55:19.309 +08:00 [grpcservice] [Error] SkyApm.Transport.Grpc.V8.ServiceRegister : Report service instance properties fail.
Grpc.Core.RpcException: Status(StatusCode="Unavailable", Detail="Error connecting to subchannel.", DebugException="System.Net.Sockets.SocketException: 由于目标计算机积极拒绝，无法连接。")
 ---> System.Net.Sockets.SocketException (10061): 由于目标计算机积极拒绝，无法连接。
   at System.Net.Sockets.Socket.AwaitableSocketAsyncEventArgs.System.Threading.Tasks.Sources.IValueTaskSource.GetResult(Int16 token)
   at System.Net.Sockets.Socket.<ConnectAsync>g__WaitForConnectWithCancellation|285_0(AwaitableSocketAsyncEventArgs saea, ValueTask connectTask, CancellationToken cancellationToken)
   at Grpc.Net.Client.Balancer.Internal.SocketConnectivitySubchannelTransport.TryConnectAsync(ConnectContext context, Int32 attempt)
   --- End of inner exception stack trace ---
   at Grpc.Net.Client.Balancer.Internal.ConnectionManager.PickAsync(PickContext context, Boolean waitForReady, CancellationToken cancellationToken)
   at Grpc.Net.Client.Balancer.Internal.BalancerHttpHandler.SendAsync(HttpRequestMessage request, CancellationToken cancellationToken)
   at Grpc.Net.Client.Internal.GrpcCall`2.RunCall(HttpRequestMessage request, Nullable`1 timeout)
   at Grpc.Net.Client.Internal.GrpcCall`2.GetResponseHeadersCoreAsync()
   at SkyApm.Transport.Grpc.V8.ServiceRegister.<>c__DisplayClass9_0.<<ReportInstancePropertiesAsync>b__0>d.MoveNext()
--- End of stack trace from previous location ---
   at SkyApm.Transport.Grpc.Common.Call.Execute[T](Func`1 task, Func`1 errCallback, Func`1 errMessage)
2026-02-02 10:55:19.309 +08:00 [grpcservice] [Warning] SkyApm.Transport.Grpc.ConnectionManager : Connection state changed. Status(StatusCode="Unavailable", Detail="Error connecting to subchannel.", DebugException="System.Net.Sockets.SocketException: 由于目标计算机积极拒绝，无法连接。")
2026-02-02 10:55:32.270 +08:00 [grpcservice] [Information] SkyApm.Transport.Grpc.ConnectionManager : Shutdown connection[127.0.0.1:11800].
2026-02-02 10:55:32.270 +08:00 [grpcservice] [Information] SkyApm.Transport.Grpc.ConnectionManager : Connected server[127.0.0.1:11800].
2026-02-02 10:55:50.050 +08:00 [grpcservice] [Error] SkyApm.Transport.Grpc.V8.ServiceRegister : Report service instance properties fail.
Grpc.Core.RpcException: Status(StatusCode="Unavailable", Detail="Error connecting to subchannel.", DebugException="System.Net.Sockets.SocketException: 由于目标计算机积极拒绝，无法连接。")
 ---> System.Net.Sockets.SocketException (10061): 由于目标计算机积极拒绝，无法连接。
   at System.Net.Sockets.Socket.AwaitableSocketAsyncEventArgs.System.Threading.Tasks.Sources.IValueTaskSource.GetResult(Int16 token)
   at System.Net.Sockets.Socket.<ConnectAsync>g__WaitForConnectWithCancellation|285_0(AwaitableSocketAsyncEventArgs saea, ValueTask connectTask, CancellationToken cancellationToken)
   at Grpc.Net.Client.Balancer.Internal.SocketConnectivitySubchannelTransport.TryConnectAsync(ConnectContext context, Int32 attempt)
   --- End of inner exception stack trace ---
   at Grpc.Net.Client.Balancer.Internal.ConnectionManager.PickAsync(PickContext context, Boolean waitForReady, CancellationToken cancellationToken)
   at Grpc.Net.Client.Balancer.Internal.BalancerHttpHandler.SendAsync(HttpRequestMessage request, CancellationToken cancellationToken)
   at Grpc.Net.Client.Internal.GrpcCall`2.RunCall(HttpRequestMessage request, Nullable`1 timeout)
   at Grpc.Net.Client.Internal.GrpcCall`2.GetResponseHeadersCoreAsync()
   at SkyApm.Transport.Grpc.V8.ServiceRegister.<>c__DisplayClass9_0.<<ReportInstancePropertiesAsync>b__0>d.MoveNext()
--- End of stack trace from previous location ---
   at SkyApm.Transport.Grpc.Common.Call.Execute[T](Func`1 task, Func`1 errCallback, Func`1 errMessage)
2026-02-02 10:55:50.050 +08:00 [grpcservice] [Warning] SkyApm.Transport.Grpc.ConnectionManager : Connection state changed. Status(StatusCode="Unavailable", Detail="Error connecting to subchannel.", DebugException="System.Net.Sockets.SocketException: 由于目标计算机积极拒绝，无法连接。")
2026-02-02 10:56:02.277 +08:00 [grpcservice] [Information] SkyApm.Transport.Grpc.ConnectionManager : Shutdown connection[127.0.0.1:11800].
2026-02-02 10:56:02.278 +08:00 [grpcservice] [Information] SkyApm.Transport.Grpc.ConnectionManager : Connected server[127.0.0.1:11800].
2026-02-02 10:56:19.314 +08:00 [grpcservice] [Error] SkyApm.Transport.Grpc.V8.ServiceRegister : Report service instance properties fail.
Grpc.Core.RpcException: Status(StatusCode="Unavailable", Detail="Error connecting to subchannel.", DebugException="System.Net.Sockets.SocketException: 由于目标计算机积极拒绝，无法连接。")
 ---> System.Net.Sockets.SocketException (10061): 由于目标计算机积极拒绝，无法连接。
   at System.Net.Sockets.Socket.AwaitableSocketAsyncEventArgs.System.Threading.Tasks.Sources.IValueTaskSource.GetResult(Int16 token)
   at System.Net.Sockets.Socket.<ConnectAsync>g__WaitForConnectWithCancellation|285_0(AwaitableSocketAsyncEventArgs saea, ValueTask connectTask, CancellationToken cancellationToken)
   at Grpc.Net.Client.Balancer.Internal.SocketConnectivitySubchannelTransport.TryConnectAsync(ConnectContext context, Int32 attempt)
   --- End of inner exception stack trace ---
   at Grpc.Net.Client.Balancer.Internal.ConnectionManager.PickAsync(PickContext context, Boolean waitForReady, CancellationToken cancellationToken)
   at Grpc.Net.Client.Balancer.Internal.BalancerHttpHandler.SendAsync(HttpRequestMessage request, CancellationToken cancellationToken)
   at Grpc.Net.Client.Internal.GrpcCall`2.RunCall(HttpRequestMessage request, Nullable`1 timeout)
   at Grpc.Net.Client.Internal.GrpcCall`2.GetResponseHeadersCoreAsync()
   at SkyApm.Transport.Grpc.V8.ServiceRegister.<>c__DisplayClass9_0.<<ReportInstancePropertiesAsync>b__0>d.MoveNext()
--- End of stack trace from previous location ---
   at SkyApm.Transport.Grpc.Common.Call.Execute[T](Func`1 task, Func`1 errCallback, Func`1 errMessage)
2026-02-02 10:56:19.314 +08:00 [grpcservice] [Warning] SkyApm.Transport.Grpc.ConnectionManager : Connection state changed. Status(StatusCode="Unavailable", Detail="Error connecting to subchannel.", DebugException="System.Net.Sockets.SocketException: 由于目标计算机积极拒绝，无法连接。")
2026-02-02 10:56:32.278 +08:00 [grpcservice] [Information] SkyApm.Transport.Grpc.ConnectionManager : Shutdown connection[127.0.0.1:11800].
2026-02-02 10:56:32.278 +08:00 [grpcservice] [Information] SkyApm.Transport.Grpc.ConnectionManager : Connected server[127.0.0.1:11800].
2026-02-02 10:56:49.311 +08:00 [grpcservice] [Error] SkyApm.Transport.Grpc.V8.ServiceRegister : Report service instance properties fail.
Grpc.Core.RpcException: Status(StatusCode="Unavailable", Detail="Error connecting to subchannel.", DebugException="System.Net.Sockets.SocketException: 由于目标计算机积极拒绝，无法连接。")
 ---> System.Net.Sockets.SocketException (10061): 由于目标计算机积极拒绝，无法连接。
   at System.Net.Sockets.Socket.AwaitableSocketAsyncEventArgs.System.Threading.Tasks.Sources.IValueTaskSource.GetResult(Int16 token)
   at System.Net.Sockets.Socket.<ConnectAsync>g__WaitForConnectWithCancellation|285_0(AwaitableSocketAsyncEventArgs saea, ValueTask connectTask, CancellationToken cancellationToken)
   at Grpc.Net.Client.Balancer.Internal.SocketConnectivitySubchannelTransport.TryConnectAsync(ConnectContext context, Int32 attempt)
   --- End of inner exception stack trace ---
   at Grpc.Net.Client.Balancer.Internal.ConnectionManager.PickAsync(PickContext context, Boolean waitForReady, CancellationToken cancellationToken)
   at Grpc.Net.Client.Balancer.Internal.BalancerHttpHandler.SendAsync(HttpRequestMessage request, CancellationToken cancellationToken)
   at Grpc.Net.Client.Internal.GrpcCall`2.RunCall(HttpRequestMessage request, Nullable`1 timeout)
   at Grpc.Net.Client.Internal.GrpcCall`2.GetResponseHeadersCoreAsync()
   at SkyApm.Transport.Grpc.V8.ServiceRegister.<>c__DisplayClass9_0.<<ReportInstancePropertiesAsync>b__0>d.MoveNext()
--- End of stack trace from previous location ---
   at SkyApm.Transport.Grpc.Common.Call.Execute[T](Func`1 task, Func`1 errCallback, Func`1 errMessage)
2026-02-02 10:56:49.312 +08:00 [grpcservice] [Warning] SkyApm.Transport.Grpc.ConnectionManager : Connection state changed. Status(StatusCode="Unavailable", Detail="Error connecting to subchannel.", DebugException="System.Net.Sockets.SocketException: 由于目标计算机积极拒绝，无法连接。")
2026-02-02 10:57:02.272 +08:00 [grpcservice] [Information] SkyApm.Transport.Grpc.ConnectionManager : Shutdown connection[127.0.0.1:11800].
2026-02-02 10:57:02.272 +08:00 [grpcservice] [Information] SkyApm.Transport.Grpc.ConnectionManager : Connected server[127.0.0.1:11800].
2026-02-02 10:57:19.311 +08:00 [grpcservice] [Error] SkyApm.Transport.Grpc.V8.ServiceRegister : Report service instance properties fail.
Grpc.Core.RpcException: Status(StatusCode="Unavailable", Detail="Error connecting to subchannel.", DebugException="System.Net.Sockets.SocketException: 由于目标计算机积极拒绝，无法连接。")
 ---> System.Net.Sockets.SocketException (10061): 由于目标计算机积极拒绝，无法连接。
   at System.Net.Sockets.Socket.AwaitableSocketAsyncEventArgs.System.Threading.Tasks.Sources.IValueTaskSource.GetResult(Int16 token)
   at System.Net.Sockets.Socket.<ConnectAsync>g__WaitForConnectWithCancellation|285_0(AwaitableSocketAsyncEventArgs saea, ValueTask connectTask, CancellationToken cancellationToken)
   at Grpc.Net.Client.Balancer.Internal.SocketConnectivitySubchannelTransport.TryConnectAsync(ConnectContext context, Int32 attempt)
   --- End of inner exception stack trace ---
   at Grpc.Net.Client.Balancer.Internal.ConnectionManager.PickAsync(PickContext context, Boolean waitForReady, CancellationToken cancellationToken)
   at Grpc.Net.Client.Balancer.Internal.BalancerHttpHandler.SendAsync(HttpRequestMessage request, CancellationToken cancellationToken)
   at Grpc.Net.Client.Internal.GrpcCall`2.RunCall(HttpRequestMessage request, Nullable`1 timeout)
   at Grpc.Net.Client.Internal.GrpcCall`2.GetResponseHeadersCoreAsync()
   at SkyApm.Transport.Grpc.V8.ServiceRegister.<>c__DisplayClass9_0.<<ReportInstancePropertiesAsync>b__0>d.MoveNext()
--- End of stack trace from previous location ---
   at SkyApm.Transport.Grpc.Common.Call.Execute[T](Func`1 task, Func`1 errCallback, Func`1 errMessage)
2026-02-02 10:57:19.311 +08:00 [grpcservice] [Warning] SkyApm.Transport.Grpc.ConnectionManager : Connection state changed. Status(StatusCode="Unavailable", Detail="Error connecting to subchannel.", DebugException="System.Net.Sockets.SocketException: 由于目标计算机积极拒绝，无法连接。")
2026-02-02 10:57:32.279 +08:00 [grpcservice] [Information] SkyApm.Transport.Grpc.ConnectionManager : Shutdown connection[127.0.0.1:11800].
2026-02-02 10:57:32.280 +08:00 [grpcservice] [Information] SkyApm.Transport.Grpc.ConnectionManager : Connected server[127.0.0.1:11800].
2026-02-02 10:57:49.298 +08:00 [grpcservice] [Error] SkyApm.Transport.Grpc.V8.ServiceRegister : Report service instance properties fail.
Grpc.Core.RpcException: Status(StatusCode="Unavailable", Detail="Error connecting to subchannel.", DebugException="System.Net.Sockets.SocketException: 由于目标计算机积极拒绝，无法连接。")
 ---> System.Net.Sockets.SocketException (10061): 由于目标计算机积极拒绝，无法连接。
   at System.Net.Sockets.Socket.AwaitableSocketAsyncEventArgs.System.Threading.Tasks.Sources.IValueTaskSource.GetResult(Int16 token)
   at System.Net.Sockets.Socket.<ConnectAsync>g__WaitForConnectWithCancellation|285_0(AwaitableSocketAsyncEventArgs saea, ValueTask connectTask, CancellationToken cancellationToken)
   at Grpc.Net.Client.Balancer.Internal.SocketConnectivitySubchannelTransport.TryConnectAsync(ConnectContext context, Int32 attempt)
   --- End of inner exception stack trace ---
   at Grpc.Net.Client.Balancer.Internal.ConnectionManager.PickAsync(PickContext context, Boolean waitForReady, CancellationToken cancellationToken)
   at Grpc.Net.Client.Balancer.Internal.BalancerHttpHandler.SendAsync(HttpRequestMessage request, CancellationToken cancellationToken)
   at Grpc.Net.Client.Internal.GrpcCall`2.RunCall(HttpRequestMessage request, Nullable`1 timeout)
   at Grpc.Net.Client.Internal.GrpcCall`2.GetResponseHeadersCoreAsync()
   at SkyApm.Transport.Grpc.V8.ServiceRegister.<>c__DisplayClass9_0.<<ReportInstancePropertiesAsync>b__0>d.MoveNext()
--- End of stack trace from previous location ---
   at SkyApm.Transport.Grpc.Common.Call.Execute[T](Func`1 task, Func`1 errCallback, Func`1 errMessage)
2026-02-02 10:57:49.298 +08:00 [grpcservice] [Warning] SkyApm.Transport.Grpc.ConnectionManager : Connection state changed. Status(StatusCode="Unavailable", Detail="Error connecting to subchannel.", DebugException="System.Net.Sockets.SocketException: 由于目标计算机积极拒绝，无法连接。")
2026-02-02 10:58:02.274 +08:00 [grpcservice] [Information] SkyApm.Transport.Grpc.ConnectionManager : Shutdown connection[127.0.0.1:11800].
2026-02-02 10:58:02.275 +08:00 [grpcservice] [Information] SkyApm.Transport.Grpc.ConnectionManager : Connected server[127.0.0.1:11800].
2026-02-02 10:58:19.291 +08:00 [grpcservice] [Error] SkyApm.Transport.Grpc.V8.ServiceRegister : Report service instance properties fail.
Grpc.Core.RpcException: Status(StatusCode="Unavailable", Detail="Error connecting to subchannel.", DebugException="System.Net.Sockets.SocketException: 由于目标计算机积极拒绝，无法连接。")
 ---> System.Net.Sockets.SocketException (10061): 由于目标计算机积极拒绝，无法连接。
   at System.Net.Sockets.Socket.AwaitableSocketAsyncEventArgs.System.Threading.Tasks.Sources.IValueTaskSource.GetResult(Int16 token)
   at System.Net.Sockets.Socket.<ConnectAsync>g__WaitForConnectWithCancellation|285_0(AwaitableSocketAsyncEventArgs saea, ValueTask connectTask, CancellationToken cancellationToken)
   at Grpc.Net.Client.Balancer.Internal.SocketConnectivitySubchannelTransport.TryConnectAsync(ConnectContext context, Int32 attempt)
   --- End of inner exception stack trace ---
   at Grpc.Net.Client.Balancer.Internal.ConnectionManager.PickAsync(PickContext context, Boolean waitForReady, CancellationToken cancellationToken)
   at Grpc.Net.Client.Balancer.Internal.BalancerHttpHandler.SendAsync(HttpRequestMessage request, CancellationToken cancellationToken)
   at Grpc.Net.Client.Internal.GrpcCall`2.RunCall(HttpRequestMessage request, Nullable`1 timeout)
   at Grpc.Net.Client.Internal.GrpcCall`2.GetResponseHeadersCoreAsync()
   at SkyApm.Transport.Grpc.V8.ServiceRegister.<>c__DisplayClass9_0.<<ReportInstancePropertiesAsync>b__0>d.MoveNext()
--- End of stack trace from previous location ---
   at SkyApm.Transport.Grpc.Common.Call.Execute[T](Func`1 task, Func`1 errCallback, Func`1 errMessage)
2026-02-02 10:58:19.291 +08:00 [grpcservice] [Warning] SkyApm.Transport.Grpc.ConnectionManager : Connection state changed. Status(StatusCode="Unavailable", Detail="Error connecting to subchannel.", DebugException="System.Net.Sockets.SocketException: 由于目标计算机积极拒绝，无法连接。")
2026-02-02 10:58:32.277 +08:00 [grpcservice] [Information] SkyApm.Transport.Grpc.ConnectionManager : Shutdown connection[127.0.0.1:11800].
2026-02-02 10:58:32.277 +08:00 [grpcservice] [Information] SkyApm.Transport.Grpc.ConnectionManager : Connected server[127.0.0.1:11800].
2026-02-02 10:58:50.284 +08:00 [grpcservice] [Error] SkyApm.Transport.Grpc.V8.ServiceRegister : Report service instance properties fail.
Grpc.Core.RpcException: Status(StatusCode="Unavailable", Detail="Error connecting to subchannel.", DebugException="System.Net.Sockets.SocketException: 由于目标计算机积极拒绝，无法连接。")
 ---> System.Net.Sockets.SocketException (10061): 由于目标计算机积极拒绝，无法连接。
   at System.Net.Sockets.Socket.AwaitableSocketAsyncEventArgs.System.Threading.Tasks.Sources.IValueTaskSource.GetResult(Int16 token)
   at System.Net.Sockets.Socket.<ConnectAsync>g__WaitForConnectWithCancellation|285_0(AwaitableSocketAsyncEventArgs saea, ValueTask connectTask, CancellationToken cancellationToken)
   at Grpc.Net.Client.Balancer.Internal.SocketConnectivitySubchannelTransport.TryConnectAsync(ConnectContext context, Int32 attempt)
   --- End of inner exception stack trace ---
   at Grpc.Net.Client.Balancer.Internal.ConnectionManager.PickAsync(PickContext context, Boolean waitForReady, CancellationToken cancellationToken)
   at Grpc.Net.Client.Balancer.Internal.BalancerHttpHandler.SendAsync(HttpRequestMessage request, CancellationToken cancellationToken)
   at Grpc.Net.Client.Internal.GrpcCall`2.RunCall(HttpRequestMessage request, Nullable`1 timeout)
   at Grpc.Net.Client.Internal.GrpcCall`2.GetResponseHeadersCoreAsync()
   at SkyApm.Transport.Grpc.V8.ServiceRegister.<>c__DisplayClass9_0.<<ReportInstancePropertiesAsync>b__0>d.MoveNext()
--- End of stack trace from previous location ---
   at SkyApm.Transport.Grpc.Common.Call.Execute[T](Func`1 task, Func`1 errCallback, Func`1 errMessage)
2026-02-02 10:58:50.284 +08:00 [grpcservice] [Warning] SkyApm.Transport.Grpc.ConnectionManager : Connection state changed. Status(StatusCode="Unavailable", Detail="Error connecting to subchannel.", DebugException="System.Net.Sockets.SocketException: 由于目标计算机积极拒绝，无法连接。")
2026-02-02 10:59:02.278 +08:00 [grpcservice] [Information] SkyApm.Transport.Grpc.ConnectionManager : Shutdown connection[127.0.0.1:11800].
2026-02-02 10:59:02.278 +08:00 [grpcservice] [Information] SkyApm.Transport.Grpc.ConnectionManager : Connected server[127.0.0.1:11800].
2026-02-02 10:59:19.292 +08:00 [grpcservice] [Error] SkyApm.Transport.Grpc.V8.ServiceRegister : Report service instance properties fail.
Grpc.Core.RpcException: Status(StatusCode="Unavailable", Detail="Error connecting to subchannel.", DebugException="System.Net.Sockets.SocketException: 由于目标计算机积极拒绝，无法连接。")
 ---> System.Net.Sockets.SocketException (10061): 由于目标计算机积极拒绝，无法连接。
   at System.Net.Sockets.Socket.AwaitableSocketAsyncEventArgs.System.Threading.Tasks.Sources.IValueTaskSource.GetResult(Int16 token)
   at System.Net.Sockets.Socket.<ConnectAsync>g__WaitForConnectWithCancellation|285_0(AwaitableSocketAsyncEventArgs saea, ValueTask connectTask, CancellationToken cancellationToken)
   at Grpc.Net.Client.Balancer.Internal.SocketConnectivitySubchannelTransport.TryConnectAsync(ConnectContext context, Int32 attempt)
   --- End of inner exception stack trace ---
   at Grpc.Net.Client.Balancer.Internal.ConnectionManager.PickAsync(PickContext context, Boolean waitForReady, CancellationToken cancellationToken)
   at Grpc.Net.Client.Balancer.Internal.BalancerHttpHandler.SendAsync(HttpRequestMessage request, CancellationToken cancellationToken)
   at Grpc.Net.Client.Internal.GrpcCall`2.RunCall(HttpRequestMessage request, Nullable`1 timeout)
   at Grpc.Net.Client.Internal.GrpcCall`2.GetResponseHeadersCoreAsync()
   at SkyApm.Transport.Grpc.V8.ServiceRegister.<>c__DisplayClass9_0.<<ReportInstancePropertiesAsync>b__0>d.MoveNext()
--- End of stack trace from previous location ---
   at SkyApm.Transport.Grpc.Common.Call.Execute[T](Func`1 task, Func`1 errCallback, Func`1 errMessage)
2026-02-02 10:59:19.292 +08:00 [grpcservice] [Warning] SkyApm.Transport.Grpc.ConnectionManager : Connection state changed. Status(StatusCode="Unavailable", Detail="Error connecting to subchannel.", DebugException="System.Net.Sockets.SocketException: 由于目标计算机积极拒绝，无法连接。")
2026-02-02 10:59:32.269 +08:00 [grpcservice] [Information] SkyApm.Transport.Grpc.ConnectionManager : Shutdown connection[127.0.0.1:11800].
2026-02-02 10:59:32.270 +08:00 [grpcservice] [Information] SkyApm.Transport.Grpc.ConnectionManager : Connected server[127.0.0.1:11800].
2026-02-02 10:59:49.757 +08:00 [grpcservice] [Error] SkyApm.Transport.Grpc.V8.ServiceRegister : Report service instance properties fail.
Grpc.Core.RpcException: Status(StatusCode="Unavailable", Detail="Error connecting to subchannel.", DebugException="System.Net.Sockets.SocketException: 由于目标计算机积极拒绝，无法连接。")
 ---> System.Net.Sockets.SocketException (10061): 由于目标计算机积极拒绝，无法连接。
   at System.Net.Sockets.Socket.AwaitableSocketAsyncEventArgs.System.Threading.Tasks.Sources.IValueTaskSource.GetResult(Int16 token)
   at System.Net.Sockets.Socket.<ConnectAsync>g__WaitForConnectWithCancellation|285_0(AwaitableSocketAsyncEventArgs saea, ValueTask connectTask, CancellationToken cancellationToken)
   at Grpc.Net.Client.Balancer.Internal.SocketConnectivitySubchannelTransport.TryConnectAsync(ConnectContext context, Int32 attempt)
   --- End of inner exception stack trace ---
   at Grpc.Net.Client.Balancer.Internal.ConnectionManager.PickAsync(PickContext context, Boolean waitForReady, CancellationToken cancellationToken)
   at Grpc.Net.Client.Balancer.Internal.BalancerHttpHandler.SendAsync(HttpRequestMessage request, CancellationToken cancellationToken)
   at Grpc.Net.Client.Internal.GrpcCall`2.RunCall(HttpRequestMessage request, Nullable`1 timeout)
   at Grpc.Net.Client.Internal.GrpcCall`2.GetResponseHeadersCoreAsync()
   at SkyApm.Transport.Grpc.V8.ServiceRegister.<>c__DisplayClass9_0.<<ReportInstancePropertiesAsync>b__0>d.MoveNext()
--- End of stack trace from previous location ---
   at SkyApm.Transport.Grpc.Common.Call.Execute[T](Func`1 task, Func`1 errCallback, Func`1 errMessage)
2026-02-02 10:59:49.757 +08:00 [grpcservice] [Warning] SkyApm.Transport.Grpc.ConnectionManager : Connection state changed. Status(StatusCode="Unavailable", Detail="Error connecting to subchannel.", DebugException="System.Net.Sockets.SocketException: 由于目标计算机积极拒绝，无法连接。")
2026-02-02 11:00:02.267 +08:00 [grpcservice] [Information] SkyApm.Transport.Grpc.ConnectionManager : Shutdown connection[127.0.0.1:11800].
2026-02-02 11:00:02.267 +08:00 [grpcservice] [Information] SkyApm.Transport.Grpc.ConnectionManager : Connected server[127.0.0.1:11800].
2026-02-02 11:00:19.295 +08:00 [grpcservice] [Error] SkyApm.Transport.Grpc.V8.ServiceRegister : Report service instance properties fail.
Grpc.Core.RpcException: Status(StatusCode="Unavailable", Detail="Error connecting to subchannel.", DebugException="System.Net.Sockets.SocketException: 由于目标计算机积极拒绝，无法连接。")
 ---> System.Net.Sockets.SocketException (10061): 由于目标计算机积极拒绝，无法连接。
   at System.Net.Sockets.Socket.AwaitableSocketAsyncEventArgs.System.Threading.Tasks.Sources.IValueTaskSource.GetResult(Int16 token)
   at System.Net.Sockets.Socket.<ConnectAsync>g__WaitForConnectWithCancellation|285_0(AwaitableSocketAsyncEventArgs saea, ValueTask connectTask, CancellationToken cancellationToken)
   at Grpc.Net.Client.Balancer.Internal.SocketConnectivitySubchannelTransport.TryConnectAsync(ConnectContext context, Int32 attempt)
   --- End of inner exception stack trace ---
   at Grpc.Net.Client.Balancer.Internal.ConnectionManager.PickAsync(PickContext context, Boolean waitForReady, CancellationToken cancellationToken)
   at Grpc.Net.Client.Balancer.Internal.BalancerHttpHandler.SendAsync(HttpRequestMessage request, CancellationToken cancellationToken)
   at Grpc.Net.Client.Internal.GrpcCall`2.RunCall(HttpRequestMessage request, Nullable`1 timeout)
   at Grpc.Net.Client.Internal.GrpcCall`2.GetResponseHeadersCoreAsync()
   at SkyApm.Transport.Grpc.V8.ServiceRegister.<>c__DisplayClass9_0.<<ReportInstancePropertiesAsync>b__0>d.MoveNext()
--- End of stack trace from previous location ---
   at SkyApm.Transport.Grpc.Common.Call.Execute[T](Func`1 task, Func`1 errCallback, Func`1 errMessage)
2026-02-02 11:00:19.295 +08:00 [grpcservice] [Warning] SkyApm.Transport.Grpc.ConnectionManager : Connection state changed. Status(StatusCode="Unavailable", Detail="Error connecting to subchannel.", DebugException="System.Net.Sockets.SocketException: 由于目标计算机积极拒绝，无法连接。")
2026-02-02 11:00:32.270 +08:00 [grpcservice] [Information] SkyApm.Transport.Grpc.ConnectionManager : Shutdown connection[127.0.0.1:11800].
2026-02-02 11:00:32.271 +08:00 [grpcservice] [Information] SkyApm.Transport.Grpc.ConnectionManager : Connected server[127.0.0.1:11800].
2026-02-02 11:00:49.315 +08:00 [grpcservice] [Error] SkyApm.Transport.Grpc.V8.ServiceRegister : Report service instance properties fail.
Grpc.Core.RpcException: Status(StatusCode="Unavailable", Detail="Error connecting to subchannel.", DebugException="System.Net.Sockets.SocketException: 由于目标计算机积极拒绝，无法连接。")
 ---> System.Net.Sockets.SocketException (10061): 由于目标计算机积极拒绝，无法连接。
   at System.Net.Sockets.Socket.AwaitableSocketAsyncEventArgs.System.Threading.Tasks.Sources.IValueTaskSource.GetResult(Int16 token)
   at System.Net.Sockets.Socket.<ConnectAsync>g__WaitForConnectWithCancellation|285_0(AwaitableSocketAsyncEventArgs saea, ValueTask connectTask, CancellationToken cancellationToken)
   at Grpc.Net.Client.Balancer.Internal.SocketConnectivitySubchannelTransport.TryConnectAsync(ConnectContext context, Int32 attempt)
   --- End of inner exception stack trace ---
   at Grpc.Net.Client.Balancer.Internal.ConnectionManager.PickAsync(PickContext context, Boolean waitForReady, CancellationToken cancellationToken)
   at Grpc.Net.Client.Balancer.Internal.BalancerHttpHandler.SendAsync(HttpRequestMessage request, CancellationToken cancellationToken)
   at Grpc.Net.Client.Internal.GrpcCall`2.RunCall(HttpRequestMessage request, Nullable`1 timeout)
   at Grpc.Net.Client.Internal.GrpcCall`2.GetResponseHeadersCoreAsync()
   at SkyApm.Transport.Grpc.V8.ServiceRegister.<>c__DisplayClass9_0.<<ReportInstancePropertiesAsync>b__0>d.MoveNext()
--- End of stack trace from previous location ---
   at SkyApm.Transport.Grpc.Common.Call.Execute[T](Func`1 task, Func`1 errCallback, Func`1 errMessage)
2026-02-02 11:00:49.315 +08:00 [grpcservice] [Warning] SkyApm.Transport.Grpc.ConnectionManager : Connection state changed. Status(StatusCode="Unavailable", Detail="Error connecting to subchannel.", DebugException="System.Net.Sockets.SocketException: 由于目标计算机积极拒绝，无法连接。")
2026-02-02 11:01:02.270 +08:00 [grpcservice] [Information] SkyApm.Transport.Grpc.ConnectionManager : Shutdown connection[127.0.0.1:11800].
2026-02-02 11:01:02.271 +08:00 [grpcservice] [Information] SkyApm.Transport.Grpc.ConnectionManager : Connected server[127.0.0.1:11800].
2026-02-02 11:01:19.306 +08:00 [grpcservice] [Error] SkyApm.Transport.Grpc.V8.ServiceRegister : Report service instance properties fail.
Grpc.Core.RpcException: Status(StatusCode="Unavailable", Detail="Error connecting to subchannel.", DebugException="System.Net.Sockets.SocketException: 由于目标计算机积极拒绝，无法连接。")
 ---> System.Net.Sockets.SocketException (10061): 由于目标计算机积极拒绝，无法连接。
   at System.Net.Sockets.Socket.AwaitableSocketAsyncEventArgs.System.Threading.Tasks.Sources.IValueTaskSource.GetResult(Int16 token)
   at System.Net.Sockets.Socket.<ConnectAsync>g__WaitForConnectWithCancellation|285_0(AwaitableSocketAsyncEventArgs saea, ValueTask connectTask, CancellationToken cancellationToken)
   at Grpc.Net.Client.Balancer.Internal.SocketConnectivitySubchannelTransport.TryConnectAsync(ConnectContext context, Int32 attempt)
   --- End of inner exception stack trace ---
   at Grpc.Net.Client.Balancer.Internal.ConnectionManager.PickAsync(PickContext context, Boolean waitForReady, CancellationToken cancellationToken)
   at Grpc.Net.Client.Balancer.Internal.BalancerHttpHandler.SendAsync(HttpRequestMessage request, CancellationToken cancellationToken)
   at Grpc.Net.Client.Internal.GrpcCall`2.RunCall(HttpRequestMessage request, Nullable`1 timeout)
   at Grpc.Net.Client.Internal.GrpcCall`2.GetResponseHeadersCoreAsync()
   at SkyApm.Transport.Grpc.V8.ServiceRegister.<>c__DisplayClass9_0.<<ReportInstancePropertiesAsync>b__0>d.MoveNext()
--- End of stack trace from previous location ---
   at SkyApm.Transport.Grpc.Common.Call.Execute[T](Func`1 task, Func`1 errCallback, Func`1 errMessage)
2026-02-02 11:01:19.306 +08:00 [grpcservice] [Warning] SkyApm.Transport.Grpc.ConnectionManager : Connection state changed. Status(StatusCode="Unavailable", Detail="Error connecting to subchannel.", DebugException="System.Net.Sockets.SocketException: 由于目标计算机积极拒绝，无法连接。")
2026-02-02 11:01:32.274 +08:00 [grpcservice] [Information] SkyApm.Transport.Grpc.ConnectionManager : Shutdown connection[127.0.0.1:11800].
2026-02-02 11:01:32.275 +08:00 [grpcservice] [Information] SkyApm.Transport.Grpc.ConnectionManager : Connected server[127.0.0.1:11800].
2026-02-02 11:01:49.301 +08:00 [grpcservice] [Error] SkyApm.Transport.Grpc.V8.ServiceRegister : Report service instance properties fail.
Grpc.Core.RpcException: Status(StatusCode="Unavailable", Detail="Error connecting to subchannel.", DebugException="System.Net.Sockets.SocketException: 由于目标计算机积极拒绝，无法连接。")
 ---> System.Net.Sockets.SocketException (10061): 由于目标计算机积极拒绝，无法连接。
   at System.Net.Sockets.Socket.AwaitableSocketAsyncEventArgs.System.Threading.Tasks.Sources.IValueTaskSource.GetResult(Int16 token)
   at System.Net.Sockets.Socket.<ConnectAsync>g__WaitForConnectWithCancellation|285_0(AwaitableSocketAsyncEventArgs saea, ValueTask connectTask, CancellationToken cancellationToken)
   at Grpc.Net.Client.Balancer.Internal.SocketConnectivitySubchannelTransport.TryConnectAsync(ConnectContext context, Int32 attempt)
   --- End of inner exception stack trace ---
   at Grpc.Net.Client.Balancer.Internal.ConnectionManager.PickAsync(PickContext context, Boolean waitForReady, CancellationToken cancellationToken)
   at Grpc.Net.Client.Balancer.Internal.BalancerHttpHandler.SendAsync(HttpRequestMessage request, CancellationToken cancellationToken)
   at Grpc.Net.Client.Internal.GrpcCall`2.RunCall(HttpRequestMessage request, Nullable`1 timeout)
   at Grpc.Net.Client.Internal.GrpcCall`2.GetResponseHeadersCoreAsync()
   at SkyApm.Transport.Grpc.V8.ServiceRegister.<>c__DisplayClass9_0.<<ReportInstancePropertiesAsync>b__0>d.MoveNext()
--- End of stack trace from previous location ---
   at SkyApm.Transport.Grpc.Common.Call.Execute[T](Func`1 task, Func`1 errCallback, Func`1 errMessage)
2026-02-02 11:01:49.301 +08:00 [grpcservice] [Warning] SkyApm.Transport.Grpc.ConnectionManager : Connection state changed. Status(StatusCode="Unavailable", Detail="Error connecting to subchannel.", DebugException="System.Net.Sockets.SocketException: 由于目标计算机积极拒绝，无法连接。")
2026-02-02 11:02:02.266 +08:00 [grpcservice] [Information] SkyApm.Transport.Grpc.ConnectionManager : Shutdown connection[127.0.0.1:11800].
2026-02-02 11:02:02.266 +08:00 [grpcservice] [Information] SkyApm.Transport.Grpc.ConnectionManager : Connected server[127.0.0.1:11800].
2026-02-02 11:02:19.296 +08:00 [grpcservice] [Error] SkyApm.Transport.Grpc.V8.ServiceRegister : Report service instance properties fail.
Grpc.Core.RpcException: Status(StatusCode="Unavailable", Detail="Error connecting to subchannel.", DebugException="System.Net.Sockets.SocketException: 由于目标计算机积极拒绝，无法连接。")
 ---> System.Net.Sockets.SocketException (10061): 由于目标计算机积极拒绝，无法连接。
   at System.Net.Sockets.Socket.AwaitableSocketAsyncEventArgs.System.Threading.Tasks.Sources.IValueTaskSource.GetResult(Int16 token)
   at System.Net.Sockets.Socket.<ConnectAsync>g__WaitForConnectWithCancellation|285_0(AwaitableSocketAsyncEventArgs saea, ValueTask connectTask, CancellationToken cancellationToken)
   at Grpc.Net.Client.Balancer.Internal.SocketConnectivitySubchannelTransport.TryConnectAsync(ConnectContext context, Int32 attempt)
   --- End of inner exception stack trace ---
   at Grpc.Net.Client.Balancer.Internal.ConnectionManager.PickAsync(PickContext context, Boolean waitForReady, CancellationToken cancellationToken)
   at Grpc.Net.Client.Balancer.Internal.BalancerHttpHandler.SendAsync(HttpRequestMessage request, CancellationToken cancellationToken)
   at Grpc.Net.Client.Internal.GrpcCall`2.RunCall(HttpRequestMessage request, Nullable`1 timeout)
   at Grpc.Net.Client.Internal.GrpcCall`2.GetResponseHeadersCoreAsync()
   at SkyApm.Transport.Grpc.V8.ServiceRegister.<>c__DisplayClass9_0.<<ReportInstancePropertiesAsync>b__0>d.MoveNext()
--- End of stack trace from previous location ---
   at SkyApm.Transport.Grpc.Common.Call.Execute[T](Func`1 task, Func`1 errCallback, Func`1 errMessage)
2026-02-02 11:02:19.296 +08:00 [grpcservice] [Warning] SkyApm.Transport.Grpc.ConnectionManager : Connection state changed. Status(StatusCode="Unavailable", Detail="Error connecting to subchannel.", DebugException="System.Net.Sockets.SocketException: 由于目标计算机积极拒绝，无法连接。")
2026-02-02 11:02:32.275 +08:00 [grpcservice] [Information] SkyApm.Transport.Grpc.ConnectionManager : Shutdown connection[127.0.0.1:11800].
2026-02-02 11:02:32.276 +08:00 [grpcservice] [Information] SkyApm.Transport.Grpc.ConnectionManager : Connected server[127.0.0.1:11800].
2026-02-02 11:02:49.305 +08:00 [grpcservice] [Error] SkyApm.Transport.Grpc.V8.ServiceRegister : Report service instance properties fail.
Grpc.Core.RpcException: Status(StatusCode="Unavailable", Detail="Error connecting to subchannel.", DebugException="System.Net.Sockets.SocketException: 由于目标计算机积极拒绝，无法连接。")
 ---> System.Net.Sockets.SocketException (10061): 由于目标计算机积极拒绝，无法连接。
   at System.Net.Sockets.Socket.AwaitableSocketAsyncEventArgs.System.Threading.Tasks.Sources.IValueTaskSource.GetResult(Int16 token)
   at System.Net.Sockets.Socket.<ConnectAsync>g__WaitForConnectWithCancellation|285_0(AwaitableSocketAsyncEventArgs saea, ValueTask connectTask, CancellationToken cancellationToken)
   at Grpc.Net.Client.Balancer.Internal.SocketConnectivitySubchannelTransport.TryConnectAsync(ConnectContext context, Int32 attempt)
   --- End of inner exception stack trace ---
   at Grpc.Net.Client.Balancer.Internal.ConnectionManager.PickAsync(PickContext context, Boolean waitForReady, CancellationToken cancellationToken)
   at Grpc.Net.Client.Balancer.Internal.BalancerHttpHandler.SendAsync(HttpRequestMessage request, CancellationToken cancellationToken)
   at Grpc.Net.Client.Internal.GrpcCall`2.RunCall(HttpRequestMessage request, Nullable`1 timeout)
   at Grpc.Net.Client.Internal.GrpcCall`2.GetResponseHeadersCoreAsync()
   at SkyApm.Transport.Grpc.V8.ServiceRegister.<>c__DisplayClass9_0.<<ReportInstancePropertiesAsync>b__0>d.MoveNext()
--- End of stack trace from previous location ---
   at SkyApm.Transport.Grpc.Common.Call.Execute[T](Func`1 task, Func`1 errCallback, Func`1 errMessage)
2026-02-02 11:02:49.305 +08:00 [grpcservice] [Warning] SkyApm.Transport.Grpc.ConnectionManager : Connection state changed. Status(StatusCode="Unavailable", Detail="Error connecting to subchannel.", DebugException="System.Net.Sockets.SocketException: 由于目标计算机积极拒绝，无法连接。")
2026-02-02 11:03:02.274 +08:00 [grpcservice] [Information] SkyApm.Transport.Grpc.ConnectionManager : Shutdown connection[127.0.0.1:11800].
2026-02-02 11:03:02.275 +08:00 [grpcservice] [Information] SkyApm.Transport.Grpc.ConnectionManager : Connected server[127.0.0.1:11800].
2026-02-02 11:03:19.285 +08:00 [grpcservice] [Error] SkyApm.Transport.Grpc.V8.ServiceRegister : Report service instance properties fail.
Grpc.Core.RpcException: Status(StatusCode="Unavailable", Detail="Error connecting to subchannel.", DebugException="System.Net.Sockets.SocketException: 由于目标计算机积极拒绝，无法连接。")
 ---> System.Net.Sockets.SocketException (10061): 由于目标计算机积极拒绝，无法连接。
   at System.Net.Sockets.Socket.AwaitableSocketAsyncEventArgs.System.Threading.Tasks.Sources.IValueTaskSource.GetResult(Int16 token)
   at System.Net.Sockets.Socket.<ConnectAsync>g__WaitForConnectWithCancellation|285_0(AwaitableSocketAsyncEventArgs saea, ValueTask connectTask, CancellationToken cancellationToken)
   at Grpc.Net.Client.Balancer.Internal.SocketConnectivitySubchannelTransport.TryConnectAsync(ConnectContext context, Int32 attempt)
   --- End of inner exception stack trace ---
   at Grpc.Net.Client.Balancer.Internal.ConnectionManager.PickAsync(PickContext context, Boolean waitForReady, CancellationToken cancellationToken)
   at Grpc.Net.Client.Balancer.Internal.BalancerHttpHandler.SendAsync(HttpRequestMessage request, CancellationToken cancellationToken)
   at Grpc.Net.Client.Internal.GrpcCall`2.RunCall(HttpRequestMessage request, Nullable`1 timeout)
   at Grpc.Net.Client.Internal.GrpcCall`2.GetResponseHeadersCoreAsync()
   at SkyApm.Transport.Grpc.V8.ServiceRegister.<>c__DisplayClass9_0.<<ReportInstancePropertiesAsync>b__0>d.MoveNext()
--- End of stack trace from previous location ---
   at SkyApm.Transport.Grpc.Common.Call.Execute[T](Func`1 task, Func`1 errCallback, Func`1 errMessage)
2026-02-02 11:03:19.285 +08:00 [grpcservice] [Warning] SkyApm.Transport.Grpc.ConnectionManager : Connection state changed. Status(StatusCode="Unavailable", Detail="Error connecting to subchannel.", DebugException="System.Net.Sockets.SocketException: 由于目标计算机积极拒绝，无法连接。")
2026-02-02 11:03:32.273 +08:00 [grpcservice] [Information] SkyApm.Transport.Grpc.ConnectionManager : Shutdown connection[127.0.0.1:11800].
2026-02-02 11:03:32.273 +08:00 [grpcservice] [Information] SkyApm.Transport.Grpc.ConnectionManager : Connected server[127.0.0.1:11800].
2026-02-02 11:03:49.331 +08:00 [grpcservice] [Error] SkyApm.Transport.Grpc.V8.ServiceRegister : Report service instance properties fail.
Grpc.Core.RpcException: Status(StatusCode="Unavailable", Detail="Error connecting to subchannel.", DebugException="System.Net.Sockets.SocketException: 由于目标计算机积极拒绝，无法连接。")
 ---> System.Net.Sockets.SocketException (10061): 由于目标计算机积极拒绝，无法连接。
   at System.Net.Sockets.Socket.AwaitableSocketAsyncEventArgs.System.Threading.Tasks.Sources.IValueTaskSource.GetResult(Int16 token)
   at System.Net.Sockets.Socket.<ConnectAsync>g__WaitForConnectWithCancellation|285_0(AwaitableSocketAsyncEventArgs saea, ValueTask connectTask, CancellationToken cancellationToken)
   at Grpc.Net.Client.Balancer.Internal.SocketConnectivitySubchannelTransport.TryConnectAsync(ConnectContext context, Int32 attempt)
   --- End of inner exception stack trace ---
   at Grpc.Net.Client.Balancer.Internal.ConnectionManager.PickAsync(PickContext context, Boolean waitForReady, CancellationToken cancellationToken)
   at Grpc.Net.Client.Balancer.Internal.BalancerHttpHandler.SendAsync(HttpRequestMessage request, CancellationToken cancellationToken)
   at Grpc.Net.Client.Internal.GrpcCall`2.RunCall(HttpRequestMessage request, Nullable`1 timeout)
   at Grpc.Net.Client.Internal.GrpcCall`2.GetResponseHeadersCoreAsync()
   at SkyApm.Transport.Grpc.V8.ServiceRegister.<>c__DisplayClass9_0.<<ReportInstancePropertiesAsync>b__0>d.MoveNext()
--- End of stack trace from previous location ---
   at SkyApm.Transport.Grpc.Common.Call.Execute[T](Func`1 task, Func`1 errCallback, Func`1 errMessage)
2026-02-02 11:03:49.331 +08:00 [grpcservice] [Warning] SkyApm.Transport.Grpc.ConnectionManager : Connection state changed. Status(StatusCode="Unavailable", Detail="Error connecting to subchannel.", DebugException="System.Net.Sockets.SocketException: 由于目标计算机积极拒绝，无法连接。")
2026-02-02 11:04:02.279 +08:00 [grpcservice] [Information] SkyApm.Transport.Grpc.ConnectionManager : Shutdown connection[127.0.0.1:11800].
2026-02-02 11:04:02.279 +08:00 [grpcservice] [Information] SkyApm.Transport.Grpc.ConnectionManager : Connected server[127.0.0.1:11800].
2026-02-02 11:04:19.289 +08:00 [grpcservice] [Error] SkyApm.Transport.Grpc.V8.ServiceRegister : Report service instance properties fail.
Grpc.Core.RpcException: Status(StatusCode="Unavailable", Detail="Error connecting to subchannel.", DebugException="System.Net.Sockets.SocketException: 由于目标计算机积极拒绝，无法连接。")
 ---> System.Net.Sockets.SocketException (10061): 由于目标计算机积极拒绝，无法连接。
   at System.Net.Sockets.Socket.AwaitableSocketAsyncEventArgs.System.Threading.Tasks.Sources.IValueTaskSource.GetResult(Int16 token)
   at System.Net.Sockets.Socket.<ConnectAsync>g__WaitForConnectWithCancellation|285_0(AwaitableSocketAsyncEventArgs saea, ValueTask connectTask, CancellationToken cancellationToken)
   at Grpc.Net.Client.Balancer.Internal.SocketConnectivitySubchannelTransport.TryConnectAsync(ConnectContext context, Int32 attempt)
   --- End of inner exception stack trace ---
   at Grpc.Net.Client.Balancer.Internal.ConnectionManager.PickAsync(PickContext context, Boolean waitForReady, CancellationToken cancellationToken)
   at Grpc.Net.Client.Balancer.Internal.BalancerHttpHandler.SendAsync(HttpRequestMessage request, CancellationToken cancellationToken)
   at Grpc.Net.Client.Internal.GrpcCall`2.RunCall(HttpRequestMessage request, Nullable`1 timeout)
   at Grpc.Net.Client.Internal.GrpcCall`2.GetResponseHeadersCoreAsync()
   at SkyApm.Transport.Grpc.V8.ServiceRegister.<>c__DisplayClass9_0.<<ReportInstancePropertiesAsync>b__0>d.MoveNext()
--- End of stack trace from previous location ---
   at SkyApm.Transport.Grpc.Common.Call.Execute[T](Func`1 task, Func`1 errCallback, Func`1 errMessage)
2026-02-02 11:04:19.289 +08:00 [grpcservice] [Warning] SkyApm.Transport.Grpc.ConnectionManager : Connection state changed. Status(StatusCode="Unavailable", Detail="Error connecting to subchannel.", DebugException="System.Net.Sockets.SocketException: 由于目标计算机积极拒绝，无法连接。")
2026-02-02 11:04:32.273 +08:00 [grpcservice] [Information] SkyApm.Transport.Grpc.ConnectionManager : Shutdown connection[127.0.0.1:11800].
2026-02-02 11:04:32.273 +08:00 [grpcservice] [Information] SkyApm.Transport.Grpc.ConnectionManager : Connected server[127.0.0.1:11800].
2026-02-02 11:04:49.311 +08:00 [grpcservice] [Error] SkyApm.Transport.Grpc.V8.ServiceRegister : Report service instance properties fail.
Grpc.Core.RpcException: Status(StatusCode="Unavailable", Detail="Error connecting to subchannel.", DebugException="System.Net.Sockets.SocketException: 由于目标计算机积极拒绝，无法连接。")
 ---> System.Net.Sockets.SocketException (10061): 由于目标计算机积极拒绝，无法连接。
   at System.Net.Sockets.Socket.AwaitableSocketAsyncEventArgs.System.Threading.Tasks.Sources.IValueTaskSource.GetResult(Int16 token)
   at System.Net.Sockets.Socket.<ConnectAsync>g__WaitForConnectWithCancellation|285_0(AwaitableSocketAsyncEventArgs saea, ValueTask connectTask, CancellationToken cancellationToken)
   at Grpc.Net.Client.Balancer.Internal.SocketConnectivitySubchannelTransport.TryConnectAsync(ConnectContext context, Int32 attempt)
   --- End of inner exception stack trace ---
   at Grpc.Net.Client.Balancer.Internal.ConnectionManager.PickAsync(PickContext context, Boolean waitForReady, CancellationToken cancellationToken)
   at Grpc.Net.Client.Balancer.Internal.BalancerHttpHandler.SendAsync(HttpRequestMessage request, CancellationToken cancellationToken)
   at Grpc.Net.Client.Internal.GrpcCall`2.RunCall(HttpRequestMessage request, Nullable`1 timeout)
   at Grpc.Net.Client.Internal.GrpcCall`2.GetResponseHeadersCoreAsync()
   at SkyApm.Transport.Grpc.V8.ServiceRegister.<>c__DisplayClass9_0.<<ReportInstancePropertiesAsync>b__0>d.MoveNext()
--- End of stack trace from previous location ---
   at SkyApm.Transport.Grpc.Common.Call.Execute[T](Func`1 task, Func`1 errCallback, Func`1 errMessage)
2026-02-02 11:04:49.311 +08:00 [grpcservice] [Warning] SkyApm.Transport.Grpc.ConnectionManager : Connection state changed. Status(StatusCode="Unavailable", Detail="Error connecting to subchannel.", DebugException="System.Net.Sockets.SocketException: 由于目标计算机积极拒绝，无法连接。")
2026-02-02 11:05:02.272 +08:00 [grpcservice] [Information] SkyApm.Transport.Grpc.ConnectionManager : Shutdown connection[127.0.0.1:11800].
2026-02-02 11:05:02.273 +08:00 [grpcservice] [Information] SkyApm.Transport.Grpc.ConnectionManager : Connected server[127.0.0.1:11800].
2026-02-02 11:05:19.287 +08:00 [grpcservice] [Error] SkyApm.Transport.Grpc.V8.ServiceRegister : Report service instance properties fail.
Grpc.Core.RpcException: Status(StatusCode="Unavailable", Detail="Error connecting to subchannel.", DebugException="System.Net.Sockets.SocketException: 由于目标计算机积极拒绝，无法连接。")
 ---> System.Net.Sockets.SocketException (10061): 由于目标计算机积极拒绝，无法连接。
   at System.Net.Sockets.Socket.AwaitableSocketAsyncEventArgs.System.Threading.Tasks.Sources.IValueTaskSource.GetResult(Int16 token)
   at System.Net.Sockets.Socket.<ConnectAsync>g__WaitForConnectWithCancellation|285_0(AwaitableSocketAsyncEventArgs saea, ValueTask connectTask, CancellationToken cancellationToken)
   at Grpc.Net.Client.Balancer.Internal.SocketConnectivitySubchannelTransport.TryConnectAsync(ConnectContext context, Int32 attempt)
   --- End of inner exception stack trace ---
   at Grpc.Net.Client.Balancer.Internal.ConnectionManager.PickAsync(PickContext context, Boolean waitForReady, CancellationToken cancellationToken)
   at Grpc.Net.Client.Balancer.Internal.BalancerHttpHandler.SendAsync(HttpRequestMessage request, CancellationToken cancellationToken)
   at Grpc.Net.Client.Internal.GrpcCall`2.RunCall(HttpRequestMessage request, Nullable`1 timeout)
   at Grpc.Net.Client.Internal.GrpcCall`2.GetResponseHeadersCoreAsync()
   at SkyApm.Transport.Grpc.V8.ServiceRegister.<>c__DisplayClass9_0.<<ReportInstancePropertiesAsync>b__0>d.MoveNext()
--- End of stack trace from previous location ---
   at SkyApm.Transport.Grpc.Common.Call.Execute[T](Func`1 task, Func`1 errCallback, Func`1 errMessage)
2026-02-02 11:05:19.287 +08:00 [grpcservice] [Warning] SkyApm.Transport.Grpc.ConnectionManager : Connection state changed. Status(StatusCode="Unavailable", Detail="Error connecting to subchannel.", DebugException="System.Net.Sockets.SocketException: 由于目标计算机积极拒绝，无法连接。")
2026-02-02 11:05:35.078 +08:00 [grpcservice] [Information] SkyApm.Transport.Grpc.ConnectionManager : Shutdown connection[127.0.0.1:11800].
2026-02-02 11:05:35.078 +08:00 [grpcservice] [Information] SkyApm.Transport.Grpc.ConnectionManager : Connected server[127.0.0.1:11800].
2026-02-02 11:06:17.717 +08:00 [grpcservice] [Error] SkyApm.Transport.Grpc.V8.ServiceRegister : Report service instance properties fail.
Grpc.Core.RpcException: Status(StatusCode="DeadlineExceeded", Detail="")
   at Grpc.Net.Client.Internal.GrpcCall`2.GetResponseHeadersCoreAsync()
   at SkyApm.Transport.Grpc.V8.ServiceRegister.<>c__DisplayClass9_0.<<ReportInstancePropertiesAsync>b__0>d.MoveNext()
--- End of stack trace from previous location ---
   at SkyApm.Transport.Grpc.Common.Call.Execute[T](Func`1 task, Func`1 errCallback, Func`1 errMessage)
2026-02-02 11:06:17.717 +08:00 [grpcservice] [Warning] SkyApm.Transport.Grpc.ConnectionManager : Connection state changed. Status(StatusCode="DeadlineExceeded", Detail="")
2026-02-02 11:06:20.427 +08:00 [grpcservice] [Error] SkyApm.Transport.Grpc.V8.ServiceRegister : Report service instance properties fail.
Grpc.Core.RpcException: Status(StatusCode="Unavailable", Detail="Error connecting to subchannel.", DebugException="System.Net.Sockets.SocketException: 由于目标计算机积极拒绝，无法连接。")
 ---> System.Net.Sockets.SocketException (10061): 由于目标计算机积极拒绝，无法连接。
   at System.Net.Sockets.Socket.AwaitableSocketAsyncEventArgs.System.Threading.Tasks.Sources.IValueTaskSource.GetResult(Int16 token)
   at System.Net.Sockets.Socket.<ConnectAsync>g__WaitForConnectWithCancellation|285_0(AwaitableSocketAsyncEventArgs saea, ValueTask connectTask, CancellationToken cancellationToken)
   at Grpc.Net.Client.Balancer.Internal.SocketConnectivitySubchannelTransport.TryConnectAsync(ConnectContext context, Int32 attempt)
   --- End of inner exception stack trace ---
   at Grpc.Net.Client.Balancer.Internal.ConnectionManager.PickAsync(PickContext context, Boolean waitForReady, CancellationToken cancellationToken)
   at Grpc.Net.Client.Balancer.Internal.BalancerHttpHandler.SendAsync(HttpRequestMessage request, CancellationToken cancellationToken)
   at Grpc.Net.Client.Internal.GrpcCall`2.RunCall(HttpRequestMessage request, Nullable`1 timeout)
   at Grpc.Net.Client.Internal.GrpcCall`2.GetResponseHeadersCoreAsync()
   at SkyApm.Transport.Grpc.V8.ServiceRegister.<>c__DisplayClass9_0.<<ReportInstancePropertiesAsync>b__0>d.MoveNext()
--- End of stack trace from previous location ---
   at SkyApm.Transport.Grpc.Common.Call.Execute[T](Func`1 task, Func`1 errCallback, Func`1 errMessage)
2026-02-02 11:06:32.279 +08:00 [grpcservice] [Information] SkyApm.Transport.Grpc.ConnectionManager : Shutdown connection[127.0.0.1:11800].
2026-02-02 11:06:32.279 +08:00 [grpcservice] [Information] SkyApm.Transport.Grpc.ConnectionManager : Connected server[127.0.0.1:11800].
2026-02-02 11:07:02.349 +08:00 [grpcservice] [Error] SkyApm.Transport.Grpc.V8.ServiceRegister : Report service instance properties fail.
Grpc.Core.RpcException: Status(StatusCode="Unavailable", Detail="Error connecting to subchannel.", DebugException="System.Net.Sockets.SocketException: 由于目标计算机积极拒绝，无法连接。")
 ---> System.Net.Sockets.SocketException (10061): 由于目标计算机积极拒绝，无法连接。
   at System.Net.Sockets.Socket.AwaitableSocketAsyncEventArgs.System.Threading.Tasks.Sources.IValueTaskSource.GetResult(Int16 token)
   at System.Net.Sockets.Socket.<ConnectAsync>g__WaitForConnectWithCancellation|285_0(AwaitableSocketAsyncEventArgs saea, ValueTask connectTask, CancellationToken cancellationToken)
   at Grpc.Net.Client.Balancer.Internal.SocketConnectivitySubchannelTransport.TryConnectAsync(ConnectContext context, Int32 attempt)
   --- End of inner exception stack trace ---
   at Grpc.Net.Client.Balancer.Internal.ConnectionManager.PickAsync(PickContext context, Boolean waitForReady, CancellationToken cancellationToken)
   at Grpc.Net.Client.Balancer.Internal.BalancerHttpHandler.SendAsync(HttpRequestMessage request, CancellationToken cancellationToken)
   at Grpc.Net.Client.Internal.GrpcCall`2.RunCall(HttpRequestMessage request, Nullable`1 timeout)
   at Grpc.Net.Client.Internal.GrpcCall`2.GetResponseHeadersCoreAsync()
   at SkyApm.Transport.Grpc.V8.ServiceRegister.<>c__DisplayClass9_0.<<ReportInstancePropertiesAsync>b__0>d.MoveNext()
--- End of stack trace from previous location ---
   at SkyApm.Transport.Grpc.Common.Call.Execute[T](Func`1 task, Func`1 errCallback, Func`1 errMessage)
2026-02-02 11:07:02.349 +08:00 [grpcservice] [Warning] SkyApm.Transport.Grpc.ConnectionManager : Connection state changed. Status(StatusCode="Unavailable", Detail="Error connecting to subchannel.", DebugException="System.Net.Sockets.SocketException: 由于目标计算机积极拒绝，无法连接。")
2026-02-02 11:07:17.270 +08:00 [grpcservice] [Information] SkyApm.Transport.Grpc.ConnectionManager : Shutdown connection[127.0.0.1:11800].
2026-02-02 11:07:17.271 +08:00 [grpcservice] [Information] SkyApm.Transport.Grpc.ConnectionManager : Connected server[127.0.0.1:11800].
2026-02-02 11:07:19.290 +08:00 [grpcservice] [Error] SkyApm.Transport.Grpc.V8.ServiceRegister : Report service instance properties fail.
Grpc.Core.RpcException: Status(StatusCode="Unavailable", Detail="Error connecting to subchannel.", DebugException="System.Net.Sockets.SocketException: 由于目标计算机积极拒绝，无法连接。")
 ---> System.Net.Sockets.SocketException (10061): 由于目标计算机积极拒绝，无法连接。
   at System.Net.Sockets.Socket.AwaitableSocketAsyncEventArgs.System.Threading.Tasks.Sources.IValueTaskSource.GetResult(Int16 token)
   at System.Net.Sockets.Socket.<ConnectAsync>g__WaitForConnectWithCancellation|285_0(AwaitableSocketAsyncEventArgs saea, ValueTask connectTask, CancellationToken cancellationToken)
   at Grpc.Net.Client.Balancer.Internal.SocketConnectivitySubchannelTransport.TryConnectAsync(ConnectContext context, Int32 attempt)
   --- End of inner exception stack trace ---
   at Grpc.Net.Client.Balancer.Internal.ConnectionManager.PickAsync(PickContext context, Boolean waitForReady, CancellationToken cancellationToken)
   at Grpc.Net.Client.Balancer.Internal.BalancerHttpHandler.SendAsync(HttpRequestMessage request, CancellationToken cancellationToken)
   at Grpc.Net.Client.Internal.GrpcCall`2.RunCall(HttpRequestMessage request, Nullable`1 timeout)
   at Grpc.Net.Client.Internal.GrpcCall`2.GetResponseHeadersCoreAsync()
   at SkyApm.Transport.Grpc.V8.ServiceRegister.<>c__DisplayClass9_0.<<ReportInstancePropertiesAsync>b__0>d.MoveNext()
--- End of stack trace from previous location ---
   at SkyApm.Transport.Grpc.Common.Call.Execute[T](Func`1 task, Func`1 errCallback, Func`1 errMessage)
2026-02-02 11:07:19.290 +08:00 [grpcservice] [Warning] SkyApm.Transport.Grpc.ConnectionManager : Connection state changed. Status(StatusCode="Unavailable", Detail="Error connecting to subchannel.", DebugException="System.Net.Sockets.SocketException: 由于目标计算机积极拒绝，无法连接。")
2026-02-02 11:07:32.266 +08:00 [grpcservice] [Information] SkyApm.Transport.Grpc.ConnectionManager : Shutdown connection[127.0.0.1:11800].
2026-02-02 11:07:32.267 +08:00 [grpcservice] [Information] SkyApm.Transport.Grpc.ConnectionManager : Connected server[127.0.0.1:11800].
2026-02-02 11:07:49.300 +08:00 [grpcservice] [Error] SkyApm.Transport.Grpc.V8.ServiceRegister : Report service instance properties fail.
Grpc.Core.RpcException: Status(StatusCode="Unavailable", Detail="Error connecting to subchannel.", DebugException="System.Net.Sockets.SocketException: 由于目标计算机积极拒绝，无法连接。")
 ---> System.Net.Sockets.SocketException (10061): 由于目标计算机积极拒绝，无法连接。
   at System.Net.Sockets.Socket.AwaitableSocketAsyncEventArgs.System.Threading.Tasks.Sources.IValueTaskSource.GetResult(Int16 token)
   at System.Net.Sockets.Socket.<ConnectAsync>g__WaitForConnectWithCancellation|285_0(AwaitableSocketAsyncEventArgs saea, ValueTask connectTask, CancellationToken cancellationToken)
   at Grpc.Net.Client.Balancer.Internal.SocketConnectivitySubchannelTransport.TryConnectAsync(ConnectContext context, Int32 attempt)
   --- End of inner exception stack trace ---
   at Grpc.Net.Client.Balancer.Internal.ConnectionManager.PickAsync(PickContext context, Boolean waitForReady, CancellationToken cancellationToken)
   at Grpc.Net.Client.Balancer.Internal.BalancerHttpHandler.SendAsync(HttpRequestMessage request, CancellationToken cancellationToken)
   at Grpc.Net.Client.Internal.GrpcCall`2.RunCall(HttpRequestMessage request, Nullable`1 timeout)
   at Grpc.Net.Client.Internal.GrpcCall`2.GetResponseHeadersCoreAsync()
   at SkyApm.Transport.Grpc.V8.ServiceRegister.<>c__DisplayClass9_0.<<ReportInstancePropertiesAsync>b__0>d.MoveNext()
--- End of stack trace from previous location ---
   at SkyApm.Transport.Grpc.Common.Call.Execute[T](Func`1 task, Func`1 errCallback, Func`1 errMessage)
2026-02-02 11:07:49.300 +08:00 [grpcservice] [Warning] SkyApm.Transport.Grpc.ConnectionManager : Connection state changed. Status(StatusCode="Unavailable", Detail="Error connecting to subchannel.", DebugException="System.Net.Sockets.SocketException: 由于目标计算机积极拒绝，无法连接。")
2026-02-02 11:08:06.795 +08:00 [grpcservice] [Information] SkyApm.Transport.Grpc.ConnectionManager : Shutdown connection[127.0.0.1:11800].
2026-02-02 11:08:06.795 +08:00 [grpcservice] [Information] SkyApm.Transport.Grpc.ConnectionManager : Connected server[127.0.0.1:11800].
2026-02-02 11:08:19.297 +08:00 [grpcservice] [Error] SkyApm.Transport.Grpc.V8.ServiceRegister : Report service instance properties fail.
Grpc.Core.RpcException: Status(StatusCode="Unavailable", Detail="Error connecting to subchannel.", DebugException="System.Net.Sockets.SocketException: 由于目标计算机积极拒绝，无法连接。")
 ---> System.Net.Sockets.SocketException (10061): 由于目标计算机积极拒绝，无法连接。
   at System.Net.Sockets.Socket.AwaitableSocketAsyncEventArgs.System.Threading.Tasks.Sources.IValueTaskSource.GetResult(Int16 token)
   at System.Net.Sockets.Socket.<ConnectAsync>g__WaitForConnectWithCancellation|285_0(AwaitableSocketAsyncEventArgs saea, ValueTask connectTask, CancellationToken cancellationToken)
   at Grpc.Net.Client.Balancer.Internal.SocketConnectivitySubchannelTransport.TryConnectAsync(ConnectContext context, Int32 attempt)
   --- End of inner exception stack trace ---
   at Grpc.Net.Client.Balancer.Internal.ConnectionManager.PickAsync(PickContext context, Boolean waitForReady, CancellationToken cancellationToken)
   at Grpc.Net.Client.Balancer.Internal.BalancerHttpHandler.SendAsync(HttpRequestMessage request, CancellationToken cancellationToken)
   at Grpc.Net.Client.Internal.GrpcCall`2.RunCall(HttpRequestMessage request, Nullable`1 timeout)
   at Grpc.Net.Client.Internal.GrpcCall`2.GetResponseHeadersCoreAsync()
   at SkyApm.Transport.Grpc.V8.ServiceRegister.<>c__DisplayClass9_0.<<ReportInstancePropertiesAsync>b__0>d.MoveNext()
--- End of stack trace from previous location ---
   at SkyApm.Transport.Grpc.Common.Call.Execute[T](Func`1 task, Func`1 errCallback, Func`1 errMessage)
2026-02-02 11:08:19.297 +08:00 [grpcservice] [Warning] SkyApm.Transport.Grpc.ConnectionManager : Connection state changed. Status(StatusCode="Unavailable", Detail="Error connecting to subchannel.", DebugException="System.Net.Sockets.SocketException: 由于目标计算机积极拒绝，无法连接。")
2026-02-02 11:08:32.275 +08:00 [grpcservice] [Information] SkyApm.Transport.Grpc.ConnectionManager : Shutdown connection[127.0.0.1:11800].
2026-02-02 11:08:32.275 +08:00 [grpcservice] [Information] SkyApm.Transport.Grpc.ConnectionManager : Connected server[127.0.0.1:11800].
2026-02-02 11:08:49.303 +08:00 [grpcservice] [Error] SkyApm.Transport.Grpc.V8.ServiceRegister : Report service instance properties fail.
Grpc.Core.RpcException: Status(StatusCode="Unavailable", Detail="Error connecting to subchannel.", DebugException="System.Net.Sockets.SocketException: 由于目标计算机积极拒绝，无法连接。")
 ---> System.Net.Sockets.SocketException (10061): 由于目标计算机积极拒绝，无法连接。
   at System.Net.Sockets.Socket.AwaitableSocketAsyncEventArgs.System.Threading.Tasks.Sources.IValueTaskSource.GetResult(Int16 token)
   at System.Net.Sockets.Socket.<ConnectAsync>g__WaitForConnectWithCancellation|285_0(AwaitableSocketAsyncEventArgs saea, ValueTask connectTask, CancellationToken cancellationToken)
   at Grpc.Net.Client.Balancer.Internal.SocketConnectivitySubchannelTransport.TryConnectAsync(ConnectContext context, Int32 attempt)
   --- End of inner exception stack trace ---
   at Grpc.Net.Client.Balancer.Internal.ConnectionManager.PickAsync(PickContext context, Boolean waitForReady, CancellationToken cancellationToken)
   at Grpc.Net.Client.Balancer.Internal.BalancerHttpHandler.SendAsync(HttpRequestMessage request, CancellationToken cancellationToken)
   at Grpc.Net.Client.Internal.GrpcCall`2.RunCall(HttpRequestMessage request, Nullable`1 timeout)
   at Grpc.Net.Client.Internal.GrpcCall`2.GetResponseHeadersCoreAsync()
   at SkyApm.Transport.Grpc.V8.ServiceRegister.<>c__DisplayClass9_0.<<ReportInstancePropertiesAsync>b__0>d.MoveNext()
--- End of stack trace from previous location ---
   at SkyApm.Transport.Grpc.Common.Call.Execute[T](Func`1 task, Func`1 errCallback, Func`1 errMessage)
2026-02-02 11:08:49.303 +08:00 [grpcservice] [Warning] SkyApm.Transport.Grpc.ConnectionManager : Connection state changed. Status(StatusCode="Unavailable", Detail="Error connecting to subchannel.", DebugException="System.Net.Sockets.SocketException: 由于目标计算机积极拒绝，无法连接。")
2026-02-02 11:09:02.267 +08:00 [grpcservice] [Information] SkyApm.Transport.Grpc.ConnectionManager : Shutdown connection[127.0.0.1:11800].
2026-02-02 11:09:02.267 +08:00 [grpcservice] [Information] SkyApm.Transport.Grpc.ConnectionManager : Connected server[127.0.0.1:11800].
2026-02-02 11:09:19.285 +08:00 [grpcservice] [Error] SkyApm.Transport.Grpc.V8.ServiceRegister : Report service instance properties fail.
Grpc.Core.RpcException: Status(StatusCode="Unavailable", Detail="Error connecting to subchannel.", DebugException="System.Net.Sockets.SocketException: 由于目标计算机积极拒绝，无法连接。")
 ---> System.Net.Sockets.SocketException (10061): 由于目标计算机积极拒绝，无法连接。
   at System.Net.Sockets.Socket.AwaitableSocketAsyncEventArgs.System.Threading.Tasks.Sources.IValueTaskSource.GetResult(Int16 token)
   at System.Net.Sockets.Socket.<ConnectAsync>g__WaitForConnectWithCancellation|285_0(AwaitableSocketAsyncEventArgs saea, ValueTask connectTask, CancellationToken cancellationToken)
   at Grpc.Net.Client.Balancer.Internal.SocketConnectivitySubchannelTransport.TryConnectAsync(ConnectContext context, Int32 attempt)
   --- End of inner exception stack trace ---
   at Grpc.Net.Client.Balancer.Internal.ConnectionManager.PickAsync(PickContext context, Boolean waitForReady, CancellationToken cancellationToken)
   at Grpc.Net.Client.Balancer.Internal.BalancerHttpHandler.SendAsync(HttpRequestMessage request, CancellationToken cancellationToken)
   at Grpc.Net.Client.Internal.GrpcCall`2.RunCall(HttpRequestMessage request, Nullable`1 timeout)
   at Grpc.Net.Client.Internal.GrpcCall`2.GetResponseHeadersCoreAsync()
   at SkyApm.Transport.Grpc.V8.ServiceRegister.<>c__DisplayClass9_0.<<ReportInstancePropertiesAsync>b__0>d.MoveNext()
--- End of stack trace from previous location ---
   at SkyApm.Transport.Grpc.Common.Call.Execute[T](Func`1 task, Func`1 errCallback, Func`1 errMessage)
2026-02-02 11:09:19.285 +08:00 [grpcservice] [Warning] SkyApm.Transport.Grpc.ConnectionManager : Connection state changed. Status(StatusCode="Unavailable", Detail="Error connecting to subchannel.", DebugException="System.Net.Sockets.SocketException: 由于目标计算机积极拒绝，无法连接。")
2026-02-02 11:09:32.270 +08:00 [grpcservice] [Information] SkyApm.Transport.Grpc.ConnectionManager : Shutdown connection[127.0.0.1:11800].
2026-02-02 11:09:32.270 +08:00 [grpcservice] [Information] SkyApm.Transport.Grpc.ConnectionManager : Connected server[127.0.0.1:11800].
2026-02-02 11:09:49.296 +08:00 [grpcservice] [Error] SkyApm.Transport.Grpc.V8.ServiceRegister : Report service instance properties fail.
Grpc.Core.RpcException: Status(StatusCode="Unavailable", Detail="Error connecting to subchannel.", DebugException="System.Net.Sockets.SocketException: 由于目标计算机积极拒绝，无法连接。")
 ---> System.Net.Sockets.SocketException (10061): 由于目标计算机积极拒绝，无法连接。
   at System.Net.Sockets.Socket.AwaitableSocketAsyncEventArgs.System.Threading.Tasks.Sources.IValueTaskSource.GetResult(Int16 token)
   at System.Net.Sockets.Socket.<ConnectAsync>g__WaitForConnectWithCancellation|285_0(AwaitableSocketAsyncEventArgs saea, ValueTask connectTask, CancellationToken cancellationToken)
   at Grpc.Net.Client.Balancer.Internal.SocketConnectivitySubchannelTransport.TryConnectAsync(ConnectContext context, Int32 attempt)
   --- End of inner exception stack trace ---
   at Grpc.Net.Client.Balancer.Internal.ConnectionManager.PickAsync(PickContext context, Boolean waitForReady, CancellationToken cancellationToken)
   at Grpc.Net.Client.Balancer.Internal.BalancerHttpHandler.SendAsync(HttpRequestMessage request, CancellationToken cancellationToken)
   at Grpc.Net.Client.Internal.GrpcCall`2.RunCall(HttpRequestMessage request, Nullable`1 timeout)
   at Grpc.Net.Client.Internal.GrpcCall`2.GetResponseHeadersCoreAsync()
   at SkyApm.Transport.Grpc.V8.ServiceRegister.<>c__DisplayClass9_0.<<ReportInstancePropertiesAsync>b__0>d.MoveNext()
--- End of stack trace from previous location ---
   at SkyApm.Transport.Grpc.Common.Call.Execute[T](Func`1 task, Func`1 errCallback, Func`1 errMessage)
2026-02-02 11:09:49.296 +08:00 [grpcservice] [Warning] SkyApm.Transport.Grpc.ConnectionManager : Connection state changed. Status(StatusCode="Unavailable", Detail="Error connecting to subchannel.", DebugException="System.Net.Sockets.SocketException: 由于目标计算机积极拒绝，无法连接。")
2026-02-02 11:10:02.276 +08:00 [grpcservice] [Information] SkyApm.Transport.Grpc.ConnectionManager : Shutdown connection[127.0.0.1:11800].
2026-02-02 11:10:02.276 +08:00 [grpcservice] [Information] SkyApm.Transport.Grpc.ConnectionManager : Connected server[127.0.0.1:11800].
2026-02-02 11:10:19.293 +08:00 [grpcservice] [Error] SkyApm.Transport.Grpc.V8.ServiceRegister : Report service instance properties fail.
Grpc.Core.RpcException: Status(StatusCode="Unavailable", Detail="Error connecting to subchannel.", DebugException="System.Net.Sockets.SocketException: 由于目标计算机积极拒绝，无法连接。")
 ---> System.Net.Sockets.SocketException (10061): 由于目标计算机积极拒绝，无法连接。
   at System.Net.Sockets.Socket.AwaitableSocketAsyncEventArgs.System.Threading.Tasks.Sources.IValueTaskSource.GetResult(Int16 token)
   at System.Net.Sockets.Socket.<ConnectAsync>g__WaitForConnectWithCancellation|285_0(AwaitableSocketAsyncEventArgs saea, ValueTask connectTask, CancellationToken cancellationToken)
   at Grpc.Net.Client.Balancer.Internal.SocketConnectivitySubchannelTransport.TryConnectAsync(ConnectContext context, Int32 attempt)
   --- End of inner exception stack trace ---
   at Grpc.Net.Client.Balancer.Internal.ConnectionManager.PickAsync(PickContext context, Boolean waitForReady, CancellationToken cancellationToken)
   at Grpc.Net.Client.Balancer.Internal.BalancerHttpHandler.SendAsync(HttpRequestMessage request, CancellationToken cancellationToken)
   at Grpc.Net.Client.Internal.GrpcCall`2.RunCall(HttpRequestMessage request, Nullable`1 timeout)
   at Grpc.Net.Client.Internal.GrpcCall`2.GetResponseHeadersCoreAsync()
   at SkyApm.Transport.Grpc.V8.ServiceRegister.<>c__DisplayClass9_0.<<ReportInstancePropertiesAsync>b__0>d.MoveNext()
--- End of stack trace from previous location ---
   at SkyApm.Transport.Grpc.Common.Call.Execute[T](Func`1 task, Func`1 errCallback, Func`1 errMessage)
2026-02-02 11:10:19.293 +08:00 [grpcservice] [Warning] SkyApm.Transport.Grpc.ConnectionManager : Connection state changed. Status(StatusCode="Unavailable", Detail="Error connecting to subchannel.", DebugException="System.Net.Sockets.SocketException: 由于目标计算机积极拒绝，无法连接。")
2026-02-02 11:10:32.280 +08:00 [grpcservice] [Information] SkyApm.Transport.Grpc.ConnectionManager : Shutdown connection[127.0.0.1:11800].
2026-02-02 11:10:32.280 +08:00 [grpcservice] [Information] SkyApm.Transport.Grpc.ConnectionManager : Connected server[127.0.0.1:11800].
2026-02-02 11:10:49.305 +08:00 [grpcservice] [Error] SkyApm.Transport.Grpc.V8.ServiceRegister : Report service instance properties fail.
Grpc.Core.RpcException: Status(StatusCode="Unavailable", Detail="Error connecting to subchannel.", DebugException="System.Net.Sockets.SocketException: 由于目标计算机积极拒绝，无法连接。")
 ---> System.Net.Sockets.SocketException (10061): 由于目标计算机积极拒绝，无法连接。
   at System.Net.Sockets.Socket.AwaitableSocketAsyncEventArgs.System.Threading.Tasks.Sources.IValueTaskSource.GetResult(Int16 token)
   at System.Net.Sockets.Socket.<ConnectAsync>g__WaitForConnectWithCancellation|285_0(AwaitableSocketAsyncEventArgs saea, ValueTask connectTask, CancellationToken cancellationToken)
   at Grpc.Net.Client.Balancer.Internal.SocketConnectivitySubchannelTransport.TryConnectAsync(ConnectContext context, Int32 attempt)
   --- End of inner exception stack trace ---
   at Grpc.Net.Client.Balancer.Internal.ConnectionManager.PickAsync(PickContext context, Boolean waitForReady, CancellationToken cancellationToken)
   at Grpc.Net.Client.Balancer.Internal.BalancerHttpHandler.SendAsync(HttpRequestMessage request, CancellationToken cancellationToken)
   at Grpc.Net.Client.Internal.GrpcCall`2.RunCall(HttpRequestMessage request, Nullable`1 timeout)
   at Grpc.Net.Client.Internal.GrpcCall`2.GetResponseHeadersCoreAsync()
   at SkyApm.Transport.Grpc.V8.ServiceRegister.<>c__DisplayClass9_0.<<ReportInstancePropertiesAsync>b__0>d.MoveNext()
--- End of stack trace from previous location ---
   at SkyApm.Transport.Grpc.Common.Call.Execute[T](Func`1 task, Func`1 errCallback, Func`1 errMessage)
2026-02-02 11:10:49.305 +08:00 [grpcservice] [Warning] SkyApm.Transport.Grpc.ConnectionManager : Connection state changed. Status(StatusCode="Unavailable", Detail="Error connecting to subchannel.", DebugException="System.Net.Sockets.SocketException: 由于目标计算机积极拒绝，无法连接。")
2026-02-02 11:11:02.282 +08:00 [grpcservice] [Information] SkyApm.Transport.Grpc.ConnectionManager : Shutdown connection[127.0.0.1:11800].
2026-02-02 11:11:02.282 +08:00 [grpcservice] [Information] SkyApm.Transport.Grpc.ConnectionManager : Connected server[127.0.0.1:11800].
2026-02-02 11:11:19.311 +08:00 [grpcservice] [Error] SkyApm.Transport.Grpc.V8.ServiceRegister : Report service instance properties fail.
Grpc.Core.RpcException: Status(StatusCode="Unavailable", Detail="Error connecting to subchannel.", DebugException="System.Net.Sockets.SocketException: 由于目标计算机积极拒绝，无法连接。")
 ---> System.Net.Sockets.SocketException (10061): 由于目标计算机积极拒绝，无法连接。
   at System.Net.Sockets.Socket.AwaitableSocketAsyncEventArgs.System.Threading.Tasks.Sources.IValueTaskSource.GetResult(Int16 token)
   at System.Net.Sockets.Socket.<ConnectAsync>g__WaitForConnectWithCancellation|285_0(AwaitableSocketAsyncEventArgs saea, ValueTask connectTask, CancellationToken cancellationToken)
   at Grpc.Net.Client.Balancer.Internal.SocketConnectivitySubchannelTransport.TryConnectAsync(ConnectContext context, Int32 attempt)
   --- End of inner exception stack trace ---
   at Grpc.Net.Client.Balancer.Internal.ConnectionManager.PickAsync(PickContext context, Boolean waitForReady, CancellationToken cancellationToken)
   at Grpc.Net.Client.Balancer.Internal.BalancerHttpHandler.SendAsync(HttpRequestMessage request, CancellationToken cancellationToken)
   at Grpc.Net.Client.Internal.GrpcCall`2.RunCall(HttpRequestMessage request, Nullable`1 timeout)
   at Grpc.Net.Client.Internal.GrpcCall`2.GetResponseHeadersCoreAsync()
   at SkyApm.Transport.Grpc.V8.ServiceRegister.<>c__DisplayClass9_0.<<ReportInstancePropertiesAsync>b__0>d.MoveNext()
--- End of stack trace from previous location ---
   at SkyApm.Transport.Grpc.Common.Call.Execute[T](Func`1 task, Func`1 errCallback, Func`1 errMessage)
2026-02-02 11:11:19.311 +08:00 [grpcservice] [Warning] SkyApm.Transport.Grpc.ConnectionManager : Connection state changed. Status(StatusCode="Unavailable", Detail="Error connecting to subchannel.", DebugException="System.Net.Sockets.SocketException: 由于目标计算机积极拒绝，无法连接。")
2026-02-02 11:11:32.279 +08:00 [grpcservice] [Information] SkyApm.Transport.Grpc.ConnectionManager : Shutdown connection[127.0.0.1:11800].
2026-02-02 11:11:32.279 +08:00 [grpcservice] [Information] SkyApm.Transport.Grpc.ConnectionManager : Connected server[127.0.0.1:11800].
2026-02-02 11:11:49.305 +08:00 [grpcservice] [Error] SkyApm.Transport.Grpc.V8.ServiceRegister : Report service instance properties fail.
Grpc.Core.RpcException: Status(StatusCode="Unavailable", Detail="Error connecting to subchannel.", DebugException="System.Net.Sockets.SocketException: 由于目标计算机积极拒绝，无法连接。")
 ---> System.Net.Sockets.SocketException (10061): 由于目标计算机积极拒绝，无法连接。
   at System.Net.Sockets.Socket.AwaitableSocketAsyncEventArgs.System.Threading.Tasks.Sources.IValueTaskSource.GetResult(Int16 token)
   at System.Net.Sockets.Socket.<ConnectAsync>g__WaitForConnectWithCancellation|285_0(AwaitableSocketAsyncEventArgs saea, ValueTask connectTask, CancellationToken cancellationToken)
   at Grpc.Net.Client.Balancer.Internal.SocketConnectivitySubchannelTransport.TryConnectAsync(ConnectContext context, Int32 attempt)
   --- End of inner exception stack trace ---
   at Grpc.Net.Client.Balancer.Internal.ConnectionManager.PickAsync(PickContext context, Boolean waitForReady, CancellationToken cancellationToken)
   at Grpc.Net.Client.Balancer.Internal.BalancerHttpHandler.SendAsync(HttpRequestMessage request, CancellationToken cancellationToken)
   at Grpc.Net.Client.Internal.GrpcCall`2.RunCall(HttpRequestMessage request, Nullable`1 timeout)
   at Grpc.Net.Client.Internal.GrpcCall`2.GetResponseHeadersCoreAsync()
   at SkyApm.Transport.Grpc.V8.ServiceRegister.<>c__DisplayClass9_0.<<ReportInstancePropertiesAsync>b__0>d.MoveNext()
--- End of stack trace from previous location ---
   at SkyApm.Transport.Grpc.Common.Call.Execute[T](Func`1 task, Func`1 errCallback, Func`1 errMessage)
2026-02-02 11:11:49.305 +08:00 [grpcservice] [Warning] SkyApm.Transport.Grpc.ConnectionManager : Connection state changed. Status(StatusCode="Unavailable", Detail="Error connecting to subchannel.", DebugException="System.Net.Sockets.SocketException: 由于目标计算机积极拒绝，无法连接。")
2026-02-02 11:12:02.270 +08:00 [grpcservice] [Information] SkyApm.Transport.Grpc.ConnectionManager : Shutdown connection[127.0.0.1:11800].
2026-02-02 11:12:02.270 +08:00 [grpcservice] [Information] SkyApm.Transport.Grpc.ConnectionManager : Connected server[127.0.0.1:11800].
2026-02-02 11:12:19.287 +08:00 [grpcservice] [Error] SkyApm.Transport.Grpc.V8.ServiceRegister : Report service instance properties fail.
Grpc.Core.RpcException: Status(StatusCode="Unavailable", Detail="Error connecting to subchannel.", DebugException="System.Net.Sockets.SocketException: 由于目标计算机积极拒绝，无法连接。")
 ---> System.Net.Sockets.SocketException (10061): 由于目标计算机积极拒绝，无法连接。
   at System.Net.Sockets.Socket.AwaitableSocketAsyncEventArgs.System.Threading.Tasks.Sources.IValueTaskSource.GetResult(Int16 token)
   at System.Net.Sockets.Socket.<ConnectAsync>g__WaitForConnectWithCancellation|285_0(AwaitableSocketAsyncEventArgs saea, ValueTask connectTask, CancellationToken cancellationToken)
   at Grpc.Net.Client.Balancer.Internal.SocketConnectivitySubchannelTransport.TryConnectAsync(ConnectContext context, Int32 attempt)
   --- End of inner exception stack trace ---
   at Grpc.Net.Client.Balancer.Internal.ConnectionManager.PickAsync(PickContext context, Boolean waitForReady, CancellationToken cancellationToken)
   at Grpc.Net.Client.Balancer.Internal.BalancerHttpHandler.SendAsync(HttpRequestMessage request, CancellationToken cancellationToken)
   at Grpc.Net.Client.Internal.GrpcCall`2.RunCall(HttpRequestMessage request, Nullable`1 timeout)
   at Grpc.Net.Client.Internal.GrpcCall`2.GetResponseHeadersCoreAsync()
   at SkyApm.Transport.Grpc.V8.ServiceRegister.<>c__DisplayClass9_0.<<ReportInstancePropertiesAsync>b__0>d.MoveNext()
--- End of stack trace from previous location ---
   at SkyApm.Transport.Grpc.Common.Call.Execute[T](Func`1 task, Func`1 errCallback, Func`1 errMessage)
2026-02-02 11:12:19.287 +08:00 [grpcservice] [Warning] SkyApm.Transport.Grpc.ConnectionManager : Connection state changed. Status(StatusCode="Unavailable", Detail="Error connecting to subchannel.", DebugException="System.Net.Sockets.SocketException: 由于目标计算机积极拒绝，无法连接。")
2026-02-02 11:12:49.749 +08:00 [grpcservice] [Information] SkyApm.Transport.Grpc.ConnectionManager : Shutdown connection[127.0.0.1:11800].
2026-02-02 11:12:49.750 +08:00 [grpcservice] [Information] SkyApm.Transport.Grpc.ConnectionManager : Connected server[127.0.0.1:11800].
2026-02-02 11:12:51.787 +08:00 [grpcservice] [Error] SkyApm.Transport.Grpc.V8.ServiceRegister : Report service instance properties fail.
Grpc.Core.RpcException: Status(StatusCode="Unavailable", Detail="Error connecting to subchannel.", DebugException="System.Net.Sockets.SocketException: 由于目标计算机积极拒绝，无法连接。")
 ---> System.Net.Sockets.SocketException (10061): 由于目标计算机积极拒绝，无法连接。
   at System.Net.Sockets.Socket.AwaitableSocketAsyncEventArgs.System.Threading.Tasks.Sources.IValueTaskSource.GetResult(Int16 token)
   at System.Net.Sockets.Socket.<ConnectAsync>g__WaitForConnectWithCancellation|285_0(AwaitableSocketAsyncEventArgs saea, ValueTask connectTask, CancellationToken cancellationToken)
   at Grpc.Net.Client.Balancer.Internal.SocketConnectivitySubchannelTransport.TryConnectAsync(ConnectContext context, Int32 attempt)
   --- End of inner exception stack trace ---
   at Grpc.Net.Client.Balancer.Internal.ConnectionManager.PickAsync(PickContext context, Boolean waitForReady, CancellationToken cancellationToken)
   at Grpc.Net.Client.Balancer.Internal.BalancerHttpHandler.SendAsync(HttpRequestMessage request, CancellationToken cancellationToken)
   at Grpc.Net.Client.Internal.GrpcCall`2.RunCall(HttpRequestMessage request, Nullable`1 timeout)
   at Grpc.Net.Client.Internal.GrpcCall`2.GetResponseHeadersCoreAsync()
   at SkyApm.Transport.Grpc.V8.ServiceRegister.<>c__DisplayClass9_0.<<ReportInstancePropertiesAsync>b__0>d.MoveNext()
--- End of stack trace from previous location ---
   at SkyApm.Transport.Grpc.Common.Call.Execute[T](Func`1 task, Func`1 errCallback, Func`1 errMessage)
2026-02-02 11:12:51.787 +08:00 [grpcservice] [Warning] SkyApm.Transport.Grpc.ConnectionManager : Connection state changed. Status(StatusCode="Unavailable", Detail="Error connecting to subchannel.", DebugException="System.Net.Sockets.SocketException: 由于目标计算机积极拒绝，无法连接。")
2026-02-02 11:13:04.690 +08:00 [grpcservice] [Information] SkyApm.Transport.Grpc.ConnectionManager : Shutdown connection[127.0.0.1:11800].
2026-02-02 11:13:04.690 +08:00 [grpcservice] [Information] SkyApm.Transport.Grpc.ConnectionManager : Connected server[127.0.0.1:11800].
2026-02-02 11:13:19.307 +08:00 [grpcservice] [Error] SkyApm.Transport.Grpc.V8.ServiceRegister : Report service instance properties fail.
Grpc.Core.RpcException: Status(StatusCode="Unavailable", Detail="Error connecting to subchannel.", DebugException="System.Net.Sockets.SocketException: 由于目标计算机积极拒绝，无法连接。")
 ---> System.Net.Sockets.SocketException (10061): 由于目标计算机积极拒绝，无法连接。
   at System.Net.Sockets.Socket.AwaitableSocketAsyncEventArgs.System.Threading.Tasks.Sources.IValueTaskSource.GetResult(Int16 token)
   at System.Net.Sockets.Socket.<ConnectAsync>g__WaitForConnectWithCancellation|285_0(AwaitableSocketAsyncEventArgs saea, ValueTask connectTask, CancellationToken cancellationToken)
   at Grpc.Net.Client.Balancer.Internal.SocketConnectivitySubchannelTransport.TryConnectAsync(ConnectContext context, Int32 attempt)
   --- End of inner exception stack trace ---
   at Grpc.Net.Client.Balancer.Internal.ConnectionManager.PickAsync(PickContext context, Boolean waitForReady, CancellationToken cancellationToken)
   at Grpc.Net.Client.Balancer.Internal.BalancerHttpHandler.SendAsync(HttpRequestMessage request, CancellationToken cancellationToken)
   at Grpc.Net.Client.Internal.GrpcCall`2.RunCall(HttpRequestMessage request, Nullable`1 timeout)
   at Grpc.Net.Client.Internal.GrpcCall`2.GetResponseHeadersCoreAsync()
   at SkyApm.Transport.Grpc.V8.ServiceRegister.<>c__DisplayClass9_0.<<ReportInstancePropertiesAsync>b__0>d.MoveNext()
--- End of stack trace from previous location ---
   at SkyApm.Transport.Grpc.Common.Call.Execute[T](Func`1 task, Func`1 errCallback, Func`1 errMessage)
2026-02-02 11:13:19.307 +08:00 [grpcservice] [Warning] SkyApm.Transport.Grpc.ConnectionManager : Connection state changed. Status(StatusCode="Unavailable", Detail="Error connecting to subchannel.", DebugException="System.Net.Sockets.SocketException: 由于目标计算机积极拒绝，无法连接。")
2026-02-02 11:13:19.689 +08:00 [grpcservice] [Information] SkyApm.Transport.Grpc.ConnectionManager : Shutdown connection[127.0.0.1:11800].
2026-02-02 11:13:19.691 +08:00 [grpcservice] [Information] SkyApm.Transport.Grpc.ConnectionManager : Connected server[127.0.0.1:11800].
2026-02-02 11:13:21.855 +08:00 [grpcservice] [Error] SkyApm.Transport.Grpc.V8.ServiceRegister : Report service instance properties fail.
Grpc.Core.RpcException: Status(StatusCode="Unavailable", Detail="Error connecting to subchannel.", DebugException="System.Net.Sockets.SocketException: 由于目标计算机积极拒绝，无法连接。")
 ---> System.Net.Sockets.SocketException (10061): 由于目标计算机积极拒绝，无法连接。
   at System.Net.Sockets.Socket.AwaitableSocketAsyncEventArgs.System.Threading.Tasks.Sources.IValueTaskSource.GetResult(Int16 token)
   at System.Net.Sockets.Socket.<ConnectAsync>g__WaitForConnectWithCancellation|285_0(AwaitableSocketAsyncEventArgs saea, ValueTask connectTask, CancellationToken cancellationToken)
   at Grpc.Net.Client.Balancer.Internal.SocketConnectivitySubchannelTransport.TryConnectAsync(ConnectContext context, Int32 attempt)
   --- End of inner exception stack trace ---
   at Grpc.Net.Client.Balancer.Internal.ConnectionManager.PickAsync(PickContext context, Boolean waitForReady, CancellationToken cancellationToken)
   at Grpc.Net.Client.Balancer.Internal.BalancerHttpHandler.SendAsync(HttpRequestMessage request, CancellationToken cancellationToken)
   at Grpc.Net.Client.Internal.GrpcCall`2.RunCall(HttpRequestMessage request, Nullable`1 timeout)
   at Grpc.Net.Client.Internal.GrpcCall`2.GetResponseHeadersCoreAsync()
   at SkyApm.Transport.Grpc.V8.ServiceRegister.<>c__DisplayClass9_0.<<ReportInstancePropertiesAsync>b__0>d.MoveNext()
--- End of stack trace from previous location ---
   at SkyApm.Transport.Grpc.Common.Call.Execute[T](Func`1 task, Func`1 errCallback, Func`1 errMessage)
2026-02-02 11:13:21.855 +08:00 [grpcservice] [Warning] SkyApm.Transport.Grpc.ConnectionManager : Connection state changed. Status(StatusCode="Unavailable", Detail="Error connecting to subchannel.", DebugException="System.Net.Sockets.SocketException: 由于目标计算机积极拒绝，无法连接。")
2026-02-02 11:13:34.685 +08:00 [grpcservice] [Information] SkyApm.Transport.Grpc.ConnectionManager : Shutdown connection[127.0.0.1:11800].
2026-02-02 11:13:34.685 +08:00 [grpcservice] [Information] SkyApm.Transport.Grpc.ConnectionManager : Connected server[127.0.0.1:11800].
2026-02-02 11:13:49.319 +08:00 [grpcservice] [Error] SkyApm.Transport.Grpc.V8.ServiceRegister : Report service instance properties fail.
Grpc.Core.RpcException: Status(StatusCode="Unavailable", Detail="Error connecting to subchannel.", DebugException="System.Net.Sockets.SocketException: 由于目标计算机积极拒绝，无法连接。")
 ---> System.Net.Sockets.SocketException (10061): 由于目标计算机积极拒绝，无法连接。
   at System.Net.Sockets.Socket.AwaitableSocketAsyncEventArgs.System.Threading.Tasks.Sources.IValueTaskSource.GetResult(Int16 token)
   at System.Net.Sockets.Socket.<ConnectAsync>g__WaitForConnectWithCancellation|285_0(AwaitableSocketAsyncEventArgs saea, ValueTask connectTask, CancellationToken cancellationToken)
   at Grpc.Net.Client.Balancer.Internal.SocketConnectivitySubchannelTransport.TryConnectAsync(ConnectContext context, Int32 attempt)
   --- End of inner exception stack trace ---
   at Grpc.Net.Client.Balancer.Internal.ConnectionManager.PickAsync(PickContext context, Boolean waitForReady, CancellationToken cancellationToken)
   at Grpc.Net.Client.Balancer.Internal.BalancerHttpHandler.SendAsync(HttpRequestMessage request, CancellationToken cancellationToken)
   at Grpc.Net.Client.Internal.GrpcCall`2.RunCall(HttpRequestMessage request, Nullable`1 timeout)
   at Grpc.Net.Client.Internal.GrpcCall`2.GetResponseHeadersCoreAsync()
   at SkyApm.Transport.Grpc.V8.ServiceRegister.<>c__DisplayClass9_0.<<ReportInstancePropertiesAsync>b__0>d.MoveNext()
--- End of stack trace from previous location ---
   at SkyApm.Transport.Grpc.Common.Call.Execute[T](Func`1 task, Func`1 errCallback, Func`1 errMessage)
2026-02-02 11:13:49.319 +08:00 [grpcservice] [Warning] SkyApm.Transport.Grpc.ConnectionManager : Connection state changed. Status(StatusCode="Unavailable", Detail="Error connecting to subchannel.", DebugException="System.Net.Sockets.SocketException: 由于目标计算机积极拒绝，无法连接。")
2026-02-02 11:13:49.696 +08:00 [grpcservice] [Information] SkyApm.Transport.Grpc.ConnectionManager : Shutdown connection[127.0.0.1:11800].
2026-02-02 11:13:49.698 +08:00 [grpcservice] [Information] SkyApm.Transport.Grpc.ConnectionManager : Connected server[127.0.0.1:11800].
2026-02-02 11:13:51.887 +08:00 [grpcservice] [Error] SkyApm.Transport.Grpc.V8.ServiceRegister : Report service instance properties fail.
Grpc.Core.RpcException: Status(StatusCode="Unavailable", Detail="Error connecting to subchannel.", DebugException="System.Net.Sockets.SocketException: 由于目标计算机积极拒绝，无法连接。")
 ---> System.Net.Sockets.SocketException (10061): 由于目标计算机积极拒绝，无法连接。
   at System.Net.Sockets.Socket.AwaitableSocketAsyncEventArgs.System.Threading.Tasks.Sources.IValueTaskSource.GetResult(Int16 token)
   at System.Net.Sockets.Socket.<ConnectAsync>g__WaitForConnectWithCancellation|285_0(AwaitableSocketAsyncEventArgs saea, ValueTask connectTask, CancellationToken cancellationToken)
   at Grpc.Net.Client.Balancer.Internal.SocketConnectivitySubchannelTransport.TryConnectAsync(ConnectContext context, Int32 attempt)
   --- End of inner exception stack trace ---
   at Grpc.Net.Client.Balancer.Internal.ConnectionManager.PickAsync(PickContext context, Boolean waitForReady, CancellationToken cancellationToken)
   at Grpc.Net.Client.Balancer.Internal.BalancerHttpHandler.SendAsync(HttpRequestMessage request, CancellationToken cancellationToken)
   at Grpc.Net.Client.Internal.GrpcCall`2.RunCall(HttpRequestMessage request, Nullable`1 timeout)
   at Grpc.Net.Client.Internal.GrpcCall`2.GetResponseHeadersCoreAsync()
   at SkyApm.Transport.Grpc.V8.ServiceRegister.<>c__DisplayClass9_0.<<ReportInstancePropertiesAsync>b__0>d.MoveNext()
--- End of stack trace from previous location ---
   at SkyApm.Transport.Grpc.Common.Call.Execute[T](Func`1 task, Func`1 errCallback, Func`1 errMessage)
2026-02-02 11:13:51.887 +08:00 [grpcservice] [Warning] SkyApm.Transport.Grpc.ConnectionManager : Connection state changed. Status(StatusCode="Unavailable", Detail="Error connecting to subchannel.", DebugException="System.Net.Sockets.SocketException: 由于目标计算机积极拒绝，无法连接。")
2026-02-02 11:14:04.687 +08:00 [grpcservice] [Information] SkyApm.Transport.Grpc.ConnectionManager : Shutdown connection[127.0.0.1:11800].
2026-02-02 11:14:04.687 +08:00 [grpcservice] [Information] SkyApm.Transport.Grpc.ConnectionManager : Connected server[127.0.0.1:11800].
2026-02-02 11:14:19.312 +08:00 [grpcservice] [Error] SkyApm.Transport.Grpc.V8.ServiceRegister : Report service instance properties fail.
Grpc.Core.RpcException: Status(StatusCode="Unavailable", Detail="Error connecting to subchannel.", DebugException="System.Net.Sockets.SocketException: 由于目标计算机积极拒绝，无法连接。")
 ---> System.Net.Sockets.SocketException (10061): 由于目标计算机积极拒绝，无法连接。
   at System.Net.Sockets.Socket.AwaitableSocketAsyncEventArgs.System.Threading.Tasks.Sources.IValueTaskSource.GetResult(Int16 token)
   at System.Net.Sockets.Socket.<ConnectAsync>g__WaitForConnectWithCancellation|285_0(AwaitableSocketAsyncEventArgs saea, ValueTask connectTask, CancellationToken cancellationToken)
   at Grpc.Net.Client.Balancer.Internal.SocketConnectivitySubchannelTransport.TryConnectAsync(ConnectContext context, Int32 attempt)
   --- End of inner exception stack trace ---
   at Grpc.Net.Client.Balancer.Internal.ConnectionManager.PickAsync(PickContext context, Boolean waitForReady, CancellationToken cancellationToken)
   at Grpc.Net.Client.Balancer.Internal.BalancerHttpHandler.SendAsync(HttpRequestMessage request, CancellationToken cancellationToken)
   at Grpc.Net.Client.Internal.GrpcCall`2.RunCall(HttpRequestMessage request, Nullable`1 timeout)
   at Grpc.Net.Client.Internal.GrpcCall`2.GetResponseHeadersCoreAsync()
   at SkyApm.Transport.Grpc.V8.ServiceRegister.<>c__DisplayClass9_0.<<ReportInstancePropertiesAsync>b__0>d.MoveNext()
--- End of stack trace from previous location ---
   at SkyApm.Transport.Grpc.Common.Call.Execute[T](Func`1 task, Func`1 errCallback, Func`1 errMessage)
2026-02-02 11:14:19.312 +08:00 [grpcservice] [Warning] SkyApm.Transport.Grpc.ConnectionManager : Connection state changed. Status(StatusCode="Unavailable", Detail="Error connecting to subchannel.", DebugException="System.Net.Sockets.SocketException: 由于目标计算机积极拒绝，无法连接。")
2026-02-02 11:14:19.688 +08:00 [grpcservice] [Information] SkyApm.Transport.Grpc.ConnectionManager : Shutdown connection[127.0.0.1:11800].
2026-02-02 11:14:19.691 +08:00 [grpcservice] [Information] SkyApm.Transport.Grpc.ConnectionManager : Connected server[127.0.0.1:11800].
2026-02-02 11:14:21.846 +08:00 [grpcservice] [Error] SkyApm.Transport.Grpc.V8.ServiceRegister : Report service instance properties fail.
Grpc.Core.RpcException: Status(StatusCode="Unavailable", Detail="Error connecting to subchannel.", DebugException="System.Net.Sockets.SocketException: 由于目标计算机积极拒绝，无法连接。")
 ---> System.Net.Sockets.SocketException (10061): 由于目标计算机积极拒绝，无法连接。
   at System.Net.Sockets.Socket.AwaitableSocketAsyncEventArgs.System.Threading.Tasks.Sources.IValueTaskSource.GetResult(Int16 token)
   at System.Net.Sockets.Socket.<ConnectAsync>g__WaitForConnectWithCancellation|285_0(AwaitableSocketAsyncEventArgs saea, ValueTask connectTask, CancellationToken cancellationToken)
   at Grpc.Net.Client.Balancer.Internal.SocketConnectivitySubchannelTransport.TryConnectAsync(ConnectContext context, Int32 attempt)
   --- End of inner exception stack trace ---
   at Grpc.Net.Client.Balancer.Internal.ConnectionManager.PickAsync(PickContext context, Boolean waitForReady, CancellationToken cancellationToken)
   at Grpc.Net.Client.Balancer.Internal.BalancerHttpHandler.SendAsync(HttpRequestMessage request, CancellationToken cancellationToken)
   at Grpc.Net.Client.Internal.GrpcCall`2.RunCall(HttpRequestMessage request, Nullable`1 timeout)
   at Grpc.Net.Client.Internal.GrpcCall`2.GetResponseHeadersCoreAsync()
   at SkyApm.Transport.Grpc.V8.ServiceRegister.<>c__DisplayClass9_0.<<ReportInstancePropertiesAsync>b__0>d.MoveNext()
--- End of stack trace from previous location ---
   at SkyApm.Transport.Grpc.Common.Call.Execute[T](Func`1 task, Func`1 errCallback, Func`1 errMessage)
2026-02-02 11:14:21.846 +08:00 [grpcservice] [Warning] SkyApm.Transport.Grpc.ConnectionManager : Connection state changed. Status(StatusCode="Unavailable", Detail="Error connecting to subchannel.", DebugException="System.Net.Sockets.SocketException: 由于目标计算机积极拒绝，无法连接。")
2026-02-02 11:14:34.684 +08:00 [grpcservice] [Information] SkyApm.Transport.Grpc.ConnectionManager : Shutdown connection[127.0.0.1:11800].
2026-02-02 11:14:34.684 +08:00 [grpcservice] [Information] SkyApm.Transport.Grpc.ConnectionManager : Connected server[127.0.0.1:11800].
2026-02-02 11:14:49.308 +08:00 [grpcservice] [Error] SkyApm.Transport.Grpc.V8.ServiceRegister : Report service instance properties fail.
Grpc.Core.RpcException: Status(StatusCode="Unavailable", Detail="Error connecting to subchannel.", DebugException="System.Net.Sockets.SocketException: 由于目标计算机积极拒绝，无法连接。")
 ---> System.Net.Sockets.SocketException (10061): 由于目标计算机积极拒绝，无法连接。
   at System.Net.Sockets.Socket.AwaitableSocketAsyncEventArgs.System.Threading.Tasks.Sources.IValueTaskSource.GetResult(Int16 token)
   at System.Net.Sockets.Socket.<ConnectAsync>g__WaitForConnectWithCancellation|285_0(AwaitableSocketAsyncEventArgs saea, ValueTask connectTask, CancellationToken cancellationToken)
   at Grpc.Net.Client.Balancer.Internal.SocketConnectivitySubchannelTransport.TryConnectAsync(ConnectContext context, Int32 attempt)
   --- End of inner exception stack trace ---
   at Grpc.Net.Client.Balancer.Internal.ConnectionManager.PickAsync(PickContext context, Boolean waitForReady, CancellationToken cancellationToken)
   at Grpc.Net.Client.Balancer.Internal.BalancerHttpHandler.SendAsync(HttpRequestMessage request, CancellationToken cancellationToken)
   at Grpc.Net.Client.Internal.GrpcCall`2.RunCall(HttpRequestMessage request, Nullable`1 timeout)
   at Grpc.Net.Client.Internal.GrpcCall`2.GetResponseHeadersCoreAsync()
   at SkyApm.Transport.Grpc.V8.ServiceRegister.<>c__DisplayClass9_0.<<ReportInstancePropertiesAsync>b__0>d.MoveNext()
--- End of stack trace from previous location ---
   at SkyApm.Transport.Grpc.Common.Call.Execute[T](Func`1 task, Func`1 errCallback, Func`1 errMessage)
2026-02-02 11:14:49.309 +08:00 [grpcservice] [Warning] SkyApm.Transport.Grpc.ConnectionManager : Connection state changed. Status(StatusCode="Unavailable", Detail="Error connecting to subchannel.", DebugException="System.Net.Sockets.SocketException: 由于目标计算机积极拒绝，无法连接。")
2026-02-02 11:15:08.311 +08:00 [grpcservice] [Information] SkyApm.Transport.Grpc.ConnectionManager : Shutdown connection[127.0.0.1:11800].
2026-02-02 11:15:08.311 +08:00 [grpcservice] [Information] SkyApm.Transport.Grpc.ConnectionManager : Connected server[127.0.0.1:11800].
2026-02-02 11:15:10.357 +08:00 [grpcservice] [Error] SkyApm.Transport.Grpc.V8.ServiceRegister : Report service instance properties fail.
Grpc.Core.RpcException: Status(StatusCode="Unavailable", Detail="Error connecting to subchannel.", DebugException="System.Net.Sockets.SocketException: 由于目标计算机积极拒绝，无法连接。")
 ---> System.Net.Sockets.SocketException (10061): 由于目标计算机积极拒绝，无法连接。
   at System.Net.Sockets.Socket.AwaitableSocketAsyncEventArgs.System.Threading.Tasks.Sources.IValueTaskSource.GetResult(Int16 token)
   at System.Net.Sockets.Socket.<ConnectAsync>g__WaitForConnectWithCancellation|285_0(AwaitableSocketAsyncEventArgs saea, ValueTask connectTask, CancellationToken cancellationToken)
   at Grpc.Net.Client.Balancer.Internal.SocketConnectivitySubchannelTransport.TryConnectAsync(ConnectContext context, Int32 attempt)
   --- End of inner exception stack trace ---
   at Grpc.Net.Client.Balancer.Internal.ConnectionManager.PickAsync(PickContext context, Boolean waitForReady, CancellationToken cancellationToken)
   at Grpc.Net.Client.Balancer.Internal.BalancerHttpHandler.SendAsync(HttpRequestMessage request, CancellationToken cancellationToken)
   at Grpc.Net.Client.Internal.GrpcCall`2.RunCall(HttpRequestMessage request, Nullable`1 timeout)
   at Grpc.Net.Client.Internal.GrpcCall`2.GetResponseHeadersCoreAsync()
   at SkyApm.Transport.Grpc.V8.ServiceRegister.<>c__DisplayClass9_0.<<ReportInstancePropertiesAsync>b__0>d.MoveNext()
--- End of stack trace from previous location ---
   at SkyApm.Transport.Grpc.Common.Call.Execute[T](Func`1 task, Func`1 errCallback, Func`1 errMessage)
2026-02-02 11:15:10.358 +08:00 [grpcservice] [Warning] SkyApm.Transport.Grpc.ConnectionManager : Connection state changed. Status(StatusCode="Unavailable", Detail="Error connecting to subchannel.", DebugException="System.Net.Sockets.SocketException: 由于目标计算机积极拒绝，无法连接。")
2026-02-02 11:15:23.300 +08:00 [grpcservice] [Information] SkyApm.Transport.Grpc.ConnectionManager : Shutdown connection[127.0.0.1:11800].
2026-02-02 11:15:23.300 +08:00 [grpcservice] [Information] SkyApm.Transport.Grpc.ConnectionManager : Connected server[127.0.0.1:11800].
2026-02-02 11:15:49.294 +08:00 [grpcservice] [Error] SkyApm.Transport.Grpc.V8.ServiceRegister : Report service instance properties fail.
Grpc.Core.RpcException: Status(StatusCode="Unavailable", Detail="Error connecting to subchannel.", DebugException="System.Net.Sockets.SocketException: 由于目标计算机积极拒绝，无法连接。")
 ---> System.Net.Sockets.SocketException (10061): 由于目标计算机积极拒绝，无法连接。
   at System.Net.Sockets.Socket.AwaitableSocketAsyncEventArgs.System.Threading.Tasks.Sources.IValueTaskSource.GetResult(Int16 token)
   at System.Net.Sockets.Socket.<ConnectAsync>g__WaitForConnectWithCancellation|285_0(AwaitableSocketAsyncEventArgs saea, ValueTask connectTask, CancellationToken cancellationToken)
   at Grpc.Net.Client.Balancer.Internal.SocketConnectivitySubchannelTransport.TryConnectAsync(ConnectContext context, Int32 attempt)
   --- End of inner exception stack trace ---
   at Grpc.Net.Client.Balancer.Internal.ConnectionManager.PickAsync(PickContext context, Boolean waitForReady, CancellationToken cancellationToken)
   at Grpc.Net.Client.Balancer.Internal.BalancerHttpHandler.SendAsync(HttpRequestMessage request, CancellationToken cancellationToken)
   at Grpc.Net.Client.Internal.GrpcCall`2.RunCall(HttpRequestMessage request, Nullable`1 timeout)
   at Grpc.Net.Client.Internal.GrpcCall`2.GetResponseHeadersCoreAsync()
   at SkyApm.Transport.Grpc.V8.ServiceRegister.<>c__DisplayClass9_0.<<ReportInstancePropertiesAsync>b__0>d.MoveNext()
--- End of stack trace from previous location ---
   at SkyApm.Transport.Grpc.Common.Call.Execute[T](Func`1 task, Func`1 errCallback, Func`1 errMessage)
2026-02-02 11:15:49.294 +08:00 [grpcservice] [Warning] SkyApm.Transport.Grpc.ConnectionManager : Connection state changed. Status(StatusCode="Unavailable", Detail="Error connecting to subchannel.", DebugException="System.Net.Sockets.SocketException: 由于目标计算机积极拒绝，无法连接。")
2026-02-02 11:15:53.304 +08:00 [grpcservice] [Information] SkyApm.Transport.Grpc.ConnectionManager : Shutdown connection[127.0.0.1:11800].
2026-02-02 11:15:53.307 +08:00 [grpcservice] [Information] SkyApm.Transport.Grpc.ConnectionManager : Connected server[127.0.0.1:11800].
2026-02-02 11:16:19.320 +08:00 [grpcservice] [Error] SkyApm.Transport.Grpc.V8.ServiceRegister : Report service instance properties fail.
Grpc.Core.RpcException: Status(StatusCode="Unavailable", Detail="Error connecting to subchannel.", DebugException="System.Net.Sockets.SocketException: 由于目标计算机积极拒绝，无法连接。")
 ---> System.Net.Sockets.SocketException (10061): 由于目标计算机积极拒绝，无法连接。
   at System.Net.Sockets.Socket.AwaitableSocketAsyncEventArgs.System.Threading.Tasks.Sources.IValueTaskSource.GetResult(Int16 token)
   at System.Net.Sockets.Socket.<ConnectAsync>g__WaitForConnectWithCancellation|285_0(AwaitableSocketAsyncEventArgs saea, ValueTask connectTask, CancellationToken cancellationToken)
   at Grpc.Net.Client.Balancer.Internal.SocketConnectivitySubchannelTransport.TryConnectAsync(ConnectContext context, Int32 attempt)
   --- End of inner exception stack trace ---
   at Grpc.Net.Client.Balancer.Internal.ConnectionManager.PickAsync(PickContext context, Boolean waitForReady, CancellationToken cancellationToken)
   at Grpc.Net.Client.Balancer.Internal.BalancerHttpHandler.SendAsync(HttpRequestMessage request, CancellationToken cancellationToken)
   at Grpc.Net.Client.Internal.GrpcCall`2.RunCall(HttpRequestMessage request, Nullable`1 timeout)
   at Grpc.Net.Client.Internal.GrpcCall`2.GetResponseHeadersCoreAsync()
   at SkyApm.Transport.Grpc.V8.ServiceRegister.<>c__DisplayClass9_0.<<ReportInstancePropertiesAsync>b__0>d.MoveNext()
--- End of stack trace from previous location ---
   at SkyApm.Transport.Grpc.Common.Call.Execute[T](Func`1 task, Func`1 errCallback, Func`1 errMessage)
2026-02-02 11:16:19.320 +08:00 [grpcservice] [Warning] SkyApm.Transport.Grpc.ConnectionManager : Connection state changed. Status(StatusCode="Unavailable", Detail="Error connecting to subchannel.", DebugException="System.Net.Sockets.SocketException: 由于目标计算机积极拒绝，无法连接。")
2026-02-02 11:16:23.303 +08:00 [grpcservice] [Information] SkyApm.Transport.Grpc.ConnectionManager : Shutdown connection[127.0.0.1:11800].
2026-02-02 11:16:23.304 +08:00 [grpcservice] [Information] SkyApm.Transport.Grpc.ConnectionManager : Connected server[127.0.0.1:11800].
2026-02-02 11:16:49.315 +08:00 [grpcservice] [Error] SkyApm.Transport.Grpc.V8.ServiceRegister : Report service instance properties fail.
Grpc.Core.RpcException: Status(StatusCode="Unavailable", Detail="Error connecting to subchannel.", DebugException="System.Net.Sockets.SocketException: 由于目标计算机积极拒绝，无法连接。")
 ---> System.Net.Sockets.SocketException (10061): 由于目标计算机积极拒绝，无法连接。
   at System.Net.Sockets.Socket.AwaitableSocketAsyncEventArgs.System.Threading.Tasks.Sources.IValueTaskSource.GetResult(Int16 token)
   at System.Net.Sockets.Socket.<ConnectAsync>g__WaitForConnectWithCancellation|285_0(AwaitableSocketAsyncEventArgs saea, ValueTask connectTask, CancellationToken cancellationToken)
   at Grpc.Net.Client.Balancer.Internal.SocketConnectivitySubchannelTransport.TryConnectAsync(ConnectContext context, Int32 attempt)
   --- End of inner exception stack trace ---
   at Grpc.Net.Client.Balancer.Internal.ConnectionManager.PickAsync(PickContext context, Boolean waitForReady, CancellationToken cancellationToken)
   at Grpc.Net.Client.Balancer.Internal.BalancerHttpHandler.SendAsync(HttpRequestMessage request, CancellationToken cancellationToken)
   at Grpc.Net.Client.Internal.GrpcCall`2.RunCall(HttpRequestMessage request, Nullable`1 timeout)
   at Grpc.Net.Client.Internal.GrpcCall`2.GetResponseHeadersCoreAsync()
   at SkyApm.Transport.Grpc.V8.ServiceRegister.<>c__DisplayClass9_0.<<ReportInstancePropertiesAsync>b__0>d.MoveNext()
--- End of stack trace from previous location ---
   at SkyApm.Transport.Grpc.Common.Call.Execute[T](Func`1 task, Func`1 errCallback, Func`1 errMessage)
2026-02-02 11:16:49.316 +08:00 [grpcservice] [Warning] SkyApm.Transport.Grpc.ConnectionManager : Connection state changed. Status(StatusCode="Unavailable", Detail="Error connecting to subchannel.", DebugException="System.Net.Sockets.SocketException: 由于目标计算机积极拒绝，无法连接。")
2026-02-02 11:16:53.302 +08:00 [grpcservice] [Information] SkyApm.Transport.Grpc.ConnectionManager : Shutdown connection[127.0.0.1:11800].
2026-02-02 11:16:53.302 +08:00 [grpcservice] [Information] SkyApm.Transport.Grpc.ConnectionManager : Connected server[127.0.0.1:11800].
2026-02-02 11:17:19.289 +08:00 [grpcservice] [Error] SkyApm.Transport.Grpc.V8.ServiceRegister : Report service instance properties fail.
Grpc.Core.RpcException: Status(StatusCode="Unavailable", Detail="Error connecting to subchannel.", DebugException="System.Net.Sockets.SocketException: 由于目标计算机积极拒绝，无法连接。")
 ---> System.Net.Sockets.SocketException (10061): 由于目标计算机积极拒绝，无法连接。
   at System.Net.Sockets.Socket.AwaitableSocketAsyncEventArgs.System.Threading.Tasks.Sources.IValueTaskSource.GetResult(Int16 token)
   at System.Net.Sockets.Socket.<ConnectAsync>g__WaitForConnectWithCancellation|285_0(AwaitableSocketAsyncEventArgs saea, ValueTask connectTask, CancellationToken cancellationToken)
   at Grpc.Net.Client.Balancer.Internal.SocketConnectivitySubchannelTransport.TryConnectAsync(ConnectContext context, Int32 attempt)
   --- End of inner exception stack trace ---
   at Grpc.Net.Client.Balancer.Internal.ConnectionManager.PickAsync(PickContext context, Boolean waitForReady, CancellationToken cancellationToken)
   at Grpc.Net.Client.Balancer.Internal.BalancerHttpHandler.SendAsync(HttpRequestMessage request, CancellationToken cancellationToken)
   at Grpc.Net.Client.Internal.GrpcCall`2.RunCall(HttpRequestMessage request, Nullable`1 timeout)
   at Grpc.Net.Client.Internal.GrpcCall`2.GetResponseHeadersCoreAsync()
   at SkyApm.Transport.Grpc.V8.ServiceRegister.<>c__DisplayClass9_0.<<ReportInstancePropertiesAsync>b__0>d.MoveNext()
--- End of stack trace from previous location ---
   at SkyApm.Transport.Grpc.Common.Call.Execute[T](Func`1 task, Func`1 errCallback, Func`1 errMessage)
2026-02-02 11:17:19.289 +08:00 [grpcservice] [Warning] SkyApm.Transport.Grpc.ConnectionManager : Connection state changed. Status(StatusCode="Unavailable", Detail="Error connecting to subchannel.", DebugException="System.Net.Sockets.SocketException: 由于目标计算机积极拒绝，无法连接。")
2026-02-02 11:17:23.302 +08:00 [grpcservice] [Information] SkyApm.Transport.Grpc.ConnectionManager : Shutdown connection[127.0.0.1:11800].
2026-02-02 11:17:23.302 +08:00 [grpcservice] [Information] SkyApm.Transport.Grpc.ConnectionManager : Connected server[127.0.0.1:11800].
2026-02-02 11:17:49.315 +08:00 [grpcservice] [Error] SkyApm.Transport.Grpc.V8.ServiceRegister : Report service instance properties fail.
Grpc.Core.RpcException: Status(StatusCode="Unavailable", Detail="Error connecting to subchannel.", DebugException="System.Net.Sockets.SocketException: 由于目标计算机积极拒绝，无法连接。")
 ---> System.Net.Sockets.SocketException (10061): 由于目标计算机积极拒绝，无法连接。
   at System.Net.Sockets.Socket.AwaitableSocketAsyncEventArgs.System.Threading.Tasks.Sources.IValueTaskSource.GetResult(Int16 token)
   at System.Net.Sockets.Socket.<ConnectAsync>g__WaitForConnectWithCancellation|285_0(AwaitableSocketAsyncEventArgs saea, ValueTask connectTask, CancellationToken cancellationToken)
   at Grpc.Net.Client.Balancer.Internal.SocketConnectivitySubchannelTransport.TryConnectAsync(ConnectContext context, Int32 attempt)
   --- End of inner exception stack trace ---
   at Grpc.Net.Client.Balancer.Internal.ConnectionManager.PickAsync(PickContext context, Boolean waitForReady, CancellationToken cancellationToken)
   at Grpc.Net.Client.Balancer.Internal.BalancerHttpHandler.SendAsync(HttpRequestMessage request, CancellationToken cancellationToken)
   at Grpc.Net.Client.Internal.GrpcCall`2.RunCall(HttpRequestMessage request, Nullable`1 timeout)
   at Grpc.Net.Client.Internal.GrpcCall`2.GetResponseHeadersCoreAsync()
   at SkyApm.Transport.Grpc.V8.ServiceRegister.<>c__DisplayClass9_0.<<ReportInstancePropertiesAsync>b__0>d.MoveNext()
--- End of stack trace from previous location ---
   at SkyApm.Transport.Grpc.Common.Call.Execute[T](Func`1 task, Func`1 errCallback, Func`1 errMessage)
2026-02-02 11:17:49.315 +08:00 [grpcservice] [Warning] SkyApm.Transport.Grpc.ConnectionManager : Connection state changed. Status(StatusCode="Unavailable", Detail="Error connecting to subchannel.", DebugException="System.Net.Sockets.SocketException: 由于目标计算机积极拒绝，无法连接。")
2026-02-02 11:17:53.295 +08:00 [grpcservice] [Information] SkyApm.Transport.Grpc.ConnectionManager : Shutdown connection[127.0.0.1:11800].
2026-02-02 11:17:53.296 +08:00 [grpcservice] [Information] SkyApm.Transport.Grpc.ConnectionManager : Connected server[127.0.0.1:11800].
2026-02-02 11:18:53.466 +08:00 [grpcservice] [Information] SkyApm.InstrumentStartup : Initializing ...
2026-02-02 11:18:53.595 +08:00 [grpcservice] [Information] SkyApm.Service.RegisterService : Loaded instrument service [SkyApm.Service.RegisterService].
2026-02-02 11:18:53.595 +08:00 [grpcservice] [Information] SkyApm.Service.LogReportService : Loaded instrument service [SkyApm.Service.LogReportService].
2026-02-02 11:18:53.596 +08:00 [grpcservice] [Information] SkyApm.Service.PingService : Loaded instrument service [SkyApm.Service.PingService].
2026-02-02 11:18:53.596 +08:00 [grpcservice] [Information] SkyApm.Service.SegmentReportService : Loaded instrument service [SkyApm.Service.SegmentReportService].
2026-02-02 11:18:53.596 +08:00 [grpcservice] [Information] SkyApm.Service.CLRStatsService : Loaded instrument service [SkyApm.Service.CLRStatsService].
2026-02-02 11:18:53.596 +08:00 [grpcservice] [Information] SkyApm.Sampling.SimpleCountSamplingInterceptor : Loaded instrument service [SkyApm.Sampling.SimpleCountSamplingInterceptor].
2026-02-02 11:18:53.597 +08:00 [grpcservice] [Information] SkyApm.Transport.Grpc.ConnectService : Loaded instrument service [SkyApm.Transport.Grpc.ConnectService].
2026-02-02 11:18:53.716 +08:00 [grpcservice] [Information] SkyApm.Transport.Grpc.ConnectionManager : Connected server[127.0.0.1:11800].
2026-02-02 11:18:53.735 +08:00 [grpcservice] [Information] SkyApm.Diagnostics.TracingDiagnosticProcessorObserver : Loaded diagnostic listener [HttpHandlerDiagnosticListener].
2026-02-02 11:18:53.736 +08:00 [grpcservice] [Information] SkyApm.InstrumentStartup : Started SkyAPM .NET Core Agent.
2026-02-02 11:18:54.260 +08:00 [grpcservice] [Information] SkyApm.Diagnostics.TracingDiagnosticProcessorObserver : Loaded diagnostic listener [Grpc.Net.Client].
2026-02-02 11:18:57.252 +08:00 [grpcservice] [Error] SkyApm.Transport.Grpc.V8.ServiceRegister : Report service instance properties fail.
Grpc.Core.RpcException: Status(StatusCode="Unavailable", Detail="Error connecting to subchannel.", DebugException="System.Net.Sockets.SocketException: 由于目标计算机积极拒绝，无法连接。")
 ---> System.Net.Sockets.SocketException (10061): 由于目标计算机积极拒绝，无法连接。
   at System.Net.Sockets.Socket.AwaitableSocketAsyncEventArgs.ThrowException(SocketError error, CancellationToken cancellationToken)
   at System.Net.Sockets.Socket.AwaitableSocketAsyncEventArgs.System.Threading.Tasks.Sources.IValueTaskSource.GetResult(Int16 token)
   at System.Net.Sockets.Socket.<ConnectAsync>g__WaitForConnectWithCancellation|285_0(AwaitableSocketAsyncEventArgs saea, ValueTask connectTask, CancellationToken cancellationToken)
   at Grpc.Net.Client.Balancer.Internal.SocketConnectivitySubchannelTransport.TryConnectAsync(ConnectContext context, Int32 attempt)
   --- End of inner exception stack trace ---
   at Grpc.Net.Client.Balancer.Internal.ConnectionManager.PickAsync(PickContext context, Boolean waitForReady, CancellationToken cancellationToken)
   at Grpc.Net.Client.Balancer.Internal.BalancerHttpHandler.SendAsync(HttpRequestMessage request, CancellationToken cancellationToken)
   at Grpc.Net.Client.Internal.GrpcCall`2.RunCall(HttpRequestMessage request, Nullable`1 timeout)
   at Grpc.Net.Client.Internal.GrpcCall`2.GetResponseHeadersCoreAsync()
   at SkyApm.Transport.Grpc.V8.ServiceRegister.<>c__DisplayClass9_0.<<ReportInstancePropertiesAsync>b__0>d.MoveNext()
--- End of stack trace from previous location ---
   at SkyApm.Transport.Grpc.Common.Call.Execute[T](Func`1 task, Func`1 errCallback, Func`1 errMessage)
2026-02-02 11:18:57.253 +08:00 [grpcservice] [Warning] SkyApm.Transport.Grpc.ConnectionManager : Connection state changed. Status(StatusCode="Unavailable", Detail="Error connecting to subchannel.", DebugException="System.Net.Sockets.SocketException: 由于目标计算机积极拒绝，无法连接。")
2026-02-02 11:19:08.607 +08:00 [grpcservice] [Information] SkyApm.Transport.Grpc.ConnectionManager : Shutdown connection[127.0.0.1:11800].
2026-02-02 11:19:08.608 +08:00 [grpcservice] [Information] SkyApm.Transport.Grpc.ConnectionManager : Connected server[127.0.0.1:11800].
2026-02-02 11:19:25.639 +08:00 [grpcservice] [Error] SkyApm.Transport.Grpc.V8.ServiceRegister : Report service instance properties fail.
Grpc.Core.RpcException: Status(StatusCode="Unavailable", Detail="Error connecting to subchannel.", DebugException="System.Net.Sockets.SocketException: 由于目标计算机积极拒绝，无法连接。")
 ---> System.Net.Sockets.SocketException (10061): 由于目标计算机积极拒绝，无法连接。
   at System.Net.Sockets.Socket.AwaitableSocketAsyncEventArgs.ThrowException(SocketError error, CancellationToken cancellationToken)
   at System.Net.Sockets.Socket.AwaitableSocketAsyncEventArgs.System.Threading.Tasks.Sources.IValueTaskSource.GetResult(Int16 token)
   at System.Net.Sockets.Socket.<ConnectAsync>g__WaitForConnectWithCancellation|285_0(AwaitableSocketAsyncEventArgs saea, ValueTask connectTask, CancellationToken cancellationToken)
   at Grpc.Net.Client.Balancer.Internal.SocketConnectivitySubchannelTransport.TryConnectAsync(ConnectContext context, Int32 attempt)
   --- End of inner exception stack trace ---
   at Grpc.Net.Client.Balancer.Internal.ConnectionManager.PickAsync(PickContext context, Boolean waitForReady, CancellationToken cancellationToken)
   at Grpc.Net.Client.Balancer.Internal.BalancerHttpHandler.SendAsync(HttpRequestMessage request, CancellationToken cancellationToken)
   at Grpc.Net.Client.Internal.GrpcCall`2.RunCall(HttpRequestMessage request, Nullable`1 timeout)
   at Grpc.Net.Client.Internal.GrpcCall`2.GetResponseHeadersCoreAsync()
   at SkyApm.Transport.Grpc.V8.ServiceRegister.<>c__DisplayClass9_0.<<ReportInstancePropertiesAsync>b__0>d.MoveNext()
--- End of stack trace from previous location ---
   at SkyApm.Transport.Grpc.Common.Call.Execute[T](Func`1 task, Func`1 errCallback, Func`1 errMessage)
2026-02-02 11:19:25.640 +08:00 [grpcservice] [Warning] SkyApm.Transport.Grpc.ConnectionManager : Connection state changed. Status(StatusCode="Unavailable", Detail="Error connecting to subchannel.", DebugException="System.Net.Sockets.SocketException: 由于目标计算机积极拒绝，无法连接。")
2026-02-02 11:19:38.607 +08:00 [grpcservice] [Information] SkyApm.Transport.Grpc.ConnectionManager : Shutdown connection[127.0.0.1:11800].
2026-02-02 11:19:38.607 +08:00 [grpcservice] [Information] SkyApm.Transport.Grpc.ConnectionManager : Connected server[127.0.0.1:11800].
2026-02-02 11:19:58.355 +08:00 [grpcservice] [Error] SkyApm.Transport.Grpc.V8.ServiceRegister : Report service instance properties fail.
Grpc.Core.RpcException: Status(StatusCode="Unavailable", Detail="Error connecting to subchannel.", DebugException="System.Net.Sockets.SocketException: 由于目标计算机积极拒绝，无法连接。")
 ---> System.Net.Sockets.SocketException (10061): 由于目标计算机积极拒绝，无法连接。
   at System.Net.Sockets.Socket.AwaitableSocketAsyncEventArgs.ThrowException(SocketError error, CancellationToken cancellationToken)
   at System.Net.Sockets.Socket.AwaitableSocketAsyncEventArgs.System.Threading.Tasks.Sources.IValueTaskSource.GetResult(Int16 token)
   at System.Net.Sockets.Socket.<ConnectAsync>g__WaitForConnectWithCancellation|285_0(AwaitableSocketAsyncEventArgs saea, ValueTask connectTask, CancellationToken cancellationToken)
   at Grpc.Net.Client.Balancer.Internal.SocketConnectivitySubchannelTransport.TryConnectAsync(ConnectContext context, Int32 attempt)
   --- End of inner exception stack trace ---
   at Grpc.Net.Client.Balancer.Internal.ConnectionManager.PickAsync(PickContext context, Boolean waitForReady, CancellationToken cancellationToken)
   at Grpc.Net.Client.Balancer.Internal.BalancerHttpHandler.SendAsync(HttpRequestMessage request, CancellationToken cancellationToken)
   at Grpc.Net.Client.Internal.GrpcCall`2.RunCall(HttpRequestMessage request, Nullable`1 timeout)
   at Grpc.Net.Client.Internal.GrpcCall`2.GetResponseHeadersCoreAsync()
   at SkyApm.Transport.Grpc.V8.ServiceRegister.<>c__DisplayClass9_0.<<ReportInstancePropertiesAsync>b__0>d.MoveNext()
--- End of stack trace from previous location ---
   at SkyApm.Transport.Grpc.Common.Call.Execute[T](Func`1 task, Func`1 errCallback, Func`1 errMessage)
2026-02-02 11:19:58.355 +08:00 [grpcservice] [Warning] SkyApm.Transport.Grpc.ConnectionManager : Connection state changed. Status(StatusCode="Unavailable", Detail="Error connecting to subchannel.", DebugException="System.Net.Sockets.SocketException: 由于目标计算机积极拒绝，无法连接。")
2026-02-02 11:20:08.607 +08:00 [grpcservice] [Information] SkyApm.Transport.Grpc.ConnectionManager : Shutdown connection[127.0.0.1:11800].
2026-02-02 11:20:08.607 +08:00 [grpcservice] [Information] SkyApm.Transport.Grpc.ConnectionManager : Connected server[127.0.0.1:11800].
2026-02-02 11:20:25.652 +08:00 [grpcservice] [Error] SkyApm.Transport.Grpc.V8.ServiceRegister : Report service instance properties fail.
Grpc.Core.RpcException: Status(StatusCode="Unavailable", Detail="Error connecting to subchannel.", DebugException="System.Net.Sockets.SocketException: 由于目标计算机积极拒绝，无法连接。")
 ---> System.Net.Sockets.SocketException (10061): 由于目标计算机积极拒绝，无法连接。
   at System.Net.Sockets.Socket.AwaitableSocketAsyncEventArgs.ThrowException(SocketError error, CancellationToken cancellationToken)
   at System.Net.Sockets.Socket.AwaitableSocketAsyncEventArgs.System.Threading.Tasks.Sources.IValueTaskSource.GetResult(Int16 token)
   at System.Net.Sockets.Socket.<ConnectAsync>g__WaitForConnectWithCancellation|285_0(AwaitableSocketAsyncEventArgs saea, ValueTask connectTask, CancellationToken cancellationToken)
   at Grpc.Net.Client.Balancer.Internal.SocketConnectivitySubchannelTransport.TryConnectAsync(ConnectContext context, Int32 attempt)
   --- End of inner exception stack trace ---
   at Grpc.Net.Client.Balancer.Internal.ConnectionManager.PickAsync(PickContext context, Boolean waitForReady, CancellationToken cancellationToken)
   at Grpc.Net.Client.Balancer.Internal.BalancerHttpHandler.SendAsync(HttpRequestMessage request, CancellationToken cancellationToken)
   at Grpc.Net.Client.Internal.GrpcCall`2.RunCall(HttpRequestMessage request, Nullable`1 timeout)
   at Grpc.Net.Client.Internal.GrpcCall`2.GetResponseHeadersCoreAsync()
   at SkyApm.Transport.Grpc.V8.ServiceRegister.<>c__DisplayClass9_0.<<ReportInstancePropertiesAsync>b__0>d.MoveNext()
--- End of stack trace from previous location ---
   at SkyApm.Transport.Grpc.Common.Call.Execute[T](Func`1 task, Func`1 errCallback, Func`1 errMessage)
2026-02-02 11:20:25.653 +08:00 [grpcservice] [Warning] SkyApm.Transport.Grpc.ConnectionManager : Connection state changed. Status(StatusCode="Unavailable", Detail="Error connecting to subchannel.", DebugException="System.Net.Sockets.SocketException: 由于目标计算机积极拒绝，无法连接。")
2026-02-02 11:20:38.610 +08:00 [grpcservice] [Information] SkyApm.Transport.Grpc.ConnectionManager : Shutdown connection[127.0.0.1:11800].
2026-02-02 11:20:38.610 +08:00 [grpcservice] [Information] SkyApm.Transport.Grpc.ConnectionManager : Connected server[127.0.0.1:11800].
2026-02-02 11:20:55.636 +08:00 [grpcservice] [Error] SkyApm.Transport.Grpc.V8.ServiceRegister : Report service instance properties fail.
Grpc.Core.RpcException: Status(StatusCode="Unavailable", Detail="Error connecting to subchannel.", DebugException="System.Net.Sockets.SocketException: 由于目标计算机积极拒绝，无法连接。")
 ---> System.Net.Sockets.SocketException (10061): 由于目标计算机积极拒绝，无法连接。
   at System.Net.Sockets.Socket.AwaitableSocketAsyncEventArgs.ThrowException(SocketError error, CancellationToken cancellationToken)
   at System.Net.Sockets.Socket.AwaitableSocketAsyncEventArgs.System.Threading.Tasks.Sources.IValueTaskSource.GetResult(Int16 token)
   at System.Net.Sockets.Socket.<ConnectAsync>g__WaitForConnectWithCancellation|285_0(AwaitableSocketAsyncEventArgs saea, ValueTask connectTask, CancellationToken cancellationToken)
   at Grpc.Net.Client.Balancer.Internal.SocketConnectivitySubchannelTransport.TryConnectAsync(ConnectContext context, Int32 attempt)
   --- End of inner exception stack trace ---
   at Grpc.Net.Client.Balancer.Internal.ConnectionManager.PickAsync(PickContext context, Boolean waitForReady, CancellationToken cancellationToken)
   at Grpc.Net.Client.Balancer.Internal.BalancerHttpHandler.SendAsync(HttpRequestMessage request, CancellationToken cancellationToken)
   at Grpc.Net.Client.Internal.GrpcCall`2.RunCall(HttpRequestMessage request, Nullable`1 timeout)
   at Grpc.Net.Client.Internal.GrpcCall`2.GetResponseHeadersCoreAsync()
   at SkyApm.Transport.Grpc.V8.ServiceRegister.<>c__DisplayClass9_0.<<ReportInstancePropertiesAsync>b__0>d.MoveNext()
--- End of stack trace from previous location ---
   at SkyApm.Transport.Grpc.Common.Call.Execute[T](Func`1 task, Func`1 errCallback, Func`1 errMessage)
2026-02-02 11:20:55.636 +08:00 [grpcservice] [Warning] SkyApm.Transport.Grpc.ConnectionManager : Connection state changed. Status(StatusCode="Unavailable", Detail="Error connecting to subchannel.", DebugException="System.Net.Sockets.SocketException: 由于目标计算机积极拒绝，无法连接。")
2026-02-02 11:21:08.596 +08:00 [grpcservice] [Information] SkyApm.Transport.Grpc.ConnectionManager : Shutdown connection[127.0.0.1:11800].
2026-02-02 11:21:08.597 +08:00 [grpcservice] [Information] SkyApm.Transport.Grpc.ConnectionManager : Connected server[127.0.0.1:11800].
2026-02-02 11:21:25.640 +08:00 [grpcservice] [Error] SkyApm.Transport.Grpc.V8.ServiceRegister : Report service instance properties fail.
Grpc.Core.RpcException: Status(StatusCode="Unavailable", Detail="Error connecting to subchannel.", DebugException="System.Net.Sockets.SocketException: 由于目标计算机积极拒绝，无法连接。")
 ---> System.Net.Sockets.SocketException (10061): 由于目标计算机积极拒绝，无法连接。
   at System.Net.Sockets.Socket.AwaitableSocketAsyncEventArgs.ThrowException(SocketError error, CancellationToken cancellationToken)
   at System.Net.Sockets.Socket.AwaitableSocketAsyncEventArgs.System.Threading.Tasks.Sources.IValueTaskSource.GetResult(Int16 token)
   at System.Net.Sockets.Socket.<ConnectAsync>g__WaitForConnectWithCancellation|285_0(AwaitableSocketAsyncEventArgs saea, ValueTask connectTask, CancellationToken cancellationToken)
   at Grpc.Net.Client.Balancer.Internal.SocketConnectivitySubchannelTransport.TryConnectAsync(ConnectContext context, Int32 attempt)
   --- End of inner exception stack trace ---
   at Grpc.Net.Client.Balancer.Internal.ConnectionManager.PickAsync(PickContext context, Boolean waitForReady, CancellationToken cancellationToken)
   at Grpc.Net.Client.Balancer.Internal.BalancerHttpHandler.SendAsync(HttpRequestMessage request, CancellationToken cancellationToken)
   at Grpc.Net.Client.Internal.GrpcCall`2.RunCall(HttpRequestMessage request, Nullable`1 timeout)
   at Grpc.Net.Client.Internal.GrpcCall`2.GetResponseHeadersCoreAsync()
   at SkyApm.Transport.Grpc.V8.ServiceRegister.<>c__DisplayClass9_0.<<ReportInstancePropertiesAsync>b__0>d.MoveNext()
--- End of stack trace from previous location ---
   at SkyApm.Transport.Grpc.Common.Call.Execute[T](Func`1 task, Func`1 errCallback, Func`1 errMessage)
2026-02-02 11:21:25.640 +08:00 [grpcservice] [Warning] SkyApm.Transport.Grpc.ConnectionManager : Connection state changed. Status(StatusCode="Unavailable", Detail="Error connecting to subchannel.", DebugException="System.Net.Sockets.SocketException: 由于目标计算机积极拒绝，无法连接。")
2026-02-02 11:21:40.443 +08:00 [grpcservice] [Information] SkyApm.Transport.Grpc.ConnectionManager : Shutdown connection[127.0.0.1:11800].
2026-02-02 11:21:40.456 +08:00 [grpcservice] [Information] SkyApm.Transport.Grpc.ConnectionManager : Connected server[127.0.0.1:11800].
2026-02-02 11:21:58.022 +08:00 [grpcservice] [Error] SkyApm.Transport.Grpc.V8.ServiceRegister : Report service instance properties fail.
Grpc.Core.RpcException: Status(StatusCode="Unavailable", Detail="Error connecting to subchannel.", DebugException="System.Net.Sockets.SocketException: 由于目标计算机积极拒绝，无法连接。")
 ---> System.Net.Sockets.SocketException (10061): 由于目标计算机积极拒绝，无法连接。
   at System.Net.Sockets.Socket.AwaitableSocketAsyncEventArgs.ThrowException(SocketError error, CancellationToken cancellationToken)
   at System.Net.Sockets.Socket.AwaitableSocketAsyncEventArgs.System.Threading.Tasks.Sources.IValueTaskSource.GetResult(Int16 token)
   at System.Net.Sockets.Socket.<ConnectAsync>g__WaitForConnectWithCancellation|285_0(AwaitableSocketAsyncEventArgs saea, ValueTask connectTask, CancellationToken cancellationToken)
   at Grpc.Net.Client.Balancer.Internal.SocketConnectivitySubchannelTransport.TryConnectAsync(ConnectContext context, Int32 attempt)
   --- End of inner exception stack trace ---
   at Grpc.Net.Client.Balancer.Internal.ConnectionManager.PickAsync(PickContext context, Boolean waitForReady, CancellationToken cancellationToken)
   at Grpc.Net.Client.Balancer.Internal.BalancerHttpHandler.SendAsync(HttpRequestMessage request, CancellationToken cancellationToken)
   at Grpc.Net.Client.Internal.GrpcCall`2.RunCall(HttpRequestMessage request, Nullable`1 timeout)
   at Grpc.Net.Client.Internal.GrpcCall`2.GetResponseHeadersCoreAsync()
   at SkyApm.Transport.Grpc.V8.ServiceRegister.<>c__DisplayClass9_0.<<ReportInstancePropertiesAsync>b__0>d.MoveNext()
--- End of stack trace from previous location ---
   at SkyApm.Transport.Grpc.Common.Call.Execute[T](Func`1 task, Func`1 errCallback, Func`1 errMessage)
2026-02-02 11:21:58.022 +08:00 [grpcservice] [Warning] SkyApm.Transport.Grpc.ConnectionManager : Connection state changed. Status(StatusCode="Unavailable", Detail="Error connecting to subchannel.", DebugException="System.Net.Sockets.SocketException: 由于目标计算机积极拒绝，无法连接。")
2026-02-02 11:22:08.611 +08:00 [grpcservice] [Information] SkyApm.Transport.Grpc.ConnectionManager : Shutdown connection[127.0.0.1:11800].
2026-02-02 11:22:08.611 +08:00 [grpcservice] [Information] SkyApm.Transport.Grpc.ConnectionManager : Connected server[127.0.0.1:11800].
2026-02-02 11:22:27.384 +08:00 [grpcservice] [Error] SkyApm.Transport.Grpc.V8.ServiceRegister : Report service instance properties fail.
Grpc.Core.RpcException: Status(StatusCode="Unavailable", Detail="Error connecting to subchannel.", DebugException="System.Net.Sockets.SocketException: 由于目标计算机积极拒绝，无法连接。")
 ---> System.Net.Sockets.SocketException (10061): 由于目标计算机积极拒绝，无法连接。
   at System.Net.Sockets.Socket.AwaitableSocketAsyncEventArgs.System.Threading.Tasks.Sources.IValueTaskSource.GetResult(Int16 token)
   at System.Net.Sockets.Socket.<ConnectAsync>g__WaitForConnectWithCancellation|285_0(AwaitableSocketAsyncEventArgs saea, ValueTask connectTask, CancellationToken cancellationToken)
   at Grpc.Net.Client.Balancer.Internal.SocketConnectivitySubchannelTransport.TryConnectAsync(ConnectContext context, Int32 attempt)
   --- End of inner exception stack trace ---
   at Grpc.Net.Client.Balancer.Internal.ConnectionManager.PickAsync(PickContext context, Boolean waitForReady, CancellationToken cancellationToken)
   at Grpc.Net.Client.Balancer.Internal.BalancerHttpHandler.SendAsync(HttpRequestMessage request, CancellationToken cancellationToken)
   at Grpc.Net.Client.Internal.GrpcCall`2.RunCall(HttpRequestMessage request, Nullable`1 timeout)
   at Grpc.Net.Client.Internal.GrpcCall`2.GetResponseHeadersCoreAsync()
   at SkyApm.Transport.Grpc.V8.ServiceRegister.<>c__DisplayClass9_0.<<ReportInstancePropertiesAsync>b__0>d.MoveNext()
--- End of stack trace from previous location ---
   at SkyApm.Transport.Grpc.Common.Call.Execute[T](Func`1 task, Func`1 errCallback, Func`1 errMessage)
2026-02-02 11:22:27.384 +08:00 [grpcservice] [Warning] SkyApm.Transport.Grpc.ConnectionManager : Connection state changed. Status(StatusCode="Unavailable", Detail="Error connecting to subchannel.", DebugException="System.Net.Sockets.SocketException: 由于目标计算机积极拒绝，无法连接。")
2026-02-02 11:22:38.613 +08:00 [grpcservice] [Information] SkyApm.Transport.Grpc.ConnectionManager : Shutdown connection[127.0.0.1:11800].
2026-02-02 11:22:38.614 +08:00 [grpcservice] [Information] SkyApm.Transport.Grpc.ConnectionManager : Connected server[127.0.0.1:11800].
2026-02-02 11:22:55.658 +08:00 [grpcservice] [Error] SkyApm.Transport.Grpc.V8.ServiceRegister : Report service instance properties fail.
Grpc.Core.RpcException: Status(StatusCode="Unavailable", Detail="Error connecting to subchannel.", DebugException="System.Net.Sockets.SocketException: 由于目标计算机积极拒绝，无法连接。")
 ---> System.Net.Sockets.SocketException (10061): 由于目标计算机积极拒绝，无法连接。
   at System.Net.Sockets.Socket.AwaitableSocketAsyncEventArgs.System.Threading.Tasks.Sources.IValueTaskSource.GetResult(Int16 token)
   at System.Net.Sockets.Socket.<ConnectAsync>g__WaitForConnectWithCancellation|285_0(AwaitableSocketAsyncEventArgs saea, ValueTask connectTask, CancellationToken cancellationToken)
   at Grpc.Net.Client.Balancer.Internal.SocketConnectivitySubchannelTransport.TryConnectAsync(ConnectContext context, Int32 attempt)
   --- End of inner exception stack trace ---
   at Grpc.Net.Client.Balancer.Internal.ConnectionManager.PickAsync(PickContext context, Boolean waitForReady, CancellationToken cancellationToken)
   at Grpc.Net.Client.Balancer.Internal.BalancerHttpHandler.SendAsync(HttpRequestMessage request, CancellationToken cancellationToken)
   at Grpc.Net.Client.Internal.GrpcCall`2.RunCall(HttpRequestMessage request, Nullable`1 timeout)
   at Grpc.Net.Client.Internal.GrpcCall`2.GetResponseHeadersCoreAsync()
   at SkyApm.Transport.Grpc.V8.ServiceRegister.<>c__DisplayClass9_0.<<ReportInstancePropertiesAsync>b__0>d.MoveNext()
--- End of stack trace from previous location ---
   at SkyApm.Transport.Grpc.Common.Call.Execute[T](Func`1 task, Func`1 errCallback, Func`1 errMessage)
2026-02-02 11:22:55.658 +08:00 [grpcservice] [Warning] SkyApm.Transport.Grpc.ConnectionManager : Connection state changed. Status(StatusCode="Unavailable", Detail="Error connecting to subchannel.", DebugException="System.Net.Sockets.SocketException: 由于目标计算机积极拒绝，无法连接。")
2026-02-02 11:23:08.609 +08:00 [grpcservice] [Information] SkyApm.Transport.Grpc.ConnectionManager : Shutdown connection[127.0.0.1:11800].
2026-02-02 11:23:08.609 +08:00 [grpcservice] [Information] SkyApm.Transport.Grpc.ConnectionManager : Connected server[127.0.0.1:11800].
2026-02-02 11:24:42.025 +08:00 [grpcservice] [Information] SkyApm.InstrumentStartup : Initializing ...
2026-02-02 11:24:42.146 +08:00 [grpcservice] [Information] SkyApm.Service.RegisterService : Loaded instrument service [SkyApm.Service.RegisterService].
2026-02-02 11:24:42.146 +08:00 [grpcservice] [Information] SkyApm.Service.LogReportService : Loaded instrument service [SkyApm.Service.LogReportService].
2026-02-02 11:24:42.147 +08:00 [grpcservice] [Information] SkyApm.Service.PingService : Loaded instrument service [SkyApm.Service.PingService].
2026-02-02 11:24:42.147 +08:00 [grpcservice] [Information] SkyApm.Service.SegmentReportService : Loaded instrument service [SkyApm.Service.SegmentReportService].
2026-02-02 11:24:42.150 +08:00 [grpcservice] [Information] SkyApm.Service.CLRStatsService : Loaded instrument service [SkyApm.Service.CLRStatsService].
2026-02-02 11:24:42.151 +08:00 [grpcservice] [Information] SkyApm.Sampling.SimpleCountSamplingInterceptor : Loaded instrument service [SkyApm.Sampling.SimpleCountSamplingInterceptor].
2026-02-02 11:24:42.151 +08:00 [grpcservice] [Information] SkyApm.Transport.Grpc.ConnectService : Loaded instrument service [SkyApm.Transport.Grpc.ConnectService].
2026-02-02 11:24:42.240 +08:00 [grpcservice] [Information] SkyApm.Diagnostics.TracingDiagnosticProcessorObserver : Loaded diagnostic listener [HttpHandlerDiagnosticListener].
2026-02-02 11:24:42.241 +08:00 [grpcservice] [Information] SkyApm.InstrumentStartup : Started SkyAPM .NET Core Agent.
2026-02-02 11:24:42.268 +08:00 [grpcservice] [Information] SkyApm.Transport.Grpc.ConnectionManager : Connected server[127.0.0.1:11800].
2026-02-02 11:24:42.902 +08:00 [grpcservice] [Information] SkyApm.Diagnostics.TracingDiagnosticProcessorObserver : Loaded diagnostic listener [Grpc.Net.Client].
2026-02-02 11:24:45.089 +08:00 [grpcservice] [Error] SkyApm.Transport.Grpc.V8.ServiceRegister : Report service instance properties fail.
Grpc.Core.RpcException: Status(StatusCode="Unavailable", Detail="Error connecting to subchannel.", DebugException="System.Net.Sockets.SocketException: 由于目标计算机积极拒绝，无法连接。")
 ---> System.Net.Sockets.SocketException (10061): 由于目标计算机积极拒绝，无法连接。
   at System.Net.Sockets.Socket.AwaitableSocketAsyncEventArgs.ThrowException(SocketError error, CancellationToken cancellationToken)
   at System.Net.Sockets.Socket.AwaitableSocketAsyncEventArgs.System.Threading.Tasks.Sources.IValueTaskSource.GetResult(Int16 token)
   at System.Net.Sockets.Socket.<ConnectAsync>g__WaitForConnectWithCancellation|285_0(AwaitableSocketAsyncEventArgs saea, ValueTask connectTask, CancellationToken cancellationToken)
   at Grpc.Net.Client.Balancer.Internal.SocketConnectivitySubchannelTransport.TryConnectAsync(ConnectContext context, Int32 attempt)
   --- End of inner exception stack trace ---
   at Grpc.Net.Client.Balancer.Internal.ConnectionManager.PickAsync(PickContext context, Boolean waitForReady, CancellationToken cancellationToken)
   at Grpc.Net.Client.Balancer.Internal.BalancerHttpHandler.SendAsync(HttpRequestMessage request, CancellationToken cancellationToken)
   at Grpc.Net.Client.Internal.GrpcCall`2.RunCall(HttpRequestMessage request, Nullable`1 timeout)
   at Grpc.Net.Client.Internal.GrpcCall`2.GetResponseHeadersCoreAsync()
   at SkyApm.Transport.Grpc.V8.ServiceRegister.<>c__DisplayClass9_0.<<ReportInstancePropertiesAsync>b__0>d.MoveNext()
--- End of stack trace from previous location ---
   at SkyApm.Transport.Grpc.Common.Call.Execute[T](Func`1 task, Func`1 errCallback, Func`1 errMessage)
2026-02-02 11:24:45.090 +08:00 [grpcservice] [Warning] SkyApm.Transport.Grpc.ConnectionManager : Connection state changed. Status(StatusCode="Unavailable", Detail="Error connecting to subchannel.", DebugException="System.Net.Sockets.SocketException: 由于目标计算机积极拒绝，无法连接。")
2026-02-02 11:24:57.161 +08:00 [grpcservice] [Information] SkyApm.Transport.Grpc.ConnectionManager : Shutdown connection[127.0.0.1:11800].
2026-02-02 11:24:57.161 +08:00 [grpcservice] [Information] SkyApm.Transport.Grpc.ConnectionManager : Connected server[127.0.0.1:11800].
2026-02-02 11:25:14.202 +08:00 [grpcservice] [Error] SkyApm.Transport.Grpc.V8.ServiceRegister : Report service instance properties fail.
Grpc.Core.RpcException: Status(StatusCode="Unavailable", Detail="Error connecting to subchannel.", DebugException="System.Net.Sockets.SocketException: 由于目标计算机积极拒绝，无法连接。")
 ---> System.Net.Sockets.SocketException (10061): 由于目标计算机积极拒绝，无法连接。
   at System.Net.Sockets.Socket.AwaitableSocketAsyncEventArgs.ThrowException(SocketError error, CancellationToken cancellationToken)
   at System.Net.Sockets.Socket.AwaitableSocketAsyncEventArgs.System.Threading.Tasks.Sources.IValueTaskSource.GetResult(Int16 token)
   at System.Net.Sockets.Socket.<ConnectAsync>g__WaitForConnectWithCancellation|285_0(AwaitableSocketAsyncEventArgs saea, ValueTask connectTask, CancellationToken cancellationToken)
   at Grpc.Net.Client.Balancer.Internal.SocketConnectivitySubchannelTransport.TryConnectAsync(ConnectContext context, Int32 attempt)
   --- End of inner exception stack trace ---
   at Grpc.Net.Client.Balancer.Internal.ConnectionManager.PickAsync(PickContext context, Boolean waitForReady, CancellationToken cancellationToken)
   at Grpc.Net.Client.Balancer.Internal.BalancerHttpHandler.SendAsync(HttpRequestMessage request, CancellationToken cancellationToken)
   at Grpc.Net.Client.Internal.GrpcCall`2.RunCall(HttpRequestMessage request, Nullable`1 timeout)
   at Grpc.Net.Client.Internal.GrpcCall`2.GetResponseHeadersCoreAsync()
   at SkyApm.Transport.Grpc.V8.ServiceRegister.<>c__DisplayClass9_0.<<ReportInstancePropertiesAsync>b__0>d.MoveNext()
--- End of stack trace from previous location ---
   at SkyApm.Transport.Grpc.Common.Call.Execute[T](Func`1 task, Func`1 errCallback, Func`1 errMessage)
2026-02-02 11:25:14.202 +08:00 [grpcservice] [Warning] SkyApm.Transport.Grpc.ConnectionManager : Connection state changed. Status(StatusCode="Unavailable", Detail="Error connecting to subchannel.", DebugException="System.Net.Sockets.SocketException: 由于目标计算机积极拒绝，无法连接。")
2026-02-02 11:25:27.156 +08:00 [grpcservice] [Information] SkyApm.Transport.Grpc.ConnectionManager : Shutdown connection[127.0.0.1:11800].
2026-02-02 11:25:27.156 +08:00 [grpcservice] [Information] SkyApm.Transport.Grpc.ConnectionManager : Connected server[127.0.0.1:11800].
2026-02-02 11:29:05.478 +08:00 [grpcservice] [Information] SkyApm.InstrumentStartup : Initializing ...
2026-02-02 11:29:05.514 +08:00 [grpcservice] [Information] SkyApm.Service.RegisterService : Loaded instrument service [SkyApm.Service.RegisterService].
2026-02-02 11:29:05.515 +08:00 [grpcservice] [Information] SkyApm.Service.LogReportService : Loaded instrument service [SkyApm.Service.LogReportService].
2026-02-02 11:29:05.515 +08:00 [grpcservice] [Information] SkyApm.Service.PingService : Loaded instrument service [SkyApm.Service.PingService].
2026-02-02 11:29:05.515 +08:00 [grpcservice] [Information] SkyApm.Service.SegmentReportService : Loaded instrument service [SkyApm.Service.SegmentReportService].
2026-02-02 11:29:05.515 +08:00 [grpcservice] [Information] SkyApm.Service.CLRStatsService : Loaded instrument service [SkyApm.Service.CLRStatsService].
2026-02-02 11:29:05.515 +08:00 [grpcservice] [Information] SkyApm.Sampling.SimpleCountSamplingInterceptor : Loaded instrument service [SkyApm.Sampling.SimpleCountSamplingInterceptor].
2026-02-02 11:29:05.515 +08:00 [grpcservice] [Information] SkyApm.Transport.Grpc.ConnectService : Loaded instrument service [SkyApm.Transport.Grpc.ConnectService].
2026-02-02 11:29:05.555 +08:00 [grpcservice] [Information] SkyApm.Transport.Grpc.ConnectionManager : Connected server[127.0.0.1:11800].
2026-02-02 11:29:05.562 +08:00 [grpcservice] [Information] SkyApm.Diagnostics.TracingDiagnosticProcessorObserver : Loaded diagnostic listener [HttpHandlerDiagnosticListener].
2026-02-02 11:29:05.563 +08:00 [grpcservice] [Information] SkyApm.InstrumentStartup : Started SkyAPM .NET Core Agent.
2026-02-02 11:29:06.068 +08:00 [grpcservice] [Information] SkyApm.Diagnostics.TracingDiagnosticProcessorObserver : Loaded diagnostic listener [Grpc.Net.Client].
2026-02-02 11:29:08.272 +08:00 [grpcservice] [Error] SkyApm.Transport.Grpc.V8.ServiceRegister : Report service instance properties fail.
Grpc.Core.RpcException: Status(StatusCode="Unavailable", Detail="Error connecting to subchannel.", DebugException="System.Net.Sockets.SocketException: 由于目标计算机积极拒绝，无法连接。")
 ---> System.Net.Sockets.SocketException (10061): 由于目标计算机积极拒绝，无法连接。
   at System.Net.Sockets.Socket.AwaitableSocketAsyncEventArgs.ThrowException(SocketError error, CancellationToken cancellationToken)
   at System.Net.Sockets.Socket.AwaitableSocketAsyncEventArgs.System.Threading.Tasks.Sources.IValueTaskSource.GetResult(Int16 token)
   at System.Net.Sockets.Socket.<ConnectAsync>g__WaitForConnectWithCancellation|285_0(AwaitableSocketAsyncEventArgs saea, ValueTask connectTask, CancellationToken cancellationToken)
   at Grpc.Net.Client.Balancer.Internal.SocketConnectivitySubchannelTransport.TryConnectAsync(ConnectContext context, Int32 attempt)
   --- End of inner exception stack trace ---
   at Grpc.Net.Client.Balancer.Internal.ConnectionManager.PickAsync(PickContext context, Boolean waitForReady, CancellationToken cancellationToken)
   at Grpc.Net.Client.Balancer.Internal.BalancerHttpHandler.SendAsync(HttpRequestMessage request, CancellationToken cancellationToken)
   at Grpc.Net.Client.Internal.GrpcCall`2.RunCall(HttpRequestMessage request, Nullable`1 timeout)
   at Grpc.Net.Client.Internal.GrpcCall`2.GetResponseHeadersCoreAsync()
   at SkyApm.Transport.Grpc.V8.ServiceRegister.<>c__DisplayClass9_0.<<ReportInstancePropertiesAsync>b__0>d.MoveNext()
--- End of stack trace from previous location ---
   at SkyApm.Transport.Grpc.Common.Call.Execute[T](Func`1 task, Func`1 errCallback, Func`1 errMessage)
2026-02-02 11:29:08.273 +08:00 [grpcservice] [Warning] SkyApm.Transport.Grpc.ConnectionManager : Connection state changed. Status(StatusCode="Unavailable", Detail="Error connecting to subchannel.", DebugException="System.Net.Sockets.SocketException: 由于目标计算机积极拒绝，无法连接。")
2026-02-02 11:29:20.535 +08:00 [grpcservice] [Information] SkyApm.Transport.Grpc.ConnectionManager : Shutdown connection[127.0.0.1:11800].
2026-02-02 11:29:20.535 +08:00 [grpcservice] [Information] SkyApm.Transport.Grpc.ConnectionManager : Connected server[127.0.0.1:11800].
2026-02-02 11:29:37.581 +08:00 [grpcservice] [Error] SkyApm.Transport.Grpc.V8.ServiceRegister : Report service instance properties fail.
Grpc.Core.RpcException: Status(StatusCode="Unavailable", Detail="Error connecting to subchannel.", DebugException="System.Net.Sockets.SocketException: 由于目标计算机积极拒绝，无法连接。")
 ---> System.Net.Sockets.SocketException (10061): 由于目标计算机积极拒绝，无法连接。
   at System.Net.Sockets.Socket.AwaitableSocketAsyncEventArgs.ThrowException(SocketError error, CancellationToken cancellationToken)
   at System.Net.Sockets.Socket.AwaitableSocketAsyncEventArgs.System.Threading.Tasks.Sources.IValueTaskSource.GetResult(Int16 token)
   at System.Net.Sockets.Socket.<ConnectAsync>g__WaitForConnectWithCancellation|285_0(AwaitableSocketAsyncEventArgs saea, ValueTask connectTask, CancellationToken cancellationToken)
   at Grpc.Net.Client.Balancer.Internal.SocketConnectivitySubchannelTransport.TryConnectAsync(ConnectContext context, Int32 attempt)
   --- End of inner exception stack trace ---
   at Grpc.Net.Client.Balancer.Internal.ConnectionManager.PickAsync(PickContext context, Boolean waitForReady, CancellationToken cancellationToken)
   at Grpc.Net.Client.Balancer.Internal.BalancerHttpHandler.SendAsync(HttpRequestMessage request, CancellationToken cancellationToken)
   at Grpc.Net.Client.Internal.GrpcCall`2.RunCall(HttpRequestMessage request, Nullable`1 timeout)
   at Grpc.Net.Client.Internal.GrpcCall`2.GetResponseHeadersCoreAsync()
   at SkyApm.Transport.Grpc.V8.ServiceRegister.<>c__DisplayClass9_0.<<ReportInstancePropertiesAsync>b__0>d.MoveNext()
--- End of stack trace from previous location ---
   at SkyApm.Transport.Grpc.Common.Call.Execute[T](Func`1 task, Func`1 errCallback, Func`1 errMessage)
2026-02-02 11:29:37.581 +08:00 [grpcservice] [Warning] SkyApm.Transport.Grpc.ConnectionManager : Connection state changed. Status(StatusCode="Unavailable", Detail="Error connecting to subchannel.", DebugException="System.Net.Sockets.SocketException: 由于目标计算机积极拒绝，无法连接。")
2026-02-02 11:29:50.520 +08:00 [grpcservice] [Information] SkyApm.Transport.Grpc.ConnectionManager : Shutdown connection[127.0.0.1:11800].
2026-02-02 11:29:50.520 +08:00 [grpcservice] [Information] SkyApm.Transport.Grpc.ConnectionManager : Connected server[127.0.0.1:11800].
2026-02-02 11:30:07.559 +08:00 [grpcservice] [Error] SkyApm.Transport.Grpc.V8.ServiceRegister : Report service instance properties fail.
Grpc.Core.RpcException: Status(StatusCode="Unavailable", Detail="Error connecting to subchannel.", DebugException="System.Net.Sockets.SocketException: 由于目标计算机积极拒绝，无法连接。")
 ---> System.Net.Sockets.SocketException (10061): 由于目标计算机积极拒绝，无法连接。
   at System.Net.Sockets.Socket.AwaitableSocketAsyncEventArgs.ThrowException(SocketError error, CancellationToken cancellationToken)
   at System.Net.Sockets.Socket.AwaitableSocketAsyncEventArgs.System.Threading.Tasks.Sources.IValueTaskSource.GetResult(Int16 token)
   at System.Net.Sockets.Socket.<ConnectAsync>g__WaitForConnectWithCancellation|285_0(AwaitableSocketAsyncEventArgs saea, ValueTask connectTask, CancellationToken cancellationToken)
   at Grpc.Net.Client.Balancer.Internal.SocketConnectivitySubchannelTransport.TryConnectAsync(ConnectContext context, Int32 attempt)
   --- End of inner exception stack trace ---
   at Grpc.Net.Client.Balancer.Internal.ConnectionManager.PickAsync(PickContext context, Boolean waitForReady, CancellationToken cancellationToken)
   at Grpc.Net.Client.Balancer.Internal.BalancerHttpHandler.SendAsync(HttpRequestMessage request, CancellationToken cancellationToken)
   at Grpc.Net.Client.Internal.GrpcCall`2.RunCall(HttpRequestMessage request, Nullable`1 timeout)
   at Grpc.Net.Client.Internal.GrpcCall`2.GetResponseHeadersCoreAsync()
   at SkyApm.Transport.Grpc.V8.ServiceRegister.<>c__DisplayClass9_0.<<ReportInstancePropertiesAsync>b__0>d.MoveNext()
--- End of stack trace from previous location ---
   at SkyApm.Transport.Grpc.Common.Call.Execute[T](Func`1 task, Func`1 errCallback, Func`1 errMessage)
2026-02-02 11:30:07.559 +08:00 [grpcservice] [Warning] SkyApm.Transport.Grpc.ConnectionManager : Connection state changed. Status(StatusCode="Unavailable", Detail="Error connecting to subchannel.", DebugException="System.Net.Sockets.SocketException: 由于目标计算机积极拒绝，无法连接。")
2026-02-02 11:30:20.520 +08:00 [grpcservice] [Information] SkyApm.Transport.Grpc.ConnectionManager : Shutdown connection[127.0.0.1:11800].
2026-02-02 11:30:20.521 +08:00 [grpcservice] [Information] SkyApm.Transport.Grpc.ConnectionManager : Connected server[127.0.0.1:11800].
2026-02-02 11:30:37.559 +08:00 [grpcservice] [Error] SkyApm.Transport.Grpc.V8.ServiceRegister : Report service instance properties fail.
Grpc.Core.RpcException: Status(StatusCode="Unavailable", Detail="Error connecting to subchannel.", DebugException="System.Net.Sockets.SocketException: 由于目标计算机积极拒绝，无法连接。")
 ---> System.Net.Sockets.SocketException (10061): 由于目标计算机积极拒绝，无法连接。
   at System.Net.Sockets.Socket.AwaitableSocketAsyncEventArgs.ThrowException(SocketError error, CancellationToken cancellationToken)
   at System.Net.Sockets.Socket.AwaitableSocketAsyncEventArgs.System.Threading.Tasks.Sources.IValueTaskSource.GetResult(Int16 token)
   at System.Net.Sockets.Socket.<ConnectAsync>g__WaitForConnectWithCancellation|285_0(AwaitableSocketAsyncEventArgs saea, ValueTask connectTask, CancellationToken cancellationToken)
   at Grpc.Net.Client.Balancer.Internal.SocketConnectivitySubchannelTransport.TryConnectAsync(ConnectContext context, Int32 attempt)
   --- End of inner exception stack trace ---
   at Grpc.Net.Client.Balancer.Internal.ConnectionManager.PickAsync(PickContext context, Boolean waitForReady, CancellationToken cancellationToken)
   at Grpc.Net.Client.Balancer.Internal.BalancerHttpHandler.SendAsync(HttpRequestMessage request, CancellationToken cancellationToken)
   at Grpc.Net.Client.Internal.GrpcCall`2.RunCall(HttpRequestMessage request, Nullable`1 timeout)
   at Grpc.Net.Client.Internal.GrpcCall`2.GetResponseHeadersCoreAsync()
   at SkyApm.Transport.Grpc.V8.ServiceRegister.<>c__DisplayClass9_0.<<ReportInstancePropertiesAsync>b__0>d.MoveNext()
--- End of stack trace from previous location ---
   at SkyApm.Transport.Grpc.Common.Call.Execute[T](Func`1 task, Func`1 errCallback, Func`1 errMessage)
2026-02-02 11:30:37.559 +08:00 [grpcservice] [Warning] SkyApm.Transport.Grpc.ConnectionManager : Connection state changed. Status(StatusCode="Unavailable", Detail="Error connecting to subchannel.", DebugException="System.Net.Sockets.SocketException: 由于目标计算机积极拒绝，无法连接。")
2026-02-02 11:30:50.516 +08:00 [grpcservice] [Information] SkyApm.Transport.Grpc.ConnectionManager : Shutdown connection[127.0.0.1:11800].
2026-02-02 11:30:50.516 +08:00 [grpcservice] [Information] SkyApm.Transport.Grpc.ConnectionManager : Connected server[127.0.0.1:11800].
2026-02-02 11:31:07.569 +08:00 [grpcservice] [Error] SkyApm.Transport.Grpc.V8.ServiceRegister : Report service instance properties fail.
Grpc.Core.RpcException: Status(StatusCode="Unavailable", Detail="Error connecting to subchannel.", DebugException="System.Net.Sockets.SocketException: 由于目标计算机积极拒绝，无法连接。")
 ---> System.Net.Sockets.SocketException (10061): 由于目标计算机积极拒绝，无法连接。
   at System.Net.Sockets.Socket.AwaitableSocketAsyncEventArgs.ThrowException(SocketError error, CancellationToken cancellationToken)
   at System.Net.Sockets.Socket.AwaitableSocketAsyncEventArgs.System.Threading.Tasks.Sources.IValueTaskSource.GetResult(Int16 token)
   at System.Net.Sockets.Socket.<ConnectAsync>g__WaitForConnectWithCancellation|285_0(AwaitableSocketAsyncEventArgs saea, ValueTask connectTask, CancellationToken cancellationToken)
   at Grpc.Net.Client.Balancer.Internal.SocketConnectivitySubchannelTransport.TryConnectAsync(ConnectContext context, Int32 attempt)
   --- End of inner exception stack trace ---
   at Grpc.Net.Client.Balancer.Internal.ConnectionManager.PickAsync(PickContext context, Boolean waitForReady, CancellationToken cancellationToken)
   at Grpc.Net.Client.Balancer.Internal.BalancerHttpHandler.SendAsync(HttpRequestMessage request, CancellationToken cancellationToken)
   at Grpc.Net.Client.Internal.GrpcCall`2.RunCall(HttpRequestMessage request, Nullable`1 timeout)
   at Grpc.Net.Client.Internal.GrpcCall`2.GetResponseHeadersCoreAsync()
   at SkyApm.Transport.Grpc.V8.ServiceRegister.<>c__DisplayClass9_0.<<ReportInstancePropertiesAsync>b__0>d.MoveNext()
--- End of stack trace from previous location ---
   at SkyApm.Transport.Grpc.Common.Call.Execute[T](Func`1 task, Func`1 errCallback, Func`1 errMessage)
2026-02-02 11:31:07.569 +08:00 [grpcservice] [Warning] SkyApm.Transport.Grpc.ConnectionManager : Connection state changed. Status(StatusCode="Unavailable", Detail="Error connecting to subchannel.", DebugException="System.Net.Sockets.SocketException: 由于目标计算机积极拒绝，无法连接。")
2026-02-02 11:31:20.530 +08:00 [grpcservice] [Information] SkyApm.Transport.Grpc.ConnectionManager : Shutdown connection[127.0.0.1:11800].
2026-02-02 11:31:20.531 +08:00 [grpcservice] [Information] SkyApm.Transport.Grpc.ConnectionManager : Connected server[127.0.0.1:11800].
2026-02-02 11:31:37.565 +08:00 [grpcservice] [Error] SkyApm.Transport.Grpc.V8.ServiceRegister : Report service instance properties fail.
Grpc.Core.RpcException: Status(StatusCode="Unavailable", Detail="Error connecting to subchannel.", DebugException="System.Net.Sockets.SocketException: 由于目标计算机积极拒绝，无法连接。")
 ---> System.Net.Sockets.SocketException (10061): 由于目标计算机积极拒绝，无法连接。
   at System.Net.Sockets.Socket.AwaitableSocketAsyncEventArgs.ThrowException(SocketError error, CancellationToken cancellationToken)
   at System.Net.Sockets.Socket.AwaitableSocketAsyncEventArgs.System.Threading.Tasks.Sources.IValueTaskSource.GetResult(Int16 token)
   at System.Net.Sockets.Socket.<ConnectAsync>g__WaitForConnectWithCancellation|285_0(AwaitableSocketAsyncEventArgs saea, ValueTask connectTask, CancellationToken cancellationToken)
   at Grpc.Net.Client.Balancer.Internal.SocketConnectivitySubchannelTransport.TryConnectAsync(ConnectContext context, Int32 attempt)
   --- End of inner exception stack trace ---
   at Grpc.Net.Client.Balancer.Internal.ConnectionManager.PickAsync(PickContext context, Boolean waitForReady, CancellationToken cancellationToken)
   at Grpc.Net.Client.Balancer.Internal.BalancerHttpHandler.SendAsync(HttpRequestMessage request, CancellationToken cancellationToken)
   at Grpc.Net.Client.Internal.GrpcCall`2.RunCall(HttpRequestMessage request, Nullable`1 timeout)
   at Grpc.Net.Client.Internal.GrpcCall`2.GetResponseHeadersCoreAsync()
   at SkyApm.Transport.Grpc.V8.ServiceRegister.<>c__DisplayClass9_0.<<ReportInstancePropertiesAsync>b__0>d.MoveNext()
--- End of stack trace from previous location ---
   at SkyApm.Transport.Grpc.Common.Call.Execute[T](Func`1 task, Func`1 errCallback, Func`1 errMessage)
2026-02-02 11:31:37.565 +08:00 [grpcservice] [Warning] SkyApm.Transport.Grpc.ConnectionManager : Connection state changed. Status(StatusCode="Unavailable", Detail="Error connecting to subchannel.", DebugException="System.Net.Sockets.SocketException: 由于目标计算机积极拒绝，无法连接。")
2026-02-02 11:31:50.528 +08:00 [grpcservice] [Information] SkyApm.Transport.Grpc.ConnectionManager : Shutdown connection[127.0.0.1:11800].
2026-02-02 11:31:50.528 +08:00 [grpcservice] [Information] SkyApm.Transport.Grpc.ConnectionManager : Connected server[127.0.0.1:11800].
2026-02-02 11:32:07.558 +08:00 [grpcservice] [Error] SkyApm.Transport.Grpc.V8.ServiceRegister : Report service instance properties fail.
Grpc.Core.RpcException: Status(StatusCode="Unavailable", Detail="Error connecting to subchannel.", DebugException="System.Net.Sockets.SocketException: 由于目标计算机积极拒绝，无法连接。")
 ---> System.Net.Sockets.SocketException (10061): 由于目标计算机积极拒绝，无法连接。
   at System.Net.Sockets.Socket.AwaitableSocketAsyncEventArgs.ThrowException(SocketError error, CancellationToken cancellationToken)
   at System.Net.Sockets.Socket.AwaitableSocketAsyncEventArgs.System.Threading.Tasks.Sources.IValueTaskSource.GetResult(Int16 token)
   at System.Net.Sockets.Socket.<ConnectAsync>g__WaitForConnectWithCancellation|285_0(AwaitableSocketAsyncEventArgs saea, ValueTask connectTask, CancellationToken cancellationToken)
   at Grpc.Net.Client.Balancer.Internal.SocketConnectivitySubchannelTransport.TryConnectAsync(ConnectContext context, Int32 attempt)
   --- End of inner exception stack trace ---
   at Grpc.Net.Client.Balancer.Internal.ConnectionManager.PickAsync(PickContext context, Boolean waitForReady, CancellationToken cancellationToken)
   at Grpc.Net.Client.Balancer.Internal.BalancerHttpHandler.SendAsync(HttpRequestMessage request, CancellationToken cancellationToken)
   at Grpc.Net.Client.Internal.GrpcCall`2.RunCall(HttpRequestMessage request, Nullable`1 timeout)
   at Grpc.Net.Client.Internal.GrpcCall`2.GetResponseHeadersCoreAsync()
   at SkyApm.Transport.Grpc.V8.ServiceRegister.<>c__DisplayClass9_0.<<ReportInstancePropertiesAsync>b__0>d.MoveNext()
--- End of stack trace from previous location ---
   at SkyApm.Transport.Grpc.Common.Call.Execute[T](Func`1 task, Func`1 errCallback, Func`1 errMessage)
2026-02-02 11:32:07.558 +08:00 [grpcservice] [Warning] SkyApm.Transport.Grpc.ConnectionManager : Connection state changed. Status(StatusCode="Unavailable", Detail="Error connecting to subchannel.", DebugException="System.Net.Sockets.SocketException: 由于目标计算机积极拒绝，无法连接。")
2026-02-02 11:32:20.529 +08:00 [grpcservice] [Information] SkyApm.Transport.Grpc.ConnectionManager : Shutdown connection[127.0.0.1:11800].
2026-02-02 11:32:20.529 +08:00 [grpcservice] [Information] SkyApm.Transport.Grpc.ConnectionManager : Connected server[127.0.0.1:11800].
2026-02-02 11:32:37.561 +08:00 [grpcservice] [Error] SkyApm.Transport.Grpc.V8.ServiceRegister : Report service instance properties fail.
Grpc.Core.RpcException: Status(StatusCode="Unavailable", Detail="Error connecting to subchannel.", DebugException="System.Net.Sockets.SocketException: 由于目标计算机积极拒绝，无法连接。")
 ---> System.Net.Sockets.SocketException (10061): 由于目标计算机积极拒绝，无法连接。
   at System.Net.Sockets.Socket.AwaitableSocketAsyncEventArgs.System.Threading.Tasks.Sources.IValueTaskSource.GetResult(Int16 token)
   at System.Net.Sockets.Socket.<ConnectAsync>g__WaitForConnectWithCancellation|285_0(AwaitableSocketAsyncEventArgs saea, ValueTask connectTask, CancellationToken cancellationToken)
   at Grpc.Net.Client.Balancer.Internal.SocketConnectivitySubchannelTransport.TryConnectAsync(ConnectContext context, Int32 attempt)
   --- End of inner exception stack trace ---
   at Grpc.Net.Client.Balancer.Internal.ConnectionManager.PickAsync(PickContext context, Boolean waitForReady, CancellationToken cancellationToken)
   at Grpc.Net.Client.Balancer.Internal.BalancerHttpHandler.SendAsync(HttpRequestMessage request, CancellationToken cancellationToken)
   at Grpc.Net.Client.Internal.GrpcCall`2.RunCall(HttpRequestMessage request, Nullable`1 timeout)
   at Grpc.Net.Client.Internal.GrpcCall`2.GetResponseHeadersCoreAsync()
   at SkyApm.Transport.Grpc.V8.ServiceRegister.<>c__DisplayClass9_0.<<ReportInstancePropertiesAsync>b__0>d.MoveNext()
--- End of stack trace from previous location ---
   at SkyApm.Transport.Grpc.Common.Call.Execute[T](Func`1 task, Func`1 errCallback, Func`1 errMessage)
2026-02-02 11:32:37.562 +08:00 [grpcservice] [Warning] SkyApm.Transport.Grpc.ConnectionManager : Connection state changed. Status(StatusCode="Unavailable", Detail="Error connecting to subchannel.", DebugException="System.Net.Sockets.SocketException: 由于目标计算机积极拒绝，无法连接。")
2026-02-02 11:33:33.148 +08:00 [grpcservice] [Information] SkyApm.InstrumentStartup : Initializing ...
2026-02-02 11:33:33.277 +08:00 [grpcservice] [Information] SkyApm.Service.RegisterService : Loaded instrument service [SkyApm.Service.RegisterService].
2026-02-02 11:33:33.278 +08:00 [grpcservice] [Information] SkyApm.Service.LogReportService : Loaded instrument service [SkyApm.Service.LogReportService].
2026-02-02 11:33:33.279 +08:00 [grpcservice] [Information] SkyApm.Service.PingService : Loaded instrument service [SkyApm.Service.PingService].
2026-02-02 11:33:33.279 +08:00 [grpcservice] [Information] SkyApm.Service.SegmentReportService : Loaded instrument service [SkyApm.Service.SegmentReportService].
2026-02-02 11:33:33.279 +08:00 [grpcservice] [Information] SkyApm.Service.CLRStatsService : Loaded instrument service [SkyApm.Service.CLRStatsService].
2026-02-02 11:33:33.279 +08:00 [grpcservice] [Information] SkyApm.Sampling.SimpleCountSamplingInterceptor : Loaded instrument service [SkyApm.Sampling.SimpleCountSamplingInterceptor].
2026-02-02 11:33:33.282 +08:00 [grpcservice] [Information] SkyApm.Transport.Grpc.ConnectService : Loaded instrument service [SkyApm.Transport.Grpc.ConnectService].
2026-02-02 11:33:33.394 +08:00 [grpcservice] [Information] SkyApm.Transport.Grpc.ConnectionManager : Connected server[127.0.0.1:11800].
2026-02-02 11:33:33.417 +08:00 [grpcservice] [Information] SkyApm.Diagnostics.TracingDiagnosticProcessorObserver : Loaded diagnostic listener [HttpHandlerDiagnosticListener].
2026-02-02 11:33:33.418 +08:00 [grpcservice] [Information] SkyApm.InstrumentStartup : Started SkyAPM .NET Core Agent.
2026-02-02 11:33:33.933 +08:00 [grpcservice] [Information] SkyApm.Diagnostics.TracingDiagnosticProcessorObserver : Loaded diagnostic listener [Grpc.Net.Client].
2026-02-02 11:33:36.102 +08:00 [grpcservice] [Error] SkyApm.Transport.Grpc.V8.ServiceRegister : Report service instance properties fail.
Grpc.Core.RpcException: Status(StatusCode="Unavailable", Detail="Error connecting to subchannel.", DebugException="System.Net.Sockets.SocketException: 由于目标计算机积极拒绝，无法连接。")
 ---> System.Net.Sockets.SocketException (10061): 由于目标计算机积极拒绝，无法连接。
   at System.Net.Sockets.Socket.AwaitableSocketAsyncEventArgs.ThrowException(SocketError error, CancellationToken cancellationToken)
   at System.Net.Sockets.Socket.AwaitableSocketAsyncEventArgs.System.Threading.Tasks.Sources.IValueTaskSource.GetResult(Int16 token)
   at System.Net.Sockets.Socket.<ConnectAsync>g__WaitForConnectWithCancellation|285_0(AwaitableSocketAsyncEventArgs saea, ValueTask connectTask, CancellationToken cancellationToken)
   at Grpc.Net.Client.Balancer.Internal.SocketConnectivitySubchannelTransport.TryConnectAsync(ConnectContext context, Int32 attempt)
   --- End of inner exception stack trace ---
   at Grpc.Net.Client.Balancer.Internal.ConnectionManager.PickAsync(PickContext context, Boolean waitForReady, CancellationToken cancellationToken)
   at Grpc.Net.Client.Balancer.Internal.BalancerHttpHandler.SendAsync(HttpRequestMessage request, CancellationToken cancellationToken)
   at Grpc.Net.Client.Internal.GrpcCall`2.RunCall(HttpRequestMessage request, Nullable`1 timeout)
   at Grpc.Net.Client.Internal.GrpcCall`2.GetResponseHeadersCoreAsync()
   at SkyApm.Transport.Grpc.V8.ServiceRegister.<>c__DisplayClass9_0.<<ReportInstancePropertiesAsync>b__0>d.MoveNext()
--- End of stack trace from previous location ---
   at SkyApm.Transport.Grpc.Common.Call.Execute[T](Func`1 task, Func`1 errCallback, Func`1 errMessage)
2026-02-02 11:33:36.103 +08:00 [grpcservice] [Warning] SkyApm.Transport.Grpc.ConnectionManager : Connection state changed. Status(StatusCode="Unavailable", Detail="Error connecting to subchannel.", DebugException="System.Net.Sockets.SocketException: 由于目标计算机积极拒绝，无法连接。")
2026-02-02 11:53:16.637 +08:00 [grpcservice] [Information] SkyApm.InstrumentStartup : Initializing ...
2026-02-02 11:53:16.702 +08:00 [grpcservice] [Information] SkyApm.Service.RegisterService : Loaded instrument service [SkyApm.Service.RegisterService].
2026-02-02 11:53:16.702 +08:00 [grpcservice] [Information] SkyApm.Service.LogReportService : Loaded instrument service [SkyApm.Service.LogReportService].
2026-02-02 11:53:16.702 +08:00 [grpcservice] [Information] SkyApm.Service.PingService : Loaded instrument service [SkyApm.Service.PingService].
2026-02-02 11:53:16.703 +08:00 [grpcservice] [Information] SkyApm.Service.SegmentReportService : Loaded instrument service [SkyApm.Service.SegmentReportService].
2026-02-02 11:53:16.703 +08:00 [grpcservice] [Information] SkyApm.Service.CLRStatsService : Loaded instrument service [SkyApm.Service.CLRStatsService].
2026-02-02 11:53:16.703 +08:00 [grpcservice] [Information] SkyApm.Sampling.SimpleCountSamplingInterceptor : Loaded instrument service [SkyApm.Sampling.SimpleCountSamplingInterceptor].
2026-02-02 11:53:16.703 +08:00 [grpcservice] [Information] SkyApm.Transport.Grpc.ConnectService : Loaded instrument service [SkyApm.Transport.Grpc.ConnectService].
2026-02-02 11:53:16.751 +08:00 [grpcservice] [Information] SkyApm.Transport.Grpc.ConnectionManager : Connected server[127.0.0.1:11800].
2026-02-02 11:53:16.759 +08:00 [grpcservice] [Information] SkyApm.Diagnostics.TracingDiagnosticProcessorObserver : Loaded diagnostic listener [HttpHandlerDiagnosticListener].
2026-02-02 11:53:16.760 +08:00 [grpcservice] [Information] SkyApm.InstrumentStartup : Started SkyAPM .NET Core Agent.
2026-02-02 11:53:17.265 +08:00 [grpcservice] [Information] SkyApm.Diagnostics.TracingDiagnosticProcessorObserver : Loaded diagnostic listener [Grpc.Net.Client].
2026-02-02 11:53:19.397 +08:00 [grpcservice] [Error] SkyApm.Transport.Grpc.V8.ServiceRegister : Report service instance properties fail.
Grpc.Core.RpcException: Status(StatusCode="Unavailable", Detail="Error connecting to subchannel.", DebugException="System.Net.Sockets.SocketException: 由于目标计算机积极拒绝，无法连接。")
 ---> System.Net.Sockets.SocketException (10061): 由于目标计算机积极拒绝，无法连接。
   at System.Net.Sockets.Socket.AwaitableSocketAsyncEventArgs.ThrowException(SocketError error, CancellationToken cancellationToken)
   at System.Net.Sockets.Socket.AwaitableSocketAsyncEventArgs.System.Threading.Tasks.Sources.IValueTaskSource.GetResult(Int16 token)
   at System.Net.Sockets.Socket.<ConnectAsync>g__WaitForConnectWithCancellation|285_0(AwaitableSocketAsyncEventArgs saea, ValueTask connectTask, CancellationToken cancellationToken)
   at Grpc.Net.Client.Balancer.Internal.SocketConnectivitySubchannelTransport.TryConnectAsync(ConnectContext context, Int32 attempt)
   --- End of inner exception stack trace ---
   at Grpc.Net.Client.Balancer.Internal.ConnectionManager.PickAsync(PickContext context, Boolean waitForReady, CancellationToken cancellationToken)
   at Grpc.Net.Client.Balancer.Internal.BalancerHttpHandler.SendAsync(HttpRequestMessage request, CancellationToken cancellationToken)
   at Grpc.Net.Client.Internal.GrpcCall`2.RunCall(HttpRequestMessage request, Nullable`1 timeout)
   at Grpc.Net.Client.Internal.GrpcCall`2.GetResponseHeadersCoreAsync()
   at SkyApm.Transport.Grpc.V8.ServiceRegister.<>c__DisplayClass9_0.<<ReportInstancePropertiesAsync>b__0>d.MoveNext()
--- End of stack trace from previous location ---
   at SkyApm.Transport.Grpc.Common.Call.Execute[T](Func`1 task, Func`1 errCallback, Func`1 errMessage)
2026-02-02 11:53:19.397 +08:00 [grpcservice] [Warning] SkyApm.Transport.Grpc.ConnectionManager : Connection state changed. Status(StatusCode="Unavailable", Detail="Error connecting to subchannel.", DebugException="System.Net.Sockets.SocketException: 由于目标计算机积极拒绝，无法连接。")
2026-02-02 11:53:31.708 +08:00 [grpcservice] [Information] SkyApm.Transport.Grpc.ConnectionManager : Shutdown connection[127.0.0.1:11800].
2026-02-02 11:53:31.709 +08:00 [grpcservice] [Information] SkyApm.Transport.Grpc.ConnectionManager : Connected server[127.0.0.1:11800].
2026-02-02 11:53:51.818 +08:00 [grpcservice] [Error] SkyApm.Transport.Grpc.V8.ServiceRegister : Report service instance properties fail.
Grpc.Core.RpcException: Status(StatusCode="Unavailable", Detail="Error connecting to subchannel.", DebugException="System.Net.Sockets.SocketException: 由于目标计算机积极拒绝，无法连接。")
 ---> System.Net.Sockets.SocketException (10061): 由于目标计算机积极拒绝，无法连接。
   at System.Net.Sockets.Socket.AwaitableSocketAsyncEventArgs.ThrowException(SocketError error, CancellationToken cancellationToken)
   at System.Net.Sockets.Socket.AwaitableSocketAsyncEventArgs.System.Threading.Tasks.Sources.IValueTaskSource.GetResult(Int16 token)
   at System.Net.Sockets.Socket.<ConnectAsync>g__WaitForConnectWithCancellation|285_0(AwaitableSocketAsyncEventArgs saea, ValueTask connectTask, CancellationToken cancellationToken)
   at Grpc.Net.Client.Balancer.Internal.SocketConnectivitySubchannelTransport.TryConnectAsync(ConnectContext context, Int32 attempt)
   --- End of inner exception stack trace ---
   at Grpc.Net.Client.Balancer.Internal.ConnectionManager.PickAsync(PickContext context, Boolean waitForReady, CancellationToken cancellationToken)
   at Grpc.Net.Client.Balancer.Internal.BalancerHttpHandler.SendAsync(HttpRequestMessage request, CancellationToken cancellationToken)
   at Grpc.Net.Client.Internal.GrpcCall`2.RunCall(HttpRequestMessage request, Nullable`1 timeout)
   at Grpc.Net.Client.Internal.GrpcCall`2.GetResponseHeadersCoreAsync()
   at SkyApm.Transport.Grpc.V8.ServiceRegister.<>c__DisplayClass9_0.<<ReportInstancePropertiesAsync>b__0>d.MoveNext()
--- End of stack trace from previous location ---
   at SkyApm.Transport.Grpc.Common.Call.Execute[T](Func`1 task, Func`1 errCallback, Func`1 errMessage)
2026-02-02 11:53:51.819 +08:00 [grpcservice] [Warning] SkyApm.Transport.Grpc.ConnectionManager : Connection state changed. Status(StatusCode="Unavailable", Detail="Error connecting to subchannel.", DebugException="System.Net.Sockets.SocketException: 由于目标计算机积极拒绝，无法连接。")
2026-02-02 11:54:01.710 +08:00 [grpcservice] [Information] SkyApm.Transport.Grpc.ConnectionManager : Shutdown connection[127.0.0.1:11800].
2026-02-02 11:54:01.710 +08:00 [grpcservice] [Information] SkyApm.Transport.Grpc.ConnectionManager : Connected server[127.0.0.1:11800].
2026-02-02 11:54:18.757 +08:00 [grpcservice] [Error] SkyApm.Transport.Grpc.V8.ServiceRegister : Report service instance properties fail.
Grpc.Core.RpcException: Status(StatusCode="Unavailable", Detail="Error connecting to subchannel.", DebugException="System.Net.Sockets.SocketException: 由于目标计算机积极拒绝，无法连接。")
 ---> System.Net.Sockets.SocketException (10061): 由于目标计算机积极拒绝，无法连接。
   at System.Net.Sockets.Socket.AwaitableSocketAsyncEventArgs.ThrowException(SocketError error, CancellationToken cancellationToken)
   at System.Net.Sockets.Socket.AwaitableSocketAsyncEventArgs.System.Threading.Tasks.Sources.IValueTaskSource.GetResult(Int16 token)
   at System.Net.Sockets.Socket.<ConnectAsync>g__WaitForConnectWithCancellation|285_0(AwaitableSocketAsyncEventArgs saea, ValueTask connectTask, CancellationToken cancellationToken)
   at Grpc.Net.Client.Balancer.Internal.SocketConnectivitySubchannelTransport.TryConnectAsync(ConnectContext context, Int32 attempt)
   --- End of inner exception stack trace ---
   at Grpc.Net.Client.Balancer.Internal.ConnectionManager.PickAsync(PickContext context, Boolean waitForReady, CancellationToken cancellationToken)
   at Grpc.Net.Client.Balancer.Internal.BalancerHttpHandler.SendAsync(HttpRequestMessage request, CancellationToken cancellationToken)
   at Grpc.Net.Client.Internal.GrpcCall`2.RunCall(HttpRequestMessage request, Nullable`1 timeout)
   at Grpc.Net.Client.Internal.GrpcCall`2.GetResponseHeadersCoreAsync()
   at SkyApm.Transport.Grpc.V8.ServiceRegister.<>c__DisplayClass9_0.<<ReportInstancePropertiesAsync>b__0>d.MoveNext()
--- End of stack trace from previous location ---
   at SkyApm.Transport.Grpc.Common.Call.Execute[T](Func`1 task, Func`1 errCallback, Func`1 errMessage)
2026-02-02 11:54:18.757 +08:00 [grpcservice] [Warning] SkyApm.Transport.Grpc.ConnectionManager : Connection state changed. Status(StatusCode="Unavailable", Detail="Error connecting to subchannel.", DebugException="System.Net.Sockets.SocketException: 由于目标计算机积极拒绝，无法连接。")
2026-02-02 11:54:31.706 +08:00 [grpcservice] [Information] SkyApm.Transport.Grpc.ConnectionManager : Shutdown connection[127.0.0.1:11800].
2026-02-02 11:54:31.707 +08:00 [grpcservice] [Information] SkyApm.Transport.Grpc.ConnectionManager : Connected server[127.0.0.1:11800].
2026-02-02 11:54:48.747 +08:00 [grpcservice] [Error] SkyApm.Transport.Grpc.V8.ServiceRegister : Report service instance properties fail.
Grpc.Core.RpcException: Status(StatusCode="Unavailable", Detail="Error connecting to subchannel.", DebugException="System.Net.Sockets.SocketException: 由于目标计算机积极拒绝，无法连接。")
 ---> System.Net.Sockets.SocketException (10061): 由于目标计算机积极拒绝，无法连接。
   at System.Net.Sockets.Socket.AwaitableSocketAsyncEventArgs.ThrowException(SocketError error, CancellationToken cancellationToken)
   at System.Net.Sockets.Socket.AwaitableSocketAsyncEventArgs.System.Threading.Tasks.Sources.IValueTaskSource.GetResult(Int16 token)
   at System.Net.Sockets.Socket.<ConnectAsync>g__WaitForConnectWithCancellation|285_0(AwaitableSocketAsyncEventArgs saea, ValueTask connectTask, CancellationToken cancellationToken)
   at Grpc.Net.Client.Balancer.Internal.SocketConnectivitySubchannelTransport.TryConnectAsync(ConnectContext context, Int32 attempt)
   --- End of inner exception stack trace ---
   at Grpc.Net.Client.Balancer.Internal.ConnectionManager.PickAsync(PickContext context, Boolean waitForReady, CancellationToken cancellationToken)
   at Grpc.Net.Client.Balancer.Internal.BalancerHttpHandler.SendAsync(HttpRequestMessage request, CancellationToken cancellationToken)
   at Grpc.Net.Client.Internal.GrpcCall`2.RunCall(HttpRequestMessage request, Nullable`1 timeout)
   at Grpc.Net.Client.Internal.GrpcCall`2.GetResponseHeadersCoreAsync()
   at SkyApm.Transport.Grpc.V8.ServiceRegister.<>c__DisplayClass9_0.<<ReportInstancePropertiesAsync>b__0>d.MoveNext()
--- End of stack trace from previous location ---
   at SkyApm.Transport.Grpc.Common.Call.Execute[T](Func`1 task, Func`1 errCallback, Func`1 errMessage)
2026-02-02 11:54:48.747 +08:00 [grpcservice] [Warning] SkyApm.Transport.Grpc.ConnectionManager : Connection state changed. Status(StatusCode="Unavailable", Detail="Error connecting to subchannel.", DebugException="System.Net.Sockets.SocketException: 由于目标计算机积极拒绝，无法连接。")
2026-02-02 11:55:01.712 +08:00 [grpcservice] [Information] SkyApm.Transport.Grpc.ConnectionManager : Shutdown connection[127.0.0.1:11800].
2026-02-02 11:55:01.712 +08:00 [grpcservice] [Information] SkyApm.Transport.Grpc.ConnectionManager : Connected server[127.0.0.1:11800].
2026-02-02 11:55:18.761 +08:00 [grpcservice] [Error] SkyApm.Transport.Grpc.V8.ServiceRegister : Report service instance properties fail.
Grpc.Core.RpcException: Status(StatusCode="Unavailable", Detail="Error connecting to subchannel.", DebugException="System.Net.Sockets.SocketException: 由于目标计算机积极拒绝，无法连接。")
 ---> System.Net.Sockets.SocketException (10061): 由于目标计算机积极拒绝，无法连接。
   at System.Net.Sockets.Socket.AwaitableSocketAsyncEventArgs.ThrowException(SocketError error, CancellationToken cancellationToken)
   at System.Net.Sockets.Socket.AwaitableSocketAsyncEventArgs.System.Threading.Tasks.Sources.IValueTaskSource.GetResult(Int16 token)
   at System.Net.Sockets.Socket.<ConnectAsync>g__WaitForConnectWithCancellation|285_0(AwaitableSocketAsyncEventArgs saea, ValueTask connectTask, CancellationToken cancellationToken)
   at Grpc.Net.Client.Balancer.Internal.SocketConnectivitySubchannelTransport.TryConnectAsync(ConnectContext context, Int32 attempt)
   --- End of inner exception stack trace ---
   at Grpc.Net.Client.Balancer.Internal.ConnectionManager.PickAsync(PickContext context, Boolean waitForReady, CancellationToken cancellationToken)
   at Grpc.Net.Client.Balancer.Internal.BalancerHttpHandler.SendAsync(HttpRequestMessage request, CancellationToken cancellationToken)
   at Grpc.Net.Client.Internal.GrpcCall`2.RunCall(HttpRequestMessage request, Nullable`1 timeout)
   at Grpc.Net.Client.Internal.GrpcCall`2.GetResponseHeadersCoreAsync()
   at SkyApm.Transport.Grpc.V8.ServiceRegister.<>c__DisplayClass9_0.<<ReportInstancePropertiesAsync>b__0>d.MoveNext()
--- End of stack trace from previous location ---
   at SkyApm.Transport.Grpc.Common.Call.Execute[T](Func`1 task, Func`1 errCallback, Func`1 errMessage)
2026-02-02 11:55:18.762 +08:00 [grpcservice] [Warning] SkyApm.Transport.Grpc.ConnectionManager : Connection state changed. Status(StatusCode="Unavailable", Detail="Error connecting to subchannel.", DebugException="System.Net.Sockets.SocketException: 由于目标计算机积极拒绝，无法连接。")
2026-02-02 11:55:31.705 +08:00 [grpcservice] [Information] SkyApm.Transport.Grpc.ConnectionManager : Shutdown connection[127.0.0.1:11800].
2026-02-02 11:55:31.706 +08:00 [grpcservice] [Information] SkyApm.Transport.Grpc.ConnectionManager : Connected server[127.0.0.1:11800].
2026-02-02 11:55:48.734 +08:00 [grpcservice] [Error] SkyApm.Transport.Grpc.V8.ServiceRegister : Report service instance properties fail.
Grpc.Core.RpcException: Status(StatusCode="Unavailable", Detail="Error connecting to subchannel.", DebugException="System.Net.Sockets.SocketException: 由于目标计算机积极拒绝，无法连接。")
 ---> System.Net.Sockets.SocketException (10061): 由于目标计算机积极拒绝，无法连接。
   at System.Net.Sockets.Socket.AwaitableSocketAsyncEventArgs.ThrowException(SocketError error, CancellationToken cancellationToken)
   at System.Net.Sockets.Socket.AwaitableSocketAsyncEventArgs.System.Threading.Tasks.Sources.IValueTaskSource.GetResult(Int16 token)
   at System.Net.Sockets.Socket.<ConnectAsync>g__WaitForConnectWithCancellation|285_0(AwaitableSocketAsyncEventArgs saea, ValueTask connectTask, CancellationToken cancellationToken)
   at Grpc.Net.Client.Balancer.Internal.SocketConnectivitySubchannelTransport.TryConnectAsync(ConnectContext context, Int32 attempt)
   --- End of inner exception stack trace ---
   at Grpc.Net.Client.Balancer.Internal.ConnectionManager.PickAsync(PickContext context, Boolean waitForReady, CancellationToken cancellationToken)
   at Grpc.Net.Client.Balancer.Internal.BalancerHttpHandler.SendAsync(HttpRequestMessage request, CancellationToken cancellationToken)
   at Grpc.Net.Client.Internal.GrpcCall`2.RunCall(HttpRequestMessage request, Nullable`1 timeout)
   at Grpc.Net.Client.Internal.GrpcCall`2.GetResponseHeadersCoreAsync()
   at SkyApm.Transport.Grpc.V8.ServiceRegister.<>c__DisplayClass9_0.<<ReportInstancePropertiesAsync>b__0>d.MoveNext()
--- End of stack trace from previous location ---
   at SkyApm.Transport.Grpc.Common.Call.Execute[T](Func`1 task, Func`1 errCallback, Func`1 errMessage)
2026-02-02 11:55:48.735 +08:00 [grpcservice] [Warning] SkyApm.Transport.Grpc.ConnectionManager : Connection state changed. Status(StatusCode="Unavailable", Detail="Error connecting to subchannel.", DebugException="System.Net.Sockets.SocketException: 由于目标计算机积极拒绝，无法连接。")
2026-02-02 11:56:01.715 +08:00 [grpcservice] [Information] SkyApm.Transport.Grpc.ConnectionManager : Shutdown connection[127.0.0.1:11800].
2026-02-02 11:56:01.716 +08:00 [grpcservice] [Information] SkyApm.Transport.Grpc.ConnectionManager : Connected server[127.0.0.1:11800].
2026-02-02 11:56:18.744 +08:00 [grpcservice] [Error] SkyApm.Transport.Grpc.V8.ServiceRegister : Report service instance properties fail.
Grpc.Core.RpcException: Status(StatusCode="Unavailable", Detail="Error connecting to subchannel.", DebugException="System.Net.Sockets.SocketException: 由于目标计算机积极拒绝，无法连接。")
 ---> System.Net.Sockets.SocketException (10061): 由于目标计算机积极拒绝，无法连接。
   at System.Net.Sockets.Socket.AwaitableSocketAsyncEventArgs.ThrowException(SocketError error, CancellationToken cancellationToken)
   at System.Net.Sockets.Socket.AwaitableSocketAsyncEventArgs.System.Threading.Tasks.Sources.IValueTaskSource.GetResult(Int16 token)
   at System.Net.Sockets.Socket.<ConnectAsync>g__WaitForConnectWithCancellation|285_0(AwaitableSocketAsyncEventArgs saea, ValueTask connectTask, CancellationToken cancellationToken)
   at Grpc.Net.Client.Balancer.Internal.SocketConnectivitySubchannelTransport.TryConnectAsync(ConnectContext context, Int32 attempt)
   --- End of inner exception stack trace ---
   at Grpc.Net.Client.Balancer.Internal.ConnectionManager.PickAsync(PickContext context, Boolean waitForReady, CancellationToken cancellationToken)
   at Grpc.Net.Client.Balancer.Internal.BalancerHttpHandler.SendAsync(HttpRequestMessage request, CancellationToken cancellationToken)
   at Grpc.Net.Client.Internal.GrpcCall`2.RunCall(HttpRequestMessage request, Nullable`1 timeout)
   at Grpc.Net.Client.Internal.GrpcCall`2.GetResponseHeadersCoreAsync()
   at SkyApm.Transport.Grpc.V8.ServiceRegister.<>c__DisplayClass9_0.<<ReportInstancePropertiesAsync>b__0>d.MoveNext()
--- End of stack trace from previous location ---
   at SkyApm.Transport.Grpc.Common.Call.Execute[T](Func`1 task, Func`1 errCallback, Func`1 errMessage)
2026-02-02 11:56:18.744 +08:00 [grpcservice] [Warning] SkyApm.Transport.Grpc.ConnectionManager : Connection state changed. Status(StatusCode="Unavailable", Detail="Error connecting to subchannel.", DebugException="System.Net.Sockets.SocketException: 由于目标计算机积极拒绝，无法连接。")
2026-02-02 11:56:31.713 +08:00 [grpcservice] [Information] SkyApm.Transport.Grpc.ConnectionManager : Shutdown connection[127.0.0.1:11800].
2026-02-02 11:56:31.713 +08:00 [grpcservice] [Information] SkyApm.Transport.Grpc.ConnectionManager : Connected server[127.0.0.1:11800].
2026-02-02 11:56:48.741 +08:00 [grpcservice] [Error] SkyApm.Transport.Grpc.V8.ServiceRegister : Report service instance properties fail.
Grpc.Core.RpcException: Status(StatusCode="Unavailable", Detail="Error connecting to subchannel.", DebugException="System.Net.Sockets.SocketException: 由于目标计算机积极拒绝，无法连接。")
 ---> System.Net.Sockets.SocketException (10061): 由于目标计算机积极拒绝，无法连接。
   at System.Net.Sockets.Socket.AwaitableSocketAsyncEventArgs.System.Threading.Tasks.Sources.IValueTaskSource.GetResult(Int16 token)
   at System.Net.Sockets.Socket.<ConnectAsync>g__WaitForConnectWithCancellation|285_0(AwaitableSocketAsyncEventArgs saea, ValueTask connectTask, CancellationToken cancellationToken)
   at Grpc.Net.Client.Balancer.Internal.SocketConnectivitySubchannelTransport.TryConnectAsync(ConnectContext context, Int32 attempt)
   --- End of inner exception stack trace ---
   at Grpc.Net.Client.Balancer.Internal.ConnectionManager.PickAsync(PickContext context, Boolean waitForReady, CancellationToken cancellationToken)
   at Grpc.Net.Client.Balancer.Internal.BalancerHttpHandler.SendAsync(HttpRequestMessage request, CancellationToken cancellationToken)
   at Grpc.Net.Client.Internal.GrpcCall`2.RunCall(HttpRequestMessage request, Nullable`1 timeout)
   at Grpc.Net.Client.Internal.GrpcCall`2.GetResponseHeadersCoreAsync()
   at SkyApm.Transport.Grpc.V8.ServiceRegister.<>c__DisplayClass9_0.<<ReportInstancePropertiesAsync>b__0>d.MoveNext()
--- End of stack trace from previous location ---
   at SkyApm.Transport.Grpc.Common.Call.Execute[T](Func`1 task, Func`1 errCallback, Func`1 errMessage)
2026-02-02 11:56:48.741 +08:00 [grpcservice] [Warning] SkyApm.Transport.Grpc.ConnectionManager : Connection state changed. Status(StatusCode="Unavailable", Detail="Error connecting to subchannel.", DebugException="System.Net.Sockets.SocketException: 由于目标计算机积极拒绝，无法连接。")
2026-02-02 11:57:01.713 +08:00 [grpcservice] [Information] SkyApm.Transport.Grpc.ConnectionManager : Shutdown connection[127.0.0.1:11800].
2026-02-02 11:57:01.713 +08:00 [grpcservice] [Information] SkyApm.Transport.Grpc.ConnectionManager : Connected server[127.0.0.1:11800].
2026-02-02 11:57:18.752 +08:00 [grpcservice] [Error] SkyApm.Transport.Grpc.V8.ServiceRegister : Report service instance properties fail.
Grpc.Core.RpcException: Status(StatusCode="Unavailable", Detail="Error connecting to subchannel.", DebugException="System.Net.Sockets.SocketException: 由于目标计算机积极拒绝，无法连接。")
 ---> System.Net.Sockets.SocketException (10061): 由于目标计算机积极拒绝，无法连接。
   at System.Net.Sockets.Socket.AwaitableSocketAsyncEventArgs.System.Threading.Tasks.Sources.IValueTaskSource.GetResult(Int16 token)
   at System.Net.Sockets.Socket.<ConnectAsync>g__WaitForConnectWithCancellation|285_0(AwaitableSocketAsyncEventArgs saea, ValueTask connectTask, CancellationToken cancellationToken)
   at Grpc.Net.Client.Balancer.Internal.SocketConnectivitySubchannelTransport.TryConnectAsync(ConnectContext context, Int32 attempt)
   --- End of inner exception stack trace ---
   at Grpc.Net.Client.Balancer.Internal.ConnectionManager.PickAsync(PickContext context, Boolean waitForReady, CancellationToken cancellationToken)
   at Grpc.Net.Client.Balancer.Internal.BalancerHttpHandler.SendAsync(HttpRequestMessage request, CancellationToken cancellationToken)
   at Grpc.Net.Client.Internal.GrpcCall`2.RunCall(HttpRequestMessage request, Nullable`1 timeout)
   at Grpc.Net.Client.Internal.GrpcCall`2.GetResponseHeadersCoreAsync()
   at SkyApm.Transport.Grpc.V8.ServiceRegister.<>c__DisplayClass9_0.<<ReportInstancePropertiesAsync>b__0>d.MoveNext()
--- End of stack trace from previous location ---
   at SkyApm.Transport.Grpc.Common.Call.Execute[T](Func`1 task, Func`1 errCallback, Func`1 errMessage)
2026-02-02 11:57:18.752 +08:00 [grpcservice] [Warning] SkyApm.Transport.Grpc.ConnectionManager : Connection state changed. Status(StatusCode="Unavailable", Detail="Error connecting to subchannel.", DebugException="System.Net.Sockets.SocketException: 由于目标计算机积极拒绝，无法连接。")
2026-02-02 11:57:31.711 +08:00 [grpcservice] [Information] SkyApm.Transport.Grpc.ConnectionManager : Shutdown connection[127.0.0.1:11800].
2026-02-02 11:57:31.711 +08:00 [grpcservice] [Information] SkyApm.Transport.Grpc.ConnectionManager : Connected server[127.0.0.1:11800].
2026-02-02 11:57:48.722 +08:00 [grpcservice] [Error] SkyApm.Transport.Grpc.V8.ServiceRegister : Report service instance properties fail.
Grpc.Core.RpcException: Status(StatusCode="Unavailable", Detail="Error connecting to subchannel.", DebugException="System.Net.Sockets.SocketException: 由于目标计算机积极拒绝，无法连接。")
 ---> System.Net.Sockets.SocketException (10061): 由于目标计算机积极拒绝，无法连接。
   at System.Net.Sockets.Socket.AwaitableSocketAsyncEventArgs.System.Threading.Tasks.Sources.IValueTaskSource.GetResult(Int16 token)
   at System.Net.Sockets.Socket.<ConnectAsync>g__WaitForConnectWithCancellation|285_0(AwaitableSocketAsyncEventArgs saea, ValueTask connectTask, CancellationToken cancellationToken)
   at Grpc.Net.Client.Balancer.Internal.SocketConnectivitySubchannelTransport.TryConnectAsync(ConnectContext context, Int32 attempt)
   --- End of inner exception stack trace ---
   at Grpc.Net.Client.Balancer.Internal.ConnectionManager.PickAsync(PickContext context, Boolean waitForReady, CancellationToken cancellationToken)
   at Grpc.Net.Client.Balancer.Internal.BalancerHttpHandler.SendAsync(HttpRequestMessage request, CancellationToken cancellationToken)
   at Grpc.Net.Client.Internal.GrpcCall`2.RunCall(HttpRequestMessage request, Nullable`1 timeout)
   at Grpc.Net.Client.Internal.GrpcCall`2.GetResponseHeadersCoreAsync()
   at SkyApm.Transport.Grpc.V8.ServiceRegister.<>c__DisplayClass9_0.<<ReportInstancePropertiesAsync>b__0>d.MoveNext()
--- End of stack trace from previous location ---
   at SkyApm.Transport.Grpc.Common.Call.Execute[T](Func`1 task, Func`1 errCallback, Func`1 errMessage)
2026-02-02 11:57:48.722 +08:00 [grpcservice] [Warning] SkyApm.Transport.Grpc.ConnectionManager : Connection state changed. Status(StatusCode="Unavailable", Detail="Error connecting to subchannel.", DebugException="System.Net.Sockets.SocketException: 由于目标计算机积极拒绝，无法连接。")
2026-02-02 14:12:29.246 +08:00 [grpcservice] [Information] SkyApm.InstrumentStartup : Initializing ...
2026-02-02 14:12:29.332 +08:00 [grpcservice] [Information] SkyApm.Service.RegisterService : Loaded instrument service [SkyApm.Service.RegisterService].
2026-02-02 14:12:29.333 +08:00 [grpcservice] [Information] SkyApm.Service.LogReportService : Loaded instrument service [SkyApm.Service.LogReportService].
2026-02-02 14:12:29.333 +08:00 [grpcservice] [Information] SkyApm.Service.PingService : Loaded instrument service [SkyApm.Service.PingService].
2026-02-02 14:12:29.333 +08:00 [grpcservice] [Information] SkyApm.Service.SegmentReportService : Loaded instrument service [SkyApm.Service.SegmentReportService].
2026-02-02 14:12:29.333 +08:00 [grpcservice] [Information] SkyApm.Service.CLRStatsService : Loaded instrument service [SkyApm.Service.CLRStatsService].
2026-02-02 14:12:29.334 +08:00 [grpcservice] [Information] SkyApm.Sampling.SimpleCountSamplingInterceptor : Loaded instrument service [SkyApm.Sampling.SimpleCountSamplingInterceptor].
2026-02-02 14:12:29.334 +08:00 [grpcservice] [Information] SkyApm.Transport.Grpc.ConnectService : Loaded instrument service [SkyApm.Transport.Grpc.ConnectService].
2026-02-02 14:12:29.410 +08:00 [grpcservice] [Information] SkyApm.Transport.Grpc.ConnectionManager : Connected server[127.0.0.1:11800].
2026-02-02 14:12:29.426 +08:00 [grpcservice] [Information] SkyApm.Diagnostics.TracingDiagnosticProcessorObserver : Loaded diagnostic listener [HttpHandlerDiagnosticListener].
2026-02-02 14:12:29.427 +08:00 [grpcservice] [Information] SkyApm.InstrumentStartup : Started SkyAPM .NET Core Agent.
2026-02-02 14:12:30.384 +08:00 [grpcservice] [Information] SkyApm.Diagnostics.TracingDiagnosticProcessorObserver : Loaded diagnostic listener [Grpc.Net.Client].
2026-02-02 14:12:32.775 +08:00 [grpcservice] [Error] SkyApm.Transport.Grpc.V8.ServiceRegister : Report service instance properties fail.
Grpc.Core.RpcException: Status(StatusCode="Unavailable", Detail="Error connecting to subchannel.", DebugException="System.Net.Sockets.SocketException: 由于目标计算机积极拒绝，无法连接。")
 ---> System.Net.Sockets.SocketException (10061): 由于目标计算机积极拒绝，无法连接。
   at System.Net.Sockets.Socket.AwaitableSocketAsyncEventArgs.ThrowException(SocketError error, CancellationToken cancellationToken)
   at System.Net.Sockets.Socket.AwaitableSocketAsyncEventArgs.System.Threading.Tasks.Sources.IValueTaskSource.GetResult(Int16 token)
   at System.Net.Sockets.Socket.<ConnectAsync>g__WaitForConnectWithCancellation|285_0(AwaitableSocketAsyncEventArgs saea, ValueTask connectTask, CancellationToken cancellationToken)
   at Grpc.Net.Client.Balancer.Internal.SocketConnectivitySubchannelTransport.TryConnectAsync(ConnectContext context, Int32 attempt)
   --- End of inner exception stack trace ---
   at Grpc.Net.Client.Balancer.Internal.ConnectionManager.PickAsync(PickContext context, Boolean waitForReady, CancellationToken cancellationToken)
   at Grpc.Net.Client.Balancer.Internal.BalancerHttpHandler.SendAsync(HttpRequestMessage request, CancellationToken cancellationToken)
   at Grpc.Net.Client.Internal.GrpcCall`2.RunCall(HttpRequestMessage request, Nullable`1 timeout)
   at Grpc.Net.Client.Internal.GrpcCall`2.GetResponseHeadersCoreAsync()
   at SkyApm.Transport.Grpc.V8.ServiceRegister.<>c__DisplayClass9_0.<<ReportInstancePropertiesAsync>b__0>d.MoveNext()
--- End of stack trace from previous location ---
   at SkyApm.Transport.Grpc.Common.Call.Execute[T](Func`1 task, Func`1 errCallback, Func`1 errMessage)
2026-02-02 14:12:32.777 +08:00 [grpcservice] [Warning] SkyApm.Transport.Grpc.ConnectionManager : Connection state changed. Status(StatusCode="Unavailable", Detail="Error connecting to subchannel.", DebugException="System.Net.Sockets.SocketException: 由于目标计算机积极拒绝，无法连接。")
2026-02-02 14:12:44.350 +08:00 [grpcservice] [Information] SkyApm.Transport.Grpc.ConnectionManager : Shutdown connection[127.0.0.1:11800].
2026-02-02 14:12:44.351 +08:00 [grpcservice] [Information] SkyApm.Transport.Grpc.ConnectionManager : Connected server[127.0.0.1:11800].
2026-02-02 14:13:01.385 +08:00 [grpcservice] [Error] SkyApm.Transport.Grpc.V8.ServiceRegister : Report service instance properties fail.
Grpc.Core.RpcException: Status(StatusCode="Unavailable", Detail="Error connecting to subchannel.", DebugException="System.Net.Sockets.SocketException: 由于目标计算机积极拒绝，无法连接。")
 ---> System.Net.Sockets.SocketException (10061): 由于目标计算机积极拒绝，无法连接。
   at System.Net.Sockets.Socket.AwaitableSocketAsyncEventArgs.ThrowException(SocketError error, CancellationToken cancellationToken)
   at System.Net.Sockets.Socket.AwaitableSocketAsyncEventArgs.System.Threading.Tasks.Sources.IValueTaskSource.GetResult(Int16 token)
   at System.Net.Sockets.Socket.<ConnectAsync>g__WaitForConnectWithCancellation|285_0(AwaitableSocketAsyncEventArgs saea, ValueTask connectTask, CancellationToken cancellationToken)
   at Grpc.Net.Client.Balancer.Internal.SocketConnectivitySubchannelTransport.TryConnectAsync(ConnectContext context, Int32 attempt)
   --- End of inner exception stack trace ---
   at Grpc.Net.Client.Balancer.Internal.ConnectionManager.PickAsync(PickContext context, Boolean waitForReady, CancellationToken cancellationToken)
   at Grpc.Net.Client.Balancer.Internal.BalancerHttpHandler.SendAsync(HttpRequestMessage request, CancellationToken cancellationToken)
   at Grpc.Net.Client.Internal.GrpcCall`2.RunCall(HttpRequestMessage request, Nullable`1 timeout)
   at Grpc.Net.Client.Internal.GrpcCall`2.GetResponseHeadersCoreAsync()
   at SkyApm.Transport.Grpc.V8.ServiceRegister.<>c__DisplayClass9_0.<<ReportInstancePropertiesAsync>b__0>d.MoveNext()
--- End of stack trace from previous location ---
   at SkyApm.Transport.Grpc.Common.Call.Execute[T](Func`1 task, Func`1 errCallback, Func`1 errMessage)
2026-02-02 14:13:01.385 +08:00 [grpcservice] [Warning] SkyApm.Transport.Grpc.ConnectionManager : Connection state changed. Status(StatusCode="Unavailable", Detail="Error connecting to subchannel.", DebugException="System.Net.Sockets.SocketException: 由于目标计算机积极拒绝，无法连接。")
2026-02-02 14:13:14.337 +08:00 [grpcservice] [Information] SkyApm.Transport.Grpc.ConnectionManager : Shutdown connection[127.0.0.1:11800].
2026-02-02 14:13:14.337 +08:00 [grpcservice] [Information] SkyApm.Transport.Grpc.ConnectionManager : Connected server[127.0.0.1:11800].
2026-02-02 14:13:34.055 +08:00 [grpcservice] [Error] SkyApm.Transport.Grpc.V8.ServiceRegister : Report service instance properties fail.
Grpc.Core.RpcException: Status(StatusCode="Unavailable", Detail="Error connecting to subchannel.", DebugException="System.Net.Sockets.SocketException: 由于目标计算机积极拒绝，无法连接。")
 ---> System.Net.Sockets.SocketException (10061): 由于目标计算机积极拒绝，无法连接。
   at System.Net.Sockets.Socket.AwaitableSocketAsyncEventArgs.ThrowException(SocketError error, CancellationToken cancellationToken)
   at System.Net.Sockets.Socket.AwaitableSocketAsyncEventArgs.System.Threading.Tasks.Sources.IValueTaskSource.GetResult(Int16 token)
   at System.Net.Sockets.Socket.<ConnectAsync>g__WaitForConnectWithCancellation|285_0(AwaitableSocketAsyncEventArgs saea, ValueTask connectTask, CancellationToken cancellationToken)
   at Grpc.Net.Client.Balancer.Internal.SocketConnectivitySubchannelTransport.TryConnectAsync(ConnectContext context, Int32 attempt)
   --- End of inner exception stack trace ---
   at Grpc.Net.Client.Balancer.Internal.ConnectionManager.PickAsync(PickContext context, Boolean waitForReady, CancellationToken cancellationToken)
   at Grpc.Net.Client.Balancer.Internal.BalancerHttpHandler.SendAsync(HttpRequestMessage request, CancellationToken cancellationToken)
   at Grpc.Net.Client.Internal.GrpcCall`2.RunCall(HttpRequestMessage request, Nullable`1 timeout)
   at Grpc.Net.Client.Internal.GrpcCall`2.GetResponseHeadersCoreAsync()
   at SkyApm.Transport.Grpc.V8.ServiceRegister.<>c__DisplayClass9_0.<<ReportInstancePropertiesAsync>b__0>d.MoveNext()
--- End of stack trace from previous location ---
   at SkyApm.Transport.Grpc.Common.Call.Execute[T](Func`1 task, Func`1 errCallback, Func`1 errMessage)
2026-02-02 14:13:34.055 +08:00 [grpcservice] [Warning] SkyApm.Transport.Grpc.ConnectionManager : Connection state changed. Status(StatusCode="Unavailable", Detail="Error connecting to subchannel.", DebugException="System.Net.Sockets.SocketException: 由于目标计算机积极拒绝，无法连接。")
2026-02-02 14:13:45.488 +08:00 [grpcservice] [Information] SkyApm.Transport.Grpc.ConnectionManager : Shutdown connection[127.0.0.1:11800].
2026-02-02 14:13:45.490 +08:00 [grpcservice] [Information] SkyApm.Transport.Grpc.ConnectionManager : Connected server[127.0.0.1:11800].
2026-02-02 14:13:48.334 +08:00 [grpcservice] [Information] SkyApm.Diagnostics.TracingDiagnosticProcessorObserver : Loaded diagnostic listener [Microsoft.EntityFrameworkCore].
2026-02-02 14:14:05.660 +08:00 [grpcservice] [Error] SkyApm.Transport.Grpc.V8.ServiceRegister : Report service instance properties fail.
Grpc.Core.RpcException: Status(StatusCode="Unavailable", Detail="Error connecting to subchannel.", DebugException="System.Net.Sockets.SocketException: 由于目标计算机积极拒绝，无法连接。")
 ---> System.Net.Sockets.SocketException (10061): 由于目标计算机积极拒绝，无法连接。
   at System.Net.Sockets.Socket.AwaitableSocketAsyncEventArgs.ThrowException(SocketError error, CancellationToken cancellationToken)
   at System.Net.Sockets.Socket.AwaitableSocketAsyncEventArgs.System.Threading.Tasks.Sources.IValueTaskSource.GetResult(Int16 token)
   at System.Net.Sockets.Socket.<ConnectAsync>g__WaitForConnectWithCancellation|285_0(AwaitableSocketAsyncEventArgs saea, ValueTask connectTask, CancellationToken cancellationToken)
   at Grpc.Net.Client.Balancer.Internal.SocketConnectivitySubchannelTransport.TryConnectAsync(ConnectContext context, Int32 attempt)
   --- End of inner exception stack trace ---
   at Grpc.Net.Client.Balancer.Internal.ConnectionManager.PickAsync(PickContext context, Boolean waitForReady, CancellationToken cancellationToken)
   at Grpc.Net.Client.Balancer.Internal.BalancerHttpHandler.SendAsync(HttpRequestMessage request, CancellationToken cancellationToken)
   at Grpc.Net.Client.Internal.GrpcCall`2.RunCall(HttpRequestMessage request, Nullable`1 timeout)
   at Grpc.Net.Client.Internal.GrpcCall`2.GetResponseHeadersCoreAsync()
   at SkyApm.Transport.Grpc.V8.ServiceRegister.<>c__DisplayClass9_0.<<ReportInstancePropertiesAsync>b__0>d.MoveNext()
--- End of stack trace from previous location ---
   at SkyApm.Transport.Grpc.Common.Call.Execute[T](Func`1 task, Func`1 errCallback, Func`1 errMessage)
2026-02-02 14:14:05.660 +08:00 [grpcservice] [Warning] SkyApm.Transport.Grpc.ConnectionManager : Connection state changed. Status(StatusCode="Unavailable", Detail="Error connecting to subchannel.", DebugException="System.Net.Sockets.SocketException: 由于目标计算机积极拒绝，无法连接。")
2026-02-02 14:14:14.343 +08:00 [grpcservice] [Information] SkyApm.Transport.Grpc.ConnectionManager : Shutdown connection[127.0.0.1:11800].
2026-02-02 14:14:14.343 +08:00 [grpcservice] [Information] SkyApm.Transport.Grpc.ConnectionManager : Connected server[127.0.0.1:11800].
2026-02-02 14:14:31.378 +08:00 [grpcservice] [Error] SkyApm.Transport.Grpc.V8.ServiceRegister : Report service instance properties fail.
Grpc.Core.RpcException: Status(StatusCode="Unavailable", Detail="Error connecting to subchannel.", DebugException="System.Net.Sockets.SocketException: 由于目标计算机积极拒绝，无法连接。")
 ---> System.Net.Sockets.SocketException (10061): 由于目标计算机积极拒绝，无法连接。
   at System.Net.Sockets.Socket.AwaitableSocketAsyncEventArgs.ThrowException(SocketError error, CancellationToken cancellationToken)
   at System.Net.Sockets.Socket.AwaitableSocketAsyncEventArgs.System.Threading.Tasks.Sources.IValueTaskSource.GetResult(Int16 token)
   at System.Net.Sockets.Socket.<ConnectAsync>g__WaitForConnectWithCancellation|285_0(AwaitableSocketAsyncEventArgs saea, ValueTask connectTask, CancellationToken cancellationToken)
   at Grpc.Net.Client.Balancer.Internal.SocketConnectivitySubchannelTransport.TryConnectAsync(ConnectContext context, Int32 attempt)
   --- End of inner exception stack trace ---
   at Grpc.Net.Client.Balancer.Internal.ConnectionManager.PickAsync(PickContext context, Boolean waitForReady, CancellationToken cancellationToken)
   at Grpc.Net.Client.Balancer.Internal.BalancerHttpHandler.SendAsync(HttpRequestMessage request, CancellationToken cancellationToken)
   at Grpc.Net.Client.Internal.GrpcCall`2.RunCall(HttpRequestMessage request, Nullable`1 timeout)
   at Grpc.Net.Client.Internal.GrpcCall`2.GetResponseHeadersCoreAsync()
   at SkyApm.Transport.Grpc.V8.ServiceRegister.<>c__DisplayClass9_0.<<ReportInstancePropertiesAsync>b__0>d.MoveNext()
--- End of stack trace from previous location ---
   at SkyApm.Transport.Grpc.Common.Call.Execute[T](Func`1 task, Func`1 errCallback, Func`1 errMessage)
2026-02-02 14:14:31.378 +08:00 [grpcservice] [Warning] SkyApm.Transport.Grpc.ConnectionManager : Connection state changed. Status(StatusCode="Unavailable", Detail="Error connecting to subchannel.", DebugException="System.Net.Sockets.SocketException: 由于目标计算机积极拒绝，无法连接。")
2026-02-02 14:14:46.017 +08:00 [grpcservice] [Information] SkyApm.Transport.Grpc.ConnectionManager : Shutdown connection[127.0.0.1:11800].
2026-02-02 14:14:46.018 +08:00 [grpcservice] [Information] SkyApm.Transport.Grpc.ConnectionManager : Connected server[127.0.0.1:11800].
2026-02-02 14:15:01.397 +08:00 [grpcservice] [Error] SkyApm.Transport.Grpc.V8.ServiceRegister : Report service instance properties fail.
Grpc.Core.RpcException: Status(StatusCode="Unavailable", Detail="Error connecting to subchannel.", DebugException="System.Net.Sockets.SocketException: 由于目标计算机积极拒绝，无法连接。")
 ---> System.Net.Sockets.SocketException (10061): 由于目标计算机积极拒绝，无法连接。
   at System.Net.Sockets.Socket.AwaitableSocketAsyncEventArgs.ThrowException(SocketError error, CancellationToken cancellationToken)
   at System.Net.Sockets.Socket.AwaitableSocketAsyncEventArgs.System.Threading.Tasks.Sources.IValueTaskSource.GetResult(Int16 token)
   at System.Net.Sockets.Socket.<ConnectAsync>g__WaitForConnectWithCancellation|285_0(AwaitableSocketAsyncEventArgs saea, ValueTask connectTask, CancellationToken cancellationToken)
   at Grpc.Net.Client.Balancer.Internal.SocketConnectivitySubchannelTransport.TryConnectAsync(ConnectContext context, Int32 attempt)
   --- End of inner exception stack trace ---
   at Grpc.Net.Client.Balancer.Internal.ConnectionManager.PickAsync(PickContext context, Boolean waitForReady, CancellationToken cancellationToken)
   at Grpc.Net.Client.Balancer.Internal.BalancerHttpHandler.SendAsync(HttpRequestMessage request, CancellationToken cancellationToken)
   at Grpc.Net.Client.Internal.GrpcCall`2.RunCall(HttpRequestMessage request, Nullable`1 timeout)
   at Grpc.Net.Client.Internal.GrpcCall`2.GetResponseHeadersCoreAsync()
   at SkyApm.Transport.Grpc.V8.ServiceRegister.<>c__DisplayClass9_0.<<ReportInstancePropertiesAsync>b__0>d.MoveNext()
--- End of stack trace from previous location ---
   at SkyApm.Transport.Grpc.Common.Call.Execute[T](Func`1 task, Func`1 errCallback, Func`1 errMessage)
2026-02-02 14:15:01.397 +08:00 [grpcservice] [Warning] SkyApm.Transport.Grpc.ConnectionManager : Connection state changed. Status(StatusCode="Unavailable", Detail="Error connecting to subchannel.", DebugException="System.Net.Sockets.SocketException: 由于目标计算机积极拒绝，无法连接。")
2026-02-02 14:15:14.339 +08:00 [grpcservice] [Information] SkyApm.Transport.Grpc.ConnectionManager : Shutdown connection[127.0.0.1:11800].
2026-02-02 14:15:14.340 +08:00 [grpcservice] [Information] SkyApm.Transport.Grpc.ConnectionManager : Connected server[127.0.0.1:11800].
2026-02-02 14:15:31.401 +08:00 [grpcservice] [Error] SkyApm.Transport.Grpc.V8.ServiceRegister : Report service instance properties fail.
Grpc.Core.RpcException: Status(StatusCode="Unavailable", Detail="Error connecting to subchannel.", DebugException="System.Net.Sockets.SocketException: 由于目标计算机积极拒绝，无法连接。")
 ---> System.Net.Sockets.SocketException (10061): 由于目标计算机积极拒绝，无法连接。
   at System.Net.Sockets.Socket.AwaitableSocketAsyncEventArgs.ThrowException(SocketError error, CancellationToken cancellationToken)
   at System.Net.Sockets.Socket.AwaitableSocketAsyncEventArgs.System.Threading.Tasks.Sources.IValueTaskSource.GetResult(Int16 token)
   at System.Net.Sockets.Socket.<ConnectAsync>g__WaitForConnectWithCancellation|285_0(AwaitableSocketAsyncEventArgs saea, ValueTask connectTask, CancellationToken cancellationToken)
   at Grpc.Net.Client.Balancer.Internal.SocketConnectivitySubchannelTransport.TryConnectAsync(ConnectContext context, Int32 attempt)
   --- End of inner exception stack trace ---
   at Grpc.Net.Client.Balancer.Internal.ConnectionManager.PickAsync(PickContext context, Boolean waitForReady, CancellationToken cancellationToken)
   at Grpc.Net.Client.Balancer.Internal.BalancerHttpHandler.SendAsync(HttpRequestMessage request, CancellationToken cancellationToken)
   at Grpc.Net.Client.Internal.GrpcCall`2.RunCall(HttpRequestMessage request, Nullable`1 timeout)
   at Grpc.Net.Client.Internal.GrpcCall`2.GetResponseHeadersCoreAsync()
   at SkyApm.Transport.Grpc.V8.ServiceRegister.<>c__DisplayClass9_0.<<ReportInstancePropertiesAsync>b__0>d.MoveNext()
--- End of stack trace from previous location ---
   at SkyApm.Transport.Grpc.Common.Call.Execute[T](Func`1 task, Func`1 errCallback, Func`1 errMessage)
2026-02-02 14:15:31.402 +08:00 [grpcservice] [Warning] SkyApm.Transport.Grpc.ConnectionManager : Connection state changed. Status(StatusCode="Unavailable", Detail="Error connecting to subchannel.", DebugException="System.Net.Sockets.SocketException: 由于目标计算机积极拒绝，无法连接。")
2026-02-02 14:15:44.338 +08:00 [grpcservice] [Information] SkyApm.Transport.Grpc.ConnectionManager : Shutdown connection[127.0.0.1:11800].
2026-02-02 14:15:44.338 +08:00 [grpcservice] [Information] SkyApm.Transport.Grpc.ConnectionManager : Connected server[127.0.0.1:11800].
2026-02-02 14:16:01.378 +08:00 [grpcservice] [Error] SkyApm.Transport.Grpc.V8.ServiceRegister : Report service instance properties fail.
Grpc.Core.RpcException: Status(StatusCode="Unavailable", Detail="Error connecting to subchannel.", DebugException="System.Net.Sockets.SocketException: 由于目标计算机积极拒绝，无法连接。")
 ---> System.Net.Sockets.SocketException (10061): 由于目标计算机积极拒绝，无法连接。
   at System.Net.Sockets.Socket.AwaitableSocketAsyncEventArgs.System.Threading.Tasks.Sources.IValueTaskSource.GetResult(Int16 token)
   at System.Net.Sockets.Socket.<ConnectAsync>g__WaitForConnectWithCancellation|285_0(AwaitableSocketAsyncEventArgs saea, ValueTask connectTask, CancellationToken cancellationToken)
   at Grpc.Net.Client.Balancer.Internal.SocketConnectivitySubchannelTransport.TryConnectAsync(ConnectContext context, Int32 attempt)
   --- End of inner exception stack trace ---
   at Grpc.Net.Client.Balancer.Internal.ConnectionManager.PickAsync(PickContext context, Boolean waitForReady, CancellationToken cancellationToken)
   at Grpc.Net.Client.Balancer.Internal.BalancerHttpHandler.SendAsync(HttpRequestMessage request, CancellationToken cancellationToken)
   at Grpc.Net.Client.Internal.GrpcCall`2.RunCall(HttpRequestMessage request, Nullable`1 timeout)
   at Grpc.Net.Client.Internal.GrpcCall`2.GetResponseHeadersCoreAsync()
   at SkyApm.Transport.Grpc.V8.ServiceRegister.<>c__DisplayClass9_0.<<ReportInstancePropertiesAsync>b__0>d.MoveNext()
--- End of stack trace from previous location ---
   at SkyApm.Transport.Grpc.Common.Call.Execute[T](Func`1 task, Func`1 errCallback, Func`1 errMessage)
2026-02-02 14:16:01.378 +08:00 [grpcservice] [Warning] SkyApm.Transport.Grpc.ConnectionManager : Connection state changed. Status(StatusCode="Unavailable", Detail="Error connecting to subchannel.", DebugException="System.Net.Sockets.SocketException: 由于目标计算机积极拒绝，无法连接。")
2026-02-02 14:16:14.339 +08:00 [grpcservice] [Information] SkyApm.Transport.Grpc.ConnectionManager : Shutdown connection[127.0.0.1:11800].
2026-02-02 14:16:14.339 +08:00 [grpcservice] [Information] SkyApm.Transport.Grpc.ConnectionManager : Connected server[127.0.0.1:11800].
2026-02-02 14:16:31.389 +08:00 [grpcservice] [Error] SkyApm.Transport.Grpc.V8.ServiceRegister : Report service instance properties fail.
Grpc.Core.RpcException: Status(StatusCode="Unavailable", Detail="Error connecting to subchannel.", DebugException="System.Net.Sockets.SocketException: 由于目标计算机积极拒绝，无法连接。")
 ---> System.Net.Sockets.SocketException (10061): 由于目标计算机积极拒绝，无法连接。
   at System.Net.Sockets.Socket.AwaitableSocketAsyncEventArgs.System.Threading.Tasks.Sources.IValueTaskSource.GetResult(Int16 token)
   at System.Net.Sockets.Socket.<ConnectAsync>g__WaitForConnectWithCancellation|285_0(AwaitableSocketAsyncEventArgs saea, ValueTask connectTask, CancellationToken cancellationToken)
   at Grpc.Net.Client.Balancer.Internal.SocketConnectivitySubchannelTransport.TryConnectAsync(ConnectContext context, Int32 attempt)
   --- End of inner exception stack trace ---
   at Grpc.Net.Client.Balancer.Internal.ConnectionManager.PickAsync(PickContext context, Boolean waitForReady, CancellationToken cancellationToken)
   at Grpc.Net.Client.Balancer.Internal.BalancerHttpHandler.SendAsync(HttpRequestMessage request, CancellationToken cancellationToken)
   at Grpc.Net.Client.Internal.GrpcCall`2.RunCall(HttpRequestMessage request, Nullable`1 timeout)
   at Grpc.Net.Client.Internal.GrpcCall`2.GetResponseHeadersCoreAsync()
   at SkyApm.Transport.Grpc.V8.ServiceRegister.<>c__DisplayClass9_0.<<ReportInstancePropertiesAsync>b__0>d.MoveNext()
--- End of stack trace from previous location ---
   at SkyApm.Transport.Grpc.Common.Call.Execute[T](Func`1 task, Func`1 errCallback, Func`1 errMessage)
2026-02-02 14:16:31.389 +08:00 [grpcservice] [Warning] SkyApm.Transport.Grpc.ConnectionManager : Connection state changed. Status(StatusCode="Unavailable", Detail="Error connecting to subchannel.", DebugException="System.Net.Sockets.SocketException: 由于目标计算机积极拒绝，无法连接。")
2026-02-02 14:16:44.347 +08:00 [grpcservice] [Information] SkyApm.Transport.Grpc.ConnectionManager : Shutdown connection[127.0.0.1:11800].
2026-02-02 14:16:44.347 +08:00 [grpcservice] [Information] SkyApm.Transport.Grpc.ConnectionManager : Connected server[127.0.0.1:11800].
2026-02-02 14:17:01.388 +08:00 [grpcservice] [Error] SkyApm.Transport.Grpc.V8.ServiceRegister : Report service instance properties fail.
Grpc.Core.RpcException: Status(StatusCode="Unavailable", Detail="Error connecting to subchannel.", DebugException="System.Net.Sockets.SocketException: 由于目标计算机积极拒绝，无法连接。")
 ---> System.Net.Sockets.SocketException (10061): 由于目标计算机积极拒绝，无法连接。
   at System.Net.Sockets.Socket.AwaitableSocketAsyncEventArgs.System.Threading.Tasks.Sources.IValueTaskSource.GetResult(Int16 token)
   at System.Net.Sockets.Socket.<ConnectAsync>g__WaitForConnectWithCancellation|285_0(AwaitableSocketAsyncEventArgs saea, ValueTask connectTask, CancellationToken cancellationToken)
   at Grpc.Net.Client.Balancer.Internal.SocketConnectivitySubchannelTransport.TryConnectAsync(ConnectContext context, Int32 attempt)
   --- End of inner exception stack trace ---
   at Grpc.Net.Client.Balancer.Internal.ConnectionManager.PickAsync(PickContext context, Boolean waitForReady, CancellationToken cancellationToken)
   at Grpc.Net.Client.Balancer.Internal.BalancerHttpHandler.SendAsync(HttpRequestMessage request, CancellationToken cancellationToken)
   at Grpc.Net.Client.Internal.GrpcCall`2.RunCall(HttpRequestMessage request, Nullable`1 timeout)
   at Grpc.Net.Client.Internal.GrpcCall`2.GetResponseHeadersCoreAsync()
   at SkyApm.Transport.Grpc.V8.ServiceRegister.<>c__DisplayClass9_0.<<ReportInstancePropertiesAsync>b__0>d.MoveNext()
--- End of stack trace from previous location ---
   at SkyApm.Transport.Grpc.Common.Call.Execute[T](Func`1 task, Func`1 errCallback, Func`1 errMessage)
2026-02-02 14:17:01.389 +08:00 [grpcservice] [Warning] SkyApm.Transport.Grpc.ConnectionManager : Connection state changed. Status(StatusCode="Unavailable", Detail="Error connecting to subchannel.", DebugException="System.Net.Sockets.SocketException: 由于目标计算机积极拒绝，无法连接。")
2026-02-02 14:17:14.338 +08:00 [grpcservice] [Information] SkyApm.Transport.Grpc.ConnectionManager : Shutdown connection[127.0.0.1:11800].
2026-02-02 14:17:14.339 +08:00 [grpcservice] [Information] SkyApm.Transport.Grpc.ConnectionManager : Connected server[127.0.0.1:11800].
2026-02-02 14:17:37.091 +08:00 [grpcservice] [Error] SkyApm.Transport.Grpc.V8.ServiceRegister : Report service instance properties fail.
Grpc.Core.RpcException: Status(StatusCode="Unavailable", Detail="Error connecting to subchannel.", DebugException="System.Net.Sockets.SocketException: 由于目标计算机积极拒绝，无法连接。")
 ---> System.Net.Sockets.SocketException (10061): 由于目标计算机积极拒绝，无法连接。
   at System.Net.Sockets.Socket.AwaitableSocketAsyncEventArgs.System.Threading.Tasks.Sources.IValueTaskSource.GetResult(Int16 token)
   at System.Net.Sockets.Socket.<ConnectAsync>g__WaitForConnectWithCancellation|285_0(AwaitableSocketAsyncEventArgs saea, ValueTask connectTask, CancellationToken cancellationToken)
   at Grpc.Net.Client.Balancer.Internal.SocketConnectivitySubchannelTransport.TryConnectAsync(ConnectContext context, Int32 attempt)
   --- End of inner exception stack trace ---
   at Grpc.Net.Client.Balancer.Internal.ConnectionManager.PickAsync(PickContext context, Boolean waitForReady, CancellationToken cancellationToken)
   at Grpc.Net.Client.Balancer.Internal.BalancerHttpHandler.SendAsync(HttpRequestMessage request, CancellationToken cancellationToken)
   at Grpc.Net.Client.Internal.GrpcCall`2.RunCall(HttpRequestMessage request, Nullable`1 timeout)
   at Grpc.Net.Client.Internal.GrpcCall`2.GetResponseHeadersCoreAsync()
   at SkyApm.Transport.Grpc.V8.ServiceRegister.<>c__DisplayClass9_0.<<ReportInstancePropertiesAsync>b__0>d.MoveNext()
--- End of stack trace from previous location ---
   at SkyApm.Transport.Grpc.Common.Call.Execute[T](Func`1 task, Func`1 errCallback, Func`1 errMessage)
2026-02-02 14:17:37.091 +08:00 [grpcservice] [Warning] SkyApm.Transport.Grpc.ConnectionManager : Connection state changed. Status(StatusCode="Unavailable", Detail="Error connecting to subchannel.", DebugException="System.Net.Sockets.SocketException: 由于目标计算机积极拒绝，无法连接。")
2026-02-02 14:17:55.532 +08:00 [grpcservice] [Information] SkyApm.Transport.Grpc.ConnectionManager : Shutdown connection[127.0.0.1:11800].
2026-02-02 14:17:55.532 +08:00 [grpcservice] [Information] SkyApm.Transport.Grpc.ConnectionManager : Connected server[127.0.0.1:11800].
2026-02-02 14:18:13.753 +08:00 [grpcservice] [Error] SkyApm.Transport.Grpc.V8.ServiceRegister : Report service instance properties fail.
Grpc.Core.RpcException: Status(StatusCode="Unavailable", Detail="Error connecting to subchannel.", DebugException="System.Net.Sockets.SocketException: 由于目标计算机积极拒绝，无法连接。")
 ---> System.Net.Sockets.SocketException (10061): 由于目标计算机积极拒绝，无法连接。
   at System.Net.Sockets.Socket.AwaitableSocketAsyncEventArgs.System.Threading.Tasks.Sources.IValueTaskSource.GetResult(Int16 token)
   at System.Net.Sockets.Socket.<ConnectAsync>g__WaitForConnectWithCancellation|285_0(AwaitableSocketAsyncEventArgs saea, ValueTask connectTask, CancellationToken cancellationToken)
   at Grpc.Net.Client.Balancer.Internal.SocketConnectivitySubchannelTransport.TryConnectAsync(ConnectContext context, Int32 attempt)
   --- End of inner exception stack trace ---
   at Grpc.Net.Client.Balancer.Internal.ConnectionManager.PickAsync(PickContext context, Boolean waitForReady, CancellationToken cancellationToken)
   at Grpc.Net.Client.Balancer.Internal.BalancerHttpHandler.SendAsync(HttpRequestMessage request, CancellationToken cancellationToken)
   at Grpc.Net.Client.Internal.GrpcCall`2.RunCall(HttpRequestMessage request, Nullable`1 timeout)
   at Grpc.Net.Client.Internal.GrpcCall`2.GetResponseHeadersCoreAsync()
   at SkyApm.Transport.Grpc.V8.ServiceRegister.<>c__DisplayClass9_0.<<ReportInstancePropertiesAsync>b__0>d.MoveNext()
--- End of stack trace from previous location ---
   at SkyApm.Transport.Grpc.Common.Call.Execute[T](Func`1 task, Func`1 errCallback, Func`1 errMessage)
2026-02-02 14:18:13.753 +08:00 [grpcservice] [Warning] SkyApm.Transport.Grpc.ConnectionManager : Connection state changed. Status(StatusCode="Unavailable", Detail="Error connecting to subchannel.", DebugException="System.Net.Sockets.SocketException: 由于目标计算机积极拒绝，无法连接。")
2026-02-02 14:18:13.754 +08:00 [grpcservice] [Error] SkyApm.Transport.Grpc.V8.ServiceRegister : Report service instance properties fail.
Grpc.Core.RpcException: Status(StatusCode="DeadlineExceeded", Detail="")
   at Grpc.Net.Client.Internal.GrpcCall`2.GetResponseHeadersCoreAsync()
   at SkyApm.Transport.Grpc.V8.ServiceRegister.<>c__DisplayClass9_0.<<ReportInstancePropertiesAsync>b__0>d.MoveNext()
--- End of stack trace from previous location ---
   at SkyApm.Transport.Grpc.Common.Call.Execute[T](Func`1 task, Func`1 errCallback, Func`1 errMessage)
2026-02-02 14:18:14.340 +08:00 [grpcservice] [Information] SkyApm.Transport.Grpc.ConnectionManager : Shutdown connection[127.0.0.1:11800].
2026-02-02 14:18:14.340 +08:00 [grpcservice] [Information] SkyApm.Transport.Grpc.ConnectionManager : Connected server[127.0.0.1:11800].
2026-02-02 14:18:16.827 +08:00 [grpcservice] [Error] SkyApm.Transport.Grpc.V8.ServiceRegister : Report service instance properties fail.
Grpc.Core.RpcException: Status(StatusCode="Unavailable", Detail="Error connecting to subchannel.", DebugException="System.Net.Sockets.SocketException: 由于目标计算机积极拒绝，无法连接。")
 ---> System.Net.Sockets.SocketException (10061): 由于目标计算机积极拒绝，无法连接。
   at System.Net.Sockets.Socket.AwaitableSocketAsyncEventArgs.System.Threading.Tasks.Sources.IValueTaskSource.GetResult(Int16 token)
   at System.Net.Sockets.Socket.<ConnectAsync>g__WaitForConnectWithCancellation|285_0(AwaitableSocketAsyncEventArgs saea, ValueTask connectTask, CancellationToken cancellationToken)
   at Grpc.Net.Client.Balancer.Internal.SocketConnectivitySubchannelTransport.TryConnectAsync(ConnectContext context, Int32 attempt)
   --- End of inner exception stack trace ---
   at Grpc.Net.Client.Balancer.Internal.ConnectionManager.PickAsync(PickContext context, Boolean waitForReady, CancellationToken cancellationToken)
   at Grpc.Net.Client.Balancer.Internal.BalancerHttpHandler.SendAsync(HttpRequestMessage request, CancellationToken cancellationToken)
   at Grpc.Net.Client.Internal.GrpcCall`2.RunCall(HttpRequestMessage request, Nullable`1 timeout)
   at Grpc.Net.Client.Internal.GrpcCall`2.GetResponseHeadersCoreAsync()
   at SkyApm.Transport.Grpc.V8.ServiceRegister.<>c__DisplayClass9_0.<<ReportInstancePropertiesAsync>b__0>d.MoveNext()
--- End of stack trace from previous location ---
   at SkyApm.Transport.Grpc.Common.Call.Execute[T](Func`1 task, Func`1 errCallback, Func`1 errMessage)
2026-02-02 14:18:16.827 +08:00 [grpcservice] [Warning] SkyApm.Transport.Grpc.ConnectionManager : Connection state changed. Status(StatusCode="Unavailable", Detail="Error connecting to subchannel.", DebugException="System.Net.Sockets.SocketException: 由于目标计算机积极拒绝，无法连接。")
2026-02-02 14:18:29.342 +08:00 [grpcservice] [Information] SkyApm.Transport.Grpc.ConnectionManager : Shutdown connection[127.0.0.1:11800].
2026-02-02 14:18:29.343 +08:00 [grpcservice] [Information] SkyApm.Transport.Grpc.ConnectionManager : Connected server[127.0.0.1:11800].
2026-02-02 14:18:31.385 +08:00 [grpcservice] [Error] SkyApm.Transport.Grpc.V8.ServiceRegister : Report service instance properties fail.
Grpc.Core.RpcException: Status(StatusCode="Unavailable", Detail="Error connecting to subchannel.", DebugException="System.Net.Sockets.SocketException: 由于目标计算机积极拒绝，无法连接。")
 ---> System.Net.Sockets.SocketException (10061): 由于目标计算机积极拒绝，无法连接。
   at System.Net.Sockets.Socket.AwaitableSocketAsyncEventArgs.System.Threading.Tasks.Sources.IValueTaskSource.GetResult(Int16 token)
   at System.Net.Sockets.Socket.<ConnectAsync>g__WaitForConnectWithCancellation|285_0(AwaitableSocketAsyncEventArgs saea, ValueTask connectTask, CancellationToken cancellationToken)
   at Grpc.Net.Client.Balancer.Internal.SocketConnectivitySubchannelTransport.TryConnectAsync(ConnectContext context, Int32 attempt)
   --- End of inner exception stack trace ---
   at Grpc.Net.Client.Balancer.Internal.ConnectionManager.PickAsync(PickContext context, Boolean waitForReady, CancellationToken cancellationToken)
   at Grpc.Net.Client.Balancer.Internal.BalancerHttpHandler.SendAsync(HttpRequestMessage request, CancellationToken cancellationToken)
   at Grpc.Net.Client.Internal.GrpcCall`2.RunCall(HttpRequestMessage request, Nullable`1 timeout)
   at Grpc.Net.Client.Internal.GrpcCall`2.GetResponseHeadersCoreAsync()
   at SkyApm.Transport.Grpc.V8.ServiceRegister.<>c__DisplayClass9_0.<<ReportInstancePropertiesAsync>b__0>d.MoveNext()
--- End of stack trace from previous location ---
   at SkyApm.Transport.Grpc.Common.Call.Execute[T](Func`1 task, Func`1 errCallback, Func`1 errMessage)
2026-02-02 14:18:31.385 +08:00 [grpcservice] [Warning] SkyApm.Transport.Grpc.ConnectionManager : Connection state changed. Status(StatusCode="Unavailable", Detail="Error connecting to subchannel.", DebugException="System.Net.Sockets.SocketException: 由于目标计算机积极拒绝，无法连接。")
2026-02-02 14:18:44.347 +08:00 [grpcservice] [Information] SkyApm.Transport.Grpc.ConnectionManager : Shutdown connection[127.0.0.1:11800].
2026-02-02 14:18:44.347 +08:00 [grpcservice] [Information] SkyApm.Transport.Grpc.ConnectionManager : Connected server[127.0.0.1:11800].
2026-02-02 14:19:01.395 +08:00 [grpcservice] [Error] SkyApm.Transport.Grpc.V8.ServiceRegister : Report service instance properties fail.
Grpc.Core.RpcException: Status(StatusCode="Unavailable", Detail="Error connecting to subchannel.", DebugException="System.Net.Sockets.SocketException: 由于目标计算机积极拒绝，无法连接。")
 ---> System.Net.Sockets.SocketException (10061): 由于目标计算机积极拒绝，无法连接。
   at System.Net.Sockets.Socket.AwaitableSocketAsyncEventArgs.System.Threading.Tasks.Sources.IValueTaskSource.GetResult(Int16 token)
   at System.Net.Sockets.Socket.<ConnectAsync>g__WaitForConnectWithCancellation|285_0(AwaitableSocketAsyncEventArgs saea, ValueTask connectTask, CancellationToken cancellationToken)
   at Grpc.Net.Client.Balancer.Internal.SocketConnectivitySubchannelTransport.TryConnectAsync(ConnectContext context, Int32 attempt)
   --- End of inner exception stack trace ---
   at Grpc.Net.Client.Balancer.Internal.ConnectionManager.PickAsync(PickContext context, Boolean waitForReady, CancellationToken cancellationToken)
   at Grpc.Net.Client.Balancer.Internal.BalancerHttpHandler.SendAsync(HttpRequestMessage request, CancellationToken cancellationToken)
   at Grpc.Net.Client.Internal.GrpcCall`2.RunCall(HttpRequestMessage request, Nullable`1 timeout)
   at Grpc.Net.Client.Internal.GrpcCall`2.GetResponseHeadersCoreAsync()
   at SkyApm.Transport.Grpc.V8.ServiceRegister.<>c__DisplayClass9_0.<<ReportInstancePropertiesAsync>b__0>d.MoveNext()
--- End of stack trace from previous location ---
   at SkyApm.Transport.Grpc.Common.Call.Execute[T](Func`1 task, Func`1 errCallback, Func`1 errMessage)
2026-02-02 14:19:01.396 +08:00 [grpcservice] [Warning] SkyApm.Transport.Grpc.ConnectionManager : Connection state changed. Status(StatusCode="Unavailable", Detail="Error connecting to subchannel.", DebugException="System.Net.Sockets.SocketException: 由于目标计算机积极拒绝，无法连接。")
2026-02-02 14:19:14.335 +08:00 [grpcservice] [Information] SkyApm.Transport.Grpc.ConnectionManager : Shutdown connection[127.0.0.1:11800].
2026-02-02 14:19:14.335 +08:00 [grpcservice] [Information] SkyApm.Transport.Grpc.ConnectionManager : Connected server[127.0.0.1:11800].
2026-02-02 14:19:31.388 +08:00 [grpcservice] [Error] SkyApm.Transport.Grpc.V8.ServiceRegister : Report service instance properties fail.
Grpc.Core.RpcException: Status(StatusCode="Unavailable", Detail="Error connecting to subchannel.", DebugException="System.Net.Sockets.SocketException: 由于目标计算机积极拒绝，无法连接。")
 ---> System.Net.Sockets.SocketException (10061): 由于目标计算机积极拒绝，无法连接。
   at System.Net.Sockets.Socket.AwaitableSocketAsyncEventArgs.System.Threading.Tasks.Sources.IValueTaskSource.GetResult(Int16 token)
   at System.Net.Sockets.Socket.<ConnectAsync>g__WaitForConnectWithCancellation|285_0(AwaitableSocketAsyncEventArgs saea, ValueTask connectTask, CancellationToken cancellationToken)
   at Grpc.Net.Client.Balancer.Internal.SocketConnectivitySubchannelTransport.TryConnectAsync(ConnectContext context, Int32 attempt)
   --- End of inner exception stack trace ---
   at Grpc.Net.Client.Balancer.Internal.ConnectionManager.PickAsync(PickContext context, Boolean waitForReady, CancellationToken cancellationToken)
   at Grpc.Net.Client.Balancer.Internal.BalancerHttpHandler.SendAsync(HttpRequestMessage request, CancellationToken cancellationToken)
   at Grpc.Net.Client.Internal.GrpcCall`2.RunCall(HttpRequestMessage request, Nullable`1 timeout)
   at Grpc.Net.Client.Internal.GrpcCall`2.GetResponseHeadersCoreAsync()
   at SkyApm.Transport.Grpc.V8.ServiceRegister.<>c__DisplayClass9_0.<<ReportInstancePropertiesAsync>b__0>d.MoveNext()
--- End of stack trace from previous location ---
   at SkyApm.Transport.Grpc.Common.Call.Execute[T](Func`1 task, Func`1 errCallback, Func`1 errMessage)
2026-02-02 14:19:31.388 +08:00 [grpcservice] [Warning] SkyApm.Transport.Grpc.ConnectionManager : Connection state changed. Status(StatusCode="Unavailable", Detail="Error connecting to subchannel.", DebugException="System.Net.Sockets.SocketException: 由于目标计算机积极拒绝，无法连接。")
2026-02-02 14:19:45.529 +08:00 [grpcservice] [Information] SkyApm.Transport.Grpc.ConnectionManager : Shutdown connection[127.0.0.1:11800].
2026-02-02 14:19:45.529 +08:00 [grpcservice] [Information] SkyApm.Transport.Grpc.ConnectionManager : Connected server[127.0.0.1:11800].
2026-02-02 14:20:01.396 +08:00 [grpcservice] [Error] SkyApm.Transport.Grpc.V8.ServiceRegister : Report service instance properties fail.
Grpc.Core.RpcException: Status(StatusCode="Unavailable", Detail="Error connecting to subchannel.", DebugException="System.Net.Sockets.SocketException: 由于目标计算机积极拒绝，无法连接。")
 ---> System.Net.Sockets.SocketException (10061): 由于目标计算机积极拒绝，无法连接。
   at System.Net.Sockets.Socket.AwaitableSocketAsyncEventArgs.System.Threading.Tasks.Sources.IValueTaskSource.GetResult(Int16 token)
   at System.Net.Sockets.Socket.<ConnectAsync>g__WaitForConnectWithCancellation|285_0(AwaitableSocketAsyncEventArgs saea, ValueTask connectTask, CancellationToken cancellationToken)
   at Grpc.Net.Client.Balancer.Internal.SocketConnectivitySubchannelTransport.TryConnectAsync(ConnectContext context, Int32 attempt)
   --- End of inner exception stack trace ---
   at Grpc.Net.Client.Balancer.Internal.ConnectionManager.PickAsync(PickContext context, Boolean waitForReady, CancellationToken cancellationToken)
   at Grpc.Net.Client.Balancer.Internal.BalancerHttpHandler.SendAsync(HttpRequestMessage request, CancellationToken cancellationToken)
   at Grpc.Net.Client.Internal.GrpcCall`2.RunCall(HttpRequestMessage request, Nullable`1 timeout)
   at Grpc.Net.Client.Internal.GrpcCall`2.GetResponseHeadersCoreAsync()
   at SkyApm.Transport.Grpc.V8.ServiceRegister.<>c__DisplayClass9_0.<<ReportInstancePropertiesAsync>b__0>d.MoveNext()
--- End of stack trace from previous location ---
   at SkyApm.Transport.Grpc.Common.Call.Execute[T](Func`1 task, Func`1 errCallback, Func`1 errMessage)
2026-02-02 14:20:01.396 +08:00 [grpcservice] [Warning] SkyApm.Transport.Grpc.ConnectionManager : Connection state changed. Status(StatusCode="Unavailable", Detail="Error connecting to subchannel.", DebugException="System.Net.Sockets.SocketException: 由于目标计算机积极拒绝，无法连接。")
2026-02-02 14:20:14.340 +08:00 [grpcservice] [Information] SkyApm.Transport.Grpc.ConnectionManager : Shutdown connection[127.0.0.1:11800].
2026-02-02 14:20:14.340 +08:00 [grpcservice] [Information] SkyApm.Transport.Grpc.ConnectionManager : Connected server[127.0.0.1:11800].
2026-02-02 14:20:31.381 +08:00 [grpcservice] [Error] SkyApm.Transport.Grpc.V8.ServiceRegister : Report service instance properties fail.
Grpc.Core.RpcException: Status(StatusCode="Unavailable", Detail="Error connecting to subchannel.", DebugException="System.Net.Sockets.SocketException: 由于目标计算机积极拒绝，无法连接。")
 ---> System.Net.Sockets.SocketException (10061): 由于目标计算机积极拒绝，无法连接。
   at System.Net.Sockets.Socket.AwaitableSocketAsyncEventArgs.System.Threading.Tasks.Sources.IValueTaskSource.GetResult(Int16 token)
   at System.Net.Sockets.Socket.<ConnectAsync>g__WaitForConnectWithCancellation|285_0(AwaitableSocketAsyncEventArgs saea, ValueTask connectTask, CancellationToken cancellationToken)
   at Grpc.Net.Client.Balancer.Internal.SocketConnectivitySubchannelTransport.TryConnectAsync(ConnectContext context, Int32 attempt)
   --- End of inner exception stack trace ---
   at Grpc.Net.Client.Balancer.Internal.ConnectionManager.PickAsync(PickContext context, Boolean waitForReady, CancellationToken cancellationToken)
   at Grpc.Net.Client.Balancer.Internal.BalancerHttpHandler.SendAsync(HttpRequestMessage request, CancellationToken cancellationToken)
   at Grpc.Net.Client.Internal.GrpcCall`2.RunCall(HttpRequestMessage request, Nullable`1 timeout)
   at Grpc.Net.Client.Internal.GrpcCall`2.GetResponseHeadersCoreAsync()
   at SkyApm.Transport.Grpc.V8.ServiceRegister.<>c__DisplayClass9_0.<<ReportInstancePropertiesAsync>b__0>d.MoveNext()
--- End of stack trace from previous location ---
   at SkyApm.Transport.Grpc.Common.Call.Execute[T](Func`1 task, Func`1 errCallback, Func`1 errMessage)
2026-02-02 14:20:31.381 +08:00 [grpcservice] [Warning] SkyApm.Transport.Grpc.ConnectionManager : Connection state changed. Status(StatusCode="Unavailable", Detail="Error connecting to subchannel.", DebugException="System.Net.Sockets.SocketException: 由于目标计算机积极拒绝，无法连接。")
2026-02-02 14:20:44.341 +08:00 [grpcservice] [Information] SkyApm.Transport.Grpc.ConnectionManager : Shutdown connection[127.0.0.1:11800].
2026-02-02 14:20:44.341 +08:00 [grpcservice] [Information] SkyApm.Transport.Grpc.ConnectionManager : Connected server[127.0.0.1:11800].
2026-02-02 14:21:01.416 +08:00 [grpcservice] [Error] SkyApm.Transport.Grpc.V8.ServiceRegister : Report service instance properties fail.
Grpc.Core.RpcException: Status(StatusCode="Unavailable", Detail="Error connecting to subchannel.", DebugException="System.Net.Sockets.SocketException: 由于目标计算机积极拒绝，无法连接。")
 ---> System.Net.Sockets.SocketException (10061): 由于目标计算机积极拒绝，无法连接。
   at System.Net.Sockets.Socket.AwaitableSocketAsyncEventArgs.System.Threading.Tasks.Sources.IValueTaskSource.GetResult(Int16 token)
   at System.Net.Sockets.Socket.<ConnectAsync>g__WaitForConnectWithCancellation|285_0(AwaitableSocketAsyncEventArgs saea, ValueTask connectTask, CancellationToken cancellationToken)
   at Grpc.Net.Client.Balancer.Internal.SocketConnectivitySubchannelTransport.TryConnectAsync(ConnectContext context, Int32 attempt)
   --- End of inner exception stack trace ---
   at Grpc.Net.Client.Balancer.Internal.ConnectionManager.PickAsync(PickContext context, Boolean waitForReady, CancellationToken cancellationToken)
   at Grpc.Net.Client.Balancer.Internal.BalancerHttpHandler.SendAsync(HttpRequestMessage request, CancellationToken cancellationToken)
   at Grpc.Net.Client.Internal.GrpcCall`2.RunCall(HttpRequestMessage request, Nullable`1 timeout)
   at Grpc.Net.Client.Internal.GrpcCall`2.GetResponseHeadersCoreAsync()
   at SkyApm.Transport.Grpc.V8.ServiceRegister.<>c__DisplayClass9_0.<<ReportInstancePropertiesAsync>b__0>d.MoveNext()
--- End of stack trace from previous location ---
   at SkyApm.Transport.Grpc.Common.Call.Execute[T](Func`1 task, Func`1 errCallback, Func`1 errMessage)
2026-02-02 14:21:01.417 +08:00 [grpcservice] [Warning] SkyApm.Transport.Grpc.ConnectionManager : Connection state changed. Status(StatusCode="Unavailable", Detail="Error connecting to subchannel.", DebugException="System.Net.Sockets.SocketException: 由于目标计算机积极拒绝，无法连接。")
2026-02-02 14:21:14.338 +08:00 [grpcservice] [Information] SkyApm.Transport.Grpc.ConnectionManager : Shutdown connection[127.0.0.1:11800].
2026-02-02 14:21:14.338 +08:00 [grpcservice] [Information] SkyApm.Transport.Grpc.ConnectionManager : Connected server[127.0.0.1:11800].
2026-02-02 14:21:31.408 +08:00 [grpcservice] [Error] SkyApm.Transport.Grpc.V8.ServiceRegister : Report service instance properties fail.
Grpc.Core.RpcException: Status(StatusCode="Unavailable", Detail="Error connecting to subchannel.", DebugException="System.Net.Sockets.SocketException: 由于目标计算机积极拒绝，无法连接。")
 ---> System.Net.Sockets.SocketException (10061): 由于目标计算机积极拒绝，无法连接。
   at System.Net.Sockets.Socket.AwaitableSocketAsyncEventArgs.System.Threading.Tasks.Sources.IValueTaskSource.GetResult(Int16 token)
   at System.Net.Sockets.Socket.<ConnectAsync>g__WaitForConnectWithCancellation|285_0(AwaitableSocketAsyncEventArgs saea, ValueTask connectTask, CancellationToken cancellationToken)
   at Grpc.Net.Client.Balancer.Internal.SocketConnectivitySubchannelTransport.TryConnectAsync(ConnectContext context, Int32 attempt)
   --- End of inner exception stack trace ---
   at Grpc.Net.Client.Balancer.Internal.ConnectionManager.PickAsync(PickContext context, Boolean waitForReady, CancellationToken cancellationToken)
   at Grpc.Net.Client.Balancer.Internal.BalancerHttpHandler.SendAsync(HttpRequestMessage request, CancellationToken cancellationToken)
   at Grpc.Net.Client.Internal.GrpcCall`2.RunCall(HttpRequestMessage request, Nullable`1 timeout)
   at Grpc.Net.Client.Internal.GrpcCall`2.GetResponseHeadersCoreAsync()
   at SkyApm.Transport.Grpc.V8.ServiceRegister.<>c__DisplayClass9_0.<<ReportInstancePropertiesAsync>b__0>d.MoveNext()
--- End of stack trace from previous location ---
   at SkyApm.Transport.Grpc.Common.Call.Execute[T](Func`1 task, Func`1 errCallback, Func`1 errMessage)
2026-02-02 14:21:31.408 +08:00 [grpcservice] [Warning] SkyApm.Transport.Grpc.ConnectionManager : Connection state changed. Status(StatusCode="Unavailable", Detail="Error connecting to subchannel.", DebugException="System.Net.Sockets.SocketException: 由于目标计算机积极拒绝，无法连接。")
2026-02-02 14:21:44.344 +08:00 [grpcservice] [Information] SkyApm.Transport.Grpc.ConnectionManager : Shutdown connection[127.0.0.1:11800].
2026-02-02 14:21:44.344 +08:00 [grpcservice] [Information] SkyApm.Transport.Grpc.ConnectionManager : Connected server[127.0.0.1:11800].
2026-02-02 14:22:01.378 +08:00 [grpcservice] [Error] SkyApm.Transport.Grpc.V8.ServiceRegister : Report service instance properties fail.
Grpc.Core.RpcException: Status(StatusCode="Unavailable", Detail="Error connecting to subchannel.", DebugException="System.Net.Sockets.SocketException: 由于目标计算机积极拒绝，无法连接。")
 ---> System.Net.Sockets.SocketException (10061): 由于目标计算机积极拒绝，无法连接。
   at System.Net.Sockets.Socket.AwaitableSocketAsyncEventArgs.System.Threading.Tasks.Sources.IValueTaskSource.GetResult(Int16 token)
   at System.Net.Sockets.Socket.<ConnectAsync>g__WaitForConnectWithCancellation|285_0(AwaitableSocketAsyncEventArgs saea, ValueTask connectTask, CancellationToken cancellationToken)
   at Grpc.Net.Client.Balancer.Internal.SocketConnectivitySubchannelTransport.TryConnectAsync(ConnectContext context, Int32 attempt)
   --- End of inner exception stack trace ---
   at Grpc.Net.Client.Balancer.Internal.ConnectionManager.PickAsync(PickContext context, Boolean waitForReady, CancellationToken cancellationToken)
   at Grpc.Net.Client.Balancer.Internal.BalancerHttpHandler.SendAsync(HttpRequestMessage request, CancellationToken cancellationToken)
   at Grpc.Net.Client.Internal.GrpcCall`2.RunCall(HttpRequestMessage request, Nullable`1 timeout)
   at Grpc.Net.Client.Internal.GrpcCall`2.GetResponseHeadersCoreAsync()
   at SkyApm.Transport.Grpc.V8.ServiceRegister.<>c__DisplayClass9_0.<<ReportInstancePropertiesAsync>b__0>d.MoveNext()
--- End of stack trace from previous location ---
   at SkyApm.Transport.Grpc.Common.Call.Execute[T](Func`1 task, Func`1 errCallback, Func`1 errMessage)
2026-02-02 14:22:01.378 +08:00 [grpcservice] [Warning] SkyApm.Transport.Grpc.ConnectionManager : Connection state changed. Status(StatusCode="Unavailable", Detail="Error connecting to subchannel.", DebugException="System.Net.Sockets.SocketException: 由于目标计算机积极拒绝，无法连接。")
2026-02-02 14:22:14.340 +08:00 [grpcservice] [Information] SkyApm.Transport.Grpc.ConnectionManager : Shutdown connection[127.0.0.1:11800].
2026-02-02 14:22:14.340 +08:00 [grpcservice] [Information] SkyApm.Transport.Grpc.ConnectionManager : Connected server[127.0.0.1:11800].
2026-02-02 14:22:31.385 +08:00 [grpcservice] [Error] SkyApm.Transport.Grpc.V8.ServiceRegister : Report service instance properties fail.
Grpc.Core.RpcException: Status(StatusCode="Unavailable", Detail="Error connecting to subchannel.", DebugException="System.Net.Sockets.SocketException: 由于目标计算机积极拒绝，无法连接。")
 ---> System.Net.Sockets.SocketException (10061): 由于目标计算机积极拒绝，无法连接。
   at System.Net.Sockets.Socket.AwaitableSocketAsyncEventArgs.System.Threading.Tasks.Sources.IValueTaskSource.GetResult(Int16 token)
   at System.Net.Sockets.Socket.<ConnectAsync>g__WaitForConnectWithCancellation|285_0(AwaitableSocketAsyncEventArgs saea, ValueTask connectTask, CancellationToken cancellationToken)
   at Grpc.Net.Client.Balancer.Internal.SocketConnectivitySubchannelTransport.TryConnectAsync(ConnectContext context, Int32 attempt)
   --- End of inner exception stack trace ---
   at Grpc.Net.Client.Balancer.Internal.ConnectionManager.PickAsync(PickContext context, Boolean waitForReady, CancellationToken cancellationToken)
   at Grpc.Net.Client.Balancer.Internal.BalancerHttpHandler.SendAsync(HttpRequestMessage request, CancellationToken cancellationToken)
   at Grpc.Net.Client.Internal.GrpcCall`2.RunCall(HttpRequestMessage request, Nullable`1 timeout)
   at Grpc.Net.Client.Internal.GrpcCall`2.GetResponseHeadersCoreAsync()
   at SkyApm.Transport.Grpc.V8.ServiceRegister.<>c__DisplayClass9_0.<<ReportInstancePropertiesAsync>b__0>d.MoveNext()
--- End of stack trace from previous location ---
   at SkyApm.Transport.Grpc.Common.Call.Execute[T](Func`1 task, Func`1 errCallback, Func`1 errMessage)
2026-02-02 14:22:31.385 +08:00 [grpcservice] [Warning] SkyApm.Transport.Grpc.ConnectionManager : Connection state changed. Status(StatusCode="Unavailable", Detail="Error connecting to subchannel.", DebugException="System.Net.Sockets.SocketException: 由于目标计算机积极拒绝，无法连接。")
2026-02-02 14:22:44.343 +08:00 [grpcservice] [Information] SkyApm.Transport.Grpc.ConnectionManager : Shutdown connection[127.0.0.1:11800].
2026-02-02 14:22:44.343 +08:00 [grpcservice] [Information] SkyApm.Transport.Grpc.ConnectionManager : Connected server[127.0.0.1:11800].
2026-02-02 14:23:01.383 +08:00 [grpcservice] [Error] SkyApm.Transport.Grpc.V8.ServiceRegister : Report service instance properties fail.
Grpc.Core.RpcException: Status(StatusCode="Unavailable", Detail="Error connecting to subchannel.", DebugException="System.Net.Sockets.SocketException: 由于目标计算机积极拒绝，无法连接。")
 ---> System.Net.Sockets.SocketException (10061): 由于目标计算机积极拒绝，无法连接。
   at System.Net.Sockets.Socket.AwaitableSocketAsyncEventArgs.System.Threading.Tasks.Sources.IValueTaskSource.GetResult(Int16 token)
   at System.Net.Sockets.Socket.<ConnectAsync>g__WaitForConnectWithCancellation|285_0(AwaitableSocketAsyncEventArgs saea, ValueTask connectTask, CancellationToken cancellationToken)
   at Grpc.Net.Client.Balancer.Internal.SocketConnectivitySubchannelTransport.TryConnectAsync(ConnectContext context, Int32 attempt)
   --- End of inner exception stack trace ---
   at Grpc.Net.Client.Balancer.Internal.ConnectionManager.PickAsync(PickContext context, Boolean waitForReady, CancellationToken cancellationToken)
   at Grpc.Net.Client.Balancer.Internal.BalancerHttpHandler.SendAsync(HttpRequestMessage request, CancellationToken cancellationToken)
   at Grpc.Net.Client.Internal.GrpcCall`2.RunCall(HttpRequestMessage request, Nullable`1 timeout)
   at Grpc.Net.Client.Internal.GrpcCall`2.GetResponseHeadersCoreAsync()
   at SkyApm.Transport.Grpc.V8.ServiceRegister.<>c__DisplayClass9_0.<<ReportInstancePropertiesAsync>b__0>d.MoveNext()
--- End of stack trace from previous location ---
   at SkyApm.Transport.Grpc.Common.Call.Execute[T](Func`1 task, Func`1 errCallback, Func`1 errMessage)
2026-02-02 14:23:01.383 +08:00 [grpcservice] [Warning] SkyApm.Transport.Grpc.ConnectionManager : Connection state changed. Status(StatusCode="Unavailable", Detail="Error connecting to subchannel.", DebugException="System.Net.Sockets.SocketException: 由于目标计算机积极拒绝，无法连接。")
2026-02-02 14:23:14.336 +08:00 [grpcservice] [Information] SkyApm.Transport.Grpc.ConnectionManager : Shutdown connection[127.0.0.1:11800].
2026-02-02 14:23:14.336 +08:00 [grpcservice] [Information] SkyApm.Transport.Grpc.ConnectionManager : Connected server[127.0.0.1:11800].
2026-02-02 14:23:31.402 +08:00 [grpcservice] [Error] SkyApm.Transport.Grpc.V8.ServiceRegister : Report service instance properties fail.
Grpc.Core.RpcException: Status(StatusCode="Unavailable", Detail="Error connecting to subchannel.", DebugException="System.Net.Sockets.SocketException: 由于目标计算机积极拒绝，无法连接。")
 ---> System.Net.Sockets.SocketException (10061): 由于目标计算机积极拒绝，无法连接。
   at System.Net.Sockets.Socket.AwaitableSocketAsyncEventArgs.System.Threading.Tasks.Sources.IValueTaskSource.GetResult(Int16 token)
   at System.Net.Sockets.Socket.<ConnectAsync>g__WaitForConnectWithCancellation|285_0(AwaitableSocketAsyncEventArgs saea, ValueTask connectTask, CancellationToken cancellationToken)
   at Grpc.Net.Client.Balancer.Internal.SocketConnectivitySubchannelTransport.TryConnectAsync(ConnectContext context, Int32 attempt)
   --- End of inner exception stack trace ---
   at Grpc.Net.Client.Balancer.Internal.ConnectionManager.PickAsync(PickContext context, Boolean waitForReady, CancellationToken cancellationToken)
   at Grpc.Net.Client.Balancer.Internal.BalancerHttpHandler.SendAsync(HttpRequestMessage request, CancellationToken cancellationToken)
   at Grpc.Net.Client.Internal.GrpcCall`2.RunCall(HttpRequestMessage request, Nullable`1 timeout)
   at Grpc.Net.Client.Internal.GrpcCall`2.GetResponseHeadersCoreAsync()
   at SkyApm.Transport.Grpc.V8.ServiceRegister.<>c__DisplayClass9_0.<<ReportInstancePropertiesAsync>b__0>d.MoveNext()
--- End of stack trace from previous location ---
   at SkyApm.Transport.Grpc.Common.Call.Execute[T](Func`1 task, Func`1 errCallback, Func`1 errMessage)
2026-02-02 14:23:31.402 +08:00 [grpcservice] [Warning] SkyApm.Transport.Grpc.ConnectionManager : Connection state changed. Status(StatusCode="Unavailable", Detail="Error connecting to subchannel.", DebugException="System.Net.Sockets.SocketException: 由于目标计算机积极拒绝，无法连接。")
2026-02-02 14:23:44.338 +08:00 [grpcservice] [Information] SkyApm.Transport.Grpc.ConnectionManager : Shutdown connection[127.0.0.1:11800].
2026-02-02 14:23:44.338 +08:00 [grpcservice] [Information] SkyApm.Transport.Grpc.ConnectionManager : Connected server[127.0.0.1:11800].
2026-02-02 14:24:01.371 +08:00 [grpcservice] [Error] SkyApm.Transport.Grpc.V8.ServiceRegister : Report service instance properties fail.
Grpc.Core.RpcException: Status(StatusCode="Unavailable", Detail="Error connecting to subchannel.", DebugException="System.Net.Sockets.SocketException: 由于目标计算机积极拒绝，无法连接。")
 ---> System.Net.Sockets.SocketException (10061): 由于目标计算机积极拒绝，无法连接。
   at System.Net.Sockets.Socket.AwaitableSocketAsyncEventArgs.System.Threading.Tasks.Sources.IValueTaskSource.GetResult(Int16 token)
   at System.Net.Sockets.Socket.<ConnectAsync>g__WaitForConnectWithCancellation|285_0(AwaitableSocketAsyncEventArgs saea, ValueTask connectTask, CancellationToken cancellationToken)
   at Grpc.Net.Client.Balancer.Internal.SocketConnectivitySubchannelTransport.TryConnectAsync(ConnectContext context, Int32 attempt)
   --- End of inner exception stack trace ---
   at Grpc.Net.Client.Balancer.Internal.ConnectionManager.PickAsync(PickContext context, Boolean waitForReady, CancellationToken cancellationToken)
   at Grpc.Net.Client.Balancer.Internal.BalancerHttpHandler.SendAsync(HttpRequestMessage request, CancellationToken cancellationToken)
   at Grpc.Net.Client.Internal.GrpcCall`2.RunCall(HttpRequestMessage request, Nullable`1 timeout)
   at Grpc.Net.Client.Internal.GrpcCall`2.GetResponseHeadersCoreAsync()
   at SkyApm.Transport.Grpc.V8.ServiceRegister.<>c__DisplayClass9_0.<<ReportInstancePropertiesAsync>b__0>d.MoveNext()
--- End of stack trace from previous location ---
   at SkyApm.Transport.Grpc.Common.Call.Execute[T](Func`1 task, Func`1 errCallback, Func`1 errMessage)
2026-02-02 14:24:01.371 +08:00 [grpcservice] [Warning] SkyApm.Transport.Grpc.ConnectionManager : Connection state changed. Status(StatusCode="Unavailable", Detail="Error connecting to subchannel.", DebugException="System.Net.Sockets.SocketException: 由于目标计算机积极拒绝，无法连接。")
2026-02-02 14:24:14.345 +08:00 [grpcservice] [Information] SkyApm.Transport.Grpc.ConnectionManager : Shutdown connection[127.0.0.1:11800].
2026-02-02 14:24:14.346 +08:00 [grpcservice] [Information] SkyApm.Transport.Grpc.ConnectionManager : Connected server[127.0.0.1:11800].
2026-02-02 14:24:31.394 +08:00 [grpcservice] [Error] SkyApm.Transport.Grpc.V8.ServiceRegister : Report service instance properties fail.
Grpc.Core.RpcException: Status(StatusCode="Unavailable", Detail="Error connecting to subchannel.", DebugException="System.Net.Sockets.SocketException: 由于目标计算机积极拒绝，无法连接。")
 ---> System.Net.Sockets.SocketException (10061): 由于目标计算机积极拒绝，无法连接。
   at System.Net.Sockets.Socket.AwaitableSocketAsyncEventArgs.System.Threading.Tasks.Sources.IValueTaskSource.GetResult(Int16 token)
   at System.Net.Sockets.Socket.<ConnectAsync>g__WaitForConnectWithCancellation|285_0(AwaitableSocketAsyncEventArgs saea, ValueTask connectTask, CancellationToken cancellationToken)
   at Grpc.Net.Client.Balancer.Internal.SocketConnectivitySubchannelTransport.TryConnectAsync(ConnectContext context, Int32 attempt)
   --- End of inner exception stack trace ---
   at Grpc.Net.Client.Balancer.Internal.ConnectionManager.PickAsync(PickContext context, Boolean waitForReady, CancellationToken cancellationToken)
   at Grpc.Net.Client.Balancer.Internal.BalancerHttpHandler.SendAsync(HttpRequestMessage request, CancellationToken cancellationToken)
   at Grpc.Net.Client.Internal.GrpcCall`2.RunCall(HttpRequestMessage request, Nullable`1 timeout)
   at Grpc.Net.Client.Internal.GrpcCall`2.GetResponseHeadersCoreAsync()
   at SkyApm.Transport.Grpc.V8.ServiceRegister.<>c__DisplayClass9_0.<<ReportInstancePropertiesAsync>b__0>d.MoveNext()
--- End of stack trace from previous location ---
   at SkyApm.Transport.Grpc.Common.Call.Execute[T](Func`1 task, Func`1 errCallback, Func`1 errMessage)
2026-02-02 14:24:31.394 +08:00 [grpcservice] [Warning] SkyApm.Transport.Grpc.ConnectionManager : Connection state changed. Status(StatusCode="Unavailable", Detail="Error connecting to subchannel.", DebugException="System.Net.Sockets.SocketException: 由于目标计算机积极拒绝，无法连接。")
2026-02-02 14:24:44.355 +08:00 [grpcservice] [Information] SkyApm.Transport.Grpc.ConnectionManager : Shutdown connection[127.0.0.1:11800].
2026-02-02 14:24:44.355 +08:00 [grpcservice] [Information] SkyApm.Transport.Grpc.ConnectionManager : Connected server[127.0.0.1:11800].
2026-02-02 14:25:01.403 +08:00 [grpcservice] [Error] SkyApm.Transport.Grpc.V8.ServiceRegister : Report service instance properties fail.
Grpc.Core.RpcException: Status(StatusCode="Unavailable", Detail="Error connecting to subchannel.", DebugException="System.Net.Sockets.SocketException: 由于目标计算机积极拒绝，无法连接。")
 ---> System.Net.Sockets.SocketException (10061): 由于目标计算机积极拒绝，无法连接。
   at System.Net.Sockets.Socket.AwaitableSocketAsyncEventArgs.System.Threading.Tasks.Sources.IValueTaskSource.GetResult(Int16 token)
   at System.Net.Sockets.Socket.<ConnectAsync>g__WaitForConnectWithCancellation|285_0(AwaitableSocketAsyncEventArgs saea, ValueTask connectTask, CancellationToken cancellationToken)
   at Grpc.Net.Client.Balancer.Internal.SocketConnectivitySubchannelTransport.TryConnectAsync(ConnectContext context, Int32 attempt)
   --- End of inner exception stack trace ---
   at Grpc.Net.Client.Balancer.Internal.ConnectionManager.PickAsync(PickContext context, Boolean waitForReady, CancellationToken cancellationToken)
   at Grpc.Net.Client.Balancer.Internal.BalancerHttpHandler.SendAsync(HttpRequestMessage request, CancellationToken cancellationToken)
   at Grpc.Net.Client.Internal.GrpcCall`2.RunCall(HttpRequestMessage request, Nullable`1 timeout)
   at Grpc.Net.Client.Internal.GrpcCall`2.GetResponseHeadersCoreAsync()
   at SkyApm.Transport.Grpc.V8.ServiceRegister.<>c__DisplayClass9_0.<<ReportInstancePropertiesAsync>b__0>d.MoveNext()
--- End of stack trace from previous location ---
   at SkyApm.Transport.Grpc.Common.Call.Execute[T](Func`1 task, Func`1 errCallback, Func`1 errMessage)
2026-02-02 14:25:01.403 +08:00 [grpcservice] [Warning] SkyApm.Transport.Grpc.ConnectionManager : Connection state changed. Status(StatusCode="Unavailable", Detail="Error connecting to subchannel.", DebugException="System.Net.Sockets.SocketException: 由于目标计算机积极拒绝，无法连接。")
2026-02-02 14:25:14.343 +08:00 [grpcservice] [Information] SkyApm.Transport.Grpc.ConnectionManager : Shutdown connection[127.0.0.1:11800].
2026-02-02 14:25:14.343 +08:00 [grpcservice] [Information] SkyApm.Transport.Grpc.ConnectionManager : Connected server[127.0.0.1:11800].
2026-02-02 14:25:31.399 +08:00 [grpcservice] [Error] SkyApm.Transport.Grpc.V8.ServiceRegister : Report service instance properties fail.
Grpc.Core.RpcException: Status(StatusCode="Unavailable", Detail="Error connecting to subchannel.", DebugException="System.Net.Sockets.SocketException: 由于目标计算机积极拒绝，无法连接。")
 ---> System.Net.Sockets.SocketException (10061): 由于目标计算机积极拒绝，无法连接。
   at System.Net.Sockets.Socket.AwaitableSocketAsyncEventArgs.System.Threading.Tasks.Sources.IValueTaskSource.GetResult(Int16 token)
   at System.Net.Sockets.Socket.<ConnectAsync>g__WaitForConnectWithCancellation|285_0(AwaitableSocketAsyncEventArgs saea, ValueTask connectTask, CancellationToken cancellationToken)
   at Grpc.Net.Client.Balancer.Internal.SocketConnectivitySubchannelTransport.TryConnectAsync(ConnectContext context, Int32 attempt)
   --- End of inner exception stack trace ---
   at Grpc.Net.Client.Balancer.Internal.ConnectionManager.PickAsync(PickContext context, Boolean waitForReady, CancellationToken cancellationToken)
   at Grpc.Net.Client.Balancer.Internal.BalancerHttpHandler.SendAsync(HttpRequestMessage request, CancellationToken cancellationToken)
   at Grpc.Net.Client.Internal.GrpcCall`2.RunCall(HttpRequestMessage request, Nullable`1 timeout)
   at Grpc.Net.Client.Internal.GrpcCall`2.GetResponseHeadersCoreAsync()
   at SkyApm.Transport.Grpc.V8.ServiceRegister.<>c__DisplayClass9_0.<<ReportInstancePropertiesAsync>b__0>d.MoveNext()
--- End of stack trace from previous location ---
   at SkyApm.Transport.Grpc.Common.Call.Execute[T](Func`1 task, Func`1 errCallback, Func`1 errMessage)
2026-02-02 14:25:31.399 +08:00 [grpcservice] [Warning] SkyApm.Transport.Grpc.ConnectionManager : Connection state changed. Status(StatusCode="Unavailable", Detail="Error connecting to subchannel.", DebugException="System.Net.Sockets.SocketException: 由于目标计算机积极拒绝，无法连接。")
2026-02-02 14:25:44.340 +08:00 [grpcservice] [Information] SkyApm.Transport.Grpc.ConnectionManager : Shutdown connection[127.0.0.1:11800].
2026-02-02 14:25:44.340 +08:00 [grpcservice] [Information] SkyApm.Transport.Grpc.ConnectionManager : Connected server[127.0.0.1:11800].
2026-02-02 14:26:01.386 +08:00 [grpcservice] [Error] SkyApm.Transport.Grpc.V8.ServiceRegister : Report service instance properties fail.
Grpc.Core.RpcException: Status(StatusCode="Unavailable", Detail="Error connecting to subchannel.", DebugException="System.Net.Sockets.SocketException: 由于目标计算机积极拒绝，无法连接。")
 ---> System.Net.Sockets.SocketException (10061): 由于目标计算机积极拒绝，无法连接。
   at System.Net.Sockets.Socket.AwaitableSocketAsyncEventArgs.System.Threading.Tasks.Sources.IValueTaskSource.GetResult(Int16 token)
   at System.Net.Sockets.Socket.<ConnectAsync>g__WaitForConnectWithCancellation|285_0(AwaitableSocketAsyncEventArgs saea, ValueTask connectTask, CancellationToken cancellationToken)
   at Grpc.Net.Client.Balancer.Internal.SocketConnectivitySubchannelTransport.TryConnectAsync(ConnectContext context, Int32 attempt)
   --- End of inner exception stack trace ---
   at Grpc.Net.Client.Balancer.Internal.ConnectionManager.PickAsync(PickContext context, Boolean waitForReady, CancellationToken cancellationToken)
   at Grpc.Net.Client.Balancer.Internal.BalancerHttpHandler.SendAsync(HttpRequestMessage request, CancellationToken cancellationToken)
   at Grpc.Net.Client.Internal.GrpcCall`2.RunCall(HttpRequestMessage request, Nullable`1 timeout)
   at Grpc.Net.Client.Internal.GrpcCall`2.GetResponseHeadersCoreAsync()
   at SkyApm.Transport.Grpc.V8.ServiceRegister.<>c__DisplayClass9_0.<<ReportInstancePropertiesAsync>b__0>d.MoveNext()
--- End of stack trace from previous location ---
   at SkyApm.Transport.Grpc.Common.Call.Execute[T](Func`1 task, Func`1 errCallback, Func`1 errMessage)
2026-02-02 14:26:01.386 +08:00 [grpcservice] [Warning] SkyApm.Transport.Grpc.ConnectionManager : Connection state changed. Status(StatusCode="Unavailable", Detail="Error connecting to subchannel.", DebugException="System.Net.Sockets.SocketException: 由于目标计算机积极拒绝，无法连接。")
2026-02-02 14:26:14.335 +08:00 [grpcservice] [Information] SkyApm.Transport.Grpc.ConnectionManager : Shutdown connection[127.0.0.1:11800].
2026-02-02 14:26:14.336 +08:00 [grpcservice] [Information] SkyApm.Transport.Grpc.ConnectionManager : Connected server[127.0.0.1:11800].
2026-02-02 14:38:40.162 +08:00 [grpcservice] [Information] SkyApm.InstrumentStartup : Initializing ...
2026-02-02 14:38:40.246 +08:00 [grpcservice] [Information] SkyApm.Service.RegisterService : Loaded instrument service [SkyApm.Service.RegisterService].
2026-02-02 14:38:40.246 +08:00 [grpcservice] [Information] SkyApm.Service.LogReportService : Loaded instrument service [SkyApm.Service.LogReportService].
2026-02-02 14:38:40.247 +08:00 [grpcservice] [Information] SkyApm.Service.PingService : Loaded instrument service [SkyApm.Service.PingService].
2026-02-02 14:38:40.247 +08:00 [grpcservice] [Information] SkyApm.Service.SegmentReportService : Loaded instrument service [SkyApm.Service.SegmentReportService].
2026-02-02 14:38:40.248 +08:00 [grpcservice] [Information] SkyApm.Service.CLRStatsService : Loaded instrument service [SkyApm.Service.CLRStatsService].
2026-02-02 14:38:40.248 +08:00 [grpcservice] [Information] SkyApm.Sampling.SimpleCountSamplingInterceptor : Loaded instrument service [SkyApm.Sampling.SimpleCountSamplingInterceptor].
2026-02-02 14:38:40.248 +08:00 [grpcservice] [Information] SkyApm.Transport.Grpc.ConnectService : Loaded instrument service [SkyApm.Transport.Grpc.ConnectService].
2026-02-02 14:38:40.311 +08:00 [grpcservice] [Information] SkyApm.Transport.Grpc.ConnectionManager : Connected server[127.0.0.1:11800].
2026-02-02 14:38:40.330 +08:00 [grpcservice] [Information] SkyApm.Diagnostics.TracingDiagnosticProcessorObserver : Loaded diagnostic listener [HttpHandlerDiagnosticListener].
2026-02-02 14:38:40.331 +08:00 [grpcservice] [Information] SkyApm.InstrumentStartup : Started SkyAPM .NET Core Agent.
2026-02-02 14:38:40.853 +08:00 [grpcservice] [Information] SkyApm.Diagnostics.TracingDiagnosticProcessorObserver : Loaded diagnostic listener [Grpc.Net.Client].
2026-02-02 14:38:43.278 +08:00 [grpcservice] [Error] SkyApm.Transport.Grpc.V8.ServiceRegister : Report service instance properties fail.
Grpc.Core.RpcException: Status(StatusCode="Unavailable", Detail="Error connecting to subchannel.", DebugException="System.Net.Sockets.SocketException: 由于目标计算机积极拒绝，无法连接。")
 ---> System.Net.Sockets.SocketException (10061): 由于目标计算机积极拒绝，无法连接。
   at System.Net.Sockets.Socket.AwaitableSocketAsyncEventArgs.ThrowException(SocketError error, CancellationToken cancellationToken)
   at System.Net.Sockets.Socket.AwaitableSocketAsyncEventArgs.System.Threading.Tasks.Sources.IValueTaskSource.GetResult(Int16 token)
   at System.Net.Sockets.Socket.<ConnectAsync>g__WaitForConnectWithCancellation|285_0(AwaitableSocketAsyncEventArgs saea, ValueTask connectTask, CancellationToken cancellationToken)
   at Grpc.Net.Client.Balancer.Internal.SocketConnectivitySubchannelTransport.TryConnectAsync(ConnectContext context, Int32 attempt)
   --- End of inner exception stack trace ---
   at Grpc.Net.Client.Balancer.Internal.ConnectionManager.PickAsync(PickContext context, Boolean waitForReady, CancellationToken cancellationToken)
   at Grpc.Net.Client.Balancer.Internal.BalancerHttpHandler.SendAsync(HttpRequestMessage request, CancellationToken cancellationToken)
   at Grpc.Net.Client.Internal.GrpcCall`2.RunCall(HttpRequestMessage request, Nullable`1 timeout)
   at Grpc.Net.Client.Internal.GrpcCall`2.GetResponseHeadersCoreAsync()
   at SkyApm.Transport.Grpc.V8.ServiceRegister.<>c__DisplayClass9_0.<<ReportInstancePropertiesAsync>b__0>d.MoveNext()
--- End of stack trace from previous location ---
   at SkyApm.Transport.Grpc.Common.Call.Execute[T](Func`1 task, Func`1 errCallback, Func`1 errMessage)
2026-02-02 14:38:43.279 +08:00 [grpcservice] [Warning] SkyApm.Transport.Grpc.ConnectionManager : Connection state changed. Status(StatusCode="Unavailable", Detail="Error connecting to subchannel.", DebugException="System.Net.Sockets.SocketException: 由于目标计算机积极拒绝，无法连接。")
2026-02-02 14:38:55.261 +08:00 [grpcservice] [Information] SkyApm.Transport.Grpc.ConnectionManager : Shutdown connection[127.0.0.1:11800].
2026-02-02 14:38:55.261 +08:00 [grpcservice] [Information] SkyApm.Transport.Grpc.ConnectionManager : Connected server[127.0.0.1:11800].
2026-02-02 14:39:13.294 +08:00 [grpcservice] [Error] SkyApm.Transport.Grpc.V8.ServiceRegister : Report service instance properties fail.
Grpc.Core.RpcException: Status(StatusCode="Unavailable", Detail="Error connecting to subchannel.", DebugException="System.Net.Sockets.SocketException: 由于目标计算机积极拒绝，无法连接。")
 ---> System.Net.Sockets.SocketException (10061): 由于目标计算机积极拒绝，无法连接。
   at System.Net.Sockets.Socket.AwaitableSocketAsyncEventArgs.ThrowException(SocketError error, CancellationToken cancellationToken)
   at System.Net.Sockets.Socket.AwaitableSocketAsyncEventArgs.System.Threading.Tasks.Sources.IValueTaskSource.GetResult(Int16 token)
   at System.Net.Sockets.Socket.<ConnectAsync>g__WaitForConnectWithCancellation|285_0(AwaitableSocketAsyncEventArgs saea, ValueTask connectTask, CancellationToken cancellationToken)
   at Grpc.Net.Client.Balancer.Internal.SocketConnectivitySubchannelTransport.TryConnectAsync(ConnectContext context, Int32 attempt)
   --- End of inner exception stack trace ---
   at Grpc.Net.Client.Balancer.Internal.ConnectionManager.PickAsync(PickContext context, Boolean waitForReady, CancellationToken cancellationToken)
   at Grpc.Net.Client.Balancer.Internal.BalancerHttpHandler.SendAsync(HttpRequestMessage request, CancellationToken cancellationToken)
   at Grpc.Net.Client.Internal.GrpcCall`2.RunCall(HttpRequestMessage request, Nullable`1 timeout)
   at Grpc.Net.Client.Internal.GrpcCall`2.GetResponseHeadersCoreAsync()
   at SkyApm.Transport.Grpc.V8.ServiceRegister.<>c__DisplayClass9_0.<<ReportInstancePropertiesAsync>b__0>d.MoveNext()
--- End of stack trace from previous location ---
   at SkyApm.Transport.Grpc.Common.Call.Execute[T](Func`1 task, Func`1 errCallback, Func`1 errMessage)
2026-02-02 14:39:13.294 +08:00 [grpcservice] [Warning] SkyApm.Transport.Grpc.ConnectionManager : Connection state changed. Status(StatusCode="Unavailable", Detail="Error connecting to subchannel.", DebugException="System.Net.Sockets.SocketException: 由于目标计算机积极拒绝，无法连接。")
2026-02-02 14:39:25.998 +08:00 [grpcservice] [Information] SkyApm.Transport.Grpc.ConnectionManager : Shutdown connection[127.0.0.1:11800].
2026-02-02 14:39:26.000 +08:00 [grpcservice] [Information] SkyApm.Transport.Grpc.ConnectionManager : Connected server[127.0.0.1:11800].
2026-02-02 14:39:47.036 +08:00 [grpcservice] [Error] SkyApm.Transport.Grpc.V8.ServiceRegister : Report service instance properties fail.
Grpc.Core.RpcException: Status(StatusCode="Unavailable", Detail="Error connecting to subchannel.", DebugException="System.Net.Sockets.SocketException: 由于目标计算机积极拒绝，无法连接。")
 ---> System.Net.Sockets.SocketException (10061): 由于目标计算机积极拒绝，无法连接。
   at System.Net.Sockets.Socket.AwaitableSocketAsyncEventArgs.ThrowException(SocketError error, CancellationToken cancellationToken)
   at System.Net.Sockets.Socket.AwaitableSocketAsyncEventArgs.System.Threading.Tasks.Sources.IValueTaskSource.GetResult(Int16 token)
   at System.Net.Sockets.Socket.<ConnectAsync>g__WaitForConnectWithCancellation|285_0(AwaitableSocketAsyncEventArgs saea, ValueTask connectTask, CancellationToken cancellationToken)
   at Grpc.Net.Client.Balancer.Internal.SocketConnectivitySubchannelTransport.TryConnectAsync(ConnectContext context, Int32 attempt)
   --- End of inner exception stack trace ---
   at Grpc.Net.Client.Balancer.Internal.ConnectionManager.PickAsync(PickContext context, Boolean waitForReady, CancellationToken cancellationToken)
   at Grpc.Net.Client.Balancer.Internal.BalancerHttpHandler.SendAsync(HttpRequestMessage request, CancellationToken cancellationToken)
   at Grpc.Net.Client.Internal.GrpcCall`2.RunCall(HttpRequestMessage request, Nullable`1 timeout)
   at Grpc.Net.Client.Internal.GrpcCall`2.GetResponseHeadersCoreAsync()
   at SkyApm.Transport.Grpc.V8.ServiceRegister.<>c__DisplayClass9_0.<<ReportInstancePropertiesAsync>b__0>d.MoveNext()
--- End of stack trace from previous location ---
   at SkyApm.Transport.Grpc.Common.Call.Execute[T](Func`1 task, Func`1 errCallback, Func`1 errMessage)
2026-02-02 14:39:47.036 +08:00 [grpcservice] [Warning] SkyApm.Transport.Grpc.ConnectionManager : Connection state changed. Status(StatusCode="Unavailable", Detail="Error connecting to subchannel.", DebugException="System.Net.Sockets.SocketException: 由于目标计算机积极拒绝，无法连接。")
2026-02-02 14:39:55.260 +08:00 [grpcservice] [Information] SkyApm.Transport.Grpc.ConnectionManager : Shutdown connection[127.0.0.1:11800].
2026-02-02 14:39:55.260 +08:00 [grpcservice] [Information] SkyApm.Transport.Grpc.ConnectionManager : Connected server[127.0.0.1:11800].
2026-02-02 14:40:13.874 +08:00 [grpcservice] [Error] SkyApm.Transport.Grpc.V8.ServiceRegister : Report service instance properties fail.
Grpc.Core.RpcException: Status(StatusCode="Unavailable", Detail="Error connecting to subchannel.", DebugException="System.Net.Sockets.SocketException: 由于目标计算机积极拒绝，无法连接。")
 ---> System.Net.Sockets.SocketException (10061): 由于目标计算机积极拒绝，无法连接。
   at System.Net.Sockets.Socket.AwaitableSocketAsyncEventArgs.ThrowException(SocketError error, CancellationToken cancellationToken)
   at System.Net.Sockets.Socket.AwaitableSocketAsyncEventArgs.System.Threading.Tasks.Sources.IValueTaskSource.GetResult(Int16 token)
   at System.Net.Sockets.Socket.<ConnectAsync>g__WaitForConnectWithCancellation|285_0(AwaitableSocketAsyncEventArgs saea, ValueTask connectTask, CancellationToken cancellationToken)
   at Grpc.Net.Client.Balancer.Internal.SocketConnectivitySubchannelTransport.TryConnectAsync(ConnectContext context, Int32 attempt)
   --- End of inner exception stack trace ---
   at Grpc.Net.Client.Balancer.Internal.ConnectionManager.PickAsync(PickContext context, Boolean waitForReady, CancellationToken cancellationToken)
   at Grpc.Net.Client.Balancer.Internal.BalancerHttpHandler.SendAsync(HttpRequestMessage request, CancellationToken cancellationToken)
   at Grpc.Net.Client.Internal.GrpcCall`2.RunCall(HttpRequestMessage request, Nullable`1 timeout)
   at Grpc.Net.Client.Internal.GrpcCall`2.GetResponseHeadersCoreAsync()
   at SkyApm.Transport.Grpc.V8.ServiceRegister.<>c__DisplayClass9_0.<<ReportInstancePropertiesAsync>b__0>d.MoveNext()
--- End of stack trace from previous location ---
   at SkyApm.Transport.Grpc.Common.Call.Execute[T](Func`1 task, Func`1 errCallback, Func`1 errMessage)
2026-02-02 14:40:13.874 +08:00 [grpcservice] [Warning] SkyApm.Transport.Grpc.ConnectionManager : Connection state changed. Status(StatusCode="Unavailable", Detail="Error connecting to subchannel.", DebugException="System.Net.Sockets.SocketException: 由于目标计算机积极拒绝，无法连接。")
2026-02-02 14:40:25.265 +08:00 [grpcservice] [Information] SkyApm.Transport.Grpc.ConnectionManager : Shutdown connection[127.0.0.1:11800].
2026-02-02 14:40:25.265 +08:00 [grpcservice] [Information] SkyApm.Transport.Grpc.ConnectionManager : Connected server[127.0.0.1:11800].
2026-02-02 14:40:43.737 +08:00 [grpcservice] [Error] SkyApm.Transport.Grpc.V8.ServiceRegister : Report service instance properties fail.
Grpc.Core.RpcException: Status(StatusCode="Unavailable", Detail="Error connecting to subchannel.", DebugException="System.Net.Sockets.SocketException: 由于目标计算机积极拒绝，无法连接。")
 ---> System.Net.Sockets.SocketException (10061): 由于目标计算机积极拒绝，无法连接。
   at System.Net.Sockets.Socket.AwaitableSocketAsyncEventArgs.ThrowException(SocketError error, CancellationToken cancellationToken)
   at System.Net.Sockets.Socket.AwaitableSocketAsyncEventArgs.System.Threading.Tasks.Sources.IValueTaskSource.GetResult(Int16 token)
   at System.Net.Sockets.Socket.<ConnectAsync>g__WaitForConnectWithCancellation|285_0(AwaitableSocketAsyncEventArgs saea, ValueTask connectTask, CancellationToken cancellationToken)
   at Grpc.Net.Client.Balancer.Internal.SocketConnectivitySubchannelTransport.TryConnectAsync(ConnectContext context, Int32 attempt)
   --- End of inner exception stack trace ---
   at Grpc.Net.Client.Balancer.Internal.ConnectionManager.PickAsync(PickContext context, Boolean waitForReady, CancellationToken cancellationToken)
   at Grpc.Net.Client.Balancer.Internal.BalancerHttpHandler.SendAsync(HttpRequestMessage request, CancellationToken cancellationToken)
   at Grpc.Net.Client.Internal.GrpcCall`2.RunCall(HttpRequestMessage request, Nullable`1 timeout)
   at Grpc.Net.Client.Internal.GrpcCall`2.GetResponseHeadersCoreAsync()
   at SkyApm.Transport.Grpc.V8.ServiceRegister.<>c__DisplayClass9_0.<<ReportInstancePropertiesAsync>b__0>d.MoveNext()
--- End of stack trace from previous location ---
   at SkyApm.Transport.Grpc.Common.Call.Execute[T](Func`1 task, Func`1 errCallback, Func`1 errMessage)
2026-02-02 14:40:43.737 +08:00 [grpcservice] [Warning] SkyApm.Transport.Grpc.ConnectionManager : Connection state changed. Status(StatusCode="Unavailable", Detail="Error connecting to subchannel.", DebugException="System.Net.Sockets.SocketException: 由于目标计算机积极拒绝，无法连接。")
2026-02-02 14:40:55.682 +08:00 [grpcservice] [Information] SkyApm.Transport.Grpc.ConnectionManager : Shutdown connection[127.0.0.1:11800].
2026-02-02 14:40:55.682 +08:00 [grpcservice] [Information] SkyApm.Transport.Grpc.ConnectionManager : Connected server[127.0.0.1:11800].
2026-02-02 14:41:14.083 +08:00 [grpcservice] [Error] SkyApm.Transport.Grpc.V8.ServiceRegister : Report service instance properties fail.
Grpc.Core.RpcException: Status(StatusCode="Unavailable", Detail="Error connecting to subchannel.", DebugException="System.Net.Sockets.SocketException: 由于目标计算机积极拒绝，无法连接。")
 ---> System.Net.Sockets.SocketException (10061): 由于目标计算机积极拒绝，无法连接。
   at System.Net.Sockets.Socket.AwaitableSocketAsyncEventArgs.ThrowException(SocketError error, CancellationToken cancellationToken)
   at System.Net.Sockets.Socket.AwaitableSocketAsyncEventArgs.System.Threading.Tasks.Sources.IValueTaskSource.GetResult(Int16 token)
   at System.Net.Sockets.Socket.<ConnectAsync>g__WaitForConnectWithCancellation|285_0(AwaitableSocketAsyncEventArgs saea, ValueTask connectTask, CancellationToken cancellationToken)
   at Grpc.Net.Client.Balancer.Internal.SocketConnectivitySubchannelTransport.TryConnectAsync(ConnectContext context, Int32 attempt)
   --- End of inner exception stack trace ---
   at Grpc.Net.Client.Balancer.Internal.ConnectionManager.PickAsync(PickContext context, Boolean waitForReady, CancellationToken cancellationToken)
   at Grpc.Net.Client.Balancer.Internal.BalancerHttpHandler.SendAsync(HttpRequestMessage request, CancellationToken cancellationToken)
   at Grpc.Net.Client.Internal.GrpcCall`2.RunCall(HttpRequestMessage request, Nullable`1 timeout)
   at Grpc.Net.Client.Internal.GrpcCall`2.GetResponseHeadersCoreAsync()
   at SkyApm.Transport.Grpc.V8.ServiceRegister.<>c__DisplayClass9_0.<<ReportInstancePropertiesAsync>b__0>d.MoveNext()
--- End of stack trace from previous location ---
   at SkyApm.Transport.Grpc.Common.Call.Execute[T](Func`1 task, Func`1 errCallback, Func`1 errMessage)
2026-02-02 14:41:14.083 +08:00 [grpcservice] [Warning] SkyApm.Transport.Grpc.ConnectionManager : Connection state changed. Status(StatusCode="Unavailable", Detail="Error connecting to subchannel.", DebugException="System.Net.Sockets.SocketException: 由于目标计算机积极拒绝，无法连接。")
2026-02-02 14:41:25.252 +08:00 [grpcservice] [Information] SkyApm.Transport.Grpc.ConnectionManager : Shutdown connection[127.0.0.1:11800].
2026-02-02 14:41:25.252 +08:00 [grpcservice] [Information] SkyApm.Transport.Grpc.ConnectionManager : Connected server[127.0.0.1:11800].
2026-02-02 14:41:42.285 +08:00 [grpcservice] [Error] SkyApm.Transport.Grpc.V8.ServiceRegister : Report service instance properties fail.
Grpc.Core.RpcException: Status(StatusCode="Unavailable", Detail="Error connecting to subchannel.", DebugException="System.Net.Sockets.SocketException: 由于目标计算机积极拒绝，无法连接。")
 ---> System.Net.Sockets.SocketException (10061): 由于目标计算机积极拒绝，无法连接。
   at System.Net.Sockets.Socket.AwaitableSocketAsyncEventArgs.ThrowException(SocketError error, CancellationToken cancellationToken)
   at System.Net.Sockets.Socket.AwaitableSocketAsyncEventArgs.System.Threading.Tasks.Sources.IValueTaskSource.GetResult(Int16 token)
   at System.Net.Sockets.Socket.<ConnectAsync>g__WaitForConnectWithCancellation|285_0(AwaitableSocketAsyncEventArgs saea, ValueTask connectTask, CancellationToken cancellationToken)
   at Grpc.Net.Client.Balancer.Internal.SocketConnectivitySubchannelTransport.TryConnectAsync(ConnectContext context, Int32 attempt)
   --- End of inner exception stack trace ---
   at Grpc.Net.Client.Balancer.Internal.ConnectionManager.PickAsync(PickContext context, Boolean waitForReady, CancellationToken cancellationToken)
   at Grpc.Net.Client.Balancer.Internal.BalancerHttpHandler.SendAsync(HttpRequestMessage request, CancellationToken cancellationToken)
   at Grpc.Net.Client.Internal.GrpcCall`2.RunCall(HttpRequestMessage request, Nullable`1 timeout)
   at Grpc.Net.Client.Internal.GrpcCall`2.GetResponseHeadersCoreAsync()
   at SkyApm.Transport.Grpc.V8.ServiceRegister.<>c__DisplayClass9_0.<<ReportInstancePropertiesAsync>b__0>d.MoveNext()
--- End of stack trace from previous location ---
   at SkyApm.Transport.Grpc.Common.Call.Execute[T](Func`1 task, Func`1 errCallback, Func`1 errMessage)
2026-02-02 14:41:42.285 +08:00 [grpcservice] [Warning] SkyApm.Transport.Grpc.ConnectionManager : Connection state changed. Status(StatusCode="Unavailable", Detail="Error connecting to subchannel.", DebugException="System.Net.Sockets.SocketException: 由于目标计算机积极拒绝，无法连接。")
2026-02-02 14:41:55.265 +08:00 [grpcservice] [Information] SkyApm.Transport.Grpc.ConnectionManager : Shutdown connection[127.0.0.1:11800].
2026-02-02 14:41:55.266 +08:00 [grpcservice] [Information] SkyApm.Transport.Grpc.ConnectionManager : Connected server[127.0.0.1:11800].
2026-02-02 15:07:31.210 +08:00 [grpcservice] [Information] SkyApm.InstrumentStartup : Initializing ...
2026-02-02 15:07:31.272 +08:00 [grpcservice] [Information] SkyApm.Service.RegisterService : Loaded instrument service [SkyApm.Service.RegisterService].
2026-02-02 15:07:31.273 +08:00 [grpcservice] [Information] SkyApm.Service.LogReportService : Loaded instrument service [SkyApm.Service.LogReportService].
2026-02-02 15:07:31.273 +08:00 [grpcservice] [Information] SkyApm.Service.PingService : Loaded instrument service [SkyApm.Service.PingService].
2026-02-02 15:07:31.273 +08:00 [grpcservice] [Information] SkyApm.Service.SegmentReportService : Loaded instrument service [SkyApm.Service.SegmentReportService].
2026-02-02 15:07:31.273 +08:00 [grpcservice] [Information] SkyApm.Service.CLRStatsService : Loaded instrument service [SkyApm.Service.CLRStatsService].
2026-02-02 15:07:31.274 +08:00 [grpcservice] [Information] SkyApm.Sampling.SimpleCountSamplingInterceptor : Loaded instrument service [SkyApm.Sampling.SimpleCountSamplingInterceptor].
2026-02-02 15:07:31.274 +08:00 [grpcservice] [Information] SkyApm.Transport.Grpc.ConnectService : Loaded instrument service [SkyApm.Transport.Grpc.ConnectService].
2026-02-02 15:07:31.320 +08:00 [grpcservice] [Information] SkyApm.Transport.Grpc.ConnectionManager : Connected server[127.0.0.1:11800].
2026-02-02 15:07:31.330 +08:00 [grpcservice] [Information] SkyApm.Diagnostics.TracingDiagnosticProcessorObserver : Loaded diagnostic listener [HttpHandlerDiagnosticListener].
2026-02-02 15:07:31.331 +08:00 [grpcservice] [Information] SkyApm.InstrumentStartup : Started SkyAPM .NET Core Agent.
2026-02-02 15:07:31.855 +08:00 [grpcservice] [Information] SkyApm.Diagnostics.TracingDiagnosticProcessorObserver : Loaded diagnostic listener [Grpc.Net.Client].
2026-02-02 15:07:34.039 +08:00 [grpcservice] [Error] SkyApm.Transport.Grpc.V8.ServiceRegister : Report service instance properties fail.
Grpc.Core.RpcException: Status(StatusCode="Unavailable", Detail="Error connecting to subchannel.", DebugException="System.Net.Sockets.SocketException: 由于目标计算机积极拒绝，无法连接。")
 ---> System.Net.Sockets.SocketException (10061): 由于目标计算机积极拒绝，无法连接。
   at System.Net.Sockets.Socket.AwaitableSocketAsyncEventArgs.ThrowException(SocketError error, CancellationToken cancellationToken)
   at System.Net.Sockets.Socket.AwaitableSocketAsyncEventArgs.System.Threading.Tasks.Sources.IValueTaskSource.GetResult(Int16 token)
   at System.Net.Sockets.Socket.<ConnectAsync>g__WaitForConnectWithCancellation|285_0(AwaitableSocketAsyncEventArgs saea, ValueTask connectTask, CancellationToken cancellationToken)
   at Grpc.Net.Client.Balancer.Internal.SocketConnectivitySubchannelTransport.TryConnectAsync(ConnectContext context, Int32 attempt)
   --- End of inner exception stack trace ---
   at Grpc.Net.Client.Balancer.Internal.ConnectionManager.PickAsync(PickContext context, Boolean waitForReady, CancellationToken cancellationToken)
   at Grpc.Net.Client.Balancer.Internal.BalancerHttpHandler.SendAsync(HttpRequestMessage request, CancellationToken cancellationToken)
   at Grpc.Net.Client.Internal.GrpcCall`2.RunCall(HttpRequestMessage request, Nullable`1 timeout)
   at Grpc.Net.Client.Internal.GrpcCall`2.GetResponseHeadersCoreAsync()
   at SkyApm.Transport.Grpc.V8.ServiceRegister.<>c__DisplayClass9_0.<<ReportInstancePropertiesAsync>b__0>d.MoveNext()
--- End of stack trace from previous location ---
   at SkyApm.Transport.Grpc.Common.Call.Execute[T](Func`1 task, Func`1 errCallback, Func`1 errMessage)
2026-02-02 15:07:34.039 +08:00 [grpcservice] [Warning] SkyApm.Transport.Grpc.ConnectionManager : Connection state changed. Status(StatusCode="Unavailable", Detail="Error connecting to subchannel.", DebugException="System.Net.Sockets.SocketException: 由于目标计算机积极拒绝，无法连接。")
2026-02-02 15:07:46.417 +08:00 [grpcservice] [Information] SkyApm.Transport.Grpc.ConnectionManager : Shutdown connection[127.0.0.1:11800].
2026-02-02 15:07:46.417 +08:00 [grpcservice] [Information] SkyApm.Transport.Grpc.ConnectionManager : Connected server[127.0.0.1:11800].
2026-02-02 15:10:06.994 +08:00 [grpcservice] [Information] SkyApm.InstrumentStartup : Initializing ...
2026-02-02 15:10:07.086 +08:00 [grpcservice] [Information] SkyApm.Service.RegisterService : Loaded instrument service [SkyApm.Service.RegisterService].
2026-02-02 15:10:07.086 +08:00 [grpcservice] [Information] SkyApm.Service.LogReportService : Loaded instrument service [SkyApm.Service.LogReportService].
2026-02-02 15:10:07.087 +08:00 [grpcservice] [Information] SkyApm.Service.PingService : Loaded instrument service [SkyApm.Service.PingService].
2026-02-02 15:10:07.087 +08:00 [grpcservice] [Information] SkyApm.Service.SegmentReportService : Loaded instrument service [SkyApm.Service.SegmentReportService].
2026-02-02 15:10:07.087 +08:00 [grpcservice] [Information] SkyApm.Service.CLRStatsService : Loaded instrument service [SkyApm.Service.CLRStatsService].
2026-02-02 15:10:07.087 +08:00 [grpcservice] [Information] SkyApm.Sampling.SimpleCountSamplingInterceptor : Loaded instrument service [SkyApm.Sampling.SimpleCountSamplingInterceptor].
2026-02-02 15:10:07.087 +08:00 [grpcservice] [Information] SkyApm.Transport.Grpc.ConnectService : Loaded instrument service [SkyApm.Transport.Grpc.ConnectService].
2026-02-02 15:10:07.162 +08:00 [grpcservice] [Information] SkyApm.Transport.Grpc.ConnectionManager : Connected server[127.0.0.1:11800].
2026-02-02 15:10:07.182 +08:00 [grpcservice] [Information] SkyApm.Diagnostics.TracingDiagnosticProcessorObserver : Loaded diagnostic listener [HttpHandlerDiagnosticListener].
2026-02-02 15:10:07.183 +08:00 [grpcservice] [Information] SkyApm.InstrumentStartup : Started SkyAPM .NET Core Agent.
2026-02-02 15:10:07.823 +08:00 [grpcservice] [Information] SkyApm.Diagnostics.TracingDiagnosticProcessorObserver : Loaded diagnostic listener [Grpc.Net.Client].
2026-02-02 15:10:10.299 +08:00 [grpcservice] [Error] SkyApm.Transport.Grpc.V8.ServiceRegister : Report service instance properties fail.
Grpc.Core.RpcException: Status(StatusCode="Unavailable", Detail="Error connecting to subchannel.", DebugException="System.Net.Sockets.SocketException: 由于目标计算机积极拒绝，无法连接。")
 ---> System.Net.Sockets.SocketException (10061): 由于目标计算机积极拒绝，无法连接。
   at System.Net.Sockets.Socket.AwaitableSocketAsyncEventArgs.ThrowException(SocketError error, CancellationToken cancellationToken)
   at System.Net.Sockets.Socket.AwaitableSocketAsyncEventArgs.System.Threading.Tasks.Sources.IValueTaskSource.GetResult(Int16 token)
   at System.Net.Sockets.Socket.<ConnectAsync>g__WaitForConnectWithCancellation|285_0(AwaitableSocketAsyncEventArgs saea, ValueTask connectTask, CancellationToken cancellationToken)
   at Grpc.Net.Client.Balancer.Internal.SocketConnectivitySubchannelTransport.TryConnectAsync(ConnectContext context, Int32 attempt)
   --- End of inner exception stack trace ---
   at Grpc.Net.Client.Balancer.Internal.ConnectionManager.PickAsync(PickContext context, Boolean waitForReady, CancellationToken cancellationToken)
   at Grpc.Net.Client.Balancer.Internal.BalancerHttpHandler.SendAsync(HttpRequestMessage request, CancellationToken cancellationToken)
   at Grpc.Net.Client.Internal.GrpcCall`2.RunCall(HttpRequestMessage request, Nullable`1 timeout)
   at Grpc.Net.Client.Internal.GrpcCall`2.GetResponseHeadersCoreAsync()
   at SkyApm.Transport.Grpc.V8.ServiceRegister.<>c__DisplayClass9_0.<<ReportInstancePropertiesAsync>b__0>d.MoveNext()
--- End of stack trace from previous location ---
   at SkyApm.Transport.Grpc.Common.Call.Execute[T](Func`1 task, Func`1 errCallback, Func`1 errMessage)
2026-02-02 15:10:10.304 +08:00 [grpcservice] [Warning] SkyApm.Transport.Grpc.ConnectionManager : Connection state changed. Status(StatusCode="Unavailable", Detail="Error connecting to subchannel.", DebugException="System.Net.Sockets.SocketException: 由于目标计算机积极拒绝，无法连接。")
2026-02-02 15:10:22.106 +08:00 [grpcservice] [Information] SkyApm.Transport.Grpc.ConnectionManager : Shutdown connection[127.0.0.1:11800].
2026-02-02 15:10:22.107 +08:00 [grpcservice] [Information] SkyApm.Transport.Grpc.ConnectionManager : Connected server[127.0.0.1:11800].
2026-02-02 15:10:41.116 +08:00 [grpcservice] [Error] SkyApm.Transport.Grpc.V8.ServiceRegister : Report service instance properties fail.
Grpc.Core.RpcException: Status(StatusCode="Unavailable", Detail="Error connecting to subchannel.", DebugException="System.Net.Sockets.SocketException: 由于目标计算机积极拒绝，无法连接。")
 ---> System.Net.Sockets.SocketException (10061): 由于目标计算机积极拒绝，无法连接。
   at System.Net.Sockets.Socket.AwaitableSocketAsyncEventArgs.ThrowException(SocketError error, CancellationToken cancellationToken)
   at System.Net.Sockets.Socket.AwaitableSocketAsyncEventArgs.System.Threading.Tasks.Sources.IValueTaskSource.GetResult(Int16 token)
   at System.Net.Sockets.Socket.<ConnectAsync>g__WaitForConnectWithCancellation|285_0(AwaitableSocketAsyncEventArgs saea, ValueTask connectTask, CancellationToken cancellationToken)
   at Grpc.Net.Client.Balancer.Internal.SocketConnectivitySubchannelTransport.TryConnectAsync(ConnectContext context, Int32 attempt)
   --- End of inner exception stack trace ---
   at Grpc.Net.Client.Balancer.Internal.ConnectionManager.PickAsync(PickContext context, Boolean waitForReady, CancellationToken cancellationToken)
   at Grpc.Net.Client.Balancer.Internal.BalancerHttpHandler.SendAsync(HttpRequestMessage request, CancellationToken cancellationToken)
   at Grpc.Net.Client.Internal.GrpcCall`2.RunCall(HttpRequestMessage request, Nullable`1 timeout)
   at Grpc.Net.Client.Internal.GrpcCall`2.GetResponseHeadersCoreAsync()
   at SkyApm.Transport.Grpc.V8.ServiceRegister.<>c__DisplayClass9_0.<<ReportInstancePropertiesAsync>b__0>d.MoveNext()
--- End of stack trace from previous location ---
   at SkyApm.Transport.Grpc.Common.Call.Execute[T](Func`1 task, Func`1 errCallback, Func`1 errMessage)
2026-02-02 15:10:41.116 +08:00 [grpcservice] [Warning] SkyApm.Transport.Grpc.ConnectionManager : Connection state changed. Status(StatusCode="Unavailable", Detail="Error connecting to subchannel.", DebugException="System.Net.Sockets.SocketException: 由于目标计算机积极拒绝，无法连接。")
2026-02-02 15:10:52.153 +08:00 [grpcservice] [Information] SkyApm.Transport.Grpc.ConnectionManager : Shutdown connection[127.0.0.1:11800].
2026-02-02 15:10:52.154 +08:00 [grpcservice] [Information] SkyApm.Transport.Grpc.ConnectionManager : Connected server[127.0.0.1:11800].
2026-02-02 15:11:09.141 +08:00 [grpcservice] [Error] SkyApm.Transport.Grpc.V8.ServiceRegister : Report service instance properties fail.
Grpc.Core.RpcException: Status(StatusCode="Unavailable", Detail="Error connecting to subchannel.", DebugException="System.Net.Sockets.SocketException: 由于目标计算机积极拒绝，无法连接。")
 ---> System.Net.Sockets.SocketException (10061): 由于目标计算机积极拒绝，无法连接。
   at System.Net.Sockets.Socket.AwaitableSocketAsyncEventArgs.ThrowException(SocketError error, CancellationToken cancellationToken)
   at System.Net.Sockets.Socket.AwaitableSocketAsyncEventArgs.System.Threading.Tasks.Sources.IValueTaskSource.GetResult(Int16 token)
   at System.Net.Sockets.Socket.<ConnectAsync>g__WaitForConnectWithCancellation|285_0(AwaitableSocketAsyncEventArgs saea, ValueTask connectTask, CancellationToken cancellationToken)
   at Grpc.Net.Client.Balancer.Internal.SocketConnectivitySubchannelTransport.TryConnectAsync(ConnectContext context, Int32 attempt)
   --- End of inner exception stack trace ---
   at Grpc.Net.Client.Balancer.Internal.ConnectionManager.PickAsync(PickContext context, Boolean waitForReady, CancellationToken cancellationToken)
   at Grpc.Net.Client.Balancer.Internal.BalancerHttpHandler.SendAsync(HttpRequestMessage request, CancellationToken cancellationToken)
   at Grpc.Net.Client.Internal.GrpcCall`2.RunCall(HttpRequestMessage request, Nullable`1 timeout)
   at Grpc.Net.Client.Internal.GrpcCall`2.GetResponseHeadersCoreAsync()
   at SkyApm.Transport.Grpc.V8.ServiceRegister.<>c__DisplayClass9_0.<<ReportInstancePropertiesAsync>b__0>d.MoveNext()
--- End of stack trace from previous location ---
   at SkyApm.Transport.Grpc.Common.Call.Execute[T](Func`1 task, Func`1 errCallback, Func`1 errMessage)
2026-02-02 15:11:09.142 +08:00 [grpcservice] [Warning] SkyApm.Transport.Grpc.ConnectionManager : Connection state changed. Status(StatusCode="Unavailable", Detail="Error connecting to subchannel.", DebugException="System.Net.Sockets.SocketException: 由于目标计算机积极拒绝，无法连接。")
2026-02-02 15:11:22.089 +08:00 [grpcservice] [Information] SkyApm.Transport.Grpc.ConnectionManager : Shutdown connection[127.0.0.1:11800].
2026-02-02 15:11:22.089 +08:00 [grpcservice] [Information] SkyApm.Transport.Grpc.ConnectionManager : Connected server[127.0.0.1:11800].
2026-02-02 15:11:39.115 +08:00 [grpcservice] [Error] SkyApm.Transport.Grpc.V8.ServiceRegister : Report service instance properties fail.
Grpc.Core.RpcException: Status(StatusCode="Unavailable", Detail="Error connecting to subchannel.", DebugException="System.Net.Sockets.SocketException: 由于目标计算机积极拒绝，无法连接。")
 ---> System.Net.Sockets.SocketException (10061): 由于目标计算机积极拒绝，无法连接。
   at System.Net.Sockets.Socket.AwaitableSocketAsyncEventArgs.ThrowException(SocketError error, CancellationToken cancellationToken)
   at System.Net.Sockets.Socket.AwaitableSocketAsyncEventArgs.System.Threading.Tasks.Sources.IValueTaskSource.GetResult(Int16 token)
   at System.Net.Sockets.Socket.<ConnectAsync>g__WaitForConnectWithCancellation|285_0(AwaitableSocketAsyncEventArgs saea, ValueTask connectTask, CancellationToken cancellationToken)
   at Grpc.Net.Client.Balancer.Internal.SocketConnectivitySubchannelTransport.TryConnectAsync(ConnectContext context, Int32 attempt)
   --- End of inner exception stack trace ---
   at Grpc.Net.Client.Balancer.Internal.ConnectionManager.PickAsync(PickContext context, Boolean waitForReady, CancellationToken cancellationToken)
   at Grpc.Net.Client.Balancer.Internal.BalancerHttpHandler.SendAsync(HttpRequestMessage request, CancellationToken cancellationToken)
   at Grpc.Net.Client.Internal.GrpcCall`2.RunCall(HttpRequestMessage request, Nullable`1 timeout)
   at Grpc.Net.Client.Internal.GrpcCall`2.GetResponseHeadersCoreAsync()
   at SkyApm.Transport.Grpc.V8.ServiceRegister.<>c__DisplayClass9_0.<<ReportInstancePropertiesAsync>b__0>d.MoveNext()
--- End of stack trace from previous location ---
   at SkyApm.Transport.Grpc.Common.Call.Execute[T](Func`1 task, Func`1 errCallback, Func`1 errMessage)
2026-02-02 15:11:39.115 +08:00 [grpcservice] [Warning] SkyApm.Transport.Grpc.ConnectionManager : Connection state changed. Status(StatusCode="Unavailable", Detail="Error connecting to subchannel.", DebugException="System.Net.Sockets.SocketException: 由于目标计算机积极拒绝，无法连接。")
2026-02-02 15:11:52.105 +08:00 [grpcservice] [Information] SkyApm.Transport.Grpc.ConnectionManager : Shutdown connection[127.0.0.1:11800].
2026-02-02 15:11:52.106 +08:00 [grpcservice] [Information] SkyApm.Transport.Grpc.ConnectionManager : Connected server[127.0.0.1:11800].
2026-02-02 15:12:09.145 +08:00 [grpcservice] [Error] SkyApm.Transport.Grpc.V8.ServiceRegister : Report service instance properties fail.
Grpc.Core.RpcException: Status(StatusCode="Unavailable", Detail="Error connecting to subchannel.", DebugException="System.Net.Sockets.SocketException: 由于目标计算机积极拒绝，无法连接。")
 ---> System.Net.Sockets.SocketException (10061): 由于目标计算机积极拒绝，无法连接。
   at System.Net.Sockets.Socket.AwaitableSocketAsyncEventArgs.ThrowException(SocketError error, CancellationToken cancellationToken)
   at System.Net.Sockets.Socket.AwaitableSocketAsyncEventArgs.System.Threading.Tasks.Sources.IValueTaskSource.GetResult(Int16 token)
   at System.Net.Sockets.Socket.<ConnectAsync>g__WaitForConnectWithCancellation|285_0(AwaitableSocketAsyncEventArgs saea, ValueTask connectTask, CancellationToken cancellationToken)
   at Grpc.Net.Client.Balancer.Internal.SocketConnectivitySubchannelTransport.TryConnectAsync(ConnectContext context, Int32 attempt)
   --- End of inner exception stack trace ---
   at Grpc.Net.Client.Balancer.Internal.ConnectionManager.PickAsync(PickContext context, Boolean waitForReady, CancellationToken cancellationToken)
   at Grpc.Net.Client.Balancer.Internal.BalancerHttpHandler.SendAsync(HttpRequestMessage request, CancellationToken cancellationToken)
   at Grpc.Net.Client.Internal.GrpcCall`2.RunCall(HttpRequestMessage request, Nullable`1 timeout)
   at Grpc.Net.Client.Internal.GrpcCall`2.GetResponseHeadersCoreAsync()
   at SkyApm.Transport.Grpc.V8.ServiceRegister.<>c__DisplayClass9_0.<<ReportInstancePropertiesAsync>b__0>d.MoveNext()
--- End of stack trace from previous location ---
   at SkyApm.Transport.Grpc.Common.Call.Execute[T](Func`1 task, Func`1 errCallback, Func`1 errMessage)
2026-02-02 15:12:09.145 +08:00 [grpcservice] [Warning] SkyApm.Transport.Grpc.ConnectionManager : Connection state changed. Status(StatusCode="Unavailable", Detail="Error connecting to subchannel.", DebugException="System.Net.Sockets.SocketException: 由于目标计算机积极拒绝，无法连接。")
2026-02-02 15:12:22.097 +08:00 [grpcservice] [Information] SkyApm.Transport.Grpc.ConnectionManager : Shutdown connection[127.0.0.1:11800].
2026-02-02 15:12:22.098 +08:00 [grpcservice] [Information] SkyApm.Transport.Grpc.ConnectionManager : Connected server[127.0.0.1:11800].
2026-02-02 15:12:39.147 +08:00 [grpcservice] [Error] SkyApm.Transport.Grpc.V8.ServiceRegister : Report service instance properties fail.
Grpc.Core.RpcException: Status(StatusCode="Unavailable", Detail="Error connecting to subchannel.", DebugException="System.Net.Sockets.SocketException: 由于目标计算机积极拒绝，无法连接。")
 ---> System.Net.Sockets.SocketException (10061): 由于目标计算机积极拒绝，无法连接。
   at System.Net.Sockets.Socket.AwaitableSocketAsyncEventArgs.ThrowException(SocketError error, CancellationToken cancellationToken)
   at System.Net.Sockets.Socket.AwaitableSocketAsyncEventArgs.System.Threading.Tasks.Sources.IValueTaskSource.GetResult(Int16 token)
   at System.Net.Sockets.Socket.<ConnectAsync>g__WaitForConnectWithCancellation|285_0(AwaitableSocketAsyncEventArgs saea, ValueTask connectTask, CancellationToken cancellationToken)
   at Grpc.Net.Client.Balancer.Internal.SocketConnectivitySubchannelTransport.TryConnectAsync(ConnectContext context, Int32 attempt)
   --- End of inner exception stack trace ---
   at Grpc.Net.Client.Balancer.Internal.ConnectionManager.PickAsync(PickContext context, Boolean waitForReady, CancellationToken cancellationToken)
   at Grpc.Net.Client.Balancer.Internal.BalancerHttpHandler.SendAsync(HttpRequestMessage request, CancellationToken cancellationToken)
   at Grpc.Net.Client.Internal.GrpcCall`2.RunCall(HttpRequestMessage request, Nullable`1 timeout)
   at Grpc.Net.Client.Internal.GrpcCall`2.GetResponseHeadersCoreAsync()
   at SkyApm.Transport.Grpc.V8.ServiceRegister.<>c__DisplayClass9_0.<<ReportInstancePropertiesAsync>b__0>d.MoveNext()
--- End of stack trace from previous location ---
   at SkyApm.Transport.Grpc.Common.Call.Execute[T](Func`1 task, Func`1 errCallback, Func`1 errMessage)
2026-02-02 15:12:39.147 +08:00 [grpcservice] [Warning] SkyApm.Transport.Grpc.ConnectionManager : Connection state changed. Status(StatusCode="Unavailable", Detail="Error connecting to subchannel.", DebugException="System.Net.Sockets.SocketException: 由于目标计算机积极拒绝，无法连接。")
2026-02-02 15:12:52.090 +08:00 [grpcservice] [Information] SkyApm.Transport.Grpc.ConnectionManager : Shutdown connection[127.0.0.1:11800].
2026-02-02 15:12:52.091 +08:00 [grpcservice] [Information] SkyApm.Transport.Grpc.ConnectionManager : Connected server[127.0.0.1:11800].
2026-02-02 15:13:09.121 +08:00 [grpcservice] [Error] SkyApm.Transport.Grpc.V8.ServiceRegister : Report service instance properties fail.
Grpc.Core.RpcException: Status(StatusCode="Unavailable", Detail="Error connecting to subchannel.", DebugException="System.Net.Sockets.SocketException: 由于目标计算机积极拒绝，无法连接。")
 ---> System.Net.Sockets.SocketException (10061): 由于目标计算机积极拒绝，无法连接。
   at System.Net.Sockets.Socket.AwaitableSocketAsyncEventArgs.ThrowException(SocketError error, CancellationToken cancellationToken)
   at System.Net.Sockets.Socket.AwaitableSocketAsyncEventArgs.System.Threading.Tasks.Sources.IValueTaskSource.GetResult(Int16 token)
   at System.Net.Sockets.Socket.<ConnectAsync>g__WaitForConnectWithCancellation|285_0(AwaitableSocketAsyncEventArgs saea, ValueTask connectTask, CancellationToken cancellationToken)
   at Grpc.Net.Client.Balancer.Internal.SocketConnectivitySubchannelTransport.TryConnectAsync(ConnectContext context, Int32 attempt)
   --- End of inner exception stack trace ---
   at Grpc.Net.Client.Balancer.Internal.ConnectionManager.PickAsync(PickContext context, Boolean waitForReady, CancellationToken cancellationToken)
   at Grpc.Net.Client.Balancer.Internal.BalancerHttpHandler.SendAsync(HttpRequestMessage request, CancellationToken cancellationToken)
   at Grpc.Net.Client.Internal.GrpcCall`2.RunCall(HttpRequestMessage request, Nullable`1 timeout)
   at Grpc.Net.Client.Internal.GrpcCall`2.GetResponseHeadersCoreAsync()
   at SkyApm.Transport.Grpc.V8.ServiceRegister.<>c__DisplayClass9_0.<<ReportInstancePropertiesAsync>b__0>d.MoveNext()
--- End of stack trace from previous location ---
   at SkyApm.Transport.Grpc.Common.Call.Execute[T](Func`1 task, Func`1 errCallback, Func`1 errMessage)
2026-02-02 15:13:09.121 +08:00 [grpcservice] [Warning] SkyApm.Transport.Grpc.ConnectionManager : Connection state changed. Status(StatusCode="Unavailable", Detail="Error connecting to subchannel.", DebugException="System.Net.Sockets.SocketException: 由于目标计算机积极拒绝，无法连接。")
2026-02-02 15:13:22.092 +08:00 [grpcservice] [Information] SkyApm.Transport.Grpc.ConnectionManager : Shutdown connection[127.0.0.1:11800].
2026-02-02 15:13:22.093 +08:00 [grpcservice] [Information] SkyApm.Transport.Grpc.ConnectionManager : Connected server[127.0.0.1:11800].
2026-02-02 15:13:39.132 +08:00 [grpcservice] [Error] SkyApm.Transport.Grpc.V8.ServiceRegister : Report service instance properties fail.
Grpc.Core.RpcException: Status(StatusCode="Unavailable", Detail="Error connecting to subchannel.", DebugException="System.Net.Sockets.SocketException: 由于目标计算机积极拒绝，无法连接。")
 ---> System.Net.Sockets.SocketException (10061): 由于目标计算机积极拒绝，无法连接。
   at System.Net.Sockets.Socket.AwaitableSocketAsyncEventArgs.System.Threading.Tasks.Sources.IValueTaskSource.GetResult(Int16 token)
   at System.Net.Sockets.Socket.<ConnectAsync>g__WaitForConnectWithCancellation|285_0(AwaitableSocketAsyncEventArgs saea, ValueTask connectTask, CancellationToken cancellationToken)
   at Grpc.Net.Client.Balancer.Internal.SocketConnectivitySubchannelTransport.TryConnectAsync(ConnectContext context, Int32 attempt)
   --- End of inner exception stack trace ---
   at Grpc.Net.Client.Balancer.Internal.ConnectionManager.PickAsync(PickContext context, Boolean waitForReady, CancellationToken cancellationToken)
   at Grpc.Net.Client.Balancer.Internal.BalancerHttpHandler.SendAsync(HttpRequestMessage request, CancellationToken cancellationToken)
   at Grpc.Net.Client.Internal.GrpcCall`2.RunCall(HttpRequestMessage request, Nullable`1 timeout)
   at Grpc.Net.Client.Internal.GrpcCall`2.GetResponseHeadersCoreAsync()
   at SkyApm.Transport.Grpc.V8.ServiceRegister.<>c__DisplayClass9_0.<<ReportInstancePropertiesAsync>b__0>d.MoveNext()
--- End of stack trace from previous location ---
   at SkyApm.Transport.Grpc.Common.Call.Execute[T](Func`1 task, Func`1 errCallback, Func`1 errMessage)
2026-02-02 15:13:39.132 +08:00 [grpcservice] [Warning] SkyApm.Transport.Grpc.ConnectionManager : Connection state changed. Status(StatusCode="Unavailable", Detail="Error connecting to subchannel.", DebugException="System.Net.Sockets.SocketException: 由于目标计算机积极拒绝，无法连接。")
2026-02-02 15:13:52.103 +08:00 [grpcservice] [Information] SkyApm.Transport.Grpc.ConnectionManager : Shutdown connection[127.0.0.1:11800].
2026-02-02 15:13:52.104 +08:00 [grpcservice] [Information] SkyApm.Transport.Grpc.ConnectionManager : Connected server[127.0.0.1:11800].
2026-02-02 15:14:09.165 +08:00 [grpcservice] [Error] SkyApm.Transport.Grpc.V8.ServiceRegister : Report service instance properties fail.
Grpc.Core.RpcException: Status(StatusCode="Unavailable", Detail="Error connecting to subchannel.", DebugException="System.Net.Sockets.SocketException: 由于目标计算机积极拒绝，无法连接。")
 ---> System.Net.Sockets.SocketException (10061): 由于目标计算机积极拒绝，无法连接。
   at System.Net.Sockets.Socket.AwaitableSocketAsyncEventArgs.System.Threading.Tasks.Sources.IValueTaskSource.GetResult(Int16 token)
   at System.Net.Sockets.Socket.<ConnectAsync>g__WaitForConnectWithCancellation|285_0(AwaitableSocketAsyncEventArgs saea, ValueTask connectTask, CancellationToken cancellationToken)
   at Grpc.Net.Client.Balancer.Internal.SocketConnectivitySubchannelTransport.TryConnectAsync(ConnectContext context, Int32 attempt)
   --- End of inner exception stack trace ---
   at Grpc.Net.Client.Balancer.Internal.ConnectionManager.PickAsync(PickContext context, Boolean waitForReady, CancellationToken cancellationToken)
   at Grpc.Net.Client.Balancer.Internal.BalancerHttpHandler.SendAsync(HttpRequestMessage request, CancellationToken cancellationToken)
   at Grpc.Net.Client.Internal.GrpcCall`2.RunCall(HttpRequestMessage request, Nullable`1 timeout)
   at Grpc.Net.Client.Internal.GrpcCall`2.GetResponseHeadersCoreAsync()
   at SkyApm.Transport.Grpc.V8.ServiceRegister.<>c__DisplayClass9_0.<<ReportInstancePropertiesAsync>b__0>d.MoveNext()
--- End of stack trace from previous location ---
   at SkyApm.Transport.Grpc.Common.Call.Execute[T](Func`1 task, Func`1 errCallback, Func`1 errMessage)
2026-02-02 15:14:09.165 +08:00 [grpcservice] [Warning] SkyApm.Transport.Grpc.ConnectionManager : Connection state changed. Status(StatusCode="Unavailable", Detail="Error connecting to subchannel.", DebugException="System.Net.Sockets.SocketException: 由于目标计算机积极拒绝，无法连接。")
2026-02-02 15:14:22.105 +08:00 [grpcservice] [Information] SkyApm.Transport.Grpc.ConnectionManager : Shutdown connection[127.0.0.1:11800].
2026-02-02 15:14:22.106 +08:00 [grpcservice] [Information] SkyApm.Transport.Grpc.ConnectionManager : Connected server[127.0.0.1:11800].
2026-02-02 15:14:39.127 +08:00 [grpcservice] [Error] SkyApm.Transport.Grpc.V8.ServiceRegister : Report service instance properties fail.
Grpc.Core.RpcException: Status(StatusCode="Unavailable", Detail="Error connecting to subchannel.", DebugException="System.Net.Sockets.SocketException: 由于目标计算机积极拒绝，无法连接。")
 ---> System.Net.Sockets.SocketException (10061): 由于目标计算机积极拒绝，无法连接。
   at System.Net.Sockets.Socket.AwaitableSocketAsyncEventArgs.System.Threading.Tasks.Sources.IValueTaskSource.GetResult(Int16 token)
   at System.Net.Sockets.Socket.<ConnectAsync>g__WaitForConnectWithCancellation|285_0(AwaitableSocketAsyncEventArgs saea, ValueTask connectTask, CancellationToken cancellationToken)
   at Grpc.Net.Client.Balancer.Internal.SocketConnectivitySubchannelTransport.TryConnectAsync(ConnectContext context, Int32 attempt)
   --- End of inner exception stack trace ---
   at Grpc.Net.Client.Balancer.Internal.ConnectionManager.PickAsync(PickContext context, Boolean waitForReady, CancellationToken cancellationToken)
   at Grpc.Net.Client.Balancer.Internal.BalancerHttpHandler.SendAsync(HttpRequestMessage request, CancellationToken cancellationToken)
   at Grpc.Net.Client.Internal.GrpcCall`2.RunCall(HttpRequestMessage request, Nullable`1 timeout)
   at Grpc.Net.Client.Internal.GrpcCall`2.GetResponseHeadersCoreAsync()
   at SkyApm.Transport.Grpc.V8.ServiceRegister.<>c__DisplayClass9_0.<<ReportInstancePropertiesAsync>b__0>d.MoveNext()
--- End of stack trace from previous location ---
   at SkyApm.Transport.Grpc.Common.Call.Execute[T](Func`1 task, Func`1 errCallback, Func`1 errMessage)
2026-02-02 15:14:39.127 +08:00 [grpcservice] [Warning] SkyApm.Transport.Grpc.ConnectionManager : Connection state changed. Status(StatusCode="Unavailable", Detail="Error connecting to subchannel.", DebugException="System.Net.Sockets.SocketException: 由于目标计算机积极拒绝，无法连接。")
2026-02-02 15:14:52.092 +08:00 [grpcservice] [Information] SkyApm.Transport.Grpc.ConnectionManager : Shutdown connection[127.0.0.1:11800].
2026-02-02 15:14:52.093 +08:00 [grpcservice] [Information] SkyApm.Transport.Grpc.ConnectionManager : Connected server[127.0.0.1:11800].
2026-02-02 15:15:09.147 +08:00 [grpcservice] [Error] SkyApm.Transport.Grpc.V8.ServiceRegister : Report service instance properties fail.
Grpc.Core.RpcException: Status(StatusCode="Unavailable", Detail="Error connecting to subchannel.", DebugException="System.Net.Sockets.SocketException: 由于目标计算机积极拒绝，无法连接。")
 ---> System.Net.Sockets.SocketException (10061): 由于目标计算机积极拒绝，无法连接。
   at System.Net.Sockets.Socket.AwaitableSocketAsyncEventArgs.System.Threading.Tasks.Sources.IValueTaskSource.GetResult(Int16 token)
   at System.Net.Sockets.Socket.<ConnectAsync>g__WaitForConnectWithCancellation|285_0(AwaitableSocketAsyncEventArgs saea, ValueTask connectTask, CancellationToken cancellationToken)
   at Grpc.Net.Client.Balancer.Internal.SocketConnectivitySubchannelTransport.TryConnectAsync(ConnectContext context, Int32 attempt)
   --- End of inner exception stack trace ---
   at Grpc.Net.Client.Balancer.Internal.ConnectionManager.PickAsync(PickContext context, Boolean waitForReady, CancellationToken cancellationToken)
   at Grpc.Net.Client.Balancer.Internal.BalancerHttpHandler.SendAsync(HttpRequestMessage request, CancellationToken cancellationToken)
   at Grpc.Net.Client.Internal.GrpcCall`2.RunCall(HttpRequestMessage request, Nullable`1 timeout)
   at Grpc.Net.Client.Internal.GrpcCall`2.GetResponseHeadersCoreAsync()
   at SkyApm.Transport.Grpc.V8.ServiceRegister.<>c__DisplayClass9_0.<<ReportInstancePropertiesAsync>b__0>d.MoveNext()
--- End of stack trace from previous location ---
   at SkyApm.Transport.Grpc.Common.Call.Execute[T](Func`1 task, Func`1 errCallback, Func`1 errMessage)
2026-02-02 15:15:09.147 +08:00 [grpcservice] [Warning] SkyApm.Transport.Grpc.ConnectionManager : Connection state changed. Status(StatusCode="Unavailable", Detail="Error connecting to subchannel.", DebugException="System.Net.Sockets.SocketException: 由于目标计算机积极拒绝，无法连接。")
2026-02-02 15:15:22.090 +08:00 [grpcservice] [Information] SkyApm.Transport.Grpc.ConnectionManager : Shutdown connection[127.0.0.1:11800].
2026-02-02 15:15:22.090 +08:00 [grpcservice] [Information] SkyApm.Transport.Grpc.ConnectionManager : Connected server[127.0.0.1:11800].
2026-02-02 15:15:39.149 +08:00 [grpcservice] [Error] SkyApm.Transport.Grpc.V8.ServiceRegister : Report service instance properties fail.
Grpc.Core.RpcException: Status(StatusCode="Unavailable", Detail="Error connecting to subchannel.", DebugException="System.Net.Sockets.SocketException: 由于目标计算机积极拒绝，无法连接。")
 ---> System.Net.Sockets.SocketException (10061): 由于目标计算机积极拒绝，无法连接。
   at System.Net.Sockets.Socket.AwaitableSocketAsyncEventArgs.System.Threading.Tasks.Sources.IValueTaskSource.GetResult(Int16 token)
   at System.Net.Sockets.Socket.<ConnectAsync>g__WaitForConnectWithCancellation|285_0(AwaitableSocketAsyncEventArgs saea, ValueTask connectTask, CancellationToken cancellationToken)
   at Grpc.Net.Client.Balancer.Internal.SocketConnectivitySubchannelTransport.TryConnectAsync(ConnectContext context, Int32 attempt)
   --- End of inner exception stack trace ---
   at Grpc.Net.Client.Balancer.Internal.ConnectionManager.PickAsync(PickContext context, Boolean waitForReady, CancellationToken cancellationToken)
   at Grpc.Net.Client.Balancer.Internal.BalancerHttpHandler.SendAsync(HttpRequestMessage request, CancellationToken cancellationToken)
   at Grpc.Net.Client.Internal.GrpcCall`2.RunCall(HttpRequestMessage request, Nullable`1 timeout)
   at Grpc.Net.Client.Internal.GrpcCall`2.GetResponseHeadersCoreAsync()
   at SkyApm.Transport.Grpc.V8.ServiceRegister.<>c__DisplayClass9_0.<<ReportInstancePropertiesAsync>b__0>d.MoveNext()
--- End of stack trace from previous location ---
   at SkyApm.Transport.Grpc.Common.Call.Execute[T](Func`1 task, Func`1 errCallback, Func`1 errMessage)
2026-02-02 15:15:39.149 +08:00 [grpcservice] [Warning] SkyApm.Transport.Grpc.ConnectionManager : Connection state changed. Status(StatusCode="Unavailable", Detail="Error connecting to subchannel.", DebugException="System.Net.Sockets.SocketException: 由于目标计算机积极拒绝，无法连接。")
2026-02-02 15:15:52.098 +08:00 [grpcservice] [Information] SkyApm.Transport.Grpc.ConnectionManager : Shutdown connection[127.0.0.1:11800].
2026-02-02 15:15:52.098 +08:00 [grpcservice] [Information] SkyApm.Transport.Grpc.ConnectionManager : Connected server[127.0.0.1:11800].
2026-02-02 15:16:09.120 +08:00 [grpcservice] [Error] SkyApm.Transport.Grpc.V8.ServiceRegister : Report service instance properties fail.
Grpc.Core.RpcException: Status(StatusCode="Unavailable", Detail="Error connecting to subchannel.", DebugException="System.Net.Sockets.SocketException: 由于目标计算机积极拒绝，无法连接。")
 ---> System.Net.Sockets.SocketException (10061): 由于目标计算机积极拒绝，无法连接。
   at System.Net.Sockets.Socket.AwaitableSocketAsyncEventArgs.System.Threading.Tasks.Sources.IValueTaskSource.GetResult(Int16 token)
   at System.Net.Sockets.Socket.<ConnectAsync>g__WaitForConnectWithCancellation|285_0(AwaitableSocketAsyncEventArgs saea, ValueTask connectTask, CancellationToken cancellationToken)
   at Grpc.Net.Client.Balancer.Internal.SocketConnectivitySubchannelTransport.TryConnectAsync(ConnectContext context, Int32 attempt)
   --- End of inner exception stack trace ---
   at Grpc.Net.Client.Balancer.Internal.ConnectionManager.PickAsync(PickContext context, Boolean waitForReady, CancellationToken cancellationToken)
   at Grpc.Net.Client.Balancer.Internal.BalancerHttpHandler.SendAsync(HttpRequestMessage request, CancellationToken cancellationToken)
   at Grpc.Net.Client.Internal.GrpcCall`2.RunCall(HttpRequestMessage request, Nullable`1 timeout)
   at Grpc.Net.Client.Internal.GrpcCall`2.GetResponseHeadersCoreAsync()
   at SkyApm.Transport.Grpc.V8.ServiceRegister.<>c__DisplayClass9_0.<<ReportInstancePropertiesAsync>b__0>d.MoveNext()
--- End of stack trace from previous location ---
   at SkyApm.Transport.Grpc.Common.Call.Execute[T](Func`1 task, Func`1 errCallback, Func`1 errMessage)
2026-02-02 15:16:09.120 +08:00 [grpcservice] [Warning] SkyApm.Transport.Grpc.ConnectionManager : Connection state changed. Status(StatusCode="Unavailable", Detail="Error connecting to subchannel.", DebugException="System.Net.Sockets.SocketException: 由于目标计算机积极拒绝，无法连接。")
2026-02-02 15:16:22.088 +08:00 [grpcservice] [Information] SkyApm.Transport.Grpc.ConnectionManager : Shutdown connection[127.0.0.1:11800].
2026-02-02 15:16:22.089 +08:00 [grpcservice] [Information] SkyApm.Transport.Grpc.ConnectionManager : Connected server[127.0.0.1:11800].
2026-02-02 15:16:39.130 +08:00 [grpcservice] [Error] SkyApm.Transport.Grpc.V8.ServiceRegister : Report service instance properties fail.
Grpc.Core.RpcException: Status(StatusCode="Unavailable", Detail="Error connecting to subchannel.", DebugException="System.Net.Sockets.SocketException: 由于目标计算机积极拒绝，无法连接。")
 ---> System.Net.Sockets.SocketException (10061): 由于目标计算机积极拒绝，无法连接。
   at System.Net.Sockets.Socket.AwaitableSocketAsyncEventArgs.System.Threading.Tasks.Sources.IValueTaskSource.GetResult(Int16 token)
   at System.Net.Sockets.Socket.<ConnectAsync>g__WaitForConnectWithCancellation|285_0(AwaitableSocketAsyncEventArgs saea, ValueTask connectTask, CancellationToken cancellationToken)
   at Grpc.Net.Client.Balancer.Internal.SocketConnectivitySubchannelTransport.TryConnectAsync(ConnectContext context, Int32 attempt)
   --- End of inner exception stack trace ---
   at Grpc.Net.Client.Balancer.Internal.ConnectionManager.PickAsync(PickContext context, Boolean waitForReady, CancellationToken cancellationToken)
   at Grpc.Net.Client.Balancer.Internal.BalancerHttpHandler.SendAsync(HttpRequestMessage request, CancellationToken cancellationToken)
   at Grpc.Net.Client.Internal.GrpcCall`2.RunCall(HttpRequestMessage request, Nullable`1 timeout)
   at Grpc.Net.Client.Internal.GrpcCall`2.GetResponseHeadersCoreAsync()
   at SkyApm.Transport.Grpc.V8.ServiceRegister.<>c__DisplayClass9_0.<<ReportInstancePropertiesAsync>b__0>d.MoveNext()
--- End of stack trace from previous location ---
   at SkyApm.Transport.Grpc.Common.Call.Execute[T](Func`1 task, Func`1 errCallback, Func`1 errMessage)
2026-02-02 15:16:39.130 +08:00 [grpcservice] [Warning] SkyApm.Transport.Grpc.ConnectionManager : Connection state changed. Status(StatusCode="Unavailable", Detail="Error connecting to subchannel.", DebugException="System.Net.Sockets.SocketException: 由于目标计算机积极拒绝，无法连接。")
2026-02-02 15:16:52.096 +08:00 [grpcservice] [Information] SkyApm.Transport.Grpc.ConnectionManager : Shutdown connection[127.0.0.1:11800].
2026-02-02 15:16:52.099 +08:00 [grpcservice] [Information] SkyApm.Transport.Grpc.ConnectionManager : Connected server[127.0.0.1:11800].
2026-02-02 15:17:09.131 +08:00 [grpcservice] [Error] SkyApm.Transport.Grpc.V8.ServiceRegister : Report service instance properties fail.
Grpc.Core.RpcException: Status(StatusCode="Unavailable", Detail="Error connecting to subchannel.", DebugException="System.Net.Sockets.SocketException: 由于目标计算机积极拒绝，无法连接。")
 ---> System.Net.Sockets.SocketException (10061): 由于目标计算机积极拒绝，无法连接。
   at System.Net.Sockets.Socket.AwaitableSocketAsyncEventArgs.System.Threading.Tasks.Sources.IValueTaskSource.GetResult(Int16 token)
   at System.Net.Sockets.Socket.<ConnectAsync>g__WaitForConnectWithCancellation|285_0(AwaitableSocketAsyncEventArgs saea, ValueTask connectTask, CancellationToken cancellationToken)
   at Grpc.Net.Client.Balancer.Internal.SocketConnectivitySubchannelTransport.TryConnectAsync(ConnectContext context, Int32 attempt)
   --- End of inner exception stack trace ---
   at Grpc.Net.Client.Balancer.Internal.ConnectionManager.PickAsync(PickContext context, Boolean waitForReady, CancellationToken cancellationToken)
   at Grpc.Net.Client.Balancer.Internal.BalancerHttpHandler.SendAsync(HttpRequestMessage request, CancellationToken cancellationToken)
   at Grpc.Net.Client.Internal.GrpcCall`2.RunCall(HttpRequestMessage request, Nullable`1 timeout)
   at Grpc.Net.Client.Internal.GrpcCall`2.GetResponseHeadersCoreAsync()
   at SkyApm.Transport.Grpc.V8.ServiceRegister.<>c__DisplayClass9_0.<<ReportInstancePropertiesAsync>b__0>d.MoveNext()
--- End of stack trace from previous location ---
   at SkyApm.Transport.Grpc.Common.Call.Execute[T](Func`1 task, Func`1 errCallback, Func`1 errMessage)
2026-02-02 15:17:09.132 +08:00 [grpcservice] [Warning] SkyApm.Transport.Grpc.ConnectionManager : Connection state changed. Status(StatusCode="Unavailable", Detail="Error connecting to subchannel.", DebugException="System.Net.Sockets.SocketException: 由于目标计算机积极拒绝，无法连接。")
2026-02-02 15:17:22.100 +08:00 [grpcservice] [Information] SkyApm.Transport.Grpc.ConnectionManager : Shutdown connection[127.0.0.1:11800].
2026-02-02 15:17:22.101 +08:00 [grpcservice] [Information] SkyApm.Transport.Grpc.ConnectionManager : Connected server[127.0.0.1:11800].
2026-02-02 15:17:39.117 +08:00 [grpcservice] [Error] SkyApm.Transport.Grpc.V8.ServiceRegister : Report service instance properties fail.
Grpc.Core.RpcException: Status(StatusCode="Unavailable", Detail="Error connecting to subchannel.", DebugException="System.Net.Sockets.SocketException: 由于目标计算机积极拒绝，无法连接。")
 ---> System.Net.Sockets.SocketException (10061): 由于目标计算机积极拒绝，无法连接。
   at System.Net.Sockets.Socket.AwaitableSocketAsyncEventArgs.System.Threading.Tasks.Sources.IValueTaskSource.GetResult(Int16 token)
   at System.Net.Sockets.Socket.<ConnectAsync>g__WaitForConnectWithCancellation|285_0(AwaitableSocketAsyncEventArgs saea, ValueTask connectTask, CancellationToken cancellationToken)
   at Grpc.Net.Client.Balancer.Internal.SocketConnectivitySubchannelTransport.TryConnectAsync(ConnectContext context, Int32 attempt)
   --- End of inner exception stack trace ---
   at Grpc.Net.Client.Balancer.Internal.ConnectionManager.PickAsync(PickContext context, Boolean waitForReady, CancellationToken cancellationToken)
   at Grpc.Net.Client.Balancer.Internal.BalancerHttpHandler.SendAsync(HttpRequestMessage request, CancellationToken cancellationToken)
   at Grpc.Net.Client.Internal.GrpcCall`2.RunCall(HttpRequestMessage request, Nullable`1 timeout)
   at Grpc.Net.Client.Internal.GrpcCall`2.GetResponseHeadersCoreAsync()
   at SkyApm.Transport.Grpc.V8.ServiceRegister.<>c__DisplayClass9_0.<<ReportInstancePropertiesAsync>b__0>d.MoveNext()
--- End of stack trace from previous location ---
   at SkyApm.Transport.Grpc.Common.Call.Execute[T](Func`1 task, Func`1 errCallback, Func`1 errMessage)
2026-02-02 15:17:39.118 +08:00 [grpcservice] [Warning] SkyApm.Transport.Grpc.ConnectionManager : Connection state changed. Status(StatusCode="Unavailable", Detail="Error connecting to subchannel.", DebugException="System.Net.Sockets.SocketException: 由于目标计算机积极拒绝，无法连接。")
2026-02-02 15:17:52.098 +08:00 [grpcservice] [Information] SkyApm.Transport.Grpc.ConnectionManager : Shutdown connection[127.0.0.1:11800].
2026-02-02 15:17:52.098 +08:00 [grpcservice] [Information] SkyApm.Transport.Grpc.ConnectionManager : Connected server[127.0.0.1:11800].
2026-02-02 15:18:09.133 +08:00 [grpcservice] [Error] SkyApm.Transport.Grpc.V8.ServiceRegister : Report service instance properties fail.
Grpc.Core.RpcException: Status(StatusCode="Unavailable", Detail="Error connecting to subchannel.", DebugException="System.Net.Sockets.SocketException: 由于目标计算机积极拒绝，无法连接。")
 ---> System.Net.Sockets.SocketException (10061): 由于目标计算机积极拒绝，无法连接。
   at System.Net.Sockets.Socket.AwaitableSocketAsyncEventArgs.System.Threading.Tasks.Sources.IValueTaskSource.GetResult(Int16 token)
   at System.Net.Sockets.Socket.<ConnectAsync>g__WaitForConnectWithCancellation|285_0(AwaitableSocketAsyncEventArgs saea, ValueTask connectTask, CancellationToken cancellationToken)
   at Grpc.Net.Client.Balancer.Internal.SocketConnectivitySubchannelTransport.TryConnectAsync(ConnectContext context, Int32 attempt)
   --- End of inner exception stack trace ---
   at Grpc.Net.Client.Balancer.Internal.ConnectionManager.PickAsync(PickContext context, Boolean waitForReady, CancellationToken cancellationToken)
   at Grpc.Net.Client.Balancer.Internal.BalancerHttpHandler.SendAsync(HttpRequestMessage request, CancellationToken cancellationToken)
   at Grpc.Net.Client.Internal.GrpcCall`2.RunCall(HttpRequestMessage request, Nullable`1 timeout)
   at Grpc.Net.Client.Internal.GrpcCall`2.GetResponseHeadersCoreAsync()
   at SkyApm.Transport.Grpc.V8.ServiceRegister.<>c__DisplayClass9_0.<<ReportInstancePropertiesAsync>b__0>d.MoveNext()
--- End of stack trace from previous location ---
   at SkyApm.Transport.Grpc.Common.Call.Execute[T](Func`1 task, Func`1 errCallback, Func`1 errMessage)
2026-02-02 15:18:09.133 +08:00 [grpcservice] [Warning] SkyApm.Transport.Grpc.ConnectionManager : Connection state changed. Status(StatusCode="Unavailable", Detail="Error connecting to subchannel.", DebugException="System.Net.Sockets.SocketException: 由于目标计算机积极拒绝，无法连接。")
2026-02-02 15:18:22.101 +08:00 [grpcservice] [Information] SkyApm.Transport.Grpc.ConnectionManager : Shutdown connection[127.0.0.1:11800].
2026-02-02 15:18:22.101 +08:00 [grpcservice] [Information] SkyApm.Transport.Grpc.ConnectionManager : Connected server[127.0.0.1:11800].
2026-02-02 15:18:39.143 +08:00 [grpcservice] [Error] SkyApm.Transport.Grpc.V8.ServiceRegister : Report service instance properties fail.
Grpc.Core.RpcException: Status(StatusCode="Unavailable", Detail="Error connecting to subchannel.", DebugException="System.Net.Sockets.SocketException: 由于目标计算机积极拒绝，无法连接。")
 ---> System.Net.Sockets.SocketException (10061): 由于目标计算机积极拒绝，无法连接。
   at System.Net.Sockets.Socket.AwaitableSocketAsyncEventArgs.System.Threading.Tasks.Sources.IValueTaskSource.GetResult(Int16 token)
   at System.Net.Sockets.Socket.<ConnectAsync>g__WaitForConnectWithCancellation|285_0(AwaitableSocketAsyncEventArgs saea, ValueTask connectTask, CancellationToken cancellationToken)
   at Grpc.Net.Client.Balancer.Internal.SocketConnectivitySubchannelTransport.TryConnectAsync(ConnectContext context, Int32 attempt)
   --- End of inner exception stack trace ---
   at Grpc.Net.Client.Balancer.Internal.ConnectionManager.PickAsync(PickContext context, Boolean waitForReady, CancellationToken cancellationToken)
   at Grpc.Net.Client.Balancer.Internal.BalancerHttpHandler.SendAsync(HttpRequestMessage request, CancellationToken cancellationToken)
   at Grpc.Net.Client.Internal.GrpcCall`2.RunCall(HttpRequestMessage request, Nullable`1 timeout)
   at Grpc.Net.Client.Internal.GrpcCall`2.GetResponseHeadersCoreAsync()
   at SkyApm.Transport.Grpc.V8.ServiceRegister.<>c__DisplayClass9_0.<<ReportInstancePropertiesAsync>b__0>d.MoveNext()
--- End of stack trace from previous location ---
   at SkyApm.Transport.Grpc.Common.Call.Execute[T](Func`1 task, Func`1 errCallback, Func`1 errMessage)
2026-02-02 15:18:39.143 +08:00 [grpcservice] [Warning] SkyApm.Transport.Grpc.ConnectionManager : Connection state changed. Status(StatusCode="Unavailable", Detail="Error connecting to subchannel.", DebugException="System.Net.Sockets.SocketException: 由于目标计算机积极拒绝，无法连接。")
2026-02-02 15:18:52.093 +08:00 [grpcservice] [Information] SkyApm.Transport.Grpc.ConnectionManager : Shutdown connection[127.0.0.1:11800].
2026-02-02 15:18:52.093 +08:00 [grpcservice] [Information] SkyApm.Transport.Grpc.ConnectionManager : Connected server[127.0.0.1:11800].
2026-02-02 15:19:09.134 +08:00 [grpcservice] [Error] SkyApm.Transport.Grpc.V8.ServiceRegister : Report service instance properties fail.
Grpc.Core.RpcException: Status(StatusCode="Unavailable", Detail="Error connecting to subchannel.", DebugException="System.Net.Sockets.SocketException: 由于目标计算机积极拒绝，无法连接。")
 ---> System.Net.Sockets.SocketException (10061): 由于目标计算机积极拒绝，无法连接。
   at System.Net.Sockets.Socket.AwaitableSocketAsyncEventArgs.System.Threading.Tasks.Sources.IValueTaskSource.GetResult(Int16 token)
   at System.Net.Sockets.Socket.<ConnectAsync>g__WaitForConnectWithCancellation|285_0(AwaitableSocketAsyncEventArgs saea, ValueTask connectTask, CancellationToken cancellationToken)
   at Grpc.Net.Client.Balancer.Internal.SocketConnectivitySubchannelTransport.TryConnectAsync(ConnectContext context, Int32 attempt)
   --- End of inner exception stack trace ---
   at Grpc.Net.Client.Balancer.Internal.ConnectionManager.PickAsync(PickContext context, Boolean waitForReady, CancellationToken cancellationToken)
   at Grpc.Net.Client.Balancer.Internal.BalancerHttpHandler.SendAsync(HttpRequestMessage request, CancellationToken cancellationToken)
   at Grpc.Net.Client.Internal.GrpcCall`2.RunCall(HttpRequestMessage request, Nullable`1 timeout)
   at Grpc.Net.Client.Internal.GrpcCall`2.GetResponseHeadersCoreAsync()
   at SkyApm.Transport.Grpc.V8.ServiceRegister.<>c__DisplayClass9_0.<<ReportInstancePropertiesAsync>b__0>d.MoveNext()
--- End of stack trace from previous location ---
   at SkyApm.Transport.Grpc.Common.Call.Execute[T](Func`1 task, Func`1 errCallback, Func`1 errMessage)
2026-02-02 15:19:09.134 +08:00 [grpcservice] [Warning] SkyApm.Transport.Grpc.ConnectionManager : Connection state changed. Status(StatusCode="Unavailable", Detail="Error connecting to subchannel.", DebugException="System.Net.Sockets.SocketException: 由于目标计算机积极拒绝，无法连接。")
2026-02-02 15:19:22.094 +08:00 [grpcservice] [Information] SkyApm.Transport.Grpc.ConnectionManager : Shutdown connection[127.0.0.1:11800].
2026-02-02 15:19:22.094 +08:00 [grpcservice] [Information] SkyApm.Transport.Grpc.ConnectionManager : Connected server[127.0.0.1:11800].
2026-02-02 15:19:39.142 +08:00 [grpcservice] [Error] SkyApm.Transport.Grpc.V8.ServiceRegister : Report service instance properties fail.
Grpc.Core.RpcException: Status(StatusCode="Unavailable", Detail="Error connecting to subchannel.", DebugException="System.Net.Sockets.SocketException: 由于目标计算机积极拒绝，无法连接。")
 ---> System.Net.Sockets.SocketException (10061): 由于目标计算机积极拒绝，无法连接。
   at System.Net.Sockets.Socket.AwaitableSocketAsyncEventArgs.System.Threading.Tasks.Sources.IValueTaskSource.GetResult(Int16 token)
   at System.Net.Sockets.Socket.<ConnectAsync>g__WaitForConnectWithCancellation|285_0(AwaitableSocketAsyncEventArgs saea, ValueTask connectTask, CancellationToken cancellationToken)
   at Grpc.Net.Client.Balancer.Internal.SocketConnectivitySubchannelTransport.TryConnectAsync(ConnectContext context, Int32 attempt)
   --- End of inner exception stack trace ---
   at Grpc.Net.Client.Balancer.Internal.ConnectionManager.PickAsync(PickContext context, Boolean waitForReady, CancellationToken cancellationToken)
   at Grpc.Net.Client.Balancer.Internal.BalancerHttpHandler.SendAsync(HttpRequestMessage request, CancellationToken cancellationToken)
   at Grpc.Net.Client.Internal.GrpcCall`2.RunCall(HttpRequestMessage request, Nullable`1 timeout)
   at Grpc.Net.Client.Internal.GrpcCall`2.GetResponseHeadersCoreAsync()
   at SkyApm.Transport.Grpc.V8.ServiceRegister.<>c__DisplayClass9_0.<<ReportInstancePropertiesAsync>b__0>d.MoveNext()
--- End of stack trace from previous location ---
   at SkyApm.Transport.Grpc.Common.Call.Execute[T](Func`1 task, Func`1 errCallback, Func`1 errMessage)
2026-02-02 15:19:39.142 +08:00 [grpcservice] [Warning] SkyApm.Transport.Grpc.ConnectionManager : Connection state changed. Status(StatusCode="Unavailable", Detail="Error connecting to subchannel.", DebugException="System.Net.Sockets.SocketException: 由于目标计算机积极拒绝，无法连接。")
2026-02-02 15:19:52.092 +08:00 [grpcservice] [Information] SkyApm.Transport.Grpc.ConnectionManager : Shutdown connection[127.0.0.1:11800].
2026-02-02 15:19:52.093 +08:00 [grpcservice] [Information] SkyApm.Transport.Grpc.ConnectionManager : Connected server[127.0.0.1:11800].
2026-02-02 15:20:09.158 +08:00 [grpcservice] [Error] SkyApm.Transport.Grpc.V8.ServiceRegister : Report service instance properties fail.
Grpc.Core.RpcException: Status(StatusCode="Unavailable", Detail="Error connecting to subchannel.", DebugException="System.Net.Sockets.SocketException: 由于目标计算机积极拒绝，无法连接。")
 ---> System.Net.Sockets.SocketException (10061): 由于目标计算机积极拒绝，无法连接。
   at System.Net.Sockets.Socket.AwaitableSocketAsyncEventArgs.System.Threading.Tasks.Sources.IValueTaskSource.GetResult(Int16 token)
   at System.Net.Sockets.Socket.<ConnectAsync>g__WaitForConnectWithCancellation|285_0(AwaitableSocketAsyncEventArgs saea, ValueTask connectTask, CancellationToken cancellationToken)
   at Grpc.Net.Client.Balancer.Internal.SocketConnectivitySubchannelTransport.TryConnectAsync(ConnectContext context, Int32 attempt)
   --- End of inner exception stack trace ---
   at Grpc.Net.Client.Balancer.Internal.ConnectionManager.PickAsync(PickContext context, Boolean waitForReady, CancellationToken cancellationToken)
   at Grpc.Net.Client.Balancer.Internal.BalancerHttpHandler.SendAsync(HttpRequestMessage request, CancellationToken cancellationToken)
   at Grpc.Net.Client.Internal.GrpcCall`2.RunCall(HttpRequestMessage request, Nullable`1 timeout)
   at Grpc.Net.Client.Internal.GrpcCall`2.GetResponseHeadersCoreAsync()
   at SkyApm.Transport.Grpc.V8.ServiceRegister.<>c__DisplayClass9_0.<<ReportInstancePropertiesAsync>b__0>d.MoveNext()
--- End of stack trace from previous location ---
   at SkyApm.Transport.Grpc.Common.Call.Execute[T](Func`1 task, Func`1 errCallback, Func`1 errMessage)
2026-02-02 15:20:09.158 +08:00 [grpcservice] [Warning] SkyApm.Transport.Grpc.ConnectionManager : Connection state changed. Status(StatusCode="Unavailable", Detail="Error connecting to subchannel.", DebugException="System.Net.Sockets.SocketException: 由于目标计算机积极拒绝，无法连接。")
2026-02-02 15:20:22.100 +08:00 [grpcservice] [Information] SkyApm.Transport.Grpc.ConnectionManager : Shutdown connection[127.0.0.1:11800].
2026-02-02 15:20:22.100 +08:00 [grpcservice] [Information] SkyApm.Transport.Grpc.ConnectionManager : Connected server[127.0.0.1:11800].
2026-02-02 15:20:39.138 +08:00 [grpcservice] [Error] SkyApm.Transport.Grpc.V8.ServiceRegister : Report service instance properties fail.
Grpc.Core.RpcException: Status(StatusCode="Unavailable", Detail="Error connecting to subchannel.", DebugException="System.Net.Sockets.SocketException: 由于目标计算机积极拒绝，无法连接。")
 ---> System.Net.Sockets.SocketException (10061): 由于目标计算机积极拒绝，无法连接。
   at System.Net.Sockets.Socket.AwaitableSocketAsyncEventArgs.System.Threading.Tasks.Sources.IValueTaskSource.GetResult(Int16 token)
   at System.Net.Sockets.Socket.<ConnectAsync>g__WaitForConnectWithCancellation|285_0(AwaitableSocketAsyncEventArgs saea, ValueTask connectTask, CancellationToken cancellationToken)
   at Grpc.Net.Client.Balancer.Internal.SocketConnectivitySubchannelTransport.TryConnectAsync(ConnectContext context, Int32 attempt)
   --- End of inner exception stack trace ---
   at Grpc.Net.Client.Balancer.Internal.ConnectionManager.PickAsync(PickContext context, Boolean waitForReady, CancellationToken cancellationToken)
   at Grpc.Net.Client.Balancer.Internal.BalancerHttpHandler.SendAsync(HttpRequestMessage request, CancellationToken cancellationToken)
   at Grpc.Net.Client.Internal.GrpcCall`2.RunCall(HttpRequestMessage request, Nullable`1 timeout)
   at Grpc.Net.Client.Internal.GrpcCall`2.GetResponseHeadersCoreAsync()
   at SkyApm.Transport.Grpc.V8.ServiceRegister.<>c__DisplayClass9_0.<<ReportInstancePropertiesAsync>b__0>d.MoveNext()
--- End of stack trace from previous location ---
   at SkyApm.Transport.Grpc.Common.Call.Execute[T](Func`1 task, Func`1 errCallback, Func`1 errMessage)
2026-02-02 15:20:39.138 +08:00 [grpcservice] [Warning] SkyApm.Transport.Grpc.ConnectionManager : Connection state changed. Status(StatusCode="Unavailable", Detail="Error connecting to subchannel.", DebugException="System.Net.Sockets.SocketException: 由于目标计算机积极拒绝，无法连接。")
2026-02-02 15:20:52.102 +08:00 [grpcservice] [Information] SkyApm.Transport.Grpc.ConnectionManager : Shutdown connection[127.0.0.1:11800].
2026-02-02 15:20:52.102 +08:00 [grpcservice] [Information] SkyApm.Transport.Grpc.ConnectionManager : Connected server[127.0.0.1:11800].
2026-02-02 15:21:09.145 +08:00 [grpcservice] [Error] SkyApm.Transport.Grpc.V8.ServiceRegister : Report service instance properties fail.
Grpc.Core.RpcException: Status(StatusCode="Unavailable", Detail="Error connecting to subchannel.", DebugException="System.Net.Sockets.SocketException: 由于目标计算机积极拒绝，无法连接。")
 ---> System.Net.Sockets.SocketException (10061): 由于目标计算机积极拒绝，无法连接。
   at System.Net.Sockets.Socket.AwaitableSocketAsyncEventArgs.System.Threading.Tasks.Sources.IValueTaskSource.GetResult(Int16 token)
   at System.Net.Sockets.Socket.<ConnectAsync>g__WaitForConnectWithCancellation|285_0(AwaitableSocketAsyncEventArgs saea, ValueTask connectTask, CancellationToken cancellationToken)
   at Grpc.Net.Client.Balancer.Internal.SocketConnectivitySubchannelTransport.TryConnectAsync(ConnectContext context, Int32 attempt)
   --- End of inner exception stack trace ---
   at Grpc.Net.Client.Balancer.Internal.ConnectionManager.PickAsync(PickContext context, Boolean waitForReady, CancellationToken cancellationToken)
   at Grpc.Net.Client.Balancer.Internal.BalancerHttpHandler.SendAsync(HttpRequestMessage request, CancellationToken cancellationToken)
   at Grpc.Net.Client.Internal.GrpcCall`2.RunCall(HttpRequestMessage request, Nullable`1 timeout)
   at Grpc.Net.Client.Internal.GrpcCall`2.GetResponseHeadersCoreAsync()
   at SkyApm.Transport.Grpc.V8.ServiceRegister.<>c__DisplayClass9_0.<<ReportInstancePropertiesAsync>b__0>d.MoveNext()
--- End of stack trace from previous location ---
   at SkyApm.Transport.Grpc.Common.Call.Execute[T](Func`1 task, Func`1 errCallback, Func`1 errMessage)
2026-02-02 15:21:09.145 +08:00 [grpcservice] [Warning] SkyApm.Transport.Grpc.ConnectionManager : Connection state changed. Status(StatusCode="Unavailable", Detail="Error connecting to subchannel.", DebugException="System.Net.Sockets.SocketException: 由于目标计算机积极拒绝，无法连接。")
2026-02-02 15:21:22.091 +08:00 [grpcservice] [Information] SkyApm.Transport.Grpc.ConnectionManager : Shutdown connection[127.0.0.1:11800].
2026-02-02 15:21:22.091 +08:00 [grpcservice] [Information] SkyApm.Transport.Grpc.ConnectionManager : Connected server[127.0.0.1:11800].
2026-02-02 15:21:39.158 +08:00 [grpcservice] [Error] SkyApm.Transport.Grpc.V8.ServiceRegister : Report service instance properties fail.
Grpc.Core.RpcException: Status(StatusCode="Unavailable", Detail="Error connecting to subchannel.", DebugException="System.Net.Sockets.SocketException: 由于目标计算机积极拒绝，无法连接。")
 ---> System.Net.Sockets.SocketException (10061): 由于目标计算机积极拒绝，无法连接。
   at System.Net.Sockets.Socket.AwaitableSocketAsyncEventArgs.System.Threading.Tasks.Sources.IValueTaskSource.GetResult(Int16 token)
   at System.Net.Sockets.Socket.<ConnectAsync>g__WaitForConnectWithCancellation|285_0(AwaitableSocketAsyncEventArgs saea, ValueTask connectTask, CancellationToken cancellationToken)
   at Grpc.Net.Client.Balancer.Internal.SocketConnectivitySubchannelTransport.TryConnectAsync(ConnectContext context, Int32 attempt)
   --- End of inner exception stack trace ---
   at Grpc.Net.Client.Balancer.Internal.ConnectionManager.PickAsync(PickContext context, Boolean waitForReady, CancellationToken cancellationToken)
   at Grpc.Net.Client.Balancer.Internal.BalancerHttpHandler.SendAsync(HttpRequestMessage request, CancellationToken cancellationToken)
   at Grpc.Net.Client.Internal.GrpcCall`2.RunCall(HttpRequestMessage request, Nullable`1 timeout)
   at Grpc.Net.Client.Internal.GrpcCall`2.GetResponseHeadersCoreAsync()
   at SkyApm.Transport.Grpc.V8.ServiceRegister.<>c__DisplayClass9_0.<<ReportInstancePropertiesAsync>b__0>d.MoveNext()
--- End of stack trace from previous location ---
   at SkyApm.Transport.Grpc.Common.Call.Execute[T](Func`1 task, Func`1 errCallback, Func`1 errMessage)
2026-02-02 15:21:39.159 +08:00 [grpcservice] [Warning] SkyApm.Transport.Grpc.ConnectionManager : Connection state changed. Status(StatusCode="Unavailable", Detail="Error connecting to subchannel.", DebugException="System.Net.Sockets.SocketException: 由于目标计算机积极拒绝，无法连接。")
2026-02-02 15:21:52.101 +08:00 [grpcservice] [Information] SkyApm.Transport.Grpc.ConnectionManager : Shutdown connection[127.0.0.1:11800].
2026-02-02 15:21:52.101 +08:00 [grpcservice] [Information] SkyApm.Transport.Grpc.ConnectionManager : Connected server[127.0.0.1:11800].
2026-02-02 15:22:09.150 +08:00 [grpcservice] [Error] SkyApm.Transport.Grpc.V8.ServiceRegister : Report service instance properties fail.
Grpc.Core.RpcException: Status(StatusCode="Unavailable", Detail="Error connecting to subchannel.", DebugException="System.Net.Sockets.SocketException: 由于目标计算机积极拒绝，无法连接。")
 ---> System.Net.Sockets.SocketException (10061): 由于目标计算机积极拒绝，无法连接。
   at System.Net.Sockets.Socket.AwaitableSocketAsyncEventArgs.System.Threading.Tasks.Sources.IValueTaskSource.GetResult(Int16 token)
   at System.Net.Sockets.Socket.<ConnectAsync>g__WaitForConnectWithCancellation|285_0(AwaitableSocketAsyncEventArgs saea, ValueTask connectTask, CancellationToken cancellationToken)
   at Grpc.Net.Client.Balancer.Internal.SocketConnectivitySubchannelTransport.TryConnectAsync(ConnectContext context, Int32 attempt)
   --- End of inner exception stack trace ---
   at Grpc.Net.Client.Balancer.Internal.ConnectionManager.PickAsync(PickContext context, Boolean waitForReady, CancellationToken cancellationToken)
   at Grpc.Net.Client.Balancer.Internal.BalancerHttpHandler.SendAsync(HttpRequestMessage request, CancellationToken cancellationToken)
   at Grpc.Net.Client.Internal.GrpcCall`2.RunCall(HttpRequestMessage request, Nullable`1 timeout)
   at Grpc.Net.Client.Internal.GrpcCall`2.GetResponseHeadersCoreAsync()
   at SkyApm.Transport.Grpc.V8.ServiceRegister.<>c__DisplayClass9_0.<<ReportInstancePropertiesAsync>b__0>d.MoveNext()
--- End of stack trace from previous location ---
   at SkyApm.Transport.Grpc.Common.Call.Execute[T](Func`1 task, Func`1 errCallback, Func`1 errMessage)
2026-02-02 15:22:09.150 +08:00 [grpcservice] [Warning] SkyApm.Transport.Grpc.ConnectionManager : Connection state changed. Status(StatusCode="Unavailable", Detail="Error connecting to subchannel.", DebugException="System.Net.Sockets.SocketException: 由于目标计算机积极拒绝，无法连接。")
2026-02-02 15:22:22.100 +08:00 [grpcservice] [Information] SkyApm.Transport.Grpc.ConnectionManager : Shutdown connection[127.0.0.1:11800].
2026-02-02 15:22:22.100 +08:00 [grpcservice] [Information] SkyApm.Transport.Grpc.ConnectionManager : Connected server[127.0.0.1:11800].
2026-02-02 15:22:39.147 +08:00 [grpcservice] [Error] SkyApm.Transport.Grpc.V8.ServiceRegister : Report service instance properties fail.
Grpc.Core.RpcException: Status(StatusCode="Unavailable", Detail="Error connecting to subchannel.", DebugException="System.Net.Sockets.SocketException: 由于目标计算机积极拒绝，无法连接。")
 ---> System.Net.Sockets.SocketException (10061): 由于目标计算机积极拒绝，无法连接。
   at System.Net.Sockets.Socket.AwaitableSocketAsyncEventArgs.System.Threading.Tasks.Sources.IValueTaskSource.GetResult(Int16 token)
   at System.Net.Sockets.Socket.<ConnectAsync>g__WaitForConnectWithCancellation|285_0(AwaitableSocketAsyncEventArgs saea, ValueTask connectTask, CancellationToken cancellationToken)
   at Grpc.Net.Client.Balancer.Internal.SocketConnectivitySubchannelTransport.TryConnectAsync(ConnectContext context, Int32 attempt)
   --- End of inner exception stack trace ---
   at Grpc.Net.Client.Balancer.Internal.ConnectionManager.PickAsync(PickContext context, Boolean waitForReady, CancellationToken cancellationToken)
   at Grpc.Net.Client.Balancer.Internal.BalancerHttpHandler.SendAsync(HttpRequestMessage request, CancellationToken cancellationToken)
   at Grpc.Net.Client.Internal.GrpcCall`2.RunCall(HttpRequestMessage request, Nullable`1 timeout)
   at Grpc.Net.Client.Internal.GrpcCall`2.GetResponseHeadersCoreAsync()
   at SkyApm.Transport.Grpc.V8.ServiceRegister.<>c__DisplayClass9_0.<<ReportInstancePropertiesAsync>b__0>d.MoveNext()
--- End of stack trace from previous location ---
   at SkyApm.Transport.Grpc.Common.Call.Execute[T](Func`1 task, Func`1 errCallback, Func`1 errMessage)
2026-02-02 15:22:39.147 +08:00 [grpcservice] [Warning] SkyApm.Transport.Grpc.ConnectionManager : Connection state changed. Status(StatusCode="Unavailable", Detail="Error connecting to subchannel.", DebugException="System.Net.Sockets.SocketException: 由于目标计算机积极拒绝，无法连接。")
2026-02-02 15:22:52.091 +08:00 [grpcservice] [Information] SkyApm.Transport.Grpc.ConnectionManager : Shutdown connection[127.0.0.1:11800].
2026-02-02 15:22:52.091 +08:00 [grpcservice] [Information] SkyApm.Transport.Grpc.ConnectionManager : Connected server[127.0.0.1:11800].
2026-02-02 15:23:09.142 +08:00 [grpcservice] [Error] SkyApm.Transport.Grpc.V8.ServiceRegister : Report service instance properties fail.
Grpc.Core.RpcException: Status(StatusCode="Unavailable", Detail="Error connecting to subchannel.", DebugException="System.Net.Sockets.SocketException: 由于目标计算机积极拒绝，无法连接。")
 ---> System.Net.Sockets.SocketException (10061): 由于目标计算机积极拒绝，无法连接。
   at System.Net.Sockets.Socket.AwaitableSocketAsyncEventArgs.System.Threading.Tasks.Sources.IValueTaskSource.GetResult(Int16 token)
   at System.Net.Sockets.Socket.<ConnectAsync>g__WaitForConnectWithCancellation|285_0(AwaitableSocketAsyncEventArgs saea, ValueTask connectTask, CancellationToken cancellationToken)
   at Grpc.Net.Client.Balancer.Internal.SocketConnectivitySubchannelTransport.TryConnectAsync(ConnectContext context, Int32 attempt)
   --- End of inner exception stack trace ---
   at Grpc.Net.Client.Balancer.Internal.ConnectionManager.PickAsync(PickContext context, Boolean waitForReady, CancellationToken cancellationToken)
   at Grpc.Net.Client.Balancer.Internal.BalancerHttpHandler.SendAsync(HttpRequestMessage request, CancellationToken cancellationToken)
   at Grpc.Net.Client.Internal.GrpcCall`2.RunCall(HttpRequestMessage request, Nullable`1 timeout)
   at Grpc.Net.Client.Internal.GrpcCall`2.GetResponseHeadersCoreAsync()
   at SkyApm.Transport.Grpc.V8.ServiceRegister.<>c__DisplayClass9_0.<<ReportInstancePropertiesAsync>b__0>d.MoveNext()
--- End of stack trace from previous location ---
   at SkyApm.Transport.Grpc.Common.Call.Execute[T](Func`1 task, Func`1 errCallback, Func`1 errMessage)
2026-02-02 15:23:09.142 +08:00 [grpcservice] [Warning] SkyApm.Transport.Grpc.ConnectionManager : Connection state changed. Status(StatusCode="Unavailable", Detail="Error connecting to subchannel.", DebugException="System.Net.Sockets.SocketException: 由于目标计算机积极拒绝，无法连接。")
2026-02-02 15:23:22.089 +08:00 [grpcservice] [Information] SkyApm.Transport.Grpc.ConnectionManager : Shutdown connection[127.0.0.1:11800].
2026-02-02 15:23:22.089 +08:00 [grpcservice] [Information] SkyApm.Transport.Grpc.ConnectionManager : Connected server[127.0.0.1:11800].
2026-02-02 15:23:39.134 +08:00 [grpcservice] [Error] SkyApm.Transport.Grpc.V8.ServiceRegister : Report service instance properties fail.
Grpc.Core.RpcException: Status(StatusCode="Unavailable", Detail="Error connecting to subchannel.", DebugException="System.Net.Sockets.SocketException: 由于目标计算机积极拒绝，无法连接。")
 ---> System.Net.Sockets.SocketException (10061): 由于目标计算机积极拒绝，无法连接。
   at System.Net.Sockets.Socket.AwaitableSocketAsyncEventArgs.System.Threading.Tasks.Sources.IValueTaskSource.GetResult(Int16 token)
   at System.Net.Sockets.Socket.<ConnectAsync>g__WaitForConnectWithCancellation|285_0(AwaitableSocketAsyncEventArgs saea, ValueTask connectTask, CancellationToken cancellationToken)
   at Grpc.Net.Client.Balancer.Internal.SocketConnectivitySubchannelTransport.TryConnectAsync(ConnectContext context, Int32 attempt)
   --- End of inner exception stack trace ---
   at Grpc.Net.Client.Balancer.Internal.ConnectionManager.PickAsync(PickContext context, Boolean waitForReady, CancellationToken cancellationToken)
   at Grpc.Net.Client.Balancer.Internal.BalancerHttpHandler.SendAsync(HttpRequestMessage request, CancellationToken cancellationToken)
   at Grpc.Net.Client.Internal.GrpcCall`2.RunCall(HttpRequestMessage request, Nullable`1 timeout)
   at Grpc.Net.Client.Internal.GrpcCall`2.GetResponseHeadersCoreAsync()
   at SkyApm.Transport.Grpc.V8.ServiceRegister.<>c__DisplayClass9_0.<<ReportInstancePropertiesAsync>b__0>d.MoveNext()
--- End of stack trace from previous location ---
   at SkyApm.Transport.Grpc.Common.Call.Execute[T](Func`1 task, Func`1 errCallback, Func`1 errMessage)
2026-02-02 15:23:39.134 +08:00 [grpcservice] [Warning] SkyApm.Transport.Grpc.ConnectionManager : Connection state changed. Status(StatusCode="Unavailable", Detail="Error connecting to subchannel.", DebugException="System.Net.Sockets.SocketException: 由于目标计算机积极拒绝，无法连接。")
2026-02-02 15:23:52.097 +08:00 [grpcservice] [Information] SkyApm.Transport.Grpc.ConnectionManager : Shutdown connection[127.0.0.1:11800].
2026-02-02 15:23:52.097 +08:00 [grpcservice] [Information] SkyApm.Transport.Grpc.ConnectionManager : Connected server[127.0.0.1:11800].
2026-02-02 15:24:09.123 +08:00 [grpcservice] [Error] SkyApm.Transport.Grpc.V8.ServiceRegister : Report service instance properties fail.
Grpc.Core.RpcException: Status(StatusCode="Unavailable", Detail="Error connecting to subchannel.", DebugException="System.Net.Sockets.SocketException: 由于目标计算机积极拒绝，无法连接。")
 ---> System.Net.Sockets.SocketException (10061): 由于目标计算机积极拒绝，无法连接。
   at System.Net.Sockets.Socket.AwaitableSocketAsyncEventArgs.System.Threading.Tasks.Sources.IValueTaskSource.GetResult(Int16 token)
   at System.Net.Sockets.Socket.<ConnectAsync>g__WaitForConnectWithCancellation|285_0(AwaitableSocketAsyncEventArgs saea, ValueTask connectTask, CancellationToken cancellationToken)
   at Grpc.Net.Client.Balancer.Internal.SocketConnectivitySubchannelTransport.TryConnectAsync(ConnectContext context, Int32 attempt)
   --- End of inner exception stack trace ---
   at Grpc.Net.Client.Balancer.Internal.ConnectionManager.PickAsync(PickContext context, Boolean waitForReady, CancellationToken cancellationToken)
   at Grpc.Net.Client.Balancer.Internal.BalancerHttpHandler.SendAsync(HttpRequestMessage request, CancellationToken cancellationToken)
   at Grpc.Net.Client.Internal.GrpcCall`2.RunCall(HttpRequestMessage request, Nullable`1 timeout)
   at Grpc.Net.Client.Internal.GrpcCall`2.GetResponseHeadersCoreAsync()
   at SkyApm.Transport.Grpc.V8.ServiceRegister.<>c__DisplayClass9_0.<<ReportInstancePropertiesAsync>b__0>d.MoveNext()
--- End of stack trace from previous location ---
   at SkyApm.Transport.Grpc.Common.Call.Execute[T](Func`1 task, Func`1 errCallback, Func`1 errMessage)
2026-02-02 15:24:09.123 +08:00 [grpcservice] [Warning] SkyApm.Transport.Grpc.ConnectionManager : Connection state changed. Status(StatusCode="Unavailable", Detail="Error connecting to subchannel.", DebugException="System.Net.Sockets.SocketException: 由于目标计算机积极拒绝，无法连接。")
2026-02-02 15:24:22.106 +08:00 [grpcservice] [Information] SkyApm.Transport.Grpc.ConnectionManager : Shutdown connection[127.0.0.1:11800].
2026-02-02 15:24:22.106 +08:00 [grpcservice] [Information] SkyApm.Transport.Grpc.ConnectionManager : Connected server[127.0.0.1:11800].
2026-02-02 15:24:39.190 +08:00 [grpcservice] [Error] SkyApm.Transport.Grpc.V8.ServiceRegister : Report service instance properties fail.
Grpc.Core.RpcException: Status(StatusCode="Unavailable", Detail="Error connecting to subchannel.", DebugException="System.Net.Sockets.SocketException: 由于目标计算机积极拒绝，无法连接。")
 ---> System.Net.Sockets.SocketException (10061): 由于目标计算机积极拒绝，无法连接。
   at System.Net.Sockets.Socket.AwaitableSocketAsyncEventArgs.System.Threading.Tasks.Sources.IValueTaskSource.GetResult(Int16 token)
   at System.Net.Sockets.Socket.<ConnectAsync>g__WaitForConnectWithCancellation|285_0(AwaitableSocketAsyncEventArgs saea, ValueTask connectTask, CancellationToken cancellationToken)
   at Grpc.Net.Client.Balancer.Internal.SocketConnectivitySubchannelTransport.TryConnectAsync(ConnectContext context, Int32 attempt)
   --- End of inner exception stack trace ---
   at Grpc.Net.Client.Balancer.Internal.ConnectionManager.PickAsync(PickContext context, Boolean waitForReady, CancellationToken cancellationToken)
   at Grpc.Net.Client.Balancer.Internal.BalancerHttpHandler.SendAsync(HttpRequestMessage request, CancellationToken cancellationToken)
   at Grpc.Net.Client.Internal.GrpcCall`2.RunCall(HttpRequestMessage request, Nullable`1 timeout)
   at Grpc.Net.Client.Internal.GrpcCall`2.GetResponseHeadersCoreAsync()
   at SkyApm.Transport.Grpc.V8.ServiceRegister.<>c__DisplayClass9_0.<<ReportInstancePropertiesAsync>b__0>d.MoveNext()
--- End of stack trace from previous location ---
   at SkyApm.Transport.Grpc.Common.Call.Execute[T](Func`1 task, Func`1 errCallback, Func`1 errMessage)
2026-02-02 15:24:39.190 +08:00 [grpcservice] [Warning] SkyApm.Transport.Grpc.ConnectionManager : Connection state changed. Status(StatusCode="Unavailable", Detail="Error connecting to subchannel.", DebugException="System.Net.Sockets.SocketException: 由于目标计算机积极拒绝，无法连接。")
2026-02-02 15:24:52.102 +08:00 [grpcservice] [Information] SkyApm.Transport.Grpc.ConnectionManager : Shutdown connection[127.0.0.1:11800].
2026-02-02 15:24:52.102 +08:00 [grpcservice] [Information] SkyApm.Transport.Grpc.ConnectionManager : Connected server[127.0.0.1:11800].
2026-02-02 15:25:09.159 +08:00 [grpcservice] [Error] SkyApm.Transport.Grpc.V8.ServiceRegister : Report service instance properties fail.
Grpc.Core.RpcException: Status(StatusCode="Unavailable", Detail="Error connecting to subchannel.", DebugException="System.Net.Sockets.SocketException: 由于目标计算机积极拒绝，无法连接。")
 ---> System.Net.Sockets.SocketException (10061): 由于目标计算机积极拒绝，无法连接。
   at System.Net.Sockets.Socket.AwaitableSocketAsyncEventArgs.System.Threading.Tasks.Sources.IValueTaskSource.GetResult(Int16 token)
   at System.Net.Sockets.Socket.<ConnectAsync>g__WaitForConnectWithCancellation|285_0(AwaitableSocketAsyncEventArgs saea, ValueTask connectTask, CancellationToken cancellationToken)
   at Grpc.Net.Client.Balancer.Internal.SocketConnectivitySubchannelTransport.TryConnectAsync(ConnectContext context, Int32 attempt)
   --- End of inner exception stack trace ---
   at Grpc.Net.Client.Balancer.Internal.ConnectionManager.PickAsync(PickContext context, Boolean waitForReady, CancellationToken cancellationToken)
   at Grpc.Net.Client.Balancer.Internal.BalancerHttpHandler.SendAsync(HttpRequestMessage request, CancellationToken cancellationToken)
   at Grpc.Net.Client.Internal.GrpcCall`2.RunCall(HttpRequestMessage request, Nullable`1 timeout)
   at Grpc.Net.Client.Internal.GrpcCall`2.GetResponseHeadersCoreAsync()
   at SkyApm.Transport.Grpc.V8.ServiceRegister.<>c__DisplayClass9_0.<<ReportInstancePropertiesAsync>b__0>d.MoveNext()
--- End of stack trace from previous location ---
   at SkyApm.Transport.Grpc.Common.Call.Execute[T](Func`1 task, Func`1 errCallback, Func`1 errMessage)
2026-02-02 15:25:09.159 +08:00 [grpcservice] [Warning] SkyApm.Transport.Grpc.ConnectionManager : Connection state changed. Status(StatusCode="Unavailable", Detail="Error connecting to subchannel.", DebugException="System.Net.Sockets.SocketException: 由于目标计算机积极拒绝，无法连接。")
2026-02-02 15:25:22.102 +08:00 [grpcservice] [Information] SkyApm.Transport.Grpc.ConnectionManager : Shutdown connection[127.0.0.1:11800].
2026-02-02 15:25:22.103 +08:00 [grpcservice] [Information] SkyApm.Transport.Grpc.ConnectionManager : Connected server[127.0.0.1:11800].
2026-02-02 15:25:39.135 +08:00 [grpcservice] [Error] SkyApm.Transport.Grpc.V8.ServiceRegister : Report service instance properties fail.
Grpc.Core.RpcException: Status(StatusCode="Unavailable", Detail="Error connecting to subchannel.", DebugException="System.Net.Sockets.SocketException: 由于目标计算机积极拒绝，无法连接。")
 ---> System.Net.Sockets.SocketException (10061): 由于目标计算机积极拒绝，无法连接。
   at System.Net.Sockets.Socket.AwaitableSocketAsyncEventArgs.System.Threading.Tasks.Sources.IValueTaskSource.GetResult(Int16 token)
   at System.Net.Sockets.Socket.<ConnectAsync>g__WaitForConnectWithCancellation|285_0(AwaitableSocketAsyncEventArgs saea, ValueTask connectTask, CancellationToken cancellationToken)
   at Grpc.Net.Client.Balancer.Internal.SocketConnectivitySubchannelTransport.TryConnectAsync(ConnectContext context, Int32 attempt)
   --- End of inner exception stack trace ---
   at Grpc.Net.Client.Balancer.Internal.ConnectionManager.PickAsync(PickContext context, Boolean waitForReady, CancellationToken cancellationToken)
   at Grpc.Net.Client.Balancer.Internal.BalancerHttpHandler.SendAsync(HttpRequestMessage request, CancellationToken cancellationToken)
   at Grpc.Net.Client.Internal.GrpcCall`2.RunCall(HttpRequestMessage request, Nullable`1 timeout)
   at Grpc.Net.Client.Internal.GrpcCall`2.GetResponseHeadersCoreAsync()
   at SkyApm.Transport.Grpc.V8.ServiceRegister.<>c__DisplayClass9_0.<<ReportInstancePropertiesAsync>b__0>d.MoveNext()
--- End of stack trace from previous location ---
   at SkyApm.Transport.Grpc.Common.Call.Execute[T](Func`1 task, Func`1 errCallback, Func`1 errMessage)
2026-02-02 15:25:39.135 +08:00 [grpcservice] [Warning] SkyApm.Transport.Grpc.ConnectionManager : Connection state changed. Status(StatusCode="Unavailable", Detail="Error connecting to subchannel.", DebugException="System.Net.Sockets.SocketException: 由于目标计算机积极拒绝，无法连接。")
2026-02-02 15:25:52.094 +08:00 [grpcservice] [Information] SkyApm.Transport.Grpc.ConnectionManager : Shutdown connection[127.0.0.1:11800].
2026-02-02 15:25:52.094 +08:00 [grpcservice] [Information] SkyApm.Transport.Grpc.ConnectionManager : Connected server[127.0.0.1:11800].
2026-02-02 15:26:09.143 +08:00 [grpcservice] [Error] SkyApm.Transport.Grpc.V8.ServiceRegister : Report service instance properties fail.
Grpc.Core.RpcException: Status(StatusCode="Unavailable", Detail="Error connecting to subchannel.", DebugException="System.Net.Sockets.SocketException: 由于目标计算机积极拒绝，无法连接。")
 ---> System.Net.Sockets.SocketException (10061): 由于目标计算机积极拒绝，无法连接。
   at System.Net.Sockets.Socket.AwaitableSocketAsyncEventArgs.System.Threading.Tasks.Sources.IValueTaskSource.GetResult(Int16 token)
   at System.Net.Sockets.Socket.<ConnectAsync>g__WaitForConnectWithCancellation|285_0(AwaitableSocketAsyncEventArgs saea, ValueTask connectTask, CancellationToken cancellationToken)
   at Grpc.Net.Client.Balancer.Internal.SocketConnectivitySubchannelTransport.TryConnectAsync(ConnectContext context, Int32 attempt)
   --- End of inner exception stack trace ---
   at Grpc.Net.Client.Balancer.Internal.ConnectionManager.PickAsync(PickContext context, Boolean waitForReady, CancellationToken cancellationToken)
   at Grpc.Net.Client.Balancer.Internal.BalancerHttpHandler.SendAsync(HttpRequestMessage request, CancellationToken cancellationToken)
   at Grpc.Net.Client.Internal.GrpcCall`2.RunCall(HttpRequestMessage request, Nullable`1 timeout)
   at Grpc.Net.Client.Internal.GrpcCall`2.GetResponseHeadersCoreAsync()
   at SkyApm.Transport.Grpc.V8.ServiceRegister.<>c__DisplayClass9_0.<<ReportInstancePropertiesAsync>b__0>d.MoveNext()
--- End of stack trace from previous location ---
   at SkyApm.Transport.Grpc.Common.Call.Execute[T](Func`1 task, Func`1 errCallback, Func`1 errMessage)
2026-02-02 15:26:09.143 +08:00 [grpcservice] [Warning] SkyApm.Transport.Grpc.ConnectionManager : Connection state changed. Status(StatusCode="Unavailable", Detail="Error connecting to subchannel.", DebugException="System.Net.Sockets.SocketException: 由于目标计算机积极拒绝，无法连接。")
2026-02-02 15:26:22.102 +08:00 [grpcservice] [Information] SkyApm.Transport.Grpc.ConnectionManager : Shutdown connection[127.0.0.1:11800].
2026-02-02 15:26:22.102 +08:00 [grpcservice] [Information] SkyApm.Transport.Grpc.ConnectionManager : Connected server[127.0.0.1:11800].
2026-02-02 15:26:39.153 +08:00 [grpcservice] [Error] SkyApm.Transport.Grpc.V8.ServiceRegister : Report service instance properties fail.
Grpc.Core.RpcException: Status(StatusCode="Unavailable", Detail="Error connecting to subchannel.", DebugException="System.Net.Sockets.SocketException: 由于目标计算机积极拒绝，无法连接。")
 ---> System.Net.Sockets.SocketException (10061): 由于目标计算机积极拒绝，无法连接。
   at System.Net.Sockets.Socket.AwaitableSocketAsyncEventArgs.System.Threading.Tasks.Sources.IValueTaskSource.GetResult(Int16 token)
   at System.Net.Sockets.Socket.<ConnectAsync>g__WaitForConnectWithCancellation|285_0(AwaitableSocketAsyncEventArgs saea, ValueTask connectTask, CancellationToken cancellationToken)
   at Grpc.Net.Client.Balancer.Internal.SocketConnectivitySubchannelTransport.TryConnectAsync(ConnectContext context, Int32 attempt)
   --- End of inner exception stack trace ---
   at Grpc.Net.Client.Balancer.Internal.ConnectionManager.PickAsync(PickContext context, Boolean waitForReady, CancellationToken cancellationToken)
   at Grpc.Net.Client.Balancer.Internal.BalancerHttpHandler.SendAsync(HttpRequestMessage request, CancellationToken cancellationToken)
   at Grpc.Net.Client.Internal.GrpcCall`2.RunCall(HttpRequestMessage request, Nullable`1 timeout)
   at Grpc.Net.Client.Internal.GrpcCall`2.GetResponseHeadersCoreAsync()
   at SkyApm.Transport.Grpc.V8.ServiceRegister.<>c__DisplayClass9_0.<<ReportInstancePropertiesAsync>b__0>d.MoveNext()
--- End of stack trace from previous location ---
   at SkyApm.Transport.Grpc.Common.Call.Execute[T](Func`1 task, Func`1 errCallback, Func`1 errMessage)
2026-02-02 15:26:39.153 +08:00 [grpcservice] [Warning] SkyApm.Transport.Grpc.ConnectionManager : Connection state changed. Status(StatusCode="Unavailable", Detail="Error connecting to subchannel.", DebugException="System.Net.Sockets.SocketException: 由于目标计算机积极拒绝，无法连接。")
2026-02-02 15:26:52.101 +08:00 [grpcservice] [Information] SkyApm.Transport.Grpc.ConnectionManager : Shutdown connection[127.0.0.1:11800].
2026-02-02 15:26:52.101 +08:00 [grpcservice] [Information] SkyApm.Transport.Grpc.ConnectionManager : Connected server[127.0.0.1:11800].
2026-02-02 15:27:09.132 +08:00 [grpcservice] [Error] SkyApm.Transport.Grpc.V8.ServiceRegister : Report service instance properties fail.
Grpc.Core.RpcException: Status(StatusCode="Unavailable", Detail="Error connecting to subchannel.", DebugException="System.Net.Sockets.SocketException: 由于目标计算机积极拒绝，无法连接。")
 ---> System.Net.Sockets.SocketException (10061): 由于目标计算机积极拒绝，无法连接。
   at System.Net.Sockets.Socket.AwaitableSocketAsyncEventArgs.System.Threading.Tasks.Sources.IValueTaskSource.GetResult(Int16 token)
   at System.Net.Sockets.Socket.<ConnectAsync>g__WaitForConnectWithCancellation|285_0(AwaitableSocketAsyncEventArgs saea, ValueTask connectTask, CancellationToken cancellationToken)
   at Grpc.Net.Client.Balancer.Internal.SocketConnectivitySubchannelTransport.TryConnectAsync(ConnectContext context, Int32 attempt)
   --- End of inner exception stack trace ---
   at Grpc.Net.Client.Balancer.Internal.ConnectionManager.PickAsync(PickContext context, Boolean waitForReady, CancellationToken cancellationToken)
   at Grpc.Net.Client.Balancer.Internal.BalancerHttpHandler.SendAsync(HttpRequestMessage request, CancellationToken cancellationToken)
   at Grpc.Net.Client.Internal.GrpcCall`2.RunCall(HttpRequestMessage request, Nullable`1 timeout)
   at Grpc.Net.Client.Internal.GrpcCall`2.GetResponseHeadersCoreAsync()
   at SkyApm.Transport.Grpc.V8.ServiceRegister.<>c__DisplayClass9_0.<<ReportInstancePropertiesAsync>b__0>d.MoveNext()
--- End of stack trace from previous location ---
   at SkyApm.Transport.Grpc.Common.Call.Execute[T](Func`1 task, Func`1 errCallback, Func`1 errMessage)
2026-02-02 15:27:09.132 +08:00 [grpcservice] [Warning] SkyApm.Transport.Grpc.ConnectionManager : Connection state changed. Status(StatusCode="Unavailable", Detail="Error connecting to subchannel.", DebugException="System.Net.Sockets.SocketException: 由于目标计算机积极拒绝，无法连接。")
2026-02-02 15:27:22.100 +08:00 [grpcservice] [Information] SkyApm.Transport.Grpc.ConnectionManager : Shutdown connection[127.0.0.1:11800].
2026-02-02 15:27:22.100 +08:00 [grpcservice] [Information] SkyApm.Transport.Grpc.ConnectionManager : Connected server[127.0.0.1:11800].
2026-02-02 15:27:39.147 +08:00 [grpcservice] [Error] SkyApm.Transport.Grpc.V8.ServiceRegister : Report service instance properties fail.
Grpc.Core.RpcException: Status(StatusCode="Unavailable", Detail="Error connecting to subchannel.", DebugException="System.Net.Sockets.SocketException: 由于目标计算机积极拒绝，无法连接。")
 ---> System.Net.Sockets.SocketException (10061): 由于目标计算机积极拒绝，无法连接。
   at System.Net.Sockets.Socket.AwaitableSocketAsyncEventArgs.System.Threading.Tasks.Sources.IValueTaskSource.GetResult(Int16 token)
   at System.Net.Sockets.Socket.<ConnectAsync>g__WaitForConnectWithCancellation|285_0(AwaitableSocketAsyncEventArgs saea, ValueTask connectTask, CancellationToken cancellationToken)
   at Grpc.Net.Client.Balancer.Internal.SocketConnectivitySubchannelTransport.TryConnectAsync(ConnectContext context, Int32 attempt)
   --- End of inner exception stack trace ---
   at Grpc.Net.Client.Balancer.Internal.ConnectionManager.PickAsync(PickContext context, Boolean waitForReady, CancellationToken cancellationToken)
   at Grpc.Net.Client.Balancer.Internal.BalancerHttpHandler.SendAsync(HttpRequestMessage request, CancellationToken cancellationToken)
   at Grpc.Net.Client.Internal.GrpcCall`2.RunCall(HttpRequestMessage request, Nullable`1 timeout)
   at Grpc.Net.Client.Internal.GrpcCall`2.GetResponseHeadersCoreAsync()
   at SkyApm.Transport.Grpc.V8.ServiceRegister.<>c__DisplayClass9_0.<<ReportInstancePropertiesAsync>b__0>d.MoveNext()
--- End of stack trace from previous location ---
   at SkyApm.Transport.Grpc.Common.Call.Execute[T](Func`1 task, Func`1 errCallback, Func`1 errMessage)
2026-02-02 15:27:39.147 +08:00 [grpcservice] [Warning] SkyApm.Transport.Grpc.ConnectionManager : Connection state changed. Status(StatusCode="Unavailable", Detail="Error connecting to subchannel.", DebugException="System.Net.Sockets.SocketException: 由于目标计算机积极拒绝，无法连接。")
2026-02-02 15:27:52.103 +08:00 [grpcservice] [Information] SkyApm.Transport.Grpc.ConnectionManager : Shutdown connection[127.0.0.1:11800].
2026-02-02 15:27:52.104 +08:00 [grpcservice] [Information] SkyApm.Transport.Grpc.ConnectionManager : Connected server[127.0.0.1:11800].
2026-02-02 15:28:09.151 +08:00 [grpcservice] [Error] SkyApm.Transport.Grpc.V8.ServiceRegister : Report service instance properties fail.
Grpc.Core.RpcException: Status(StatusCode="Unavailable", Detail="Error connecting to subchannel.", DebugException="System.Net.Sockets.SocketException: 由于目标计算机积极拒绝，无法连接。")
 ---> System.Net.Sockets.SocketException (10061): 由于目标计算机积极拒绝，无法连接。
   at System.Net.Sockets.Socket.AwaitableSocketAsyncEventArgs.System.Threading.Tasks.Sources.IValueTaskSource.GetResult(Int16 token)
   at System.Net.Sockets.Socket.<ConnectAsync>g__WaitForConnectWithCancellation|285_0(AwaitableSocketAsyncEventArgs saea, ValueTask connectTask, CancellationToken cancellationToken)
   at Grpc.Net.Client.Balancer.Internal.SocketConnectivitySubchannelTransport.TryConnectAsync(ConnectContext context, Int32 attempt)
   --- End of inner exception stack trace ---
   at Grpc.Net.Client.Balancer.Internal.ConnectionManager.PickAsync(PickContext context, Boolean waitForReady, CancellationToken cancellationToken)
   at Grpc.Net.Client.Balancer.Internal.BalancerHttpHandler.SendAsync(HttpRequestMessage request, CancellationToken cancellationToken)
   at Grpc.Net.Client.Internal.GrpcCall`2.RunCall(HttpRequestMessage request, Nullable`1 timeout)
   at Grpc.Net.Client.Internal.GrpcCall`2.GetResponseHeadersCoreAsync()
   at SkyApm.Transport.Grpc.V8.ServiceRegister.<>c__DisplayClass9_0.<<ReportInstancePropertiesAsync>b__0>d.MoveNext()
--- End of stack trace from previous location ---
   at SkyApm.Transport.Grpc.Common.Call.Execute[T](Func`1 task, Func`1 errCallback, Func`1 errMessage)
2026-02-02 15:28:09.151 +08:00 [grpcservice] [Warning] SkyApm.Transport.Grpc.ConnectionManager : Connection state changed. Status(StatusCode="Unavailable", Detail="Error connecting to subchannel.", DebugException="System.Net.Sockets.SocketException: 由于目标计算机积极拒绝，无法连接。")
2026-02-02 15:28:22.095 +08:00 [grpcservice] [Information] SkyApm.Transport.Grpc.ConnectionManager : Shutdown connection[127.0.0.1:11800].
2026-02-02 15:28:22.095 +08:00 [grpcservice] [Information] SkyApm.Transport.Grpc.ConnectionManager : Connected server[127.0.0.1:11800].
2026-02-02 15:28:39.149 +08:00 [grpcservice] [Error] SkyApm.Transport.Grpc.V8.ServiceRegister : Report service instance properties fail.
Grpc.Core.RpcException: Status(StatusCode="Unavailable", Detail="Error connecting to subchannel.", DebugException="System.Net.Sockets.SocketException: 由于目标计算机积极拒绝，无法连接。")
 ---> System.Net.Sockets.SocketException (10061): 由于目标计算机积极拒绝，无法连接。
   at System.Net.Sockets.Socket.AwaitableSocketAsyncEventArgs.System.Threading.Tasks.Sources.IValueTaskSource.GetResult(Int16 token)
   at System.Net.Sockets.Socket.<ConnectAsync>g__WaitForConnectWithCancellation|285_0(AwaitableSocketAsyncEventArgs saea, ValueTask connectTask, CancellationToken cancellationToken)
   at Grpc.Net.Client.Balancer.Internal.SocketConnectivitySubchannelTransport.TryConnectAsync(ConnectContext context, Int32 attempt)
   --- End of inner exception stack trace ---
   at Grpc.Net.Client.Balancer.Internal.ConnectionManager.PickAsync(PickContext context, Boolean waitForReady, CancellationToken cancellationToken)
   at Grpc.Net.Client.Balancer.Internal.BalancerHttpHandler.SendAsync(HttpRequestMessage request, CancellationToken cancellationToken)
   at Grpc.Net.Client.Internal.GrpcCall`2.RunCall(HttpRequestMessage request, Nullable`1 timeout)
   at Grpc.Net.Client.Internal.GrpcCall`2.GetResponseHeadersCoreAsync()
   at SkyApm.Transport.Grpc.V8.ServiceRegister.<>c__DisplayClass9_0.<<ReportInstancePropertiesAsync>b__0>d.MoveNext()
--- End of stack trace from previous location ---
   at SkyApm.Transport.Grpc.Common.Call.Execute[T](Func`1 task, Func`1 errCallback, Func`1 errMessage)
2026-02-02 15:28:39.149 +08:00 [grpcservice] [Warning] SkyApm.Transport.Grpc.ConnectionManager : Connection state changed. Status(StatusCode="Unavailable", Detail="Error connecting to subchannel.", DebugException="System.Net.Sockets.SocketException: 由于目标计算机积极拒绝，无法连接。")
2026-02-02 15:28:52.100 +08:00 [grpcservice] [Information] SkyApm.Transport.Grpc.ConnectionManager : Shutdown connection[127.0.0.1:11800].
2026-02-02 15:28:52.100 +08:00 [grpcservice] [Information] SkyApm.Transport.Grpc.ConnectionManager : Connected server[127.0.0.1:11800].
2026-02-02 15:29:09.142 +08:00 [grpcservice] [Error] SkyApm.Transport.Grpc.V8.ServiceRegister : Report service instance properties fail.
Grpc.Core.RpcException: Status(StatusCode="Unavailable", Detail="Error connecting to subchannel.", DebugException="System.Net.Sockets.SocketException: 由于目标计算机积极拒绝，无法连接。")
 ---> System.Net.Sockets.SocketException (10061): 由于目标计算机积极拒绝，无法连接。
   at System.Net.Sockets.Socket.AwaitableSocketAsyncEventArgs.System.Threading.Tasks.Sources.IValueTaskSource.GetResult(Int16 token)
   at System.Net.Sockets.Socket.<ConnectAsync>g__WaitForConnectWithCancellation|285_0(AwaitableSocketAsyncEventArgs saea, ValueTask connectTask, CancellationToken cancellationToken)
   at Grpc.Net.Client.Balancer.Internal.SocketConnectivitySubchannelTransport.TryConnectAsync(ConnectContext context, Int32 attempt)
   --- End of inner exception stack trace ---
   at Grpc.Net.Client.Balancer.Internal.ConnectionManager.PickAsync(PickContext context, Boolean waitForReady, CancellationToken cancellationToken)
   at Grpc.Net.Client.Balancer.Internal.BalancerHttpHandler.SendAsync(HttpRequestMessage request, CancellationToken cancellationToken)
   at Grpc.Net.Client.Internal.GrpcCall`2.RunCall(HttpRequestMessage request, Nullable`1 timeout)
   at Grpc.Net.Client.Internal.GrpcCall`2.GetResponseHeadersCoreAsync()
   at SkyApm.Transport.Grpc.V8.ServiceRegister.<>c__DisplayClass9_0.<<ReportInstancePropertiesAsync>b__0>d.MoveNext()
--- End of stack trace from previous location ---
   at SkyApm.Transport.Grpc.Common.Call.Execute[T](Func`1 task, Func`1 errCallback, Func`1 errMessage)
2026-02-02 15:29:09.142 +08:00 [grpcservice] [Warning] SkyApm.Transport.Grpc.ConnectionManager : Connection state changed. Status(StatusCode="Unavailable", Detail="Error connecting to subchannel.", DebugException="System.Net.Sockets.SocketException: 由于目标计算机积极拒绝，无法连接。")
2026-02-02 15:29:22.093 +08:00 [grpcservice] [Information] SkyApm.Transport.Grpc.ConnectionManager : Shutdown connection[127.0.0.1:11800].
2026-02-02 15:29:22.093 +08:00 [grpcservice] [Information] SkyApm.Transport.Grpc.ConnectionManager : Connected server[127.0.0.1:11800].
2026-02-02 17:07:35.894 +08:00 [grpcservice] [Information] SkyApm.InstrumentStartup : Initializing ...
2026-02-02 17:07:36.057 +08:00 [grpcservice] [Information] SkyApm.Service.RegisterService : Loaded instrument service [SkyApm.Service.RegisterService].
2026-02-02 17:07:36.058 +08:00 [grpcservice] [Information] SkyApm.Service.LogReportService : Loaded instrument service [SkyApm.Service.LogReportService].
2026-02-02 17:07:36.058 +08:00 [grpcservice] [Information] SkyApm.Service.PingService : Loaded instrument service [SkyApm.Service.PingService].
2026-02-02 17:07:36.058 +08:00 [grpcservice] [Information] SkyApm.Service.SegmentReportService : Loaded instrument service [SkyApm.Service.SegmentReportService].
2026-02-02 17:07:36.058 +08:00 [grpcservice] [Information] SkyApm.Service.CLRStatsService : Loaded instrument service [SkyApm.Service.CLRStatsService].
2026-02-02 17:07:36.059 +08:00 [grpcservice] [Information] SkyApm.Sampling.SimpleCountSamplingInterceptor : Loaded instrument service [SkyApm.Sampling.SimpleCountSamplingInterceptor].
2026-02-02 17:07:36.059 +08:00 [grpcservice] [Information] SkyApm.Transport.Grpc.ConnectService : Loaded instrument service [SkyApm.Transport.Grpc.ConnectService].
2026-02-02 17:07:36.226 +08:00 [grpcservice] [Information] SkyApm.Transport.Grpc.ConnectionManager : Connected server[127.0.0.1:11800].
2026-02-02 17:07:36.275 +08:00 [grpcservice] [Information] SkyApm.Diagnostics.TracingDiagnosticProcessorObserver : Loaded diagnostic listener [HttpHandlerDiagnosticListener].
2026-02-02 17:07:36.277 +08:00 [grpcservice] [Information] SkyApm.InstrumentStartup : Started SkyAPM .NET Core Agent.
2026-02-02 17:07:36.726 +08:00 [grpcservice] [Information] SkyApm.Diagnostics.TracingDiagnosticProcessorObserver : Loaded diagnostic listener [Grpc.Net.Client].
2026-02-02 17:07:39.097 +08:00 [grpcservice] [Error] SkyApm.Transport.Grpc.V8.ServiceRegister : Report service instance properties fail.
Grpc.Core.RpcException: Status(StatusCode="Unavailable", Detail="Error connecting to subchannel.", DebugException="System.Net.Sockets.SocketException: 由于目标计算机积极拒绝，无法连接。")
 ---> System.Net.Sockets.SocketException (10061): 由于目标计算机积极拒绝，无法连接。
   at System.Net.Sockets.Socket.AwaitableSocketAsyncEventArgs.ThrowException(SocketError error, CancellationToken cancellationToken)
   at System.Net.Sockets.Socket.AwaitableSocketAsyncEventArgs.System.Threading.Tasks.Sources.IValueTaskSource.GetResult(Int16 token)
   at System.Net.Sockets.Socket.<ConnectAsync>g__WaitForConnectWithCancellation|285_0(AwaitableSocketAsyncEventArgs saea, ValueTask connectTask, CancellationToken cancellationToken)
   at Grpc.Net.Client.Balancer.Internal.SocketConnectivitySubchannelTransport.TryConnectAsync(ConnectContext context, Int32 attempt)
   --- End of inner exception stack trace ---
   at Grpc.Net.Client.Balancer.Internal.ConnectionManager.PickAsync(PickContext context, Boolean waitForReady, CancellationToken cancellationToken)
   at Grpc.Net.Client.Balancer.Internal.BalancerHttpHandler.SendAsync(HttpRequestMessage request, CancellationToken cancellationToken)
   at Grpc.Net.Client.Internal.GrpcCall`2.RunCall(HttpRequestMessage request, Nullable`1 timeout)
   at Grpc.Net.Client.Internal.GrpcCall`2.GetResponseHeadersCoreAsync()
   at SkyApm.Transport.Grpc.V8.ServiceRegister.<>c__DisplayClass9_0.<<ReportInstancePropertiesAsync>b__0>d.MoveNext()
--- End of stack trace from previous location ---
   at SkyApm.Transport.Grpc.Common.Call.Execute[T](Func`1 task, Func`1 errCallback, Func`1 errMessage)
2026-02-02 17:07:39.098 +08:00 [grpcservice] [Warning] SkyApm.Transport.Grpc.ConnectionManager : Connection state changed. Status(StatusCode="Unavailable", Detail="Error connecting to subchannel.", DebugException="System.Net.Sockets.SocketException: 由于目标计算机积极拒绝，无法连接。")
2026-02-02 17:07:51.065 +08:00 [grpcservice] [Information] SkyApm.Transport.Grpc.ConnectionManager : Shutdown connection[127.0.0.1:11800].
2026-02-02 17:07:51.065 +08:00 [grpcservice] [Information] SkyApm.Transport.Grpc.ConnectionManager : Connected server[127.0.0.1:11800].
2026-02-02 17:08:08.134 +08:00 [grpcservice] [Error] SkyApm.Transport.Grpc.V8.ServiceRegister : Report service instance properties fail.
Grpc.Core.RpcException: Status(StatusCode="Unavailable", Detail="Error connecting to subchannel.", DebugException="System.Net.Sockets.SocketException: 由于目标计算机积极拒绝，无法连接。")
 ---> System.Net.Sockets.SocketException (10061): 由于目标计算机积极拒绝，无法连接。
   at System.Net.Sockets.Socket.AwaitableSocketAsyncEventArgs.ThrowException(SocketError error, CancellationToken cancellationToken)
   at System.Net.Sockets.Socket.AwaitableSocketAsyncEventArgs.System.Threading.Tasks.Sources.IValueTaskSource.GetResult(Int16 token)
   at System.Net.Sockets.Socket.<ConnectAsync>g__WaitForConnectWithCancellation|285_0(AwaitableSocketAsyncEventArgs saea, ValueTask connectTask, CancellationToken cancellationToken)
   at Grpc.Net.Client.Balancer.Internal.SocketConnectivitySubchannelTransport.TryConnectAsync(ConnectContext context, Int32 attempt)
   --- End of inner exception stack trace ---
   at Grpc.Net.Client.Balancer.Internal.ConnectionManager.PickAsync(PickContext context, Boolean waitForReady, CancellationToken cancellationToken)
   at Grpc.Net.Client.Balancer.Internal.BalancerHttpHandler.SendAsync(HttpRequestMessage request, CancellationToken cancellationToken)
   at Grpc.Net.Client.Internal.GrpcCall`2.RunCall(HttpRequestMessage request, Nullable`1 timeout)
   at Grpc.Net.Client.Internal.GrpcCall`2.GetResponseHeadersCoreAsync()
   at SkyApm.Transport.Grpc.V8.ServiceRegister.<>c__DisplayClass9_0.<<ReportInstancePropertiesAsync>b__0>d.MoveNext()
--- End of stack trace from previous location ---
   at SkyApm.Transport.Grpc.Common.Call.Execute[T](Func`1 task, Func`1 errCallback, Func`1 errMessage)
2026-02-02 17:08:08.136 +08:00 [grpcservice] [Warning] SkyApm.Transport.Grpc.ConnectionManager : Connection state changed. Status(StatusCode="Unavailable", Detail="Error connecting to subchannel.", DebugException="System.Net.Sockets.SocketException: 由于目标计算机积极拒绝，无法连接。")
2026-02-02 17:08:21.074 +08:00 [grpcservice] [Information] SkyApm.Transport.Grpc.ConnectionManager : Shutdown connection[127.0.0.1:11800].
2026-02-02 17:08:21.075 +08:00 [grpcservice] [Information] SkyApm.Transport.Grpc.ConnectionManager : Connected server[127.0.0.1:11800].
2026-02-02 17:08:45.830 +08:00 [grpcservice] [Error] SkyApm.Transport.Grpc.V8.ServiceRegister : Report service instance properties fail.
Grpc.Core.RpcException: Status(StatusCode="Unavailable", Detail="Error connecting to subchannel.", DebugException="System.Net.Sockets.SocketException: 由于目标计算机积极拒绝，无法连接。")
 ---> System.Net.Sockets.SocketException (10061): 由于目标计算机积极拒绝，无法连接。
   at System.Net.Sockets.Socket.AwaitableSocketAsyncEventArgs.ThrowException(SocketError error, CancellationToken cancellationToken)
   at System.Net.Sockets.Socket.AwaitableSocketAsyncEventArgs.System.Threading.Tasks.Sources.IValueTaskSource.GetResult(Int16 token)
   at System.Net.Sockets.Socket.<ConnectAsync>g__WaitForConnectWithCancellation|285_0(AwaitableSocketAsyncEventArgs saea, ValueTask connectTask, CancellationToken cancellationToken)
   at Grpc.Net.Client.Balancer.Internal.SocketConnectivitySubchannelTransport.TryConnectAsync(ConnectContext context, Int32 attempt)
   --- End of inner exception stack trace ---
   at Grpc.Net.Client.Balancer.Internal.ConnectionManager.PickAsync(PickContext context, Boolean waitForReady, CancellationToken cancellationToken)
   at Grpc.Net.Client.Balancer.Internal.BalancerHttpHandler.SendAsync(HttpRequestMessage request, CancellationToken cancellationToken)
   at Grpc.Net.Client.Internal.GrpcCall`2.RunCall(HttpRequestMessage request, Nullable`1 timeout)
   at Grpc.Net.Client.Internal.GrpcCall`2.GetResponseHeadersCoreAsync()
   at SkyApm.Transport.Grpc.V8.ServiceRegister.<>c__DisplayClass9_0.<<ReportInstancePropertiesAsync>b__0>d.MoveNext()
--- End of stack trace from previous location ---
   at SkyApm.Transport.Grpc.Common.Call.Execute[T](Func`1 task, Func`1 errCallback, Func`1 errMessage)
2026-02-02 17:08:45.831 +08:00 [grpcservice] [Warning] SkyApm.Transport.Grpc.ConnectionManager : Connection state changed. Status(StatusCode="Unavailable", Detail="Error connecting to subchannel.", DebugException="System.Net.Sockets.SocketException: 由于目标计算机积极拒绝，无法连接。")
2026-02-02 17:09:04.278 +08:00 [grpcservice] [Information] SkyApm.Transport.Grpc.ConnectionManager : Shutdown connection[127.0.0.1:11800].
2026-02-02 17:09:04.295 +08:00 [grpcservice] [Information] SkyApm.Transport.Grpc.ConnectionManager : Connected server[127.0.0.1:11800].
2026-02-02 17:09:09.988 +08:00 [grpcservice] [Error] SkyApm.Transport.Grpc.V8.ServiceRegister : Report service instance properties fail.
Grpc.Core.RpcException: Status(StatusCode="Unavailable", Detail="Error connecting to subchannel.", DebugException="System.Net.Sockets.SocketException: 由于目标计算机积极拒绝，无法连接。")
 ---> System.Net.Sockets.SocketException (10061): 由于目标计算机积极拒绝，无法连接。
   at System.Net.Sockets.Socket.AwaitableSocketAsyncEventArgs.ThrowException(SocketError error, CancellationToken cancellationToken)
   at System.Net.Sockets.Socket.AwaitableSocketAsyncEventArgs.System.Threading.Tasks.Sources.IValueTaskSource.GetResult(Int16 token)
   at System.Net.Sockets.Socket.<ConnectAsync>g__WaitForConnectWithCancellation|285_0(AwaitableSocketAsyncEventArgs saea, ValueTask connectTask, CancellationToken cancellationToken)
   at Grpc.Net.Client.Balancer.Internal.SocketConnectivitySubchannelTransport.TryConnectAsync(ConnectContext context, Int32 attempt)
   --- End of inner exception stack trace ---
   at Grpc.Net.Client.Balancer.Internal.ConnectionManager.PickAsync(PickContext context, Boolean waitForReady, CancellationToken cancellationToken)
   at Grpc.Net.Client.Balancer.Internal.BalancerHttpHandler.SendAsync(HttpRequestMessage request, CancellationToken cancellationToken)
   at Grpc.Net.Client.Internal.GrpcCall`2.RunCall(HttpRequestMessage request, Nullable`1 timeout)
   at Grpc.Net.Client.Internal.GrpcCall`2.GetResponseHeadersCoreAsync()
   at SkyApm.Transport.Grpc.V8.ServiceRegister.<>c__DisplayClass9_0.<<ReportInstancePropertiesAsync>b__0>d.MoveNext()
--- End of stack trace from previous location ---
   at SkyApm.Transport.Grpc.Common.Call.Execute[T](Func`1 task, Func`1 errCallback, Func`1 errMessage)
2026-02-02 17:09:09.988 +08:00 [grpcservice] [Warning] SkyApm.Transport.Grpc.ConnectionManager : Connection state changed. Status(StatusCode="Unavailable", Detail="Error connecting to subchannel.", DebugException="System.Net.Sockets.SocketException: 由于目标计算机积极拒绝，无法连接。")
2026-02-02 17:09:39.520 +08:00 [grpcservice] [Information] SkyApm.Transport.Grpc.ConnectionManager : Shutdown connection[127.0.0.1:11800].
2026-02-02 17:09:39.521 +08:00 [grpcservice] [Information] SkyApm.Transport.Grpc.ConnectionManager : Connected server[127.0.0.1:11800].
2026-02-02 17:09:39.886 +08:00 [grpcservice] [Information] SkyApm.Diagnostics.TracingDiagnosticProcessorObserver : Loaded diagnostic listener [Microsoft.EntityFrameworkCore].
2026-02-02 17:09:42.113 +08:00 [grpcservice] [Error] SkyApm.Transport.Grpc.V8.ServiceRegister : Report service instance properties fail.
Grpc.Core.RpcException: Status(StatusCode="Unavailable", Detail="Error connecting to subchannel.", DebugException="System.Net.Sockets.SocketException: 由于目标计算机积极拒绝，无法连接。")
 ---> System.Net.Sockets.SocketException (10061): 由于目标计算机积极拒绝，无法连接。
   at System.Net.Sockets.Socket.AwaitableSocketAsyncEventArgs.ThrowException(SocketError error, CancellationToken cancellationToken)
   at System.Net.Sockets.Socket.AwaitableSocketAsyncEventArgs.System.Threading.Tasks.Sources.IValueTaskSource.GetResult(Int16 token)
   at System.Net.Sockets.Socket.<ConnectAsync>g__WaitForConnectWithCancellation|285_0(AwaitableSocketAsyncEventArgs saea, ValueTask connectTask, CancellationToken cancellationToken)
   at Grpc.Net.Client.Balancer.Internal.SocketConnectivitySubchannelTransport.TryConnectAsync(ConnectContext context, Int32 attempt)
   --- End of inner exception stack trace ---
   at Grpc.Net.Client.Balancer.Internal.ConnectionManager.PickAsync(PickContext context, Boolean waitForReady, CancellationToken cancellationToken)
   at Grpc.Net.Client.Balancer.Internal.BalancerHttpHandler.SendAsync(HttpRequestMessage request, CancellationToken cancellationToken)
   at Grpc.Net.Client.Internal.GrpcCall`2.RunCall(HttpRequestMessage request, Nullable`1 timeout)
   at Grpc.Net.Client.Internal.GrpcCall`2.GetResponseHeadersCoreAsync()
   at SkyApm.Transport.Grpc.V8.ServiceRegister.<>c__DisplayClass9_0.<<ReportInstancePropertiesAsync>b__0>d.MoveNext()
--- End of stack trace from previous location ---
   at SkyApm.Transport.Grpc.Common.Call.Execute[T](Func`1 task, Func`1 errCallback, Func`1 errMessage)
2026-02-02 17:09:42.113 +08:00 [grpcservice] [Warning] SkyApm.Transport.Grpc.ConnectionManager : Connection state changed. Status(StatusCode="Unavailable", Detail="Error connecting to subchannel.", DebugException="System.Net.Sockets.SocketException: 由于目标计算机积极拒绝，无法连接。")
2026-02-02 17:09:43.166 +08:00 [grpcservice] [Information] SkyApm.Diagnostics.TracingDiagnosticProcessorObserver : Loaded diagnostic listener [Ars.EFCoreOperationLog].
2026-02-02 17:09:55.824 +08:00 [grpcservice] [Information] SkyApm.Transport.Grpc.ConnectionManager : Shutdown connection[127.0.0.1:11800].
2026-02-02 17:09:55.824 +08:00 [grpcservice] [Information] SkyApm.Transport.Grpc.ConnectionManager : Connected server[127.0.0.1:11800].
2026-02-02 17:10:20.421 +08:00 [grpcservice] [Error] SkyApm.Transport.Grpc.V8.ServiceRegister : Report service instance properties fail.
Grpc.Core.RpcException: Status(StatusCode="Unavailable", Detail="Error connecting to subchannel.", DebugException="System.Net.Sockets.SocketException: 由于目标计算机积极拒绝，无法连接。")
 ---> System.Net.Sockets.SocketException (10061): 由于目标计算机积极拒绝，无法连接。
   at System.Net.Sockets.Socket.AwaitableSocketAsyncEventArgs.ThrowException(SocketError error, CancellationToken cancellationToken)
   at System.Net.Sockets.Socket.AwaitableSocketAsyncEventArgs.System.Threading.Tasks.Sources.IValueTaskSource.GetResult(Int16 token)
   at System.Net.Sockets.Socket.<ConnectAsync>g__WaitForConnectWithCancellation|285_0(AwaitableSocketAsyncEventArgs saea, ValueTask connectTask, CancellationToken cancellationToken)
   at Grpc.Net.Client.Balancer.Internal.SocketConnectivitySubchannelTransport.TryConnectAsync(ConnectContext context, Int32 attempt)
   --- End of inner exception stack trace ---
   at Grpc.Net.Client.Balancer.Internal.ConnectionManager.PickAsync(PickContext context, Boolean waitForReady, CancellationToken cancellationToken)
   at Grpc.Net.Client.Balancer.Internal.BalancerHttpHandler.SendAsync(HttpRequestMessage request, CancellationToken cancellationToken)
   at Grpc.Net.Client.Internal.GrpcCall`2.RunCall(HttpRequestMessage request, Nullable`1 timeout)
   at Grpc.Net.Client.Internal.GrpcCall`2.GetResponseHeadersCoreAsync()
   at SkyApm.Transport.Grpc.V8.ServiceRegister.<>c__DisplayClass9_0.<<ReportInstancePropertiesAsync>b__0>d.MoveNext()
--- End of stack trace from previous location ---
   at SkyApm.Transport.Grpc.Common.Call.Execute[T](Func`1 task, Func`1 errCallback, Func`1 errMessage)
2026-02-02 17:10:20.422 +08:00 [grpcservice] [Warning] SkyApm.Transport.Grpc.ConnectionManager : Connection state changed. Status(StatusCode="Unavailable", Detail="Error connecting to subchannel.", DebugException="System.Net.Sockets.SocketException: 由于目标计算机积极拒绝，无法连接。")
2026-02-02 17:10:25.600 +08:00 [grpcservice] [Information] SkyApm.Transport.Grpc.ConnectionManager : Shutdown connection[127.0.0.1:11800].
2026-02-02 17:10:25.601 +08:00 [grpcservice] [Information] SkyApm.Transport.Grpc.ConnectionManager : Connected server[127.0.0.1:11800].
2026-02-02 17:10:43.701 +08:00 [grpcservice] [Error] SkyApm.Transport.Grpc.V8.ServiceRegister : Report service instance properties fail.
Grpc.Core.RpcException: Status(StatusCode="Unavailable", Detail="Error connecting to subchannel.", DebugException="System.Net.Sockets.SocketException: 由于目标计算机积极拒绝，无法连接。")
 ---> System.Net.Sockets.SocketException (10061): 由于目标计算机积极拒绝，无法连接。
   at System.Net.Sockets.Socket.AwaitableSocketAsyncEventArgs.ThrowException(SocketError error, CancellationToken cancellationToken)
   at System.Net.Sockets.Socket.AwaitableSocketAsyncEventArgs.System.Threading.Tasks.Sources.IValueTaskSource.GetResult(Int16 token)
   at System.Net.Sockets.Socket.<ConnectAsync>g__WaitForConnectWithCancellation|285_0(AwaitableSocketAsyncEventArgs saea, ValueTask connectTask, CancellationToken cancellationToken)
   at Grpc.Net.Client.Balancer.Internal.SocketConnectivitySubchannelTransport.TryConnectAsync(ConnectContext context, Int32 attempt)
   --- End of inner exception stack trace ---
   at Grpc.Net.Client.Balancer.Internal.ConnectionManager.PickAsync(PickContext context, Boolean waitForReady, CancellationToken cancellationToken)
   at Grpc.Net.Client.Balancer.Internal.BalancerHttpHandler.SendAsync(HttpRequestMessage request, CancellationToken cancellationToken)
   at Grpc.Net.Client.Internal.GrpcCall`2.RunCall(HttpRequestMessage request, Nullable`1 timeout)
   at Grpc.Net.Client.Internal.GrpcCall`2.GetResponseHeadersCoreAsync()
   at SkyApm.Transport.Grpc.V8.ServiceRegister.<>c__DisplayClass9_0.<<ReportInstancePropertiesAsync>b__0>d.MoveNext()
--- End of stack trace from previous location ---
   at SkyApm.Transport.Grpc.Common.Call.Execute[T](Func`1 task, Func`1 errCallback, Func`1 errMessage)
2026-02-02 17:10:43.708 +08:00 [grpcservice] [Warning] SkyApm.Transport.Grpc.ConnectionManager : Connection state changed. Status(StatusCode="Unavailable", Detail="Error connecting to subchannel.", DebugException="System.Net.Sockets.SocketException: 由于目标计算机积极拒绝，无法连接。")
2026-02-02 17:11:21.671 +08:00 [grpcservice] [Information] SkyApm.Transport.Grpc.ConnectionManager : Shutdown connection[127.0.0.1:11800].
2026-02-02 17:11:21.673 +08:00 [grpcservice] [Information] SkyApm.Transport.Grpc.ConnectionManager : Connected server[127.0.0.1:11800].
2026-02-02 17:11:25.564 +08:00 [grpcservice] [Error] SkyApm.Transport.Grpc.V8.ServiceRegister : Report service instance properties fail.
Grpc.Core.RpcException: Status(StatusCode="Unavailable", Detail="Error connecting to subchannel.", DebugException="System.Net.Sockets.SocketException: 由于目标计算机积极拒绝，无法连接。")
 ---> System.Net.Sockets.SocketException (10061): 由于目标计算机积极拒绝，无法连接。
   at System.Net.Sockets.Socket.AwaitableSocketAsyncEventArgs.ThrowException(SocketError error, CancellationToken cancellationToken)
   at System.Net.Sockets.Socket.AwaitableSocketAsyncEventArgs.System.Threading.Tasks.Sources.IValueTaskSource.GetResult(Int16 token)
   at System.Net.Sockets.Socket.<ConnectAsync>g__WaitForConnectWithCancellation|285_0(AwaitableSocketAsyncEventArgs saea, ValueTask connectTask, CancellationToken cancellationToken)
   at Grpc.Net.Client.Balancer.Internal.SocketConnectivitySubchannelTransport.TryConnectAsync(ConnectContext context, Int32 attempt)
   --- End of inner exception stack trace ---
   at Grpc.Net.Client.Balancer.Internal.ConnectionManager.PickAsync(PickContext context, Boolean waitForReady, CancellationToken cancellationToken)
   at Grpc.Net.Client.Balancer.Internal.BalancerHttpHandler.SendAsync(HttpRequestMessage request, CancellationToken cancellationToken)
   at Grpc.Net.Client.Internal.GrpcCall`2.RunCall(HttpRequestMessage request, Nullable`1 timeout)
   at Grpc.Net.Client.Internal.GrpcCall`2.GetResponseHeadersCoreAsync()
   at SkyApm.Transport.Grpc.V8.ServiceRegister.<>c__DisplayClass9_0.<<ReportInstancePropertiesAsync>b__0>d.MoveNext()
--- End of stack trace from previous location ---
   at SkyApm.Transport.Grpc.Common.Call.Execute[T](Func`1 task, Func`1 errCallback, Func`1 errMessage)
2026-02-02 17:11:25.564 +08:00 [grpcservice] [Warning] SkyApm.Transport.Grpc.ConnectionManager : Connection state changed. Status(StatusCode="Unavailable", Detail="Error connecting to subchannel.", DebugException="System.Net.Sockets.SocketException: 由于目标计算机积极拒绝，无法连接。")
2026-02-02 17:11:36.672 +08:00 [grpcservice] [Information] SkyApm.Transport.Grpc.ConnectionManager : Shutdown connection[127.0.0.1:11800].
2026-02-02 17:11:36.682 +08:00 [grpcservice] [Information] SkyApm.Transport.Grpc.ConnectionManager : Connected server[127.0.0.1:11800].
2026-02-02 17:11:41.768 +08:00 [grpcservice] [Error] SkyApm.Transport.Grpc.V8.ServiceRegister : Report service instance properties fail.
Grpc.Core.RpcException: Status(StatusCode="Unavailable", Detail="Error connecting to subchannel.", DebugException="System.Net.Sockets.SocketException: 由于目标计算机积极拒绝，无法连接。")
 ---> System.Net.Sockets.SocketException (10061): 由于目标计算机积极拒绝，无法连接。
   at System.Net.Sockets.Socket.AwaitableSocketAsyncEventArgs.ThrowException(SocketError error, CancellationToken cancellationToken)
   at System.Net.Sockets.Socket.AwaitableSocketAsyncEventArgs.System.Threading.Tasks.Sources.IValueTaskSource.GetResult(Int16 token)
   at System.Net.Sockets.Socket.<ConnectAsync>g__WaitForConnectWithCancellation|285_0(AwaitableSocketAsyncEventArgs saea, ValueTask connectTask, CancellationToken cancellationToken)
   at Grpc.Net.Client.Balancer.Internal.SocketConnectivitySubchannelTransport.TryConnectAsync(ConnectContext context, Int32 attempt)
   --- End of inner exception stack trace ---
   at Grpc.Net.Client.Balancer.Internal.ConnectionManager.PickAsync(PickContext context, Boolean waitForReady, CancellationToken cancellationToken)
   at Grpc.Net.Client.Balancer.Internal.BalancerHttpHandler.SendAsync(HttpRequestMessage request, CancellationToken cancellationToken)
   at Grpc.Net.Client.Internal.GrpcCall`2.RunCall(HttpRequestMessage request, Nullable`1 timeout)
   at Grpc.Net.Client.Internal.GrpcCall`2.GetResponseHeadersCoreAsync()
   at SkyApm.Transport.Grpc.V8.ServiceRegister.<>c__DisplayClass9_0.<<ReportInstancePropertiesAsync>b__0>d.MoveNext()
--- End of stack trace from previous location ---
   at SkyApm.Transport.Grpc.Common.Call.Execute[T](Func`1 task, Func`1 errCallback, Func`1 errMessage)
2026-02-02 17:11:41.768 +08:00 [grpcservice] [Warning] SkyApm.Transport.Grpc.ConnectionManager : Connection state changed. Status(StatusCode="Unavailable", Detail="Error connecting to subchannel.", DebugException="System.Net.Sockets.SocketException: 由于目标计算机积极拒绝，无法连接。")
2026-02-02 17:11:51.647 +08:00 [grpcservice] [Information] SkyApm.Transport.Grpc.ConnectionManager : Shutdown connection[127.0.0.1:11800].
2026-02-02 17:11:51.648 +08:00 [grpcservice] [Information] SkyApm.Transport.Grpc.ConnectionManager : Connected server[127.0.0.1:11800].
2026-02-02 17:12:08.113 +08:00 [grpcservice] [Error] SkyApm.Transport.Grpc.V8.ServiceRegister : Report service instance properties fail.
Grpc.Core.RpcException: Status(StatusCode="Unavailable", Detail="Error connecting to subchannel.", DebugException="System.Net.Sockets.SocketException: 由于目标计算机积极拒绝，无法连接。")
 ---> System.Net.Sockets.SocketException (10061): 由于目标计算机积极拒绝，无法连接。
   at System.Net.Sockets.Socket.AwaitableSocketAsyncEventArgs.System.Threading.Tasks.Sources.IValueTaskSource.GetResult(Int16 token)
   at System.Net.Sockets.Socket.<ConnectAsync>g__WaitForConnectWithCancellation|285_0(AwaitableSocketAsyncEventArgs saea, ValueTask connectTask, CancellationToken cancellationToken)
   at Grpc.Net.Client.Balancer.Internal.SocketConnectivitySubchannelTransport.TryConnectAsync(ConnectContext context, Int32 attempt)
   --- End of inner exception stack trace ---
   at Grpc.Net.Client.Balancer.Internal.ConnectionManager.PickAsync(PickContext context, Boolean waitForReady, CancellationToken cancellationToken)
   at Grpc.Net.Client.Balancer.Internal.BalancerHttpHandler.SendAsync(HttpRequestMessage request, CancellationToken cancellationToken)
   at Grpc.Net.Client.Internal.GrpcCall`2.RunCall(HttpRequestMessage request, Nullable`1 timeout)
   at Grpc.Net.Client.Internal.GrpcCall`2.GetResponseHeadersCoreAsync()
   at SkyApm.Transport.Grpc.V8.ServiceRegister.<>c__DisplayClass9_0.<<ReportInstancePropertiesAsync>b__0>d.MoveNext()
--- End of stack trace from previous location ---
   at SkyApm.Transport.Grpc.Common.Call.Execute[T](Func`1 task, Func`1 errCallback, Func`1 errMessage)
2026-02-02 17:12:08.113 +08:00 [grpcservice] [Warning] SkyApm.Transport.Grpc.ConnectionManager : Connection state changed. Status(StatusCode="Unavailable", Detail="Error connecting to subchannel.", DebugException="System.Net.Sockets.SocketException: 由于目标计算机积极拒绝，无法连接。")
2026-02-02 17:12:21.651 +08:00 [grpcservice] [Information] SkyApm.Transport.Grpc.ConnectionManager : Shutdown connection[127.0.0.1:11800].
2026-02-02 17:12:21.652 +08:00 [grpcservice] [Information] SkyApm.Transport.Grpc.ConnectionManager : Connected server[127.0.0.1:11800].
2026-02-02 17:12:38.125 +08:00 [grpcservice] [Error] SkyApm.Transport.Grpc.V8.ServiceRegister : Report service instance properties fail.
Grpc.Core.RpcException: Status(StatusCode="Unavailable", Detail="Error connecting to subchannel.", DebugException="System.Net.Sockets.SocketException: 由于目标计算机积极拒绝，无法连接。")
 ---> System.Net.Sockets.SocketException (10061): 由于目标计算机积极拒绝，无法连接。
   at System.Net.Sockets.Socket.AwaitableSocketAsyncEventArgs.System.Threading.Tasks.Sources.IValueTaskSource.GetResult(Int16 token)
   at System.Net.Sockets.Socket.<ConnectAsync>g__WaitForConnectWithCancellation|285_0(AwaitableSocketAsyncEventArgs saea, ValueTask connectTask, CancellationToken cancellationToken)
   at Grpc.Net.Client.Balancer.Internal.SocketConnectivitySubchannelTransport.TryConnectAsync(ConnectContext context, Int32 attempt)
   --- End of inner exception stack trace ---
   at Grpc.Net.Client.Balancer.Internal.ConnectionManager.PickAsync(PickContext context, Boolean waitForReady, CancellationToken cancellationToken)
   at Grpc.Net.Client.Balancer.Internal.BalancerHttpHandler.SendAsync(HttpRequestMessage request, CancellationToken cancellationToken)
   at Grpc.Net.Client.Internal.GrpcCall`2.RunCall(HttpRequestMessage request, Nullable`1 timeout)
   at Grpc.Net.Client.Internal.GrpcCall`2.GetResponseHeadersCoreAsync()
   at SkyApm.Transport.Grpc.V8.ServiceRegister.<>c__DisplayClass9_0.<<ReportInstancePropertiesAsync>b__0>d.MoveNext()
--- End of stack trace from previous location ---
   at SkyApm.Transport.Grpc.Common.Call.Execute[T](Func`1 task, Func`1 errCallback, Func`1 errMessage)
2026-02-02 17:12:38.125 +08:00 [grpcservice] [Warning] SkyApm.Transport.Grpc.ConnectionManager : Connection state changed. Status(StatusCode="Unavailable", Detail="Error connecting to subchannel.", DebugException="System.Net.Sockets.SocketException: 由于目标计算机积极拒绝，无法连接。")
2026-02-02 17:12:51.650 +08:00 [grpcservice] [Information] SkyApm.Transport.Grpc.ConnectionManager : Shutdown connection[127.0.0.1:11800].
2026-02-02 17:12:51.650 +08:00 [grpcservice] [Information] SkyApm.Transport.Grpc.ConnectionManager : Connected server[127.0.0.1:11800].
2026-02-02 17:13:08.124 +08:00 [grpcservice] [Error] SkyApm.Transport.Grpc.V8.ServiceRegister : Report service instance properties fail.
Grpc.Core.RpcException: Status(StatusCode="Unavailable", Detail="Error connecting to subchannel.", DebugException="System.Net.Sockets.SocketException: 由于目标计算机积极拒绝，无法连接。")
 ---> System.Net.Sockets.SocketException (10061): 由于目标计算机积极拒绝，无法连接。
   at System.Net.Sockets.Socket.AwaitableSocketAsyncEventArgs.System.Threading.Tasks.Sources.IValueTaskSource.GetResult(Int16 token)
   at System.Net.Sockets.Socket.<ConnectAsync>g__WaitForConnectWithCancellation|285_0(AwaitableSocketAsyncEventArgs saea, ValueTask connectTask, CancellationToken cancellationToken)
   at Grpc.Net.Client.Balancer.Internal.SocketConnectivitySubchannelTransport.TryConnectAsync(ConnectContext context, Int32 attempt)
   --- End of inner exception stack trace ---
   at Grpc.Net.Client.Balancer.Internal.ConnectionManager.PickAsync(PickContext context, Boolean waitForReady, CancellationToken cancellationToken)
   at Grpc.Net.Client.Balancer.Internal.BalancerHttpHandler.SendAsync(HttpRequestMessage request, CancellationToken cancellationToken)
   at Grpc.Net.Client.Internal.GrpcCall`2.RunCall(HttpRequestMessage request, Nullable`1 timeout)
   at Grpc.Net.Client.Internal.GrpcCall`2.GetResponseHeadersCoreAsync()
   at SkyApm.Transport.Grpc.V8.ServiceRegister.<>c__DisplayClass9_0.<<ReportInstancePropertiesAsync>b__0>d.MoveNext()
--- End of stack trace from previous location ---
   at SkyApm.Transport.Grpc.Common.Call.Execute[T](Func`1 task, Func`1 errCallback, Func`1 errMessage)
2026-02-02 17:13:08.124 +08:00 [grpcservice] [Warning] SkyApm.Transport.Grpc.ConnectionManager : Connection state changed. Status(StatusCode="Unavailable", Detail="Error connecting to subchannel.", DebugException="System.Net.Sockets.SocketException: 由于目标计算机积极拒绝，无法连接。")
2026-02-02 17:13:21.660 +08:00 [grpcservice] [Information] SkyApm.Transport.Grpc.ConnectionManager : Shutdown connection[127.0.0.1:11800].
2026-02-02 17:13:21.660 +08:00 [grpcservice] [Information] SkyApm.Transport.Grpc.ConnectionManager : Connected server[127.0.0.1:11800].
2026-02-02 17:13:38.101 +08:00 [grpcservice] [Error] SkyApm.Transport.Grpc.V8.ServiceRegister : Report service instance properties fail.
Grpc.Core.RpcException: Status(StatusCode="Unavailable", Detail="Error connecting to subchannel.", DebugException="System.Net.Sockets.SocketException: 由于目标计算机积极拒绝，无法连接。")
 ---> System.Net.Sockets.SocketException (10061): 由于目标计算机积极拒绝，无法连接。
   at System.Net.Sockets.Socket.AwaitableSocketAsyncEventArgs.System.Threading.Tasks.Sources.IValueTaskSource.GetResult(Int16 token)
   at System.Net.Sockets.Socket.<ConnectAsync>g__WaitForConnectWithCancellation|285_0(AwaitableSocketAsyncEventArgs saea, ValueTask connectTask, CancellationToken cancellationToken)
   at Grpc.Net.Client.Balancer.Internal.SocketConnectivitySubchannelTransport.TryConnectAsync(ConnectContext context, Int32 attempt)
   --- End of inner exception stack trace ---
   at Grpc.Net.Client.Balancer.Internal.ConnectionManager.PickAsync(PickContext context, Boolean waitForReady, CancellationToken cancellationToken)
   at Grpc.Net.Client.Balancer.Internal.BalancerHttpHandler.SendAsync(HttpRequestMessage request, CancellationToken cancellationToken)
   at Grpc.Net.Client.Internal.GrpcCall`2.RunCall(HttpRequestMessage request, Nullable`1 timeout)
   at Grpc.Net.Client.Internal.GrpcCall`2.GetResponseHeadersCoreAsync()
   at SkyApm.Transport.Grpc.V8.ServiceRegister.<>c__DisplayClass9_0.<<ReportInstancePropertiesAsync>b__0>d.MoveNext()
--- End of stack trace from previous location ---
   at SkyApm.Transport.Grpc.Common.Call.Execute[T](Func`1 task, Func`1 errCallback, Func`1 errMessage)
2026-02-02 17:13:38.101 +08:00 [grpcservice] [Warning] SkyApm.Transport.Grpc.ConnectionManager : Connection state changed. Status(StatusCode="Unavailable", Detail="Error connecting to subchannel.", DebugException="System.Net.Sockets.SocketException: 由于目标计算机积极拒绝，无法连接。")
2026-02-02 17:13:51.652 +08:00 [grpcservice] [Information] SkyApm.Transport.Grpc.ConnectionManager : Shutdown connection[127.0.0.1:11800].
2026-02-02 17:13:51.652 +08:00 [grpcservice] [Information] SkyApm.Transport.Grpc.ConnectionManager : Connected server[127.0.0.1:11800].
2026-02-02 17:14:08.112 +08:00 [grpcservice] [Error] SkyApm.Transport.Grpc.V8.ServiceRegister : Report service instance properties fail.
Grpc.Core.RpcException: Status(StatusCode="Unavailable", Detail="Error connecting to subchannel.", DebugException="System.Net.Sockets.SocketException: 由于目标计算机积极拒绝，无法连接。")
 ---> System.Net.Sockets.SocketException (10061): 由于目标计算机积极拒绝，无法连接。
   at System.Net.Sockets.Socket.AwaitableSocketAsyncEventArgs.System.Threading.Tasks.Sources.IValueTaskSource.GetResult(Int16 token)
   at System.Net.Sockets.Socket.<ConnectAsync>g__WaitForConnectWithCancellation|285_0(AwaitableSocketAsyncEventArgs saea, ValueTask connectTask, CancellationToken cancellationToken)
   at Grpc.Net.Client.Balancer.Internal.SocketConnectivitySubchannelTransport.TryConnectAsync(ConnectContext context, Int32 attempt)
   --- End of inner exception stack trace ---
   at Grpc.Net.Client.Balancer.Internal.ConnectionManager.PickAsync(PickContext context, Boolean waitForReady, CancellationToken cancellationToken)
   at Grpc.Net.Client.Balancer.Internal.BalancerHttpHandler.SendAsync(HttpRequestMessage request, CancellationToken cancellationToken)
   at Grpc.Net.Client.Internal.GrpcCall`2.RunCall(HttpRequestMessage request, Nullable`1 timeout)
   at Grpc.Net.Client.Internal.GrpcCall`2.GetResponseHeadersCoreAsync()
   at SkyApm.Transport.Grpc.V8.ServiceRegister.<>c__DisplayClass9_0.<<ReportInstancePropertiesAsync>b__0>d.MoveNext()
--- End of stack trace from previous location ---
   at SkyApm.Transport.Grpc.Common.Call.Execute[T](Func`1 task, Func`1 errCallback, Func`1 errMessage)
2026-02-02 17:14:08.112 +08:00 [grpcservice] [Warning] SkyApm.Transport.Grpc.ConnectionManager : Connection state changed. Status(StatusCode="Unavailable", Detail="Error connecting to subchannel.", DebugException="System.Net.Sockets.SocketException: 由于目标计算机积极拒绝，无法连接。")
2026-02-02 17:14:21.648 +08:00 [grpcservice] [Information] SkyApm.Transport.Grpc.ConnectionManager : Shutdown connection[127.0.0.1:11800].
2026-02-02 17:14:21.648 +08:00 [grpcservice] [Information] SkyApm.Transport.Grpc.ConnectionManager : Connected server[127.0.0.1:11800].
2026-02-02 17:14:38.115 +08:00 [grpcservice] [Error] SkyApm.Transport.Grpc.V8.ServiceRegister : Report service instance properties fail.
Grpc.Core.RpcException: Status(StatusCode="Unavailable", Detail="Error connecting to subchannel.", DebugException="System.Net.Sockets.SocketException: 由于目标计算机积极拒绝，无法连接。")
 ---> System.Net.Sockets.SocketException (10061): 由于目标计算机积极拒绝，无法连接。
   at System.Net.Sockets.Socket.AwaitableSocketAsyncEventArgs.System.Threading.Tasks.Sources.IValueTaskSource.GetResult(Int16 token)
   at System.Net.Sockets.Socket.<ConnectAsync>g__WaitForConnectWithCancellation|285_0(AwaitableSocketAsyncEventArgs saea, ValueTask connectTask, CancellationToken cancellationToken)
   at Grpc.Net.Client.Balancer.Internal.SocketConnectivitySubchannelTransport.TryConnectAsync(ConnectContext context, Int32 attempt)
   --- End of inner exception stack trace ---
   at Grpc.Net.Client.Balancer.Internal.ConnectionManager.PickAsync(PickContext context, Boolean waitForReady, CancellationToken cancellationToken)
   at Grpc.Net.Client.Balancer.Internal.BalancerHttpHandler.SendAsync(HttpRequestMessage request, CancellationToken cancellationToken)
   at Grpc.Net.Client.Internal.GrpcCall`2.RunCall(HttpRequestMessage request, Nullable`1 timeout)
   at Grpc.Net.Client.Internal.GrpcCall`2.GetResponseHeadersCoreAsync()
   at SkyApm.Transport.Grpc.V8.ServiceRegister.<>c__DisplayClass9_0.<<ReportInstancePropertiesAsync>b__0>d.MoveNext()
--- End of stack trace from previous location ---
   at SkyApm.Transport.Grpc.Common.Call.Execute[T](Func`1 task, Func`1 errCallback, Func`1 errMessage)
2026-02-02 17:14:38.115 +08:00 [grpcservice] [Warning] SkyApm.Transport.Grpc.ConnectionManager : Connection state changed. Status(StatusCode="Unavailable", Detail="Error connecting to subchannel.", DebugException="System.Net.Sockets.SocketException: 由于目标计算机积极拒绝，无法连接。")
2026-02-02 17:14:51.647 +08:00 [grpcservice] [Information] SkyApm.Transport.Grpc.ConnectionManager : Shutdown connection[127.0.0.1:11800].
2026-02-02 17:14:51.648 +08:00 [grpcservice] [Information] SkyApm.Transport.Grpc.ConnectionManager : Connected server[127.0.0.1:11800].
2026-02-02 17:15:08.112 +08:00 [grpcservice] [Error] SkyApm.Transport.Grpc.V8.ServiceRegister : Report service instance properties fail.
Grpc.Core.RpcException: Status(StatusCode="Unavailable", Detail="Error connecting to subchannel.", DebugException="System.Net.Sockets.SocketException: 由于目标计算机积极拒绝，无法连接。")
 ---> System.Net.Sockets.SocketException (10061): 由于目标计算机积极拒绝，无法连接。
   at System.Net.Sockets.Socket.AwaitableSocketAsyncEventArgs.System.Threading.Tasks.Sources.IValueTaskSource.GetResult(Int16 token)
   at System.Net.Sockets.Socket.<ConnectAsync>g__WaitForConnectWithCancellation|285_0(AwaitableSocketAsyncEventArgs saea, ValueTask connectTask, CancellationToken cancellationToken)
   at Grpc.Net.Client.Balancer.Internal.SocketConnectivitySubchannelTransport.TryConnectAsync(ConnectContext context, Int32 attempt)
   --- End of inner exception stack trace ---
   at Grpc.Net.Client.Balancer.Internal.ConnectionManager.PickAsync(PickContext context, Boolean waitForReady, CancellationToken cancellationToken)
   at Grpc.Net.Client.Balancer.Internal.BalancerHttpHandler.SendAsync(HttpRequestMessage request, CancellationToken cancellationToken)
   at Grpc.Net.Client.Internal.GrpcCall`2.RunCall(HttpRequestMessage request, Nullable`1 timeout)
   at Grpc.Net.Client.Internal.GrpcCall`2.GetResponseHeadersCoreAsync()
   at SkyApm.Transport.Grpc.V8.ServiceRegister.<>c__DisplayClass9_0.<<ReportInstancePropertiesAsync>b__0>d.MoveNext()
--- End of stack trace from previous location ---
   at SkyApm.Transport.Grpc.Common.Call.Execute[T](Func`1 task, Func`1 errCallback, Func`1 errMessage)
2026-02-02 17:15:08.112 +08:00 [grpcservice] [Warning] SkyApm.Transport.Grpc.ConnectionManager : Connection state changed. Status(StatusCode="Unavailable", Detail="Error connecting to subchannel.", DebugException="System.Net.Sockets.SocketException: 由于目标计算机积极拒绝，无法连接。")
2026-02-02 17:15:21.648 +08:00 [grpcservice] [Information] SkyApm.Transport.Grpc.ConnectionManager : Shutdown connection[127.0.0.1:11800].
2026-02-02 17:15:21.649 +08:00 [grpcservice] [Information] SkyApm.Transport.Grpc.ConnectionManager : Connected server[127.0.0.1:11800].
2026-02-02 17:15:38.123 +08:00 [grpcservice] [Error] SkyApm.Transport.Grpc.V8.ServiceRegister : Report service instance properties fail.
Grpc.Core.RpcException: Status(StatusCode="Unavailable", Detail="Error connecting to subchannel.", DebugException="System.Net.Sockets.SocketException: 由于目标计算机积极拒绝，无法连接。")
 ---> System.Net.Sockets.SocketException (10061): 由于目标计算机积极拒绝，无法连接。
   at System.Net.Sockets.Socket.AwaitableSocketAsyncEventArgs.System.Threading.Tasks.Sources.IValueTaskSource.GetResult(Int16 token)
   at System.Net.Sockets.Socket.<ConnectAsync>g__WaitForConnectWithCancellation|285_0(AwaitableSocketAsyncEventArgs saea, ValueTask connectTask, CancellationToken cancellationToken)
   at Grpc.Net.Client.Balancer.Internal.SocketConnectivitySubchannelTransport.TryConnectAsync(ConnectContext context, Int32 attempt)
   --- End of inner exception stack trace ---
   at Grpc.Net.Client.Balancer.Internal.ConnectionManager.PickAsync(PickContext context, Boolean waitForReady, CancellationToken cancellationToken)
   at Grpc.Net.Client.Balancer.Internal.BalancerHttpHandler.SendAsync(HttpRequestMessage request, CancellationToken cancellationToken)
   at Grpc.Net.Client.Internal.GrpcCall`2.RunCall(HttpRequestMessage request, Nullable`1 timeout)
   at Grpc.Net.Client.Internal.GrpcCall`2.GetResponseHeadersCoreAsync()
   at SkyApm.Transport.Grpc.V8.ServiceRegister.<>c__DisplayClass9_0.<<ReportInstancePropertiesAsync>b__0>d.MoveNext()
--- End of stack trace from previous location ---
   at SkyApm.Transport.Grpc.Common.Call.Execute[T](Func`1 task, Func`1 errCallback, Func`1 errMessage)
2026-02-02 17:15:38.123 +08:00 [grpcservice] [Warning] SkyApm.Transport.Grpc.ConnectionManager : Connection state changed. Status(StatusCode="Unavailable", Detail="Error connecting to subchannel.", DebugException="System.Net.Sockets.SocketException: 由于目标计算机积极拒绝，无法连接。")
2026-02-02 17:15:51.644 +08:00 [grpcservice] [Information] SkyApm.Transport.Grpc.ConnectionManager : Shutdown connection[127.0.0.1:11800].
2026-02-02 17:15:51.645 +08:00 [grpcservice] [Information] SkyApm.Transport.Grpc.ConnectionManager : Connected server[127.0.0.1:11800].
2026-02-02 17:16:08.107 +08:00 [grpcservice] [Error] SkyApm.Transport.Grpc.V8.ServiceRegister : Report service instance properties fail.
Grpc.Core.RpcException: Status(StatusCode="Unavailable", Detail="Error connecting to subchannel.", DebugException="System.Net.Sockets.SocketException: 由于目标计算机积极拒绝，无法连接。")
 ---> System.Net.Sockets.SocketException (10061): 由于目标计算机积极拒绝，无法连接。
   at System.Net.Sockets.Socket.AwaitableSocketAsyncEventArgs.System.Threading.Tasks.Sources.IValueTaskSource.GetResult(Int16 token)
   at System.Net.Sockets.Socket.<ConnectAsync>g__WaitForConnectWithCancellation|285_0(AwaitableSocketAsyncEventArgs saea, ValueTask connectTask, CancellationToken cancellationToken)
   at Grpc.Net.Client.Balancer.Internal.SocketConnectivitySubchannelTransport.TryConnectAsync(ConnectContext context, Int32 attempt)
   --- End of inner exception stack trace ---
   at Grpc.Net.Client.Balancer.Internal.ConnectionManager.PickAsync(PickContext context, Boolean waitForReady, CancellationToken cancellationToken)
   at Grpc.Net.Client.Balancer.Internal.BalancerHttpHandler.SendAsync(HttpRequestMessage request, CancellationToken cancellationToken)
   at Grpc.Net.Client.Internal.GrpcCall`2.RunCall(HttpRequestMessage request, Nullable`1 timeout)
   at Grpc.Net.Client.Internal.GrpcCall`2.GetResponseHeadersCoreAsync()
   at SkyApm.Transport.Grpc.V8.ServiceRegister.<>c__DisplayClass9_0.<<ReportInstancePropertiesAsync>b__0>d.MoveNext()
--- End of stack trace from previous location ---
   at SkyApm.Transport.Grpc.Common.Call.Execute[T](Func`1 task, Func`1 errCallback, Func`1 errMessage)
2026-02-02 17:16:08.107 +08:00 [grpcservice] [Warning] SkyApm.Transport.Grpc.ConnectionManager : Connection state changed. Status(StatusCode="Unavailable", Detail="Error connecting to subchannel.", DebugException="System.Net.Sockets.SocketException: 由于目标计算机积极拒绝，无法连接。")
2026-02-02 17:16:21.659 +08:00 [grpcservice] [Information] SkyApm.Transport.Grpc.ConnectionManager : Shutdown connection[127.0.0.1:11800].
2026-02-02 17:16:21.660 +08:00 [grpcservice] [Information] SkyApm.Transport.Grpc.ConnectionManager : Connected server[127.0.0.1:11800].
2026-02-02 17:16:38.105 +08:00 [grpcservice] [Error] SkyApm.Transport.Grpc.V8.ServiceRegister : Report service instance properties fail.
Grpc.Core.RpcException: Status(StatusCode="Unavailable", Detail="Error connecting to subchannel.", DebugException="System.Net.Sockets.SocketException: 由于目标计算机积极拒绝，无法连接。")
 ---> System.Net.Sockets.SocketException (10061): 由于目标计算机积极拒绝，无法连接。
   at System.Net.Sockets.Socket.AwaitableSocketAsyncEventArgs.System.Threading.Tasks.Sources.IValueTaskSource.GetResult(Int16 token)
   at System.Net.Sockets.Socket.<ConnectAsync>g__WaitForConnectWithCancellation|285_0(AwaitableSocketAsyncEventArgs saea, ValueTask connectTask, CancellationToken cancellationToken)
   at Grpc.Net.Client.Balancer.Internal.SocketConnectivitySubchannelTransport.TryConnectAsync(ConnectContext context, Int32 attempt)
   --- End of inner exception stack trace ---
   at Grpc.Net.Client.Balancer.Internal.ConnectionManager.PickAsync(PickContext context, Boolean waitForReady, CancellationToken cancellationToken)
   at Grpc.Net.Client.Balancer.Internal.BalancerHttpHandler.SendAsync(HttpRequestMessage request, CancellationToken cancellationToken)
   at Grpc.Net.Client.Internal.GrpcCall`2.RunCall(HttpRequestMessage request, Nullable`1 timeout)
   at Grpc.Net.Client.Internal.GrpcCall`2.GetResponseHeadersCoreAsync()
   at SkyApm.Transport.Grpc.V8.ServiceRegister.<>c__DisplayClass9_0.<<ReportInstancePropertiesAsync>b__0>d.MoveNext()
--- End of stack trace from previous location ---
   at SkyApm.Transport.Grpc.Common.Call.Execute[T](Func`1 task, Func`1 errCallback, Func`1 errMessage)
2026-02-02 17:16:38.105 +08:00 [grpcservice] [Warning] SkyApm.Transport.Grpc.ConnectionManager : Connection state changed. Status(StatusCode="Unavailable", Detail="Error connecting to subchannel.", DebugException="System.Net.Sockets.SocketException: 由于目标计算机积极拒绝，无法连接。")
2026-02-02 17:16:51.652 +08:00 [grpcservice] [Information] SkyApm.Transport.Grpc.ConnectionManager : Shutdown connection[127.0.0.1:11800].
2026-02-02 17:16:51.653 +08:00 [grpcservice] [Information] SkyApm.Transport.Grpc.ConnectionManager : Connected server[127.0.0.1:11800].
2026-02-02 17:17:08.100 +08:00 [grpcservice] [Error] SkyApm.Transport.Grpc.V8.ServiceRegister : Report service instance properties fail.
Grpc.Core.RpcException: Status(StatusCode="Unavailable", Detail="Error connecting to subchannel.", DebugException="System.Net.Sockets.SocketException: 由于目标计算机积极拒绝，无法连接。")
 ---> System.Net.Sockets.SocketException (10061): 由于目标计算机积极拒绝，无法连接。
   at System.Net.Sockets.Socket.AwaitableSocketAsyncEventArgs.System.Threading.Tasks.Sources.IValueTaskSource.GetResult(Int16 token)
   at System.Net.Sockets.Socket.<ConnectAsync>g__WaitForConnectWithCancellation|285_0(AwaitableSocketAsyncEventArgs saea, ValueTask connectTask, CancellationToken cancellationToken)
   at Grpc.Net.Client.Balancer.Internal.SocketConnectivitySubchannelTransport.TryConnectAsync(ConnectContext context, Int32 attempt)
   --- End of inner exception stack trace ---
   at Grpc.Net.Client.Balancer.Internal.ConnectionManager.PickAsync(PickContext context, Boolean waitForReady, CancellationToken cancellationToken)
   at Grpc.Net.Client.Balancer.Internal.BalancerHttpHandler.SendAsync(HttpRequestMessage request, CancellationToken cancellationToken)
   at Grpc.Net.Client.Internal.GrpcCall`2.RunCall(HttpRequestMessage request, Nullable`1 timeout)
   at Grpc.Net.Client.Internal.GrpcCall`2.GetResponseHeadersCoreAsync()
   at SkyApm.Transport.Grpc.V8.ServiceRegister.<>c__DisplayClass9_0.<<ReportInstancePropertiesAsync>b__0>d.MoveNext()
--- End of stack trace from previous location ---
   at SkyApm.Transport.Grpc.Common.Call.Execute[T](Func`1 task, Func`1 errCallback, Func`1 errMessage)
2026-02-02 17:17:08.100 +08:00 [grpcservice] [Warning] SkyApm.Transport.Grpc.ConnectionManager : Connection state changed. Status(StatusCode="Unavailable", Detail="Error connecting to subchannel.", DebugException="System.Net.Sockets.SocketException: 由于目标计算机积极拒绝，无法连接。")
2026-02-02 17:17:21.659 +08:00 [grpcservice] [Information] SkyApm.Transport.Grpc.ConnectionManager : Shutdown connection[127.0.0.1:11800].
2026-02-02 17:17:21.660 +08:00 [grpcservice] [Information] SkyApm.Transport.Grpc.ConnectionManager : Connected server[127.0.0.1:11800].
2026-02-02 17:17:38.113 +08:00 [grpcservice] [Error] SkyApm.Transport.Grpc.V8.ServiceRegister : Report service instance properties fail.
Grpc.Core.RpcException: Status(StatusCode="Unavailable", Detail="Error connecting to subchannel.", DebugException="System.Net.Sockets.SocketException: 由于目标计算机积极拒绝，无法连接。")
 ---> System.Net.Sockets.SocketException (10061): 由于目标计算机积极拒绝，无法连接。
   at System.Net.Sockets.Socket.AwaitableSocketAsyncEventArgs.System.Threading.Tasks.Sources.IValueTaskSource.GetResult(Int16 token)
   at System.Net.Sockets.Socket.<ConnectAsync>g__WaitForConnectWithCancellation|285_0(AwaitableSocketAsyncEventArgs saea, ValueTask connectTask, CancellationToken cancellationToken)
   at Grpc.Net.Client.Balancer.Internal.SocketConnectivitySubchannelTransport.TryConnectAsync(ConnectContext context, Int32 attempt)
   --- End of inner exception stack trace ---
   at Grpc.Net.Client.Balancer.Internal.ConnectionManager.PickAsync(PickContext context, Boolean waitForReady, CancellationToken cancellationToken)
   at Grpc.Net.Client.Balancer.Internal.BalancerHttpHandler.SendAsync(HttpRequestMessage request, CancellationToken cancellationToken)
   at Grpc.Net.Client.Internal.GrpcCall`2.RunCall(HttpRequestMessage request, Nullable`1 timeout)
   at Grpc.Net.Client.Internal.GrpcCall`2.GetResponseHeadersCoreAsync()
   at SkyApm.Transport.Grpc.V8.ServiceRegister.<>c__DisplayClass9_0.<<ReportInstancePropertiesAsync>b__0>d.MoveNext()
--- End of stack trace from previous location ---
   at SkyApm.Transport.Grpc.Common.Call.Execute[T](Func`1 task, Func`1 errCallback, Func`1 errMessage)
2026-02-02 17:17:38.113 +08:00 [grpcservice] [Warning] SkyApm.Transport.Grpc.ConnectionManager : Connection state changed. Status(StatusCode="Unavailable", Detail="Error connecting to subchannel.", DebugException="System.Net.Sockets.SocketException: 由于目标计算机积极拒绝，无法连接。")
2026-02-02 17:17:51.647 +08:00 [grpcservice] [Information] SkyApm.Transport.Grpc.ConnectionManager : Shutdown connection[127.0.0.1:11800].
2026-02-02 17:17:51.648 +08:00 [grpcservice] [Information] SkyApm.Transport.Grpc.ConnectionManager : Connected server[127.0.0.1:11800].
2026-02-02 17:18:08.123 +08:00 [grpcservice] [Error] SkyApm.Transport.Grpc.V8.ServiceRegister : Report service instance properties fail.
Grpc.Core.RpcException: Status(StatusCode="Unavailable", Detail="Error connecting to subchannel.", DebugException="System.Net.Sockets.SocketException: 由于目标计算机积极拒绝，无法连接。")
 ---> System.Net.Sockets.SocketException (10061): 由于目标计算机积极拒绝，无法连接。
   at System.Net.Sockets.Socket.AwaitableSocketAsyncEventArgs.System.Threading.Tasks.Sources.IValueTaskSource.GetResult(Int16 token)
   at System.Net.Sockets.Socket.<ConnectAsync>g__WaitForConnectWithCancellation|285_0(AwaitableSocketAsyncEventArgs saea, ValueTask connectTask, CancellationToken cancellationToken)
   at Grpc.Net.Client.Balancer.Internal.SocketConnectivitySubchannelTransport.TryConnectAsync(ConnectContext context, Int32 attempt)
   --- End of inner exception stack trace ---
   at Grpc.Net.Client.Balancer.Internal.ConnectionManager.PickAsync(PickContext context, Boolean waitForReady, CancellationToken cancellationToken)
   at Grpc.Net.Client.Balancer.Internal.BalancerHttpHandler.SendAsync(HttpRequestMessage request, CancellationToken cancellationToken)
   at Grpc.Net.Client.Internal.GrpcCall`2.RunCall(HttpRequestMessage request, Nullable`1 timeout)
   at Grpc.Net.Client.Internal.GrpcCall`2.GetResponseHeadersCoreAsync()
   at SkyApm.Transport.Grpc.V8.ServiceRegister.<>c__DisplayClass9_0.<<ReportInstancePropertiesAsync>b__0>d.MoveNext()
--- End of stack trace from previous location ---
   at SkyApm.Transport.Grpc.Common.Call.Execute[T](Func`1 task, Func`1 errCallback, Func`1 errMessage)
2026-02-02 17:18:08.123 +08:00 [grpcservice] [Warning] SkyApm.Transport.Grpc.ConnectionManager : Connection state changed. Status(StatusCode="Unavailable", Detail="Error connecting to subchannel.", DebugException="System.Net.Sockets.SocketException: 由于目标计算机积极拒绝，无法连接。")
2026-02-02 17:18:21.654 +08:00 [grpcservice] [Information] SkyApm.Transport.Grpc.ConnectionManager : Shutdown connection[127.0.0.1:11800].
2026-02-02 17:18:21.654 +08:00 [grpcservice] [Information] SkyApm.Transport.Grpc.ConnectionManager : Connected server[127.0.0.1:11800].
2026-02-02 17:18:38.105 +08:00 [grpcservice] [Error] SkyApm.Transport.Grpc.V8.ServiceRegister : Report service instance properties fail.
Grpc.Core.RpcException: Status(StatusCode="Unavailable", Detail="Error connecting to subchannel.", DebugException="System.Net.Sockets.SocketException: 由于目标计算机积极拒绝，无法连接。")
 ---> System.Net.Sockets.SocketException (10061): 由于目标计算机积极拒绝，无法连接。
   at System.Net.Sockets.Socket.AwaitableSocketAsyncEventArgs.System.Threading.Tasks.Sources.IValueTaskSource.GetResult(Int16 token)
   at System.Net.Sockets.Socket.<ConnectAsync>g__WaitForConnectWithCancellation|285_0(AwaitableSocketAsyncEventArgs saea, ValueTask connectTask, CancellationToken cancellationToken)
   at Grpc.Net.Client.Balancer.Internal.SocketConnectivitySubchannelTransport.TryConnectAsync(ConnectContext context, Int32 attempt)
   --- End of inner exception stack trace ---
   at Grpc.Net.Client.Balancer.Internal.ConnectionManager.PickAsync(PickContext context, Boolean waitForReady, CancellationToken cancellationToken)
   at Grpc.Net.Client.Balancer.Internal.BalancerHttpHandler.SendAsync(HttpRequestMessage request, CancellationToken cancellationToken)
   at Grpc.Net.Client.Internal.GrpcCall`2.RunCall(HttpRequestMessage request, Nullable`1 timeout)
   at Grpc.Net.Client.Internal.GrpcCall`2.GetResponseHeadersCoreAsync()
   at SkyApm.Transport.Grpc.V8.ServiceRegister.<>c__DisplayClass9_0.<<ReportInstancePropertiesAsync>b__0>d.MoveNext()
--- End of stack trace from previous location ---
   at SkyApm.Transport.Grpc.Common.Call.Execute[T](Func`1 task, Func`1 errCallback, Func`1 errMessage)
2026-02-02 17:18:38.105 +08:00 [grpcservice] [Warning] SkyApm.Transport.Grpc.ConnectionManager : Connection state changed. Status(StatusCode="Unavailable", Detail="Error connecting to subchannel.", DebugException="System.Net.Sockets.SocketException: 由于目标计算机积极拒绝，无法连接。")
2026-02-02 17:18:51.653 +08:00 [grpcservice] [Information] SkyApm.Transport.Grpc.ConnectionManager : Shutdown connection[127.0.0.1:11800].
2026-02-02 17:18:51.653 +08:00 [grpcservice] [Information] SkyApm.Transport.Grpc.ConnectionManager : Connected server[127.0.0.1:11800].
2026-02-02 17:19:08.119 +08:00 [grpcservice] [Error] SkyApm.Transport.Grpc.V8.ServiceRegister : Report service instance properties fail.
Grpc.Core.RpcException: Status(StatusCode="Unavailable", Detail="Error connecting to subchannel.", DebugException="System.Net.Sockets.SocketException: 由于目标计算机积极拒绝，无法连接。")
 ---> System.Net.Sockets.SocketException (10061): 由于目标计算机积极拒绝，无法连接。
   at System.Net.Sockets.Socket.AwaitableSocketAsyncEventArgs.System.Threading.Tasks.Sources.IValueTaskSource.GetResult(Int16 token)
   at System.Net.Sockets.Socket.<ConnectAsync>g__WaitForConnectWithCancellation|285_0(AwaitableSocketAsyncEventArgs saea, ValueTask connectTask, CancellationToken cancellationToken)
   at Grpc.Net.Client.Balancer.Internal.SocketConnectivitySubchannelTransport.TryConnectAsync(ConnectContext context, Int32 attempt)
   --- End of inner exception stack trace ---
   at Grpc.Net.Client.Balancer.Internal.ConnectionManager.PickAsync(PickContext context, Boolean waitForReady, CancellationToken cancellationToken)
   at Grpc.Net.Client.Balancer.Internal.BalancerHttpHandler.SendAsync(HttpRequestMessage request, CancellationToken cancellationToken)
   at Grpc.Net.Client.Internal.GrpcCall`2.RunCall(HttpRequestMessage request, Nullable`1 timeout)
   at Grpc.Net.Client.Internal.GrpcCall`2.GetResponseHeadersCoreAsync()
   at SkyApm.Transport.Grpc.V8.ServiceRegister.<>c__DisplayClass9_0.<<ReportInstancePropertiesAsync>b__0>d.MoveNext()
--- End of stack trace from previous location ---
   at SkyApm.Transport.Grpc.Common.Call.Execute[T](Func`1 task, Func`1 errCallback, Func`1 errMessage)
2026-02-02 17:19:08.119 +08:00 [grpcservice] [Warning] SkyApm.Transport.Grpc.ConnectionManager : Connection state changed. Status(StatusCode="Unavailable", Detail="Error connecting to subchannel.", DebugException="System.Net.Sockets.SocketException: 由于目标计算机积极拒绝，无法连接。")
2026-02-02 17:19:21.647 +08:00 [grpcservice] [Information] SkyApm.Transport.Grpc.ConnectionManager : Shutdown connection[127.0.0.1:11800].
2026-02-02 17:19:21.648 +08:00 [grpcservice] [Information] SkyApm.Transport.Grpc.ConnectionManager : Connected server[127.0.0.1:11800].
2026-02-02 17:19:38.115 +08:00 [grpcservice] [Error] SkyApm.Transport.Grpc.V8.ServiceRegister : Report service instance properties fail.
Grpc.Core.RpcException: Status(StatusCode="Unavailable", Detail="Error connecting to subchannel.", DebugException="System.Net.Sockets.SocketException: 由于目标计算机积极拒绝，无法连接。")
 ---> System.Net.Sockets.SocketException (10061): 由于目标计算机积极拒绝，无法连接。
   at System.Net.Sockets.Socket.AwaitableSocketAsyncEventArgs.System.Threading.Tasks.Sources.IValueTaskSource.GetResult(Int16 token)
   at System.Net.Sockets.Socket.<ConnectAsync>g__WaitForConnectWithCancellation|285_0(AwaitableSocketAsyncEventArgs saea, ValueTask connectTask, CancellationToken cancellationToken)
   at Grpc.Net.Client.Balancer.Internal.SocketConnectivitySubchannelTransport.TryConnectAsync(ConnectContext context, Int32 attempt)
   --- End of inner exception stack trace ---
   at Grpc.Net.Client.Balancer.Internal.ConnectionManager.PickAsync(PickContext context, Boolean waitForReady, CancellationToken cancellationToken)
   at Grpc.Net.Client.Balancer.Internal.BalancerHttpHandler.SendAsync(HttpRequestMessage request, CancellationToken cancellationToken)
   at Grpc.Net.Client.Internal.GrpcCall`2.RunCall(HttpRequestMessage request, Nullable`1 timeout)
   at Grpc.Net.Client.Internal.GrpcCall`2.GetResponseHeadersCoreAsync()
   at SkyApm.Transport.Grpc.V8.ServiceRegister.<>c__DisplayClass9_0.<<ReportInstancePropertiesAsync>b__0>d.MoveNext()
--- End of stack trace from previous location ---
   at SkyApm.Transport.Grpc.Common.Call.Execute[T](Func`1 task, Func`1 errCallback, Func`1 errMessage)
2026-02-02 17:19:38.115 +08:00 [grpcservice] [Warning] SkyApm.Transport.Grpc.ConnectionManager : Connection state changed. Status(StatusCode="Unavailable", Detail="Error connecting to subchannel.", DebugException="System.Net.Sockets.SocketException: 由于目标计算机积极拒绝，无法连接。")
2026-02-02 17:19:51.647 +08:00 [grpcservice] [Information] SkyApm.Transport.Grpc.ConnectionManager : Shutdown connection[127.0.0.1:11800].
2026-02-02 17:19:51.648 +08:00 [grpcservice] [Information] SkyApm.Transport.Grpc.ConnectionManager : Connected server[127.0.0.1:11800].
2026-02-02 17:20:08.127 +08:00 [grpcservice] [Error] SkyApm.Transport.Grpc.V8.ServiceRegister : Report service instance properties fail.
Grpc.Core.RpcException: Status(StatusCode="Unavailable", Detail="Error connecting to subchannel.", DebugException="System.Net.Sockets.SocketException: 由于目标计算机积极拒绝，无法连接。")
 ---> System.Net.Sockets.SocketException (10061): 由于目标计算机积极拒绝，无法连接。
   at System.Net.Sockets.Socket.AwaitableSocketAsyncEventArgs.System.Threading.Tasks.Sources.IValueTaskSource.GetResult(Int16 token)
   at System.Net.Sockets.Socket.<ConnectAsync>g__WaitForConnectWithCancellation|285_0(AwaitableSocketAsyncEventArgs saea, ValueTask connectTask, CancellationToken cancellationToken)
   at Grpc.Net.Client.Balancer.Internal.SocketConnectivitySubchannelTransport.TryConnectAsync(ConnectContext context, Int32 attempt)
   --- End of inner exception stack trace ---
   at Grpc.Net.Client.Balancer.Internal.ConnectionManager.PickAsync(PickContext context, Boolean waitForReady, CancellationToken cancellationToken)
   at Grpc.Net.Client.Balancer.Internal.BalancerHttpHandler.SendAsync(HttpRequestMessage request, CancellationToken cancellationToken)
   at Grpc.Net.Client.Internal.GrpcCall`2.RunCall(HttpRequestMessage request, Nullable`1 timeout)
   at Grpc.Net.Client.Internal.GrpcCall`2.GetResponseHeadersCoreAsync()
   at SkyApm.Transport.Grpc.V8.ServiceRegister.<>c__DisplayClass9_0.<<ReportInstancePropertiesAsync>b__0>d.MoveNext()
--- End of stack trace from previous location ---
   at SkyApm.Transport.Grpc.Common.Call.Execute[T](Func`1 task, Func`1 errCallback, Func`1 errMessage)
2026-02-02 17:20:08.127 +08:00 [grpcservice] [Warning] SkyApm.Transport.Grpc.ConnectionManager : Connection state changed. Status(StatusCode="Unavailable", Detail="Error connecting to subchannel.", DebugException="System.Net.Sockets.SocketException: 由于目标计算机积极拒绝，无法连接。")
2026-02-02 17:20:21.651 +08:00 [grpcservice] [Information] SkyApm.Transport.Grpc.ConnectionManager : Shutdown connection[127.0.0.1:11800].
2026-02-02 17:20:21.652 +08:00 [grpcservice] [Information] SkyApm.Transport.Grpc.ConnectionManager : Connected server[127.0.0.1:11800].
2026-02-02 17:20:38.107 +08:00 [grpcservice] [Error] SkyApm.Transport.Grpc.V8.ServiceRegister : Report service instance properties fail.
Grpc.Core.RpcException: Status(StatusCode="Unavailable", Detail="Error connecting to subchannel.", DebugException="System.Net.Sockets.SocketException: 由于目标计算机积极拒绝，无法连接。")
 ---> System.Net.Sockets.SocketException (10061): 由于目标计算机积极拒绝，无法连接。
   at System.Net.Sockets.Socket.AwaitableSocketAsyncEventArgs.System.Threading.Tasks.Sources.IValueTaskSource.GetResult(Int16 token)
   at System.Net.Sockets.Socket.<ConnectAsync>g__WaitForConnectWithCancellation|285_0(AwaitableSocketAsyncEventArgs saea, ValueTask connectTask, CancellationToken cancellationToken)
   at Grpc.Net.Client.Balancer.Internal.SocketConnectivitySubchannelTransport.TryConnectAsync(ConnectContext context, Int32 attempt)
   --- End of inner exception stack trace ---
   at Grpc.Net.Client.Balancer.Internal.ConnectionManager.PickAsync(PickContext context, Boolean waitForReady, CancellationToken cancellationToken)
   at Grpc.Net.Client.Balancer.Internal.BalancerHttpHandler.SendAsync(HttpRequestMessage request, CancellationToken cancellationToken)
   at Grpc.Net.Client.Internal.GrpcCall`2.RunCall(HttpRequestMessage request, Nullable`1 timeout)
   at Grpc.Net.Client.Internal.GrpcCall`2.GetResponseHeadersCoreAsync()
   at SkyApm.Transport.Grpc.V8.ServiceRegister.<>c__DisplayClass9_0.<<ReportInstancePropertiesAsync>b__0>d.MoveNext()
--- End of stack trace from previous location ---
   at SkyApm.Transport.Grpc.Common.Call.Execute[T](Func`1 task, Func`1 errCallback, Func`1 errMessage)
2026-02-02 17:20:38.107 +08:00 [grpcservice] [Warning] SkyApm.Transport.Grpc.ConnectionManager : Connection state changed. Status(StatusCode="Unavailable", Detail="Error connecting to subchannel.", DebugException="System.Net.Sockets.SocketException: 由于目标计算机积极拒绝，无法连接。")
2026-02-02 17:20:51.654 +08:00 [grpcservice] [Information] SkyApm.Transport.Grpc.ConnectionManager : Shutdown connection[127.0.0.1:11800].
2026-02-02 17:20:51.654 +08:00 [grpcservice] [Information] SkyApm.Transport.Grpc.ConnectionManager : Connected server[127.0.0.1:11800].
2026-02-02 17:21:08.126 +08:00 [grpcservice] [Error] SkyApm.Transport.Grpc.V8.ServiceRegister : Report service instance properties fail.
Grpc.Core.RpcException: Status(StatusCode="Unavailable", Detail="Error connecting to subchannel.", DebugException="System.Net.Sockets.SocketException: 由于目标计算机积极拒绝，无法连接。")
 ---> System.Net.Sockets.SocketException (10061): 由于目标计算机积极拒绝，无法连接。
   at System.Net.Sockets.Socket.AwaitableSocketAsyncEventArgs.System.Threading.Tasks.Sources.IValueTaskSource.GetResult(Int16 token)
   at System.Net.Sockets.Socket.<ConnectAsync>g__WaitForConnectWithCancellation|285_0(AwaitableSocketAsyncEventArgs saea, ValueTask connectTask, CancellationToken cancellationToken)
   at Grpc.Net.Client.Balancer.Internal.SocketConnectivitySubchannelTransport.TryConnectAsync(ConnectContext context, Int32 attempt)
   --- End of inner exception stack trace ---
   at Grpc.Net.Client.Balancer.Internal.ConnectionManager.PickAsync(PickContext context, Boolean waitForReady, CancellationToken cancellationToken)
   at Grpc.Net.Client.Balancer.Internal.BalancerHttpHandler.SendAsync(HttpRequestMessage request, CancellationToken cancellationToken)
   at Grpc.Net.Client.Internal.GrpcCall`2.RunCall(HttpRequestMessage request, Nullable`1 timeout)
   at Grpc.Net.Client.Internal.GrpcCall`2.GetResponseHeadersCoreAsync()
   at SkyApm.Transport.Grpc.V8.ServiceRegister.<>c__DisplayClass9_0.<<ReportInstancePropertiesAsync>b__0>d.MoveNext()
--- End of stack trace from previous location ---
   at SkyApm.Transport.Grpc.Common.Call.Execute[T](Func`1 task, Func`1 errCallback, Func`1 errMessage)
2026-02-02 17:21:08.126 +08:00 [grpcservice] [Warning] SkyApm.Transport.Grpc.ConnectionManager : Connection state changed. Status(StatusCode="Unavailable", Detail="Error connecting to subchannel.", DebugException="System.Net.Sockets.SocketException: 由于目标计算机积极拒绝，无法连接。")
2026-02-02 17:21:21.660 +08:00 [grpcservice] [Information] SkyApm.Transport.Grpc.ConnectionManager : Shutdown connection[127.0.0.1:11800].
2026-02-02 17:21:21.660 +08:00 [grpcservice] [Information] SkyApm.Transport.Grpc.ConnectionManager : Connected server[127.0.0.1:11800].
2026-02-02 17:21:38.106 +08:00 [grpcservice] [Error] SkyApm.Transport.Grpc.V8.ServiceRegister : Report service instance properties fail.
Grpc.Core.RpcException: Status(StatusCode="Unavailable", Detail="Error connecting to subchannel.", DebugException="System.Net.Sockets.SocketException: 由于目标计算机积极拒绝，无法连接。")
 ---> System.Net.Sockets.SocketException (10061): 由于目标计算机积极拒绝，无法连接。
   at System.Net.Sockets.Socket.AwaitableSocketAsyncEventArgs.System.Threading.Tasks.Sources.IValueTaskSource.GetResult(Int16 token)
   at System.Net.Sockets.Socket.<ConnectAsync>g__WaitForConnectWithCancellation|285_0(AwaitableSocketAsyncEventArgs saea, ValueTask connectTask, CancellationToken cancellationToken)
   at Grpc.Net.Client.Balancer.Internal.SocketConnectivitySubchannelTransport.TryConnectAsync(ConnectContext context, Int32 attempt)
   --- End of inner exception stack trace ---
   at Grpc.Net.Client.Balancer.Internal.ConnectionManager.PickAsync(PickContext context, Boolean waitForReady, CancellationToken cancellationToken)
   at Grpc.Net.Client.Balancer.Internal.BalancerHttpHandler.SendAsync(HttpRequestMessage request, CancellationToken cancellationToken)
   at Grpc.Net.Client.Internal.GrpcCall`2.RunCall(HttpRequestMessage request, Nullable`1 timeout)
   at Grpc.Net.Client.Internal.GrpcCall`2.GetResponseHeadersCoreAsync()
   at SkyApm.Transport.Grpc.V8.ServiceRegister.<>c__DisplayClass9_0.<<ReportInstancePropertiesAsync>b__0>d.MoveNext()
--- End of stack trace from previous location ---
   at SkyApm.Transport.Grpc.Common.Call.Execute[T](Func`1 task, Func`1 errCallback, Func`1 errMessage)
2026-02-02 17:21:38.106 +08:00 [grpcservice] [Warning] SkyApm.Transport.Grpc.ConnectionManager : Connection state changed. Status(StatusCode="Unavailable", Detail="Error connecting to subchannel.", DebugException="System.Net.Sockets.SocketException: 由于目标计算机积极拒绝，无法连接。")
2026-02-02 17:21:52.036 +08:00 [grpcservice] [Information] SkyApm.Transport.Grpc.ConnectionManager : Shutdown connection[127.0.0.1:11800].
2026-02-02 17:21:52.038 +08:00 [grpcservice] [Information] SkyApm.Transport.Grpc.ConnectionManager : Connected server[127.0.0.1:11800].
2026-02-02 17:22:10.078 +08:00 [grpcservice] [Error] SkyApm.Transport.Grpc.V8.ServiceRegister : Report service instance properties fail.
Grpc.Core.RpcException: Status(StatusCode="Unavailable", Detail="Error connecting to subchannel.", DebugException="System.Net.Sockets.SocketException: 由于目标计算机积极拒绝，无法连接。")
 ---> System.Net.Sockets.SocketException (10061): 由于目标计算机积极拒绝，无法连接。
   at System.Net.Sockets.Socket.AwaitableSocketAsyncEventArgs.System.Threading.Tasks.Sources.IValueTaskSource.GetResult(Int16 token)
   at System.Net.Sockets.Socket.<ConnectAsync>g__WaitForConnectWithCancellation|285_0(AwaitableSocketAsyncEventArgs saea, ValueTask connectTask, CancellationToken cancellationToken)
   at Grpc.Net.Client.Balancer.Internal.SocketConnectivitySubchannelTransport.TryConnectAsync(ConnectContext context, Int32 attempt)
   --- End of inner exception stack trace ---
   at Grpc.Net.Client.Balancer.Internal.ConnectionManager.PickAsync(PickContext context, Boolean waitForReady, CancellationToken cancellationToken)
   at Grpc.Net.Client.Balancer.Internal.BalancerHttpHandler.SendAsync(HttpRequestMessage request, CancellationToken cancellationToken)
   at Grpc.Net.Client.Internal.GrpcCall`2.RunCall(HttpRequestMessage request, Nullable`1 timeout)
   at Grpc.Net.Client.Internal.GrpcCall`2.GetResponseHeadersCoreAsync()
   at SkyApm.Transport.Grpc.V8.ServiceRegister.<>c__DisplayClass9_0.<<ReportInstancePropertiesAsync>b__0>d.MoveNext()
--- End of stack trace from previous location ---
   at SkyApm.Transport.Grpc.Common.Call.Execute[T](Func`1 task, Func`1 errCallback, Func`1 errMessage)
2026-02-02 17:22:10.078 +08:00 [grpcservice] [Warning] SkyApm.Transport.Grpc.ConnectionManager : Connection state changed. Status(StatusCode="Unavailable", Detail="Error connecting to subchannel.", DebugException="System.Net.Sockets.SocketException: 由于目标计算机积极拒绝，无法连接。")
2026-02-02 17:22:21.652 +08:00 [grpcservice] [Information] SkyApm.Transport.Grpc.ConnectionManager : Shutdown connection[127.0.0.1:11800].
2026-02-02 17:22:21.653 +08:00 [grpcservice] [Information] SkyApm.Transport.Grpc.ConnectionManager : Connected server[127.0.0.1:11800].
2026-02-02 17:22:38.106 +08:00 [grpcservice] [Error] SkyApm.Transport.Grpc.V8.ServiceRegister : Report service instance properties fail.
Grpc.Core.RpcException: Status(StatusCode="Unavailable", Detail="Error connecting to subchannel.", DebugException="System.Net.Sockets.SocketException: 由于目标计算机积极拒绝，无法连接。")
 ---> System.Net.Sockets.SocketException (10061): 由于目标计算机积极拒绝，无法连接。
   at System.Net.Sockets.Socket.AwaitableSocketAsyncEventArgs.System.Threading.Tasks.Sources.IValueTaskSource.GetResult(Int16 token)
   at System.Net.Sockets.Socket.<ConnectAsync>g__WaitForConnectWithCancellation|285_0(AwaitableSocketAsyncEventArgs saea, ValueTask connectTask, CancellationToken cancellationToken)
   at Grpc.Net.Client.Balancer.Internal.SocketConnectivitySubchannelTransport.TryConnectAsync(ConnectContext context, Int32 attempt)
   --- End of inner exception stack trace ---
   at Grpc.Net.Client.Balancer.Internal.ConnectionManager.PickAsync(PickContext context, Boolean waitForReady, CancellationToken cancellationToken)
   at Grpc.Net.Client.Balancer.Internal.BalancerHttpHandler.SendAsync(HttpRequestMessage request, CancellationToken cancellationToken)
   at Grpc.Net.Client.Internal.GrpcCall`2.RunCall(HttpRequestMessage request, Nullable`1 timeout)
   at Grpc.Net.Client.Internal.GrpcCall`2.GetResponseHeadersCoreAsync()
   at SkyApm.Transport.Grpc.V8.ServiceRegister.<>c__DisplayClass9_0.<<ReportInstancePropertiesAsync>b__0>d.MoveNext()
--- End of stack trace from previous location ---
   at SkyApm.Transport.Grpc.Common.Call.Execute[T](Func`1 task, Func`1 errCallback, Func`1 errMessage)
2026-02-02 17:22:38.106 +08:00 [grpcservice] [Warning] SkyApm.Transport.Grpc.ConnectionManager : Connection state changed. Status(StatusCode="Unavailable", Detail="Error connecting to subchannel.", DebugException="System.Net.Sockets.SocketException: 由于目标计算机积极拒绝，无法连接。")
2026-02-02 17:22:51.658 +08:00 [grpcservice] [Information] SkyApm.Transport.Grpc.ConnectionManager : Shutdown connection[127.0.0.1:11800].
2026-02-02 17:22:51.659 +08:00 [grpcservice] [Information] SkyApm.Transport.Grpc.ConnectionManager : Connected server[127.0.0.1:11800].
2026-02-02 17:24:49.032 +08:00 [grpcservice] [Information] SkyApm.InstrumentStartup : Initializing ...
2026-02-02 17:24:49.131 +08:00 [grpcservice] [Information] SkyApm.Service.RegisterService : Loaded instrument service [SkyApm.Service.RegisterService].
2026-02-02 17:24:49.131 +08:00 [grpcservice] [Information] SkyApm.Service.LogReportService : Loaded instrument service [SkyApm.Service.LogReportService].
2026-02-02 17:24:49.132 +08:00 [grpcservice] [Information] SkyApm.Service.PingService : Loaded instrument service [SkyApm.Service.PingService].
2026-02-02 17:24:49.132 +08:00 [grpcservice] [Information] SkyApm.Service.SegmentReportService : Loaded instrument service [SkyApm.Service.SegmentReportService].
2026-02-02 17:24:49.132 +08:00 [grpcservice] [Information] SkyApm.Service.CLRStatsService : Loaded instrument service [SkyApm.Service.CLRStatsService].
2026-02-02 17:24:49.133 +08:00 [grpcservice] [Information] SkyApm.Sampling.SimpleCountSamplingInterceptor : Loaded instrument service [SkyApm.Sampling.SimpleCountSamplingInterceptor].
2026-02-02 17:24:49.133 +08:00 [grpcservice] [Information] SkyApm.Transport.Grpc.ConnectService : Loaded instrument service [SkyApm.Transport.Grpc.ConnectService].
2026-02-02 17:24:49.216 +08:00 [grpcservice] [Information] SkyApm.Transport.Grpc.ConnectionManager : Connected server[127.0.0.1:11800].
2026-02-02 17:24:49.226 +08:00 [grpcservice] [Information] SkyApm.Diagnostics.TracingDiagnosticProcessorObserver : Loaded diagnostic listener [HttpHandlerDiagnosticListener].
2026-02-02 17:24:49.227 +08:00 [grpcservice] [Information] SkyApm.InstrumentStartup : Started SkyAPM .NET Core Agent.
2026-02-02 17:24:49.775 +08:00 [grpcservice] [Information] SkyApm.Diagnostics.TracingDiagnosticProcessorObserver : Loaded diagnostic listener [Grpc.Net.Client].
2026-02-02 17:24:52.487 +08:00 [grpcservice] [Error] SkyApm.Transport.Grpc.V8.ServiceRegister : Report service instance properties fail.
Grpc.Core.RpcException: Status(StatusCode="Unavailable", Detail="Error connecting to subchannel.", DebugException="System.Net.Sockets.SocketException: 由于目标计算机积极拒绝，无法连接。")
 ---> System.Net.Sockets.SocketException (10061): 由于目标计算机积极拒绝，无法连接。
   at System.Net.Sockets.Socket.AwaitableSocketAsyncEventArgs.ThrowException(SocketError error, CancellationToken cancellationToken)
   at System.Net.Sockets.Socket.AwaitableSocketAsyncEventArgs.System.Threading.Tasks.Sources.IValueTaskSource.GetResult(Int16 token)
   at System.Net.Sockets.Socket.<ConnectAsync>g__WaitForConnectWithCancellation|285_0(AwaitableSocketAsyncEventArgs saea, ValueTask connectTask, CancellationToken cancellationToken)
   at Grpc.Net.Client.Balancer.Internal.SocketConnectivitySubchannelTransport.TryConnectAsync(ConnectContext context, Int32 attempt)
   --- End of inner exception stack trace ---
   at Grpc.Net.Client.Balancer.Internal.ConnectionManager.PickAsync(PickContext context, Boolean waitForReady, CancellationToken cancellationToken)
   at Grpc.Net.Client.Balancer.Internal.BalancerHttpHandler.SendAsync(HttpRequestMessage request, CancellationToken cancellationToken)
   at Grpc.Net.Client.Internal.GrpcCall`2.RunCall(HttpRequestMessage request, Nullable`1 timeout)
   at Grpc.Net.Client.Internal.GrpcCall`2.GetResponseHeadersCoreAsync()
   at SkyApm.Transport.Grpc.V8.ServiceRegister.<>c__DisplayClass9_0.<<ReportInstancePropertiesAsync>b__0>d.MoveNext()
--- End of stack trace from previous location ---
   at SkyApm.Transport.Grpc.Common.Call.Execute[T](Func`1 task, Func`1 errCallback, Func`1 errMessage)
2026-02-02 17:24:52.488 +08:00 [grpcservice] [Warning] SkyApm.Transport.Grpc.ConnectionManager : Connection state changed. Status(StatusCode="Unavailable", Detail="Error connecting to subchannel.", DebugException="System.Net.Sockets.SocketException: 由于目标计算机积极拒绝，无法连接。")
2026-02-02 17:25:04.139 +08:00 [grpcservice] [Information] SkyApm.Transport.Grpc.ConnectionManager : Shutdown connection[127.0.0.1:11800].
2026-02-02 17:25:04.139 +08:00 [grpcservice] [Information] SkyApm.Transport.Grpc.ConnectionManager : Connected server[127.0.0.1:11800].
2026-02-02 17:25:21.191 +08:00 [grpcservice] [Error] SkyApm.Transport.Grpc.V8.ServiceRegister : Report service instance properties fail.
Grpc.Core.RpcException: Status(StatusCode="Unavailable", Detail="Error connecting to subchannel.", DebugException="System.Net.Sockets.SocketException: 由于目标计算机积极拒绝，无法连接。")
 ---> System.Net.Sockets.SocketException (10061): 由于目标计算机积极拒绝，无法连接。
   at System.Net.Sockets.Socket.AwaitableSocketAsyncEventArgs.ThrowException(SocketError error, CancellationToken cancellationToken)
   at System.Net.Sockets.Socket.AwaitableSocketAsyncEventArgs.System.Threading.Tasks.Sources.IValueTaskSource.GetResult(Int16 token)
   at System.Net.Sockets.Socket.<ConnectAsync>g__WaitForConnectWithCancellation|285_0(AwaitableSocketAsyncEventArgs saea, ValueTask connectTask, CancellationToken cancellationToken)
   at Grpc.Net.Client.Balancer.Internal.SocketConnectivitySubchannelTransport.TryConnectAsync(ConnectContext context, Int32 attempt)
   --- End of inner exception stack trace ---
   at Grpc.Net.Client.Balancer.Internal.ConnectionManager.PickAsync(PickContext context, Boolean waitForReady, CancellationToken cancellationToken)
   at Grpc.Net.Client.Balancer.Internal.BalancerHttpHandler.SendAsync(HttpRequestMessage request, CancellationToken cancellationToken)
   at Grpc.Net.Client.Internal.GrpcCall`2.RunCall(HttpRequestMessage request, Nullable`1 timeout)
   at Grpc.Net.Client.Internal.GrpcCall`2.GetResponseHeadersCoreAsync()
   at SkyApm.Transport.Grpc.V8.ServiceRegister.<>c__DisplayClass9_0.<<ReportInstancePropertiesAsync>b__0>d.MoveNext()
--- End of stack trace from previous location ---
   at SkyApm.Transport.Grpc.Common.Call.Execute[T](Func`1 task, Func`1 errCallback, Func`1 errMessage)
2026-02-02 17:25:21.191 +08:00 [grpcservice] [Warning] SkyApm.Transport.Grpc.ConnectionManager : Connection state changed. Status(StatusCode="Unavailable", Detail="Error connecting to subchannel.", DebugException="System.Net.Sockets.SocketException: 由于目标计算机积极拒绝，无法连接。")
2026-02-02 17:25:34.133 +08:00 [grpcservice] [Information] SkyApm.Transport.Grpc.ConnectionManager : Shutdown connection[127.0.0.1:11800].
2026-02-02 17:25:34.133 +08:00 [grpcservice] [Information] SkyApm.Transport.Grpc.ConnectionManager : Connected server[127.0.0.1:11800].
2026-02-02 17:25:51.184 +08:00 [grpcservice] [Error] SkyApm.Transport.Grpc.V8.ServiceRegister : Report service instance properties fail.
Grpc.Core.RpcException: Status(StatusCode="Unavailable", Detail="Error connecting to subchannel.", DebugException="System.Net.Sockets.SocketException: 由于目标计算机积极拒绝，无法连接。")
 ---> System.Net.Sockets.SocketException (10061): 由于目标计算机积极拒绝，无法连接。
   at System.Net.Sockets.Socket.AwaitableSocketAsyncEventArgs.ThrowException(SocketError error, CancellationToken cancellationToken)
   at System.Net.Sockets.Socket.AwaitableSocketAsyncEventArgs.System.Threading.Tasks.Sources.IValueTaskSource.GetResult(Int16 token)
   at System.Net.Sockets.Socket.<ConnectAsync>g__WaitForConnectWithCancellation|285_0(AwaitableSocketAsyncEventArgs saea, ValueTask connectTask, CancellationToken cancellationToken)
   at Grpc.Net.Client.Balancer.Internal.SocketConnectivitySubchannelTransport.TryConnectAsync(ConnectContext context, Int32 attempt)
   --- End of inner exception stack trace ---
   at Grpc.Net.Client.Balancer.Internal.ConnectionManager.PickAsync(PickContext context, Boolean waitForReady, CancellationToken cancellationToken)
   at Grpc.Net.Client.Balancer.Internal.BalancerHttpHandler.SendAsync(HttpRequestMessage request, CancellationToken cancellationToken)
   at Grpc.Net.Client.Internal.GrpcCall`2.RunCall(HttpRequestMessage request, Nullable`1 timeout)
   at Grpc.Net.Client.Internal.GrpcCall`2.GetResponseHeadersCoreAsync()
   at SkyApm.Transport.Grpc.V8.ServiceRegister.<>c__DisplayClass9_0.<<ReportInstancePropertiesAsync>b__0>d.MoveNext()
--- End of stack trace from previous location ---
   at SkyApm.Transport.Grpc.Common.Call.Execute[T](Func`1 task, Func`1 errCallback, Func`1 errMessage)
2026-02-02 17:25:51.184 +08:00 [grpcservice] [Warning] SkyApm.Transport.Grpc.ConnectionManager : Connection state changed. Status(StatusCode="Unavailable", Detail="Error connecting to subchannel.", DebugException="System.Net.Sockets.SocketException: 由于目标计算机积极拒绝，无法连接。")
2026-02-02 17:26:04.135 +08:00 [grpcservice] [Information] SkyApm.Transport.Grpc.ConnectionManager : Shutdown connection[127.0.0.1:11800].
2026-02-02 17:26:04.136 +08:00 [grpcservice] [Information] SkyApm.Transport.Grpc.ConnectionManager : Connected server[127.0.0.1:11800].
2026-02-02 17:26:25.792 +08:00 [grpcservice] [Error] SkyApm.Transport.Grpc.V8.ServiceRegister : Report service instance properties fail.
Grpc.Core.RpcException: Status(StatusCode="Unavailable", Detail="Error connecting to subchannel.", DebugException="System.Net.Sockets.SocketException: 由于目标计算机积极拒绝，无法连接。")
 ---> System.Net.Sockets.SocketException (10061): 由于目标计算机积极拒绝，无法连接。
   at System.Net.Sockets.Socket.AwaitableSocketAsyncEventArgs.ThrowException(SocketError error, CancellationToken cancellationToken)
   at System.Net.Sockets.Socket.AwaitableSocketAsyncEventArgs.System.Threading.Tasks.Sources.IValueTaskSource.GetResult(Int16 token)
   at System.Net.Sockets.Socket.<ConnectAsync>g__WaitForConnectWithCancellation|285_0(AwaitableSocketAsyncEventArgs saea, ValueTask connectTask, CancellationToken cancellationToken)
   at Grpc.Net.Client.Balancer.Internal.SocketConnectivitySubchannelTransport.TryConnectAsync(ConnectContext context, Int32 attempt)
   --- End of inner exception stack trace ---
   at Grpc.Net.Client.Balancer.Internal.ConnectionManager.PickAsync(PickContext context, Boolean waitForReady, CancellationToken cancellationToken)
   at Grpc.Net.Client.Balancer.Internal.BalancerHttpHandler.SendAsync(HttpRequestMessage request, CancellationToken cancellationToken)
   at Grpc.Net.Client.Internal.GrpcCall`2.RunCall(HttpRequestMessage request, Nullable`1 timeout)
   at Grpc.Net.Client.Internal.GrpcCall`2.GetResponseHeadersCoreAsync()
   at SkyApm.Transport.Grpc.V8.ServiceRegister.<>c__DisplayClass9_0.<<ReportInstancePropertiesAsync>b__0>d.MoveNext()
--- End of stack trace from previous location ---
   at SkyApm.Transport.Grpc.Common.Call.Execute[T](Func`1 task, Func`1 errCallback, Func`1 errMessage)
2026-02-02 17:26:25.792 +08:00 [grpcservice] [Warning] SkyApm.Transport.Grpc.ConnectionManager : Connection state changed. Status(StatusCode="Unavailable", Detail="Error connecting to subchannel.", DebugException="System.Net.Sockets.SocketException: 由于目标计算机积极拒绝，无法连接。")
2026-02-02 17:26:36.242 +08:00 [grpcservice] [Information] SkyApm.Transport.Grpc.ConnectionManager : Shutdown connection[127.0.0.1:11800].
2026-02-02 17:26:36.244 +08:00 [grpcservice] [Information] SkyApm.Transport.Grpc.ConnectionManager : Connected server[127.0.0.1:11800].
2026-02-02 17:26:36.426 +08:00 [grpcservice] [Information] SkyApm.Diagnostics.TracingDiagnosticProcessorObserver : Loaded diagnostic listener [Microsoft.EntityFrameworkCore].
2026-02-02 17:33:29.155 +08:00 [grpcservice] [Information] SkyApm.InstrumentStartup : Initializing ...
2026-02-02 17:33:29.299 +08:00 [grpcservice] [Information] SkyApm.Service.RegisterService : Loaded instrument service [SkyApm.Service.RegisterService].
2026-02-02 17:33:29.300 +08:00 [grpcservice] [Information] SkyApm.Service.LogReportService : Loaded instrument service [SkyApm.Service.LogReportService].
2026-02-02 17:33:29.300 +08:00 [grpcservice] [Information] SkyApm.Service.PingService : Loaded instrument service [SkyApm.Service.PingService].
2026-02-02 17:33:29.300 +08:00 [grpcservice] [Information] SkyApm.Service.SegmentReportService : Loaded instrument service [SkyApm.Service.SegmentReportService].
2026-02-02 17:33:29.301 +08:00 [grpcservice] [Information] SkyApm.Service.CLRStatsService : Loaded instrument service [SkyApm.Service.CLRStatsService].
2026-02-02 17:33:29.301 +08:00 [grpcservice] [Information] SkyApm.Sampling.SimpleCountSamplingInterceptor : Loaded instrument service [SkyApm.Sampling.SimpleCountSamplingInterceptor].
2026-02-02 17:33:29.301 +08:00 [grpcservice] [Information] SkyApm.Transport.Grpc.ConnectService : Loaded instrument service [SkyApm.Transport.Grpc.ConnectService].
2026-02-02 17:33:29.424 +08:00 [grpcservice] [Information] SkyApm.Transport.Grpc.ConnectionManager : Connected server[127.0.0.1:11800].
2026-02-02 17:33:29.520 +08:00 [grpcservice] [Information] SkyApm.Diagnostics.TracingDiagnosticProcessorObserver : Loaded diagnostic listener [HttpHandlerDiagnosticListener].
2026-02-02 17:33:29.521 +08:00 [grpcservice] [Information] SkyApm.InstrumentStartup : Started SkyAPM .NET Core Agent.
2026-02-02 17:33:29.757 +08:00 [grpcservice] [Information] SkyApm.Diagnostics.TracingDiagnosticProcessorObserver : Loaded diagnostic listener [Grpc.Net.Client].
2026-02-02 17:33:33.158 +08:00 [grpcservice] [Error] SkyApm.Transport.Grpc.V8.ServiceRegister : Report service instance properties fail.
Grpc.Core.RpcException: Status(StatusCode="Unavailable", Detail="Error connecting to subchannel.", DebugException="System.Net.Sockets.SocketException: 由于目标计算机积极拒绝，无法连接。")
 ---> System.Net.Sockets.SocketException (10061): 由于目标计算机积极拒绝，无法连接。
   at System.Net.Sockets.Socket.AwaitableSocketAsyncEventArgs.ThrowException(SocketError error, CancellationToken cancellationToken)
   at System.Net.Sockets.Socket.AwaitableSocketAsyncEventArgs.System.Threading.Tasks.Sources.IValueTaskSource.GetResult(Int16 token)
   at System.Net.Sockets.Socket.<ConnectAsync>g__WaitForConnectWithCancellation|285_0(AwaitableSocketAsyncEventArgs saea, ValueTask connectTask, CancellationToken cancellationToken)
   at Grpc.Net.Client.Balancer.Internal.SocketConnectivitySubchannelTransport.TryConnectAsync(ConnectContext context, Int32 attempt)
   --- End of inner exception stack trace ---
   at Grpc.Net.Client.Balancer.Internal.ConnectionManager.PickAsync(PickContext context, Boolean waitForReady, CancellationToken cancellationToken)
   at Grpc.Net.Client.Balancer.Internal.BalancerHttpHandler.SendAsync(HttpRequestMessage request, CancellationToken cancellationToken)
   at Grpc.Net.Client.Internal.GrpcCall`2.RunCall(HttpRequestMessage request, Nullable`1 timeout)
   at Grpc.Net.Client.Internal.GrpcCall`2.GetResponseHeadersCoreAsync()
   at SkyApm.Transport.Grpc.V8.ServiceRegister.<>c__DisplayClass9_0.<<ReportInstancePropertiesAsync>b__0>d.MoveNext()
--- End of stack trace from previous location ---
   at SkyApm.Transport.Grpc.Common.Call.Execute[T](Func`1 task, Func`1 errCallback, Func`1 errMessage)
2026-02-02 17:33:33.159 +08:00 [grpcservice] [Warning] SkyApm.Transport.Grpc.ConnectionManager : Connection state changed. Status(StatusCode="Unavailable", Detail="Error connecting to subchannel.", DebugException="System.Net.Sockets.SocketException: 由于目标计算机积极拒绝，无法连接。")
2026-02-02 17:33:44.345 +08:00 [grpcservice] [Information] SkyApm.Transport.Grpc.ConnectionManager : Shutdown connection[127.0.0.1:11800].
2026-02-02 17:33:44.348 +08:00 [grpcservice] [Information] SkyApm.Transport.Grpc.ConnectionManager : Connected server[127.0.0.1:11800].
2026-02-02 17:34:02.997 +08:00 [grpcservice] [Information] SkyApm.Diagnostics.TracingDiagnosticProcessorObserver : Loaded diagnostic listener [Microsoft.EntityFrameworkCore].
2026-02-02 17:34:03.877 +08:00 [grpcservice] [Error] SkyApm.Transport.Grpc.V8.ServiceRegister : Report service instance properties fail.
Grpc.Core.RpcException: Status(StatusCode="Unavailable", Detail="Error connecting to subchannel.", DebugException="System.Net.Sockets.SocketException: 由于目标计算机积极拒绝，无法连接。")
 ---> System.Net.Sockets.SocketException (10061): 由于目标计算机积极拒绝，无法连接。
   at System.Net.Sockets.Socket.AwaitableSocketAsyncEventArgs.ThrowException(SocketError error, CancellationToken cancellationToken)
   at System.Net.Sockets.Socket.AwaitableSocketAsyncEventArgs.System.Threading.Tasks.Sources.IValueTaskSource.GetResult(Int16 token)
   at System.Net.Sockets.Socket.<ConnectAsync>g__WaitForConnectWithCancellation|285_0(AwaitableSocketAsyncEventArgs saea, ValueTask connectTask, CancellationToken cancellationToken)
   at Grpc.Net.Client.Balancer.Internal.SocketConnectivitySubchannelTransport.TryConnectAsync(ConnectContext context, Int32 attempt)
   --- End of inner exception stack trace ---
   at Grpc.Net.Client.Balancer.Internal.ConnectionManager.PickAsync(PickContext context, Boolean waitForReady, CancellationToken cancellationToken)
   at Grpc.Net.Client.Balancer.Internal.BalancerHttpHandler.SendAsync(HttpRequestMessage request, CancellationToken cancellationToken)
   at Grpc.Net.Client.Internal.GrpcCall`2.RunCall(HttpRequestMessage request, Nullable`1 timeout)
   at Grpc.Net.Client.Internal.GrpcCall`2.GetResponseHeadersCoreAsync()
   at SkyApm.Transport.Grpc.V8.ServiceRegister.<>c__DisplayClass9_0.<<ReportInstancePropertiesAsync>b__0>d.MoveNext()
--- End of stack trace from previous location ---
   at SkyApm.Transport.Grpc.Common.Call.Execute[T](Func`1 task, Func`1 errCallback, Func`1 errMessage)
2026-02-02 17:34:03.877 +08:00 [grpcservice] [Warning] SkyApm.Transport.Grpc.ConnectionManager : Connection state changed. Status(StatusCode="Unavailable", Detail="Error connecting to subchannel.", DebugException="System.Net.Sockets.SocketException: 由于目标计算机积极拒绝，无法连接。")
2026-02-02 17:34:05.742 +08:00 [grpcservice] [Information] SkyApm.Diagnostics.TracingDiagnosticProcessorObserver : Loaded diagnostic listener [Ars.EFCoreOperationLog].
2026-02-02 17:34:14.609 +08:00 [grpcservice] [Information] SkyApm.Transport.Grpc.ConnectionManager : Shutdown connection[127.0.0.1:11800].
2026-02-02 17:34:14.610 +08:00 [grpcservice] [Information] SkyApm.Transport.Grpc.ConnectionManager : Connected server[127.0.0.1:11800].
2026-02-02 17:34:41.042 +08:00 [grpcservice] [Error] SkyApm.Transport.Grpc.V8.ServiceRegister : Report service instance properties fail.
Grpc.Core.RpcException: Status(StatusCode="Unavailable", Detail="Error connecting to subchannel.", DebugException="System.Net.Sockets.SocketException: 由于目标计算机积极拒绝，无法连接。")
 ---> System.Net.Sockets.SocketException (10061): 由于目标计算机积极拒绝，无法连接。
   at System.Net.Sockets.Socket.AwaitableSocketAsyncEventArgs.ThrowException(SocketError error, CancellationToken cancellationToken)
   at System.Net.Sockets.Socket.AwaitableSocketAsyncEventArgs.System.Threading.Tasks.Sources.IValueTaskSource.GetResult(Int16 token)
   at System.Net.Sockets.Socket.<ConnectAsync>g__WaitForConnectWithCancellation|285_0(AwaitableSocketAsyncEventArgs saea, ValueTask connectTask, CancellationToken cancellationToken)
   at Grpc.Net.Client.Balancer.Internal.SocketConnectivitySubchannelTransport.TryConnectAsync(ConnectContext context, Int32 attempt)
   --- End of inner exception stack trace ---
   at Grpc.Net.Client.Balancer.Internal.ConnectionManager.PickAsync(PickContext context, Boolean waitForReady, CancellationToken cancellationToken)
   at Grpc.Net.Client.Balancer.Internal.BalancerHttpHandler.SendAsync(HttpRequestMessage request, CancellationToken cancellationToken)
   at Grpc.Net.Client.Internal.GrpcCall`2.RunCall(HttpRequestMessage request, Nullable`1 timeout)
   at Grpc.Net.Client.Internal.GrpcCall`2.GetResponseHeadersCoreAsync()
   at SkyApm.Transport.Grpc.V8.ServiceRegister.<>c__DisplayClass9_0.<<ReportInstancePropertiesAsync>b__0>d.MoveNext()
--- End of stack trace from previous location ---
   at SkyApm.Transport.Grpc.Common.Call.Execute[T](Func`1 task, Func`1 errCallback, Func`1 errMessage)
2026-02-02 17:34:41.617 +08:00 [grpcservice] [Warning] SkyApm.Transport.Grpc.ConnectionManager : Connection state changed. Status(StatusCode="Unavailable", Detail="Error connecting to subchannel.", DebugException="System.Net.Sockets.SocketException: 由于目标计算机积极拒绝，无法连接。")
2026-02-02 17:34:44.657 +08:00 [grpcservice] [Information] SkyApm.Transport.Grpc.ConnectionManager : Shutdown connection[127.0.0.1:11800].
2026-02-02 17:34:44.659 +08:00 [grpcservice] [Information] SkyApm.Transport.Grpc.ConnectionManager : Connected server[127.0.0.1:11800].
