2026-02-03 09:50:20.239 +08:00 [grpcservice] [Information] SkyApm.InstrumentStartup : Initializing ...
2026-02-03 09:50:20.303 +08:00 [grpcservice] [Information] SkyApm.Service.RegisterService : Loaded instrument service [SkyApm.Service.RegisterService].
2026-02-03 09:50:20.303 +08:00 [grpcservice] [Information] SkyApm.Service.LogReportService : Loaded instrument service [SkyApm.Service.LogReportService].
2026-02-03 09:50:20.303 +08:00 [grpcservice] [Information] SkyApm.Service.PingService : Loaded instrument service [SkyApm.Service.PingService].
2026-02-03 09:50:20.304 +08:00 [grpcservice] [Information] SkyApm.Service.SegmentReportService : Loaded instrument service [SkyApm.Service.SegmentReportService].
2026-02-03 09:50:20.304 +08:00 [grpcservice] [Information] SkyApm.Service.CLRStatsService : Loaded instrument service [SkyApm.Service.CLRStatsService].
2026-02-03 09:50:20.304 +08:00 [grpcservice] [Information] SkyApm.Sampling.SimpleCountSamplingInterceptor : Loaded instrument service [SkyApm.Sampling.SimpleCountSamplingInterceptor].
2026-02-03 09:50:20.304 +08:00 [grpcservice] [Information] SkyApm.Transport.Grpc.ConnectService : Loaded instrument service [SkyApm.Transport.Grpc.ConnectService].
2026-02-03 09:50:20.357 +08:00 [grpcservice] [Information] SkyApm.Transport.Grpc.ConnectionManager : Connected server[127.0.0.1:11800].
2026-02-03 09:50:20.366 +08:00 [grpcservice] [Information] SkyApm.Diagnostics.TracingDiagnosticProcessorObserver : Loaded diagnostic listener [HttpHandlerDiagnosticListener].
2026-02-03 09:50:20.367 +08:00 [grpcservice] [Information] SkyApm.InstrumentStartup : Started SkyAPM .NET Core Agent.
2026-02-03 09:50:20.896 +08:00 [grpcservice] [Information] SkyApm.Diagnostics.TracingDiagnosticProcessorObserver : Loaded diagnostic listener [Grpc.Net.Client].
2026-02-03 09:50:23.351 +08:00 [grpcservice] [Error] SkyApm.Transport.Grpc.V8.ServiceRegister : Report service instance properties fail.
Grpc.Core.RpcException: Status(StatusCode="Unavailable", Detail="Error connecting to subchannel.", DebugException="System.Net.Sockets.SocketException: 由于目标计算机积极拒绝，无法连接。")
 ---> System.Net.Sockets.SocketException (10061): 由于目标计算机积极拒绝，无法连接。
   at System.Net.Sockets.Socket.AwaitableSocketAsyncEventArgs.ThrowException(SocketError error, CancellationToken cancellationToken)
   at System.Net.Sockets.Socket.AwaitableSocketAsyncEventArgs.System.Threading.Tasks.Sources.IValueTaskSource.GetResult(Int16 token)
   at System.Net.Sockets.Socket.<ConnectAsync>g__WaitForConnectWithCancellation|285_0(AwaitableSocketAsyncEventArgs saea, ValueTask connectTask, CancellationToken cancellationToken)
   at Grpc.Net.Client.Balancer.Internal.SocketConnectivitySubchannelTransport.TryConnectAsync(ConnectContext context, Int32 attempt)
   --- End of inner exception stack trace ---
   at Grpc.Net.Client.Balancer.Internal.ConnectionManager.PickAsync(PickContext context, Boolean waitForReady, CancellationToken cancellationToken)
   at Grpc.Net.Client.Balancer.Internal.BalancerHttpHandler.SendAsync(HttpRequestMessage request, CancellationToken cancellationToken)
   at Grpc.Net.Client.Internal.GrpcCall`2.RunCall(HttpRequestMessage request, Nullable`1 timeout)
   at Grpc.Net.Client.Internal.GrpcCall`2.GetResponseHeadersCoreAsync()
   at SkyApm.Transport.Grpc.V8.ServiceRegister.<>c__DisplayClass9_0.<<ReportInstancePropertiesAsync>b__0>d.MoveNext()
--- End of stack trace from previous location ---
   at SkyApm.Transport.Grpc.Common.Call.Execute[T](Func`1 task, Func`1 errCallback, Func`1 errMessage)
2026-02-03 09:50:23.351 +08:00 [grpcservice] [Warning] SkyApm.Transport.Grpc.ConnectionManager : Connection state changed. Status(StatusCode="Unavailable", Detail="Error connecting to subchannel.", DebugException="System.Net.Sockets.SocketException: 由于目标计算机积极拒绝，无法连接。")
2026-02-03 09:50:35.308 +08:00 [grpcservice] [Information] SkyApm.Transport.Grpc.ConnectionManager : Shutdown connection[127.0.0.1:11800].
2026-02-03 09:50:35.309 +08:00 [grpcservice] [Information] SkyApm.Transport.Grpc.ConnectionManager : Connected server[127.0.0.1:11800].
2026-02-03 09:50:52.350 +08:00 [grpcservice] [Error] SkyApm.Transport.Grpc.V8.ServiceRegister : Report service instance properties fail.
Grpc.Core.RpcException: Status(StatusCode="Unavailable", Detail="Error connecting to subchannel.", DebugException="System.Net.Sockets.SocketException: 由于目标计算机积极拒绝，无法连接。")
 ---> System.Net.Sockets.SocketException (10061): 由于目标计算机积极拒绝，无法连接。
   at System.Net.Sockets.Socket.AwaitableSocketAsyncEventArgs.ThrowException(SocketError error, CancellationToken cancellationToken)
   at System.Net.Sockets.Socket.AwaitableSocketAsyncEventArgs.System.Threading.Tasks.Sources.IValueTaskSource.GetResult(Int16 token)
   at System.Net.Sockets.Socket.<ConnectAsync>g__WaitForConnectWithCancellation|285_0(AwaitableSocketAsyncEventArgs saea, ValueTask connectTask, CancellationToken cancellationToken)
   at Grpc.Net.Client.Balancer.Internal.SocketConnectivitySubchannelTransport.TryConnectAsync(ConnectContext context, Int32 attempt)
   --- End of inner exception stack trace ---
   at Grpc.Net.Client.Balancer.Internal.ConnectionManager.PickAsync(PickContext context, Boolean waitForReady, CancellationToken cancellationToken)
   at Grpc.Net.Client.Balancer.Internal.BalancerHttpHandler.SendAsync(HttpRequestMessage request, CancellationToken cancellationToken)
   at Grpc.Net.Client.Internal.GrpcCall`2.RunCall(HttpRequestMessage request, Nullable`1 timeout)
   at Grpc.Net.Client.Internal.GrpcCall`2.GetResponseHeadersCoreAsync()
   at SkyApm.Transport.Grpc.V8.ServiceRegister.<>c__DisplayClass9_0.<<ReportInstancePropertiesAsync>b__0>d.MoveNext()
--- End of stack trace from previous location ---
   at SkyApm.Transport.Grpc.Common.Call.Execute[T](Func`1 task, Func`1 errCallback, Func`1 errMessage)
2026-02-03 09:50:52.350 +08:00 [grpcservice] [Warning] SkyApm.Transport.Grpc.ConnectionManager : Connection state changed. Status(StatusCode="Unavailable", Detail="Error connecting to subchannel.", DebugException="System.Net.Sockets.SocketException: 由于目标计算机积极拒绝，无法连接。")
2026-02-03 09:51:05.312 +08:00 [grpcservice] [Information] SkyApm.Transport.Grpc.ConnectionManager : Shutdown connection[127.0.0.1:11800].
2026-02-03 09:51:05.313 +08:00 [grpcservice] [Information] SkyApm.Transport.Grpc.ConnectionManager : Connected server[127.0.0.1:11800].
2026-02-03 09:51:22.338 +08:00 [grpcservice] [Error] SkyApm.Transport.Grpc.V8.ServiceRegister : Report service instance properties fail.
Grpc.Core.RpcException: Status(StatusCode="Unavailable", Detail="Error connecting to subchannel.", DebugException="System.Net.Sockets.SocketException: 由于目标计算机积极拒绝，无法连接。")
 ---> System.Net.Sockets.SocketException (10061): 由于目标计算机积极拒绝，无法连接。
   at System.Net.Sockets.Socket.AwaitableSocketAsyncEventArgs.ThrowException(SocketError error, CancellationToken cancellationToken)
   at System.Net.Sockets.Socket.AwaitableSocketAsyncEventArgs.System.Threading.Tasks.Sources.IValueTaskSource.GetResult(Int16 token)
   at System.Net.Sockets.Socket.<ConnectAsync>g__WaitForConnectWithCancellation|285_0(AwaitableSocketAsyncEventArgs saea, ValueTask connectTask, CancellationToken cancellationToken)
   at Grpc.Net.Client.Balancer.Internal.SocketConnectivitySubchannelTransport.TryConnectAsync(ConnectContext context, Int32 attempt)
   --- End of inner exception stack trace ---
   at Grpc.Net.Client.Balancer.Internal.ConnectionManager.PickAsync(PickContext context, Boolean waitForReady, CancellationToken cancellationToken)
   at Grpc.Net.Client.Balancer.Internal.BalancerHttpHandler.SendAsync(HttpRequestMessage request, CancellationToken cancellationToken)
   at Grpc.Net.Client.Internal.GrpcCall`2.RunCall(HttpRequestMessage request, Nullable`1 timeout)
   at Grpc.Net.Client.Internal.GrpcCall`2.GetResponseHeadersCoreAsync()
   at SkyApm.Transport.Grpc.V8.ServiceRegister.<>c__DisplayClass9_0.<<ReportInstancePropertiesAsync>b__0>d.MoveNext()
--- End of stack trace from previous location ---
   at SkyApm.Transport.Grpc.Common.Call.Execute[T](Func`1 task, Func`1 errCallback, Func`1 errMessage)
2026-02-03 09:51:22.338 +08:00 [grpcservice] [Warning] SkyApm.Transport.Grpc.ConnectionManager : Connection state changed. Status(StatusCode="Unavailable", Detail="Error connecting to subchannel.", DebugException="System.Net.Sockets.SocketException: 由于目标计算机积极拒绝，无法连接。")
2026-02-03 09:51:35.312 +08:00 [grpcservice] [Information] SkyApm.Transport.Grpc.ConnectionManager : Shutdown connection[127.0.0.1:11800].
2026-02-03 09:51:35.312 +08:00 [grpcservice] [Information] SkyApm.Transport.Grpc.ConnectionManager : Connected server[127.0.0.1:11800].
2026-02-03 09:51:52.359 +08:00 [grpcservice] [Error] SkyApm.Transport.Grpc.V8.ServiceRegister : Report service instance properties fail.
Grpc.Core.RpcException: Status(StatusCode="Unavailable", Detail="Error connecting to subchannel.", DebugException="System.Net.Sockets.SocketException: 由于目标计算机积极拒绝，无法连接。")
 ---> System.Net.Sockets.SocketException (10061): 由于目标计算机积极拒绝，无法连接。
   at System.Net.Sockets.Socket.AwaitableSocketAsyncEventArgs.ThrowException(SocketError error, CancellationToken cancellationToken)
   at System.Net.Sockets.Socket.AwaitableSocketAsyncEventArgs.System.Threading.Tasks.Sources.IValueTaskSource.GetResult(Int16 token)
   at System.Net.Sockets.Socket.<ConnectAsync>g__WaitForConnectWithCancellation|285_0(AwaitableSocketAsyncEventArgs saea, ValueTask connectTask, CancellationToken cancellationToken)
   at Grpc.Net.Client.Balancer.Internal.SocketConnectivitySubchannelTransport.TryConnectAsync(ConnectContext context, Int32 attempt)
   --- End of inner exception stack trace ---
   at Grpc.Net.Client.Balancer.Internal.ConnectionManager.PickAsync(PickContext context, Boolean waitForReady, CancellationToken cancellationToken)
   at Grpc.Net.Client.Balancer.Internal.BalancerHttpHandler.SendAsync(HttpRequestMessage request, CancellationToken cancellationToken)
   at Grpc.Net.Client.Internal.GrpcCall`2.RunCall(HttpRequestMessage request, Nullable`1 timeout)
   at Grpc.Net.Client.Internal.GrpcCall`2.GetResponseHeadersCoreAsync()
   at SkyApm.Transport.Grpc.V8.ServiceRegister.<>c__DisplayClass9_0.<<ReportInstancePropertiesAsync>b__0>d.MoveNext()
--- End of stack trace from previous location ---
   at SkyApm.Transport.Grpc.Common.Call.Execute[T](Func`1 task, Func`1 errCallback, Func`1 errMessage)
2026-02-03 09:51:52.359 +08:00 [grpcservice] [Warning] SkyApm.Transport.Grpc.ConnectionManager : Connection state changed. Status(StatusCode="Unavailable", Detail="Error connecting to subchannel.", DebugException="System.Net.Sockets.SocketException: 由于目标计算机积极拒绝，无法连接。")
2026-02-03 09:52:14.075 +08:00 [grpcservice] [Information] SkyApm.Transport.Grpc.ConnectionManager : Shutdown connection[127.0.0.1:11800].
2026-02-03 09:52:14.076 +08:00 [grpcservice] [Information] SkyApm.Transport.Grpc.ConnectionManager : Connected server[127.0.0.1:11800].
2026-02-03 09:52:22.359 +08:00 [grpcservice] [Error] SkyApm.Transport.Grpc.V8.ServiceRegister : Report service instance properties fail.
Grpc.Core.RpcException: Status(StatusCode="Unavailable", Detail="Error connecting to subchannel.", DebugException="System.Net.Sockets.SocketException: 由于目标计算机积极拒绝，无法连接。")
 ---> System.Net.Sockets.SocketException (10061): 由于目标计算机积极拒绝，无法连接。
   at System.Net.Sockets.Socket.AwaitableSocketAsyncEventArgs.ThrowException(SocketError error, CancellationToken cancellationToken)
   at System.Net.Sockets.Socket.AwaitableSocketAsyncEventArgs.System.Threading.Tasks.Sources.IValueTaskSource.GetResult(Int16 token)
   at System.Net.Sockets.Socket.<ConnectAsync>g__WaitForConnectWithCancellation|285_0(AwaitableSocketAsyncEventArgs saea, ValueTask connectTask, CancellationToken cancellationToken)
   at Grpc.Net.Client.Balancer.Internal.SocketConnectivitySubchannelTransport.TryConnectAsync(ConnectContext context, Int32 attempt)
   --- End of inner exception stack trace ---
   at Grpc.Net.Client.Balancer.Internal.ConnectionManager.PickAsync(PickContext context, Boolean waitForReady, CancellationToken cancellationToken)
   at Grpc.Net.Client.Balancer.Internal.BalancerHttpHandler.SendAsync(HttpRequestMessage request, CancellationToken cancellationToken)
   at Grpc.Net.Client.Internal.GrpcCall`2.RunCall(HttpRequestMessage request, Nullable`1 timeout)
   at Grpc.Net.Client.Internal.GrpcCall`2.GetResponseHeadersCoreAsync()
   at SkyApm.Transport.Grpc.V8.ServiceRegister.<>c__DisplayClass9_0.<<ReportInstancePropertiesAsync>b__0>d.MoveNext()
--- End of stack trace from previous location ---
   at SkyApm.Transport.Grpc.Common.Call.Execute[T](Func`1 task, Func`1 errCallback, Func`1 errMessage)
2026-02-03 09:52:22.360 +08:00 [grpcservice] [Warning] SkyApm.Transport.Grpc.ConnectionManager : Connection state changed. Status(StatusCode="Unavailable", Detail="Error connecting to subchannel.", DebugException="System.Net.Sockets.SocketException: 由于目标计算机积极拒绝，无法连接。")
2026-02-03 09:52:35.568 +08:00 [grpcservice] [Information] SkyApm.Transport.Grpc.ConnectionManager : Shutdown connection[127.0.0.1:11800].
2026-02-03 09:52:35.568 +08:00 [grpcservice] [Information] SkyApm.Transport.Grpc.ConnectionManager : Connected server[127.0.0.1:11800].
2026-02-03 09:52:35.892 +08:00 [grpcservice] [Information] SkyApm.Diagnostics.TracingDiagnosticProcessorObserver : Loaded diagnostic listener [Microsoft.EntityFrameworkCore].
2026-02-03 09:52:39.568 +08:00 [grpcservice] [Information] SkyApm.Diagnostics.TracingDiagnosticProcessorObserver : Loaded diagnostic listener [Ars.EFCoreOperationLog].
2026-02-03 09:52:52.351 +08:00 [grpcservice] [Error] SkyApm.Transport.Grpc.V8.ServiceRegister : Report service instance properties fail.
Grpc.Core.RpcException: Status(StatusCode="Unavailable", Detail="Error connecting to subchannel.", DebugException="System.Net.Sockets.SocketException: 由于目标计算机积极拒绝，无法连接。")
 ---> System.Net.Sockets.SocketException (10061): 由于目标计算机积极拒绝，无法连接。
   at System.Net.Sockets.Socket.AwaitableSocketAsyncEventArgs.ThrowException(SocketError error, CancellationToken cancellationToken)
   at System.Net.Sockets.Socket.AwaitableSocketAsyncEventArgs.System.Threading.Tasks.Sources.IValueTaskSource.GetResult(Int16 token)
   at System.Net.Sockets.Socket.<ConnectAsync>g__WaitForConnectWithCancellation|285_0(AwaitableSocketAsyncEventArgs saea, ValueTask connectTask, CancellationToken cancellationToken)
   at Grpc.Net.Client.Balancer.Internal.SocketConnectivitySubchannelTransport.TryConnectAsync(ConnectContext context, Int32 attempt)
   --- End of inner exception stack trace ---
   at Grpc.Net.Client.Balancer.Internal.ConnectionManager.PickAsync(PickContext context, Boolean waitForReady, CancellationToken cancellationToken)
   at Grpc.Net.Client.Balancer.Internal.BalancerHttpHandler.SendAsync(HttpRequestMessage request, CancellationToken cancellationToken)
   at Grpc.Net.Client.Internal.GrpcCall`2.RunCall(HttpRequestMessage request, Nullable`1 timeout)
   at Grpc.Net.Client.Internal.GrpcCall`2.GetResponseHeadersCoreAsync()
   at SkyApm.Transport.Grpc.V8.ServiceRegister.<>c__DisplayClass9_0.<<ReportInstancePropertiesAsync>b__0>d.MoveNext()
--- End of stack trace from previous location ---
   at SkyApm.Transport.Grpc.Common.Call.Execute[T](Func`1 task, Func`1 errCallback, Func`1 errMessage)
2026-02-03 09:52:52.352 +08:00 [grpcservice] [Warning] SkyApm.Transport.Grpc.ConnectionManager : Connection state changed. Status(StatusCode="Unavailable", Detail="Error connecting to subchannel.", DebugException="System.Net.Sockets.SocketException: 由于目标计算机积极拒绝，无法连接。")
2026-02-03 09:53:08.036 +08:00 [grpcservice] [Information] SkyApm.Transport.Grpc.ConnectionManager : Shutdown connection[127.0.0.1:11800].
2026-02-03 09:53:08.038 +08:00 [grpcservice] [Information] SkyApm.Transport.Grpc.ConnectionManager : Connected server[127.0.0.1:11800].
2026-02-03 09:53:28.298 +08:00 [grpcservice] [Error] SkyApm.Transport.Grpc.V8.ServiceRegister : Report service instance properties fail.
Grpc.Core.RpcException: Status(StatusCode="Unavailable", Detail="Error connecting to subchannel.", DebugException="System.Net.Sockets.SocketException: 由于目标计算机积极拒绝，无法连接。")
 ---> System.Net.Sockets.SocketException (10061): 由于目标计算机积极拒绝，无法连接。
   at System.Net.Sockets.Socket.AwaitableSocketAsyncEventArgs.ThrowException(SocketError error, CancellationToken cancellationToken)
   at System.Net.Sockets.Socket.AwaitableSocketAsyncEventArgs.System.Threading.Tasks.Sources.IValueTaskSource.GetResult(Int16 token)
   at System.Net.Sockets.Socket.<ConnectAsync>g__WaitForConnectWithCancellation|285_0(AwaitableSocketAsyncEventArgs saea, ValueTask connectTask, CancellationToken cancellationToken)
   at Grpc.Net.Client.Balancer.Internal.SocketConnectivitySubchannelTransport.TryConnectAsync(ConnectContext context, Int32 attempt)
   --- End of inner exception stack trace ---
   at Grpc.Net.Client.Balancer.Internal.ConnectionManager.PickAsync(PickContext context, Boolean waitForReady, CancellationToken cancellationToken)
   at Grpc.Net.Client.Balancer.Internal.BalancerHttpHandler.SendAsync(HttpRequestMessage request, CancellationToken cancellationToken)
   at Grpc.Net.Client.Internal.GrpcCall`2.RunCall(HttpRequestMessage request, Nullable`1 timeout)
   at Grpc.Net.Client.Internal.GrpcCall`2.GetResponseHeadersCoreAsync()
   at SkyApm.Transport.Grpc.V8.ServiceRegister.<>c__DisplayClass9_0.<<ReportInstancePropertiesAsync>b__0>d.MoveNext()
--- End of stack trace from previous location ---
   at SkyApm.Transport.Grpc.Common.Call.Execute[T](Func`1 task, Func`1 errCallback, Func`1 errMessage)
2026-02-03 09:53:28.300 +08:00 [grpcservice] [Warning] SkyApm.Transport.Grpc.ConnectionManager : Connection state changed. Status(StatusCode="Unavailable", Detail="Error connecting to subchannel.", DebugException="System.Net.Sockets.SocketException: 由于目标计算机积极拒绝，无法连接。")
2026-02-03 09:53:37.632 +08:00 [grpcservice] [Information] SkyApm.Transport.Grpc.ConnectionManager : Shutdown connection[127.0.0.1:11800].
2026-02-03 09:53:37.633 +08:00 [grpcservice] [Information] SkyApm.Transport.Grpc.ConnectionManager : Connected server[127.0.0.1:11800].
2026-02-03 09:53:52.359 +08:00 [grpcservice] [Error] SkyApm.Transport.Grpc.V8.ServiceRegister : Report service instance properties fail.
Grpc.Core.RpcException: Status(StatusCode="Unavailable", Detail="Error connecting to subchannel.", DebugException="System.Net.Sockets.SocketException: 由于目标计算机积极拒绝，无法连接。")
 ---> System.Net.Sockets.SocketException (10061): 由于目标计算机积极拒绝，无法连接。
   at System.Net.Sockets.Socket.AwaitableSocketAsyncEventArgs.System.Threading.Tasks.Sources.IValueTaskSource.GetResult(Int16 token)
   at System.Net.Sockets.Socket.<ConnectAsync>g__WaitForConnectWithCancellation|285_0(AwaitableSocketAsyncEventArgs saea, ValueTask connectTask, CancellationToken cancellationToken)
   at Grpc.Net.Client.Balancer.Internal.SocketConnectivitySubchannelTransport.TryConnectAsync(ConnectContext context, Int32 attempt)
   --- End of inner exception stack trace ---
   at Grpc.Net.Client.Balancer.Internal.ConnectionManager.PickAsync(PickContext context, Boolean waitForReady, CancellationToken cancellationToken)
   at Grpc.Net.Client.Balancer.Internal.BalancerHttpHandler.SendAsync(HttpRequestMessage request, CancellationToken cancellationToken)
   at Grpc.Net.Client.Internal.GrpcCall`2.RunCall(HttpRequestMessage request, Nullable`1 timeout)
   at Grpc.Net.Client.Internal.GrpcCall`2.GetResponseHeadersCoreAsync()
   at SkyApm.Transport.Grpc.V8.ServiceRegister.<>c__DisplayClass9_0.<<ReportInstancePropertiesAsync>b__0>d.MoveNext()
--- End of stack trace from previous location ---
   at SkyApm.Transport.Grpc.Common.Call.Execute[T](Func`1 task, Func`1 errCallback, Func`1 errMessage)
2026-02-03 09:53:52.360 +08:00 [grpcservice] [Warning] SkyApm.Transport.Grpc.ConnectionManager : Connection state changed. Status(StatusCode="Unavailable", Detail="Error connecting to subchannel.", DebugException="System.Net.Sockets.SocketException: 由于目标计算机积极拒绝，无法连接。")
2026-02-03 09:54:05.316 +08:00 [grpcservice] [Information] SkyApm.Transport.Grpc.ConnectionManager : Shutdown connection[127.0.0.1:11800].
2026-02-03 09:54:05.317 +08:00 [grpcservice] [Information] SkyApm.Transport.Grpc.ConnectionManager : Connected server[127.0.0.1:11800].
2026-02-03 09:54:22.337 +08:00 [grpcservice] [Error] SkyApm.Transport.Grpc.V8.ServiceRegister : Report service instance properties fail.
Grpc.Core.RpcException: Status(StatusCode="Unavailable", Detail="Error connecting to subchannel.", DebugException="System.Net.Sockets.SocketException: 由于目标计算机积极拒绝，无法连接。")
 ---> System.Net.Sockets.SocketException (10061): 由于目标计算机积极拒绝，无法连接。
   at System.Net.Sockets.Socket.AwaitableSocketAsyncEventArgs.System.Threading.Tasks.Sources.IValueTaskSource.GetResult(Int16 token)
   at System.Net.Sockets.Socket.<ConnectAsync>g__WaitForConnectWithCancellation|285_0(AwaitableSocketAsyncEventArgs saea, ValueTask connectTask, CancellationToken cancellationToken)
   at Grpc.Net.Client.Balancer.Internal.SocketConnectivitySubchannelTransport.TryConnectAsync(ConnectContext context, Int32 attempt)
   --- End of inner exception stack trace ---
   at Grpc.Net.Client.Balancer.Internal.ConnectionManager.PickAsync(PickContext context, Boolean waitForReady, CancellationToken cancellationToken)
   at Grpc.Net.Client.Balancer.Internal.BalancerHttpHandler.SendAsync(HttpRequestMessage request, CancellationToken cancellationToken)
   at Grpc.Net.Client.Internal.GrpcCall`2.RunCall(HttpRequestMessage request, Nullable`1 timeout)
   at Grpc.Net.Client.Internal.GrpcCall`2.GetResponseHeadersCoreAsync()
   at SkyApm.Transport.Grpc.V8.ServiceRegister.<>c__DisplayClass9_0.<<ReportInstancePropertiesAsync>b__0>d.MoveNext()
--- End of stack trace from previous location ---
   at SkyApm.Transport.Grpc.Common.Call.Execute[T](Func`1 task, Func`1 errCallback, Func`1 errMessage)
2026-02-03 09:54:22.337 +08:00 [grpcservice] [Warning] SkyApm.Transport.Grpc.ConnectionManager : Connection state changed. Status(StatusCode="Unavailable", Detail="Error connecting to subchannel.", DebugException="System.Net.Sockets.SocketException: 由于目标计算机积极拒绝，无法连接。")
2026-02-03 09:54:35.314 +08:00 [grpcservice] [Information] SkyApm.Transport.Grpc.ConnectionManager : Shutdown connection[127.0.0.1:11800].
2026-02-03 09:54:35.314 +08:00 [grpcservice] [Information] SkyApm.Transport.Grpc.ConnectionManager : Connected server[127.0.0.1:11800].
2026-02-03 09:54:52.353 +08:00 [grpcservice] [Error] SkyApm.Transport.Grpc.V8.ServiceRegister : Report service instance properties fail.
Grpc.Core.RpcException: Status(StatusCode="Unavailable", Detail="Error connecting to subchannel.", DebugException="System.Net.Sockets.SocketException: 由于目标计算机积极拒绝，无法连接。")
 ---> System.Net.Sockets.SocketException (10061): 由于目标计算机积极拒绝，无法连接。
   at System.Net.Sockets.Socket.AwaitableSocketAsyncEventArgs.System.Threading.Tasks.Sources.IValueTaskSource.GetResult(Int16 token)
   at System.Net.Sockets.Socket.<ConnectAsync>g__WaitForConnectWithCancellation|285_0(AwaitableSocketAsyncEventArgs saea, ValueTask connectTask, CancellationToken cancellationToken)
   at Grpc.Net.Client.Balancer.Internal.SocketConnectivitySubchannelTransport.TryConnectAsync(ConnectContext context, Int32 attempt)
   --- End of inner exception stack trace ---
   at Grpc.Net.Client.Balancer.Internal.ConnectionManager.PickAsync(PickContext context, Boolean waitForReady, CancellationToken cancellationToken)
   at Grpc.Net.Client.Balancer.Internal.BalancerHttpHandler.SendAsync(HttpRequestMessage request, CancellationToken cancellationToken)
   at Grpc.Net.Client.Internal.GrpcCall`2.RunCall(HttpRequestMessage request, Nullable`1 timeout)
   at Grpc.Net.Client.Internal.GrpcCall`2.GetResponseHeadersCoreAsync()
   at SkyApm.Transport.Grpc.V8.ServiceRegister.<>c__DisplayClass9_0.<<ReportInstancePropertiesAsync>b__0>d.MoveNext()
--- End of stack trace from previous location ---
   at SkyApm.Transport.Grpc.Common.Call.Execute[T](Func`1 task, Func`1 errCallback, Func`1 errMessage)
2026-02-03 09:54:52.353 +08:00 [grpcservice] [Warning] SkyApm.Transport.Grpc.ConnectionManager : Connection state changed. Status(StatusCode="Unavailable", Detail="Error connecting to subchannel.", DebugException="System.Net.Sockets.SocketException: 由于目标计算机积极拒绝，无法连接。")
2026-02-03 09:55:05.306 +08:00 [grpcservice] [Information] SkyApm.Transport.Grpc.ConnectionManager : Shutdown connection[127.0.0.1:11800].
2026-02-03 09:55:05.306 +08:00 [grpcservice] [Information] SkyApm.Transport.Grpc.ConnectionManager : Connected server[127.0.0.1:11800].
2026-02-03 09:55:22.337 +08:00 [grpcservice] [Error] SkyApm.Transport.Grpc.V8.ServiceRegister : Report service instance properties fail.
Grpc.Core.RpcException: Status(StatusCode="Unavailable", Detail="Error connecting to subchannel.", DebugException="System.Net.Sockets.SocketException: 由于目标计算机积极拒绝，无法连接。")
 ---> System.Net.Sockets.SocketException (10061): 由于目标计算机积极拒绝，无法连接。
   at System.Net.Sockets.Socket.AwaitableSocketAsyncEventArgs.System.Threading.Tasks.Sources.IValueTaskSource.GetResult(Int16 token)
   at System.Net.Sockets.Socket.<ConnectAsync>g__WaitForConnectWithCancellation|285_0(AwaitableSocketAsyncEventArgs saea, ValueTask connectTask, CancellationToken cancellationToken)
   at Grpc.Net.Client.Balancer.Internal.SocketConnectivitySubchannelTransport.TryConnectAsync(ConnectContext context, Int32 attempt)
   --- End of inner exception stack trace ---
   at Grpc.Net.Client.Balancer.Internal.ConnectionManager.PickAsync(PickContext context, Boolean waitForReady, CancellationToken cancellationToken)
   at Grpc.Net.Client.Balancer.Internal.BalancerHttpHandler.SendAsync(HttpRequestMessage request, CancellationToken cancellationToken)
   at Grpc.Net.Client.Internal.GrpcCall`2.RunCall(HttpRequestMessage request, Nullable`1 timeout)
   at Grpc.Net.Client.Internal.GrpcCall`2.GetResponseHeadersCoreAsync()
   at SkyApm.Transport.Grpc.V8.ServiceRegister.<>c__DisplayClass9_0.<<ReportInstancePropertiesAsync>b__0>d.MoveNext()
--- End of stack trace from previous location ---
   at SkyApm.Transport.Grpc.Common.Call.Execute[T](Func`1 task, Func`1 errCallback, Func`1 errMessage)
2026-02-03 09:55:22.337 +08:00 [grpcservice] [Warning] SkyApm.Transport.Grpc.ConnectionManager : Connection state changed. Status(StatusCode="Unavailable", Detail="Error connecting to subchannel.", DebugException="System.Net.Sockets.SocketException: 由于目标计算机积极拒绝，无法连接。")
2026-02-03 09:55:35.307 +08:00 [grpcservice] [Information] SkyApm.Transport.Grpc.ConnectionManager : Shutdown connection[127.0.0.1:11800].
2026-02-03 09:55:35.307 +08:00 [grpcservice] [Information] SkyApm.Transport.Grpc.ConnectionManager : Connected server[127.0.0.1:11800].
2026-02-03 09:55:52.364 +08:00 [grpcservice] [Error] SkyApm.Transport.Grpc.V8.ServiceRegister : Report service instance properties fail.
Grpc.Core.RpcException: Status(StatusCode="Unavailable", Detail="Error connecting to subchannel.", DebugException="System.Net.Sockets.SocketException: 由于目标计算机积极拒绝，无法连接。")
 ---> System.Net.Sockets.SocketException (10061): 由于目标计算机积极拒绝，无法连接。
   at System.Net.Sockets.Socket.AwaitableSocketAsyncEventArgs.System.Threading.Tasks.Sources.IValueTaskSource.GetResult(Int16 token)
   at System.Net.Sockets.Socket.<ConnectAsync>g__WaitForConnectWithCancellation|285_0(AwaitableSocketAsyncEventArgs saea, ValueTask connectTask, CancellationToken cancellationToken)
   at Grpc.Net.Client.Balancer.Internal.SocketConnectivitySubchannelTransport.TryConnectAsync(ConnectContext context, Int32 attempt)
   --- End of inner exception stack trace ---
   at Grpc.Net.Client.Balancer.Internal.ConnectionManager.PickAsync(PickContext context, Boolean waitForReady, CancellationToken cancellationToken)
   at Grpc.Net.Client.Balancer.Internal.BalancerHttpHandler.SendAsync(HttpRequestMessage request, CancellationToken cancellationToken)
   at Grpc.Net.Client.Internal.GrpcCall`2.RunCall(HttpRequestMessage request, Nullable`1 timeout)
   at Grpc.Net.Client.Internal.GrpcCall`2.GetResponseHeadersCoreAsync()
   at SkyApm.Transport.Grpc.V8.ServiceRegister.<>c__DisplayClass9_0.<<ReportInstancePropertiesAsync>b__0>d.MoveNext()
--- End of stack trace from previous location ---
   at SkyApm.Transport.Grpc.Common.Call.Execute[T](Func`1 task, Func`1 errCallback, Func`1 errMessage)
2026-02-03 09:55:52.364 +08:00 [grpcservice] [Warning] SkyApm.Transport.Grpc.ConnectionManager : Connection state changed. Status(StatusCode="Unavailable", Detail="Error connecting to subchannel.", DebugException="System.Net.Sockets.SocketException: 由于目标计算机积极拒绝，无法连接。")
2026-02-03 09:56:11.129 +08:00 [grpcservice] [Information] SkyApm.Transport.Grpc.ConnectionManager : Shutdown connection[127.0.0.1:11800].
2026-02-03 09:56:11.134 +08:00 [grpcservice] [Information] SkyApm.Transport.Grpc.ConnectionManager : Connected server[127.0.0.1:11800].
2026-02-03 09:56:22.364 +08:00 [grpcservice] [Error] SkyApm.Transport.Grpc.V8.ServiceRegister : Report service instance properties fail.
Grpc.Core.RpcException: Status(StatusCode="Unavailable", Detail="Error connecting to subchannel.", DebugException="System.Net.Sockets.SocketException: 由于目标计算机积极拒绝，无法连接。")
 ---> System.Net.Sockets.SocketException (10061): 由于目标计算机积极拒绝，无法连接。
   at System.Net.Sockets.Socket.AwaitableSocketAsyncEventArgs.System.Threading.Tasks.Sources.IValueTaskSource.GetResult(Int16 token)
   at System.Net.Sockets.Socket.<ConnectAsync>g__WaitForConnectWithCancellation|285_0(AwaitableSocketAsyncEventArgs saea, ValueTask connectTask, CancellationToken cancellationToken)
   at Grpc.Net.Client.Balancer.Internal.SocketConnectivitySubchannelTransport.TryConnectAsync(ConnectContext context, Int32 attempt)
   --- End of inner exception stack trace ---
   at Grpc.Net.Client.Balancer.Internal.ConnectionManager.PickAsync(PickContext context, Boolean waitForReady, CancellationToken cancellationToken)
   at Grpc.Net.Client.Balancer.Internal.BalancerHttpHandler.SendAsync(HttpRequestMessage request, CancellationToken cancellationToken)
   at Grpc.Net.Client.Internal.GrpcCall`2.RunCall(HttpRequestMessage request, Nullable`1 timeout)
   at Grpc.Net.Client.Internal.GrpcCall`2.GetResponseHeadersCoreAsync()
   at SkyApm.Transport.Grpc.V8.ServiceRegister.<>c__DisplayClass9_0.<<ReportInstancePropertiesAsync>b__0>d.MoveNext()
--- End of stack trace from previous location ---
   at SkyApm.Transport.Grpc.Common.Call.Execute[T](Func`1 task, Func`1 errCallback, Func`1 errMessage)
2026-02-03 09:56:22.364 +08:00 [grpcservice] [Warning] SkyApm.Transport.Grpc.ConnectionManager : Connection state changed. Status(StatusCode="Unavailable", Detail="Error connecting to subchannel.", DebugException="System.Net.Sockets.SocketException: 由于目标计算机积极拒绝，无法连接。")
2026-02-03 09:56:35.324 +08:00 [grpcservice] [Information] SkyApm.Transport.Grpc.ConnectionManager : Shutdown connection[127.0.0.1:11800].
2026-02-03 09:56:35.325 +08:00 [grpcservice] [Information] SkyApm.Transport.Grpc.ConnectionManager : Connected server[127.0.0.1:11800].
2026-02-03 09:56:52.347 +08:00 [grpcservice] [Error] SkyApm.Transport.Grpc.V8.ServiceRegister : Report service instance properties fail.
Grpc.Core.RpcException: Status(StatusCode="Unavailable", Detail="Error connecting to subchannel.", DebugException="System.Net.Sockets.SocketException: 由于目标计算机积极拒绝，无法连接。")
 ---> System.Net.Sockets.SocketException (10061): 由于目标计算机积极拒绝，无法连接。
   at System.Net.Sockets.Socket.AwaitableSocketAsyncEventArgs.System.Threading.Tasks.Sources.IValueTaskSource.GetResult(Int16 token)
   at System.Net.Sockets.Socket.<ConnectAsync>g__WaitForConnectWithCancellation|285_0(AwaitableSocketAsyncEventArgs saea, ValueTask connectTask, CancellationToken cancellationToken)
   at Grpc.Net.Client.Balancer.Internal.SocketConnectivitySubchannelTransport.TryConnectAsync(ConnectContext context, Int32 attempt)
   --- End of inner exception stack trace ---
   at Grpc.Net.Client.Balancer.Internal.ConnectionManager.PickAsync(PickContext context, Boolean waitForReady, CancellationToken cancellationToken)
   at Grpc.Net.Client.Balancer.Internal.BalancerHttpHandler.SendAsync(HttpRequestMessage request, CancellationToken cancellationToken)
   at Grpc.Net.Client.Internal.GrpcCall`2.RunCall(HttpRequestMessage request, Nullable`1 timeout)
   at Grpc.Net.Client.Internal.GrpcCall`2.GetResponseHeadersCoreAsync()
   at SkyApm.Transport.Grpc.V8.ServiceRegister.<>c__DisplayClass9_0.<<ReportInstancePropertiesAsync>b__0>d.MoveNext()
--- End of stack trace from previous location ---
   at SkyApm.Transport.Grpc.Common.Call.Execute[T](Func`1 task, Func`1 errCallback, Func`1 errMessage)
2026-02-03 09:56:52.347 +08:00 [grpcservice] [Warning] SkyApm.Transport.Grpc.ConnectionManager : Connection state changed. Status(StatusCode="Unavailable", Detail="Error connecting to subchannel.", DebugException="System.Net.Sockets.SocketException: 由于目标计算机积极拒绝，无法连接。")
2026-02-03 09:57:05.313 +08:00 [grpcservice] [Information] SkyApm.Transport.Grpc.ConnectionManager : Shutdown connection[127.0.0.1:11800].
2026-02-03 09:57:05.314 +08:00 [grpcservice] [Information] SkyApm.Transport.Grpc.ConnectionManager : Connected server[127.0.0.1:11800].
2026-02-03 09:57:22.366 +08:00 [grpcservice] [Error] SkyApm.Transport.Grpc.V8.ServiceRegister : Report service instance properties fail.
Grpc.Core.RpcException: Status(StatusCode="Unavailable", Detail="Error connecting to subchannel.", DebugException="System.Net.Sockets.SocketException: 由于目标计算机积极拒绝，无法连接。")
 ---> System.Net.Sockets.SocketException (10061): 由于目标计算机积极拒绝，无法连接。
   at System.Net.Sockets.Socket.AwaitableSocketAsyncEventArgs.System.Threading.Tasks.Sources.IValueTaskSource.GetResult(Int16 token)
   at System.Net.Sockets.Socket.<ConnectAsync>g__WaitForConnectWithCancellation|285_0(AwaitableSocketAsyncEventArgs saea, ValueTask connectTask, CancellationToken cancellationToken)
   at Grpc.Net.Client.Balancer.Internal.SocketConnectivitySubchannelTransport.TryConnectAsync(ConnectContext context, Int32 attempt)
   --- End of inner exception stack trace ---
   at Grpc.Net.Client.Balancer.Internal.ConnectionManager.PickAsync(PickContext context, Boolean waitForReady, CancellationToken cancellationToken)
   at Grpc.Net.Client.Balancer.Internal.BalancerHttpHandler.SendAsync(HttpRequestMessage request, CancellationToken cancellationToken)
   at Grpc.Net.Client.Internal.GrpcCall`2.RunCall(HttpRequestMessage request, Nullable`1 timeout)
   at Grpc.Net.Client.Internal.GrpcCall`2.GetResponseHeadersCoreAsync()
   at SkyApm.Transport.Grpc.V8.ServiceRegister.<>c__DisplayClass9_0.<<ReportInstancePropertiesAsync>b__0>d.MoveNext()
--- End of stack trace from previous location ---
   at SkyApm.Transport.Grpc.Common.Call.Execute[T](Func`1 task, Func`1 errCallback, Func`1 errMessage)
2026-02-03 09:57:22.367 +08:00 [grpcservice] [Warning] SkyApm.Transport.Grpc.ConnectionManager : Connection state changed. Status(StatusCode="Unavailable", Detail="Error connecting to subchannel.", DebugException="System.Net.Sockets.SocketException: 由于目标计算机积极拒绝，无法连接。")
2026-02-03 09:57:35.310 +08:00 [grpcservice] [Information] SkyApm.Transport.Grpc.ConnectionManager : Shutdown connection[127.0.0.1:11800].
2026-02-03 09:57:35.310 +08:00 [grpcservice] [Information] SkyApm.Transport.Grpc.ConnectionManager : Connected server[127.0.0.1:11800].
2026-02-03 09:57:52.375 +08:00 [grpcservice] [Error] SkyApm.Transport.Grpc.V8.ServiceRegister : Report service instance properties fail.
Grpc.Core.RpcException: Status(StatusCode="Unavailable", Detail="Error connecting to subchannel.", DebugException="System.Net.Sockets.SocketException: 由于目标计算机积极拒绝，无法连接。")
 ---> System.Net.Sockets.SocketException (10061): 由于目标计算机积极拒绝，无法连接。
   at System.Net.Sockets.Socket.AwaitableSocketAsyncEventArgs.System.Threading.Tasks.Sources.IValueTaskSource.GetResult(Int16 token)
   at System.Net.Sockets.Socket.<ConnectAsync>g__WaitForConnectWithCancellation|285_0(AwaitableSocketAsyncEventArgs saea, ValueTask connectTask, CancellationToken cancellationToken)
   at Grpc.Net.Client.Balancer.Internal.SocketConnectivitySubchannelTransport.TryConnectAsync(ConnectContext context, Int32 attempt)
   --- End of inner exception stack trace ---
   at Grpc.Net.Client.Balancer.Internal.ConnectionManager.PickAsync(PickContext context, Boolean waitForReady, CancellationToken cancellationToken)
   at Grpc.Net.Client.Balancer.Internal.BalancerHttpHandler.SendAsync(HttpRequestMessage request, CancellationToken cancellationToken)
   at Grpc.Net.Client.Internal.GrpcCall`2.RunCall(HttpRequestMessage request, Nullable`1 timeout)
   at Grpc.Net.Client.Internal.GrpcCall`2.GetResponseHeadersCoreAsync()
   at SkyApm.Transport.Grpc.V8.ServiceRegister.<>c__DisplayClass9_0.<<ReportInstancePropertiesAsync>b__0>d.MoveNext()
--- End of stack trace from previous location ---
   at SkyApm.Transport.Grpc.Common.Call.Execute[T](Func`1 task, Func`1 errCallback, Func`1 errMessage)
2026-02-03 09:57:52.375 +08:00 [grpcservice] [Warning] SkyApm.Transport.Grpc.ConnectionManager : Connection state changed. Status(StatusCode="Unavailable", Detail="Error connecting to subchannel.", DebugException="System.Net.Sockets.SocketException: 由于目标计算机积极拒绝，无法连接。")
2026-02-03 09:58:05.310 +08:00 [grpcservice] [Information] SkyApm.Transport.Grpc.ConnectionManager : Shutdown connection[127.0.0.1:11800].
2026-02-03 09:58:05.311 +08:00 [grpcservice] [Information] SkyApm.Transport.Grpc.ConnectionManager : Connected server[127.0.0.1:11800].
2026-02-03 09:58:22.354 +08:00 [grpcservice] [Error] SkyApm.Transport.Grpc.V8.ServiceRegister : Report service instance properties fail.
Grpc.Core.RpcException: Status(StatusCode="Unavailable", Detail="Error connecting to subchannel.", DebugException="System.Net.Sockets.SocketException: 由于目标计算机积极拒绝，无法连接。")
 ---> System.Net.Sockets.SocketException (10061): 由于目标计算机积极拒绝，无法连接。
   at System.Net.Sockets.Socket.AwaitableSocketAsyncEventArgs.System.Threading.Tasks.Sources.IValueTaskSource.GetResult(Int16 token)
   at System.Net.Sockets.Socket.<ConnectAsync>g__WaitForConnectWithCancellation|285_0(AwaitableSocketAsyncEventArgs saea, ValueTask connectTask, CancellationToken cancellationToken)
   at Grpc.Net.Client.Balancer.Internal.SocketConnectivitySubchannelTransport.TryConnectAsync(ConnectContext context, Int32 attempt)
   --- End of inner exception stack trace ---
   at Grpc.Net.Client.Balancer.Internal.ConnectionManager.PickAsync(PickContext context, Boolean waitForReady, CancellationToken cancellationToken)
   at Grpc.Net.Client.Balancer.Internal.BalancerHttpHandler.SendAsync(HttpRequestMessage request, CancellationToken cancellationToken)
   at Grpc.Net.Client.Internal.GrpcCall`2.RunCall(HttpRequestMessage request, Nullable`1 timeout)
   at Grpc.Net.Client.Internal.GrpcCall`2.GetResponseHeadersCoreAsync()
   at SkyApm.Transport.Grpc.V8.ServiceRegister.<>c__DisplayClass9_0.<<ReportInstancePropertiesAsync>b__0>d.MoveNext()
--- End of stack trace from previous location ---
   at SkyApm.Transport.Grpc.Common.Call.Execute[T](Func`1 task, Func`1 errCallback, Func`1 errMessage)
2026-02-03 09:58:22.354 +08:00 [grpcservice] [Warning] SkyApm.Transport.Grpc.ConnectionManager : Connection state changed. Status(StatusCode="Unavailable", Detail="Error connecting to subchannel.", DebugException="System.Net.Sockets.SocketException: 由于目标计算机积极拒绝，无法连接。")
2026-02-03 09:58:35.312 +08:00 [grpcservice] [Information] SkyApm.Transport.Grpc.ConnectionManager : Shutdown connection[127.0.0.1:11800].
2026-02-03 09:58:35.312 +08:00 [grpcservice] [Information] SkyApm.Transport.Grpc.ConnectionManager : Connected server[127.0.0.1:11800].
2026-02-03 09:58:53.296 +08:00 [grpcservice] [Error] SkyApm.Transport.Grpc.V8.ServiceRegister : Report service instance properties fail.
Grpc.Core.RpcException: Status(StatusCode="Unavailable", Detail="Error connecting to subchannel.", DebugException="System.Net.Sockets.SocketException: 由于目标计算机积极拒绝，无法连接。")
 ---> System.Net.Sockets.SocketException (10061): 由于目标计算机积极拒绝，无法连接。
   at System.Net.Sockets.Socket.AwaitableSocketAsyncEventArgs.System.Threading.Tasks.Sources.IValueTaskSource.GetResult(Int16 token)
   at System.Net.Sockets.Socket.<ConnectAsync>g__WaitForConnectWithCancellation|285_0(AwaitableSocketAsyncEventArgs saea, ValueTask connectTask, CancellationToken cancellationToken)
   at Grpc.Net.Client.Balancer.Internal.SocketConnectivitySubchannelTransport.TryConnectAsync(ConnectContext context, Int32 attempt)
   --- End of inner exception stack trace ---
   at Grpc.Net.Client.Balancer.Internal.ConnectionManager.PickAsync(PickContext context, Boolean waitForReady, CancellationToken cancellationToken)
   at Grpc.Net.Client.Balancer.Internal.BalancerHttpHandler.SendAsync(HttpRequestMessage request, CancellationToken cancellationToken)
   at Grpc.Net.Client.Internal.GrpcCall`2.RunCall(HttpRequestMessage request, Nullable`1 timeout)
   at Grpc.Net.Client.Internal.GrpcCall`2.GetResponseHeadersCoreAsync()
   at SkyApm.Transport.Grpc.V8.ServiceRegister.<>c__DisplayClass9_0.<<ReportInstancePropertiesAsync>b__0>d.MoveNext()
--- End of stack trace from previous location ---
   at SkyApm.Transport.Grpc.Common.Call.Execute[T](Func`1 task, Func`1 errCallback, Func`1 errMessage)
2026-02-03 09:58:53.296 +08:00 [grpcservice] [Warning] SkyApm.Transport.Grpc.ConnectionManager : Connection state changed. Status(StatusCode="Unavailable", Detail="Error connecting to subchannel.", DebugException="System.Net.Sockets.SocketException: 由于目标计算机积极拒绝，无法连接。")
2026-02-03 09:59:05.316 +08:00 [grpcservice] [Information] SkyApm.Transport.Grpc.ConnectionManager : Shutdown connection[127.0.0.1:11800].
2026-02-03 09:59:05.316 +08:00 [grpcservice] [Information] SkyApm.Transport.Grpc.ConnectionManager : Connected server[127.0.0.1:11800].
2026-02-03 09:59:58.207 +08:00 [grpcservice] [Error] SkyApm.Transport.Grpc.V8.ServiceRegister : Report service instance properties fail.
Grpc.Core.RpcException: Status(StatusCode="Unavailable", Detail="Error connecting to subchannel.", DebugException="System.Net.Sockets.SocketException: 由于目标计算机积极拒绝，无法连接。")
 ---> System.Net.Sockets.SocketException (10061): 由于目标计算机积极拒绝，无法连接。
   at System.Net.Sockets.Socket.AwaitableSocketAsyncEventArgs.System.Threading.Tasks.Sources.IValueTaskSource.GetResult(Int16 token)
   at System.Net.Sockets.Socket.<ConnectAsync>g__WaitForConnectWithCancellation|285_0(AwaitableSocketAsyncEventArgs saea, ValueTask connectTask, CancellationToken cancellationToken)
   at Grpc.Net.Client.Balancer.Internal.SocketConnectivitySubchannelTransport.TryConnectAsync(ConnectContext context, Int32 attempt)
   --- End of inner exception stack trace ---
   at Grpc.Net.Client.Balancer.Internal.ConnectionManager.PickAsync(PickContext context, Boolean waitForReady, CancellationToken cancellationToken)
   at Grpc.Net.Client.Balancer.Internal.BalancerHttpHandler.SendAsync(HttpRequestMessage request, CancellationToken cancellationToken)
   at Grpc.Net.Client.Internal.GrpcCall`2.RunCall(HttpRequestMessage request, Nullable`1 timeout)
   at Grpc.Net.Client.Internal.GrpcCall`2.GetResponseHeadersCoreAsync()
   at SkyApm.Transport.Grpc.V8.ServiceRegister.<>c__DisplayClass9_0.<<ReportInstancePropertiesAsync>b__0>d.MoveNext()
--- End of stack trace from previous location ---
   at SkyApm.Transport.Grpc.Common.Call.Execute[T](Func`1 task, Func`1 errCallback, Func`1 errMessage)
2026-02-03 09:59:58.208 +08:00 [grpcservice] [Warning] SkyApm.Transport.Grpc.ConnectionManager : Connection state changed. Status(StatusCode="Unavailable", Detail="Error connecting to subchannel.", DebugException="System.Net.Sockets.SocketException: 由于目标计算机积极拒绝，无法连接。")
2026-02-03 10:00:05.314 +08:00 [grpcservice] [Information] SkyApm.Transport.Grpc.ConnectionManager : Shutdown connection[127.0.0.1:11800].
2026-02-03 10:00:05.314 +08:00 [grpcservice] [Information] SkyApm.Transport.Grpc.ConnectionManager : Connected server[127.0.0.1:11800].
2026-02-03 10:00:28.103 +08:00 [grpcservice] [Error] SkyApm.Transport.Grpc.V8.ServiceRegister : Report service instance properties fail.
Grpc.Core.RpcException: Status(StatusCode="Unavailable", Detail="Error connecting to subchannel.", DebugException="System.Net.Sockets.SocketException: 由于目标计算机积极拒绝，无法连接。")
 ---> System.Net.Sockets.SocketException (10061): 由于目标计算机积极拒绝，无法连接。
   at System.Net.Sockets.Socket.AwaitableSocketAsyncEventArgs.System.Threading.Tasks.Sources.IValueTaskSource.GetResult(Int16 token)
   at System.Net.Sockets.Socket.<ConnectAsync>g__WaitForConnectWithCancellation|285_0(AwaitableSocketAsyncEventArgs saea, ValueTask connectTask, CancellationToken cancellationToken)
   at Grpc.Net.Client.Balancer.Internal.SocketConnectivitySubchannelTransport.TryConnectAsync(ConnectContext context, Int32 attempt)
   --- End of inner exception stack trace ---
   at Grpc.Net.Client.Balancer.Internal.ConnectionManager.PickAsync(PickContext context, Boolean waitForReady, CancellationToken cancellationToken)
   at Grpc.Net.Client.Balancer.Internal.BalancerHttpHandler.SendAsync(HttpRequestMessage request, CancellationToken cancellationToken)
   at Grpc.Net.Client.Internal.GrpcCall`2.RunCall(HttpRequestMessage request, Nullable`1 timeout)
   at Grpc.Net.Client.Internal.GrpcCall`2.GetResponseHeadersCoreAsync()
   at SkyApm.Transport.Grpc.V8.ServiceRegister.<>c__DisplayClass9_0.<<ReportInstancePropertiesAsync>b__0>d.MoveNext()
--- End of stack trace from previous location ---
   at SkyApm.Transport.Grpc.Common.Call.Execute[T](Func`1 task, Func`1 errCallback, Func`1 errMessage)
2026-02-03 10:00:28.103 +08:00 [grpcservice] [Warning] SkyApm.Transport.Grpc.ConnectionManager : Connection state changed. Status(StatusCode="Unavailable", Detail="Error connecting to subchannel.", DebugException="System.Net.Sockets.SocketException: 由于目标计算机积极拒绝，无法连接。")
2026-02-03 10:00:35.303 +08:00 [grpcservice] [Information] SkyApm.Transport.Grpc.ConnectionManager : Shutdown connection[127.0.0.1:11800].
2026-02-03 10:00:35.303 +08:00 [grpcservice] [Information] SkyApm.Transport.Grpc.ConnectionManager : Connected server[127.0.0.1:11800].
2026-02-03 10:01:55.511 +08:00 [grpcservice] [Error] SkyApm.Transport.Grpc.V8.ServiceRegister : Report service instance properties fail.
Grpc.Core.RpcException: Status(StatusCode="DeadlineExceeded", Detail="")
   at Grpc.Net.Client.Internal.GrpcCall`2.GetResponseHeadersCoreAsync()
   at SkyApm.Transport.Grpc.V8.ServiceRegister.<>c__DisplayClass9_0.<<ReportInstancePropertiesAsync>b__0>d.MoveNext()
--- End of stack trace from previous location ---
   at SkyApm.Transport.Grpc.Common.Call.Execute[T](Func`1 task, Func`1 errCallback, Func`1 errMessage)
2026-02-03 10:01:55.512 +08:00 [grpcservice] [Warning] SkyApm.Transport.Grpc.ConnectionManager : Connection state changed. Status(StatusCode="DeadlineExceeded", Detail="")
2026-02-03 10:01:56.242 +08:00 [grpcservice] [Error] SkyApm.Transport.Grpc.V8.ServiceRegister : Report service instance properties fail.
Grpc.Core.RpcException: Status(StatusCode="DeadlineExceeded", Detail="")
   at Grpc.Net.Client.Internal.GrpcCall`2.GetResponseHeadersCoreAsync()
   at SkyApm.Transport.Grpc.V8.ServiceRegister.<>c__DisplayClass9_0.<<ReportInstancePropertiesAsync>b__0>d.MoveNext()
--- End of stack trace from previous location ---
   at SkyApm.Transport.Grpc.Common.Call.Execute[T](Func`1 task, Func`1 errCallback, Func`1 errMessage)
2026-02-03 10:02:15.098 +08:00 [grpcservice] [Information] SkyApm.Transport.Grpc.ConnectionManager : Shutdown connection[127.0.0.1:11800].
2026-02-03 10:02:15.099 +08:00 [grpcservice] [Information] SkyApm.Transport.Grpc.ConnectionManager : Connected server[127.0.0.1:11800].
2026-02-03 10:02:27.263 +08:00 [grpcservice] [Error] SkyApm.Transport.Grpc.V8.ServiceRegister : Report service instance properties fail.
Grpc.Core.RpcException: Status(StatusCode="Unavailable", Detail="Error connecting to subchannel.", DebugException="System.Net.Sockets.SocketException: 由于目标计算机积极拒绝，无法连接。")
 ---> System.Net.Sockets.SocketException (10061): 由于目标计算机积极拒绝，无法连接。
   at System.Net.Sockets.Socket.AwaitableSocketAsyncEventArgs.System.Threading.Tasks.Sources.IValueTaskSource.GetResult(Int16 token)
   at System.Net.Sockets.Socket.<ConnectAsync>g__WaitForConnectWithCancellation|285_0(AwaitableSocketAsyncEventArgs saea, ValueTask connectTask, CancellationToken cancellationToken)
   at Grpc.Net.Client.Balancer.Internal.SocketConnectivitySubchannelTransport.TryConnectAsync(ConnectContext context, Int32 attempt)
   --- End of inner exception stack trace ---
   at Grpc.Net.Client.Balancer.Internal.ConnectionManager.PickAsync(PickContext context, Boolean waitForReady, CancellationToken cancellationToken)
   at Grpc.Net.Client.Balancer.Internal.BalancerHttpHandler.SendAsync(HttpRequestMessage request, CancellationToken cancellationToken)
   at Grpc.Net.Client.Internal.GrpcCall`2.RunCall(HttpRequestMessage request, Nullable`1 timeout)
   at Grpc.Net.Client.Internal.GrpcCall`2.GetResponseHeadersCoreAsync()
   at SkyApm.Transport.Grpc.V8.ServiceRegister.<>c__DisplayClass9_0.<<ReportInstancePropertiesAsync>b__0>d.MoveNext()
--- End of stack trace from previous location ---
   at SkyApm.Transport.Grpc.Common.Call.Execute[T](Func`1 task, Func`1 errCallback, Func`1 errMessage)
2026-02-03 10:02:27.263 +08:00 [grpcservice] [Warning] SkyApm.Transport.Grpc.ConnectionManager : Connection state changed. Status(StatusCode="Unavailable", Detail="Error connecting to subchannel.", DebugException="System.Net.Sockets.SocketException: 由于目标计算机积极拒绝，无法连接。")
2026-02-03 10:10:47.959 +08:00 [grpcservice] [Information] SkyApm.InstrumentStartup : Initializing ...
2026-02-03 10:10:48.029 +08:00 [grpcservice] [Information] SkyApm.Service.RegisterService : Loaded instrument service [SkyApm.Service.RegisterService].
2026-02-03 10:10:48.030 +08:00 [grpcservice] [Information] SkyApm.Service.LogReportService : Loaded instrument service [SkyApm.Service.LogReportService].
2026-02-03 10:10:48.030 +08:00 [grpcservice] [Information] SkyApm.Service.PingService : Loaded instrument service [SkyApm.Service.PingService].
2026-02-03 10:10:48.030 +08:00 [grpcservice] [Information] SkyApm.Service.SegmentReportService : Loaded instrument service [SkyApm.Service.SegmentReportService].
2026-02-03 10:10:48.030 +08:00 [grpcservice] [Information] SkyApm.Service.CLRStatsService : Loaded instrument service [SkyApm.Service.CLRStatsService].
2026-02-03 10:10:48.031 +08:00 [grpcservice] [Information] SkyApm.Sampling.SimpleCountSamplingInterceptor : Loaded instrument service [SkyApm.Sampling.SimpleCountSamplingInterceptor].
2026-02-03 10:10:48.031 +08:00 [grpcservice] [Information] SkyApm.Transport.Grpc.ConnectService : Loaded instrument service [SkyApm.Transport.Grpc.ConnectService].
2026-02-03 10:10:48.115 +08:00 [grpcservice] [Information] SkyApm.Transport.Grpc.ConnectionManager : Connected server[127.0.0.1:11800].
2026-02-03 10:10:48.165 +08:00 [grpcservice] [Information] SkyApm.Diagnostics.TracingDiagnosticProcessorObserver : Loaded diagnostic listener [HttpHandlerDiagnosticListener].
2026-02-03 10:10:48.166 +08:00 [grpcservice] [Information] SkyApm.InstrumentStartup : Started SkyAPM .NET Core Agent.
2026-02-03 10:10:48.600 +08:00 [grpcservice] [Information] SkyApm.Diagnostics.TracingDiagnosticProcessorObserver : Loaded diagnostic listener [Grpc.Net.Client].
2026-02-03 10:10:50.717 +08:00 [grpcservice] [Error] SkyApm.Transport.Grpc.V8.ServiceRegister : Report service instance properties fail.
Grpc.Core.RpcException: Status(StatusCode="Unavailable", Detail="Error connecting to subchannel.", DebugException="System.Net.Sockets.SocketException: 由于目标计算机积极拒绝，无法连接。")
 ---> System.Net.Sockets.SocketException (10061): 由于目标计算机积极拒绝，无法连接。
   at System.Net.Sockets.Socket.AwaitableSocketAsyncEventArgs.ThrowException(SocketError error, CancellationToken cancellationToken)
   at System.Net.Sockets.Socket.AwaitableSocketAsyncEventArgs.System.Threading.Tasks.Sources.IValueTaskSource.GetResult(Int16 token)
   at System.Net.Sockets.Socket.<ConnectAsync>g__WaitForConnectWithCancellation|285_0(AwaitableSocketAsyncEventArgs saea, ValueTask connectTask, CancellationToken cancellationToken)
   at Grpc.Net.Client.Balancer.Internal.SocketConnectivitySubchannelTransport.TryConnectAsync(ConnectContext context, Int32 attempt)
   --- End of inner exception stack trace ---
   at Grpc.Net.Client.Balancer.Internal.ConnectionManager.PickAsync(PickContext context, Boolean waitForReady, CancellationToken cancellationToken)
   at Grpc.Net.Client.Balancer.Internal.BalancerHttpHandler.SendAsync(HttpRequestMessage request, CancellationToken cancellationToken)
   at Grpc.Net.Client.Internal.GrpcCall`2.RunCall(HttpRequestMessage request, Nullable`1 timeout)
   at Grpc.Net.Client.Internal.GrpcCall`2.GetResponseHeadersCoreAsync()
   at SkyApm.Transport.Grpc.V8.ServiceRegister.<>c__DisplayClass9_0.<<ReportInstancePropertiesAsync>b__0>d.MoveNext()
--- End of stack trace from previous location ---
   at SkyApm.Transport.Grpc.Common.Call.Execute[T](Func`1 task, Func`1 errCallback, Func`1 errMessage)
2026-02-03 10:10:50.717 +08:00 [grpcservice] [Warning] SkyApm.Transport.Grpc.ConnectionManager : Connection state changed. Status(StatusCode="Unavailable", Detail="Error connecting to subchannel.", DebugException="System.Net.Sockets.SocketException: 由于目标计算机积极拒绝，无法连接。")
2026-02-03 10:11:03.040 +08:00 [grpcservice] [Information] SkyApm.Transport.Grpc.ConnectionManager : Shutdown connection[127.0.0.1:11800].
2026-02-03 10:11:03.040 +08:00 [grpcservice] [Information] SkyApm.Transport.Grpc.ConnectionManager : Connected server[127.0.0.1:11800].
2026-02-03 10:11:24.537 +08:00 [grpcservice] [Error] SkyApm.Transport.Grpc.V8.ServiceRegister : Report service instance properties fail.
Grpc.Core.RpcException: Status(StatusCode="Unavailable", Detail="Error connecting to subchannel.", DebugException="System.Net.Sockets.SocketException: 由于目标计算机积极拒绝，无法连接。")
 ---> System.Net.Sockets.SocketException (10061): 由于目标计算机积极拒绝，无法连接。
   at System.Net.Sockets.Socket.AwaitableSocketAsyncEventArgs.ThrowException(SocketError error, CancellationToken cancellationToken)
   at System.Net.Sockets.Socket.AwaitableSocketAsyncEventArgs.System.Threading.Tasks.Sources.IValueTaskSource.GetResult(Int16 token)
   at System.Net.Sockets.Socket.<ConnectAsync>g__WaitForConnectWithCancellation|285_0(AwaitableSocketAsyncEventArgs saea, ValueTask connectTask, CancellationToken cancellationToken)
   at Grpc.Net.Client.Balancer.Internal.SocketConnectivitySubchannelTransport.TryConnectAsync(ConnectContext context, Int32 attempt)
   --- End of inner exception stack trace ---
   at Grpc.Net.Client.Balancer.Internal.ConnectionManager.PickAsync(PickContext context, Boolean waitForReady, CancellationToken cancellationToken)
   at Grpc.Net.Client.Balancer.Internal.BalancerHttpHandler.SendAsync(HttpRequestMessage request, CancellationToken cancellationToken)
   at Grpc.Net.Client.Internal.GrpcCall`2.RunCall(HttpRequestMessage request, Nullable`1 timeout)
   at Grpc.Net.Client.Internal.GrpcCall`2.GetResponseHeadersCoreAsync()
   at SkyApm.Transport.Grpc.V8.ServiceRegister.<>c__DisplayClass9_0.<<ReportInstancePropertiesAsync>b__0>d.MoveNext()
--- End of stack trace from previous location ---
   at SkyApm.Transport.Grpc.Common.Call.Execute[T](Func`1 task, Func`1 errCallback, Func`1 errMessage)
2026-02-03 10:11:24.537 +08:00 [grpcservice] [Warning] SkyApm.Transport.Grpc.ConnectionManager : Connection state changed. Status(StatusCode="Unavailable", Detail="Error connecting to subchannel.", DebugException="System.Net.Sockets.SocketException: 由于目标计算机积极拒绝，无法连接。")
2026-02-03 10:11:35.535 +08:00 [grpcservice] [Information] SkyApm.Transport.Grpc.ConnectionManager : Shutdown connection[127.0.0.1:11800].
2026-02-03 10:11:35.536 +08:00 [grpcservice] [Information] SkyApm.Transport.Grpc.ConnectionManager : Connected server[127.0.0.1:11800].
2026-02-03 10:11:35.703 +08:00 [grpcservice] [Information] SkyApm.Diagnostics.TracingDiagnosticProcessorObserver : Loaded diagnostic listener [Microsoft.EntityFrameworkCore].
2026-02-03 10:11:55.488 +08:00 [grpcservice] [Error] SkyApm.Transport.Grpc.V8.ServiceRegister : Report service instance properties fail.
Grpc.Core.RpcException: Status(StatusCode="Unavailable", Detail="Error connecting to subchannel.", DebugException="System.Net.Sockets.SocketException: 由于目标计算机积极拒绝，无法连接。")
 ---> System.Net.Sockets.SocketException (10061): 由于目标计算机积极拒绝，无法连接。
   at System.Net.Sockets.Socket.AwaitableSocketAsyncEventArgs.ThrowException(SocketError error, CancellationToken cancellationToken)
   at System.Net.Sockets.Socket.AwaitableSocketAsyncEventArgs.System.Threading.Tasks.Sources.IValueTaskSource.GetResult(Int16 token)
   at System.Net.Sockets.Socket.<ConnectAsync>g__WaitForConnectWithCancellation|285_0(AwaitableSocketAsyncEventArgs saea, ValueTask connectTask, CancellationToken cancellationToken)
   at Grpc.Net.Client.Balancer.Internal.SocketConnectivitySubchannelTransport.TryConnectAsync(ConnectContext context, Int32 attempt)
   --- End of inner exception stack trace ---
   at Grpc.Net.Client.Balancer.Internal.ConnectionManager.PickAsync(PickContext context, Boolean waitForReady, CancellationToken cancellationToken)
   at Grpc.Net.Client.Balancer.Internal.BalancerHttpHandler.SendAsync(HttpRequestMessage request, CancellationToken cancellationToken)
   at Grpc.Net.Client.Internal.GrpcCall`2.RunCall(HttpRequestMessage request, Nullable`1 timeout)
   at Grpc.Net.Client.Internal.GrpcCall`2.GetResponseHeadersCoreAsync()
   at SkyApm.Transport.Grpc.V8.ServiceRegister.<>c__DisplayClass9_0.<<ReportInstancePropertiesAsync>b__0>d.MoveNext()
--- End of stack trace from previous location ---
   at SkyApm.Transport.Grpc.Common.Call.Execute[T](Func`1 task, Func`1 errCallback, Func`1 errMessage)
2026-02-03 10:11:55.488 +08:00 [grpcservice] [Warning] SkyApm.Transport.Grpc.ConnectionManager : Connection state changed. Status(StatusCode="Unavailable", Detail="Error connecting to subchannel.", DebugException="System.Net.Sockets.SocketException: 由于目标计算机积极拒绝，无法连接。")
2026-02-03 10:12:19.434 +08:00 [grpcservice] [Information] SkyApm.Transport.Grpc.ConnectionManager : Shutdown connection[127.0.0.1:11800].
2026-02-03 10:12:19.468 +08:00 [grpcservice] [Information] SkyApm.Transport.Grpc.ConnectionManager : Connected server[127.0.0.1:11800].
2026-02-03 10:12:25.004 +08:00 [grpcservice] [Error] SkyApm.Transport.Grpc.V8.ServiceRegister : Report service instance properties fail.
Grpc.Core.RpcException: Status(StatusCode="Unavailable", Detail="Error connecting to subchannel.", DebugException="System.Net.Sockets.SocketException: 由于目标计算机积极拒绝，无法连接。")
 ---> System.Net.Sockets.SocketException (10061): 由于目标计算机积极拒绝，无法连接。
   at System.Net.Sockets.Socket.AwaitableSocketAsyncEventArgs.ThrowException(SocketError error, CancellationToken cancellationToken)
   at System.Net.Sockets.Socket.AwaitableSocketAsyncEventArgs.System.Threading.Tasks.Sources.IValueTaskSource.GetResult(Int16 token)
   at System.Net.Sockets.Socket.<ConnectAsync>g__WaitForConnectWithCancellation|285_0(AwaitableSocketAsyncEventArgs saea, ValueTask connectTask, CancellationToken cancellationToken)
   at Grpc.Net.Client.Balancer.Internal.SocketConnectivitySubchannelTransport.TryConnectAsync(ConnectContext context, Int32 attempt)
   --- End of inner exception stack trace ---
   at Grpc.Net.Client.Balancer.Internal.ConnectionManager.PickAsync(PickContext context, Boolean waitForReady, CancellationToken cancellationToken)
   at Grpc.Net.Client.Balancer.Internal.BalancerHttpHandler.SendAsync(HttpRequestMessage request, CancellationToken cancellationToken)
   at Grpc.Net.Client.Internal.GrpcCall`2.RunCall(HttpRequestMessage request, Nullable`1 timeout)
   at Grpc.Net.Client.Internal.GrpcCall`2.GetResponseHeadersCoreAsync()
   at SkyApm.Transport.Grpc.V8.ServiceRegister.<>c__DisplayClass9_0.<<ReportInstancePropertiesAsync>b__0>d.MoveNext()
--- End of stack trace from previous location ---
   at SkyApm.Transport.Grpc.Common.Call.Execute[T](Func`1 task, Func`1 errCallback, Func`1 errMessage)
2026-02-03 10:12:25.014 +08:00 [grpcservice] [Warning] SkyApm.Transport.Grpc.ConnectionManager : Connection state changed. Status(StatusCode="Unavailable", Detail="Error connecting to subchannel.", DebugException="System.Net.Sockets.SocketException: 由于目标计算机积极拒绝，无法连接。")
2026-02-03 10:12:34.444 +08:00 [grpcservice] [Information] SkyApm.Transport.Grpc.ConnectionManager : Shutdown connection[127.0.0.1:11800].
2026-02-03 10:12:34.445 +08:00 [grpcservice] [Information] SkyApm.Transport.Grpc.ConnectionManager : Connected server[127.0.0.1:11800].
2026-02-03 10:12:56.597 +08:00 [grpcservice] [Error] SkyApm.Transport.Grpc.V8.ServiceRegister : Report service instance properties fail.
Grpc.Core.RpcException: Status(StatusCode="Unavailable", Detail="Error connecting to subchannel.", DebugException="System.Net.Sockets.SocketException: 由于目标计算机积极拒绝，无法连接。")
 ---> System.Net.Sockets.SocketException (10061): 由于目标计算机积极拒绝，无法连接。
   at System.Net.Sockets.Socket.AwaitableSocketAsyncEventArgs.ThrowException(SocketError error, CancellationToken cancellationToken)
   at System.Net.Sockets.Socket.AwaitableSocketAsyncEventArgs.System.Threading.Tasks.Sources.IValueTaskSource.GetResult(Int16 token)
   at System.Net.Sockets.Socket.<ConnectAsync>g__WaitForConnectWithCancellation|285_0(AwaitableSocketAsyncEventArgs saea, ValueTask connectTask, CancellationToken cancellationToken)
   at Grpc.Net.Client.Balancer.Internal.SocketConnectivitySubchannelTransport.TryConnectAsync(ConnectContext context, Int32 attempt)
   --- End of inner exception stack trace ---
   at Grpc.Net.Client.Balancer.Internal.ConnectionManager.PickAsync(PickContext context, Boolean waitForReady, CancellationToken cancellationToken)
   at Grpc.Net.Client.Balancer.Internal.BalancerHttpHandler.SendAsync(HttpRequestMessage request, CancellationToken cancellationToken)
   at Grpc.Net.Client.Internal.GrpcCall`2.RunCall(HttpRequestMessage request, Nullable`1 timeout)
   at Grpc.Net.Client.Internal.GrpcCall`2.GetResponseHeadersCoreAsync()
   at SkyApm.Transport.Grpc.V8.ServiceRegister.<>c__DisplayClass9_0.<<ReportInstancePropertiesAsync>b__0>d.MoveNext()
--- End of stack trace from previous location ---
   at SkyApm.Transport.Grpc.Common.Call.Execute[T](Func`1 task, Func`1 errCallback, Func`1 errMessage)
2026-02-03 10:12:56.597 +08:00 [grpcservice] [Warning] SkyApm.Transport.Grpc.ConnectionManager : Connection state changed. Status(StatusCode="Unavailable", Detail="Error connecting to subchannel.", DebugException="System.Net.Sockets.SocketException: 由于目标计算机积极拒绝，无法连接。")
2026-02-03 10:13:04.440 +08:00 [grpcservice] [Information] SkyApm.Transport.Grpc.ConnectionManager : Shutdown connection[127.0.0.1:11800].
2026-02-03 10:13:04.440 +08:00 [grpcservice] [Information] SkyApm.Transport.Grpc.ConnectionManager : Connected server[127.0.0.1:11800].
2026-02-03 10:13:21.853 +08:00 [grpcservice] [Error] SkyApm.Transport.Grpc.V8.ServiceRegister : Report service instance properties fail.
Grpc.Core.RpcException: Status(StatusCode="Unavailable", Detail="Error connecting to subchannel.", DebugException="System.Net.Sockets.SocketException: 由于目标计算机积极拒绝，无法连接。")
 ---> System.Net.Sockets.SocketException (10061): 由于目标计算机积极拒绝，无法连接。
   at System.Net.Sockets.Socket.AwaitableSocketAsyncEventArgs.ThrowException(SocketError error, CancellationToken cancellationToken)
   at System.Net.Sockets.Socket.AwaitableSocketAsyncEventArgs.System.Threading.Tasks.Sources.IValueTaskSource.GetResult(Int16 token)
   at System.Net.Sockets.Socket.<ConnectAsync>g__WaitForConnectWithCancellation|285_0(AwaitableSocketAsyncEventArgs saea, ValueTask connectTask, CancellationToken cancellationToken)
   at Grpc.Net.Client.Balancer.Internal.SocketConnectivitySubchannelTransport.TryConnectAsync(ConnectContext context, Int32 attempt)
   --- End of inner exception stack trace ---
   at Grpc.Net.Client.Balancer.Internal.ConnectionManager.PickAsync(PickContext context, Boolean waitForReady, CancellationToken cancellationToken)
   at Grpc.Net.Client.Balancer.Internal.BalancerHttpHandler.SendAsync(HttpRequestMessage request, CancellationToken cancellationToken)
   at Grpc.Net.Client.Internal.GrpcCall`2.RunCall(HttpRequestMessage request, Nullable`1 timeout)
   at Grpc.Net.Client.Internal.GrpcCall`2.GetResponseHeadersCoreAsync()
   at SkyApm.Transport.Grpc.V8.ServiceRegister.<>c__DisplayClass9_0.<<ReportInstancePropertiesAsync>b__0>d.MoveNext()
--- End of stack trace from previous location ---
   at SkyApm.Transport.Grpc.Common.Call.Execute[T](Func`1 task, Func`1 errCallback, Func`1 errMessage)
2026-02-03 10:13:21.853 +08:00 [grpcservice] [Warning] SkyApm.Transport.Grpc.ConnectionManager : Connection state changed. Status(StatusCode="Unavailable", Detail="Error connecting to subchannel.", DebugException="System.Net.Sockets.SocketException: 由于目标计算机积极拒绝，无法连接。")
2026-02-03 10:13:34.671 +08:00 [grpcservice] [Information] SkyApm.Transport.Grpc.ConnectionManager : Shutdown connection[127.0.0.1:11800].
2026-02-03 10:13:34.671 +08:00 [grpcservice] [Information] SkyApm.Transport.Grpc.ConnectionManager : Connected server[127.0.0.1:11800].
2026-02-03 10:14:26.297 +08:00 [grpcservice] [Error] SkyApm.Transport.Grpc.V8.ServiceRegister : Report service instance properties fail.
Grpc.Core.RpcException: Status(StatusCode="Unavailable", Detail="Error connecting to subchannel.", DebugException="System.Net.Sockets.SocketException: 由于目标计算机积极拒绝，无法连接。")
 ---> System.Net.Sockets.SocketException (10061): 由于目标计算机积极拒绝，无法连接。
   at System.Net.Sockets.Socket.AwaitableSocketAsyncEventArgs.ThrowException(SocketError error, CancellationToken cancellationToken)
   at System.Net.Sockets.Socket.AwaitableSocketAsyncEventArgs.System.Threading.Tasks.Sources.IValueTaskSource.GetResult(Int16 token)
   at System.Net.Sockets.Socket.<ConnectAsync>g__WaitForConnectWithCancellation|285_0(AwaitableSocketAsyncEventArgs saea, ValueTask connectTask, CancellationToken cancellationToken)
   at Grpc.Net.Client.Balancer.Internal.SocketConnectivitySubchannelTransport.TryConnectAsync(ConnectContext context, Int32 attempt)
   --- End of inner exception stack trace ---
   at Grpc.Net.Client.Balancer.Internal.ConnectionManager.PickAsync(PickContext context, Boolean waitForReady, CancellationToken cancellationToken)
   at Grpc.Net.Client.Balancer.Internal.BalancerHttpHandler.SendAsync(HttpRequestMessage request, CancellationToken cancellationToken)
   at Grpc.Net.Client.Internal.GrpcCall`2.RunCall(HttpRequestMessage request, Nullable`1 timeout)
   at Grpc.Net.Client.Internal.GrpcCall`2.GetResponseHeadersCoreAsync()
   at SkyApm.Transport.Grpc.V8.ServiceRegister.<>c__DisplayClass9_0.<<ReportInstancePropertiesAsync>b__0>d.MoveNext()
--- End of stack trace from previous location ---
   at SkyApm.Transport.Grpc.Common.Call.Execute[T](Func`1 task, Func`1 errCallback, Func`1 errMessage)
2026-02-03 10:14:26.298 +08:00 [grpcservice] [Warning] SkyApm.Transport.Grpc.ConnectionManager : Connection state changed. Status(StatusCode="Unavailable", Detail="Error connecting to subchannel.", DebugException="System.Net.Sockets.SocketException: 由于目标计算机积极拒绝，无法连接。")
2026-02-03 10:14:26.301 +08:00 [grpcservice] [Error] SkyApm.Transport.Grpc.V8.ServiceRegister : Report service instance properties fail.
Grpc.Core.RpcException: Status(StatusCode="Unavailable", Detail="Error connecting to subchannel.", DebugException="System.Net.Sockets.SocketException: 由于目标计算机积极拒绝，无法连接。")
 ---> System.Net.Sockets.SocketException (10061): 由于目标计算机积极拒绝，无法连接。
   at System.Net.Sockets.Socket.AwaitableSocketAsyncEventArgs.ThrowException(SocketError error, CancellationToken cancellationToken)
   at System.Net.Sockets.Socket.AwaitableSocketAsyncEventArgs.System.Threading.Tasks.Sources.IValueTaskSource.GetResult(Int16 token)
   at System.Net.Sockets.Socket.<ConnectAsync>g__WaitForConnectWithCancellation|285_0(AwaitableSocketAsyncEventArgs saea, ValueTask connectTask, CancellationToken cancellationToken)
   at Grpc.Net.Client.Balancer.Internal.SocketConnectivitySubchannelTransport.TryConnectAsync(ConnectContext context, Int32 attempt)
   --- End of inner exception stack trace ---
   at Grpc.Net.Client.Balancer.Internal.ConnectionManager.PickAsync(PickContext context, Boolean waitForReady, CancellationToken cancellationToken)
   at Grpc.Net.Client.Balancer.Internal.BalancerHttpHandler.SendAsync(HttpRequestMessage request, CancellationToken cancellationToken)
   at Grpc.Net.Client.Internal.GrpcCall`2.RunCall(HttpRequestMessage request, Nullable`1 timeout)
   at SkyApm.Transport.Grpc.V8.ServiceRegister.<>c__DisplayClass9_0.<<ReportInstancePropertiesAsync>b__0>d.MoveNext()
--- End of stack trace from previous location ---
   at SkyApm.Transport.Grpc.Common.Call.Execute[T](Func`1 task, Func`1 errCallback, Func`1 errMessage)
2026-02-03 10:14:44.434 +08:00 [grpcservice] [Information] SkyApm.Transport.Grpc.ConnectionManager : Shutdown connection[127.0.0.1:11800].
2026-02-03 10:14:44.435 +08:00 [grpcservice] [Information] SkyApm.Transport.Grpc.ConnectionManager : Connected server[127.0.0.1:11800].
2026-02-03 10:14:50.071 +08:00 [grpcservice] [Error] SkyApm.Transport.Grpc.V8.ServiceRegister : Report service instance properties fail.
Grpc.Core.RpcException: Status(StatusCode="Unavailable", Detail="Error connecting to subchannel.", DebugException="System.Net.Sockets.SocketException: 由于目标计算机积极拒绝，无法连接。")
 ---> System.Net.Sockets.SocketException (10061): 由于目标计算机积极拒绝，无法连接。
   at System.Net.Sockets.Socket.AwaitableSocketAsyncEventArgs.ThrowException(SocketError error, CancellationToken cancellationToken)
   at System.Net.Sockets.Socket.AwaitableSocketAsyncEventArgs.System.Threading.Tasks.Sources.IValueTaskSource.GetResult(Int16 token)
   at System.Net.Sockets.Socket.<ConnectAsync>g__WaitForConnectWithCancellation|285_0(AwaitableSocketAsyncEventArgs saea, ValueTask connectTask, CancellationToken cancellationToken)
   at Grpc.Net.Client.Balancer.Internal.SocketConnectivitySubchannelTransport.TryConnectAsync(ConnectContext context, Int32 attempt)
   --- End of inner exception stack trace ---
   at Grpc.Net.Client.Balancer.Internal.ConnectionManager.PickAsync(PickContext context, Boolean waitForReady, CancellationToken cancellationToken)
   at Grpc.Net.Client.Balancer.Internal.BalancerHttpHandler.SendAsync(HttpRequestMessage request, CancellationToken cancellationToken)
   at Grpc.Net.Client.Internal.GrpcCall`2.RunCall(HttpRequestMessage request, Nullable`1 timeout)
   at Grpc.Net.Client.Internal.GrpcCall`2.GetResponseHeadersCoreAsync()
   at SkyApm.Transport.Grpc.V8.ServiceRegister.<>c__DisplayClass9_0.<<ReportInstancePropertiesAsync>b__0>d.MoveNext()
--- End of stack trace from previous location ---
   at SkyApm.Transport.Grpc.Common.Call.Execute[T](Func`1 task, Func`1 errCallback, Func`1 errMessage)
2026-02-03 10:14:50.071 +08:00 [grpcservice] [Warning] SkyApm.Transport.Grpc.ConnectionManager : Connection state changed. Status(StatusCode="Unavailable", Detail="Error connecting to subchannel.", DebugException="System.Net.Sockets.SocketException: 由于目标计算机积极拒绝，无法连接。")
2026-02-03 10:14:56.221 +08:00 [grpcservice] [Information] SkyApm.Transport.Grpc.ConnectionManager : Shutdown connection[127.0.0.1:11800].
2026-02-03 10:14:56.222 +08:00 [grpcservice] [Information] SkyApm.Transport.Grpc.ConnectionManager : Connected server[127.0.0.1:11800].
2026-02-03 10:15:20.075 +08:00 [grpcservice] [Error] SkyApm.Transport.Grpc.V8.ServiceRegister : Report service instance properties fail.
Grpc.Core.RpcException: Status(StatusCode="Unavailable", Detail="Error connecting to subchannel.", DebugException="System.Net.Sockets.SocketException: 由于目标计算机积极拒绝，无法连接。")
 ---> System.Net.Sockets.SocketException (10061): 由于目标计算机积极拒绝，无法连接。
   at System.Net.Sockets.Socket.AwaitableSocketAsyncEventArgs.System.Threading.Tasks.Sources.IValueTaskSource.GetResult(Int16 token)
   at System.Net.Sockets.Socket.<ConnectAsync>g__WaitForConnectWithCancellation|285_0(AwaitableSocketAsyncEventArgs saea, ValueTask connectTask, CancellationToken cancellationToken)
   at Grpc.Net.Client.Balancer.Internal.SocketConnectivitySubchannelTransport.TryConnectAsync(ConnectContext context, Int32 attempt)
   --- End of inner exception stack trace ---
   at Grpc.Net.Client.Balancer.Internal.ConnectionManager.PickAsync(PickContext context, Boolean waitForReady, CancellationToken cancellationToken)
   at Grpc.Net.Client.Balancer.Internal.BalancerHttpHandler.SendAsync(HttpRequestMessage request, CancellationToken cancellationToken)
   at Grpc.Net.Client.Internal.GrpcCall`2.RunCall(HttpRequestMessage request, Nullable`1 timeout)
   at Grpc.Net.Client.Internal.GrpcCall`2.GetResponseHeadersCoreAsync()
   at SkyApm.Transport.Grpc.V8.ServiceRegister.<>c__DisplayClass9_0.<<ReportInstancePropertiesAsync>b__0>d.MoveNext()
--- End of stack trace from previous location ---
   at SkyApm.Transport.Grpc.Common.Call.Execute[T](Func`1 task, Func`1 errCallback, Func`1 errMessage)
2026-02-03 10:15:20.075 +08:00 [grpcservice] [Warning] SkyApm.Transport.Grpc.ConnectionManager : Connection state changed. Status(StatusCode="Unavailable", Detail="Error connecting to subchannel.", DebugException="System.Net.Sockets.SocketException: 由于目标计算机积极拒绝，无法连接。")
2026-02-03 10:15:26.813 +08:00 [grpcservice] [Information] SkyApm.Transport.Grpc.ConnectionManager : Shutdown connection[127.0.0.1:11800].
2026-02-03 10:15:26.814 +08:00 [grpcservice] [Information] SkyApm.Transport.Grpc.ConnectionManager : Connected server[127.0.0.1:11800].
2026-02-03 10:15:50.069 +08:00 [grpcservice] [Error] SkyApm.Transport.Grpc.V8.ServiceRegister : Report service instance properties fail.
Grpc.Core.RpcException: Status(StatusCode="Unavailable", Detail="Error connecting to subchannel.", DebugException="System.Net.Sockets.SocketException: 由于目标计算机积极拒绝，无法连接。")
 ---> System.Net.Sockets.SocketException (10061): 由于目标计算机积极拒绝，无法连接。
   at System.Net.Sockets.Socket.AwaitableSocketAsyncEventArgs.System.Threading.Tasks.Sources.IValueTaskSource.GetResult(Int16 token)
   at System.Net.Sockets.Socket.<ConnectAsync>g__WaitForConnectWithCancellation|285_0(AwaitableSocketAsyncEventArgs saea, ValueTask connectTask, CancellationToken cancellationToken)
   at Grpc.Net.Client.Balancer.Internal.SocketConnectivitySubchannelTransport.TryConnectAsync(ConnectContext context, Int32 attempt)
   --- End of inner exception stack trace ---
   at Grpc.Net.Client.Balancer.Internal.ConnectionManager.PickAsync(PickContext context, Boolean waitForReady, CancellationToken cancellationToken)
   at Grpc.Net.Client.Balancer.Internal.BalancerHttpHandler.SendAsync(HttpRequestMessage request, CancellationToken cancellationToken)
   at Grpc.Net.Client.Internal.GrpcCall`2.RunCall(HttpRequestMessage request, Nullable`1 timeout)
   at Grpc.Net.Client.Internal.GrpcCall`2.GetResponseHeadersCoreAsync()
   at SkyApm.Transport.Grpc.V8.ServiceRegister.<>c__DisplayClass9_0.<<ReportInstancePropertiesAsync>b__0>d.MoveNext()
--- End of stack trace from previous location ---
   at SkyApm.Transport.Grpc.Common.Call.Execute[T](Func`1 task, Func`1 errCallback, Func`1 errMessage)
2026-02-03 10:15:50.069 +08:00 [grpcservice] [Warning] SkyApm.Transport.Grpc.ConnectionManager : Connection state changed. Status(StatusCode="Unavailable", Detail="Error connecting to subchannel.", DebugException="System.Net.Sockets.SocketException: 由于目标计算机积极拒绝，无法连接。")
2026-02-03 10:15:56.209 +08:00 [grpcservice] [Information] SkyApm.Transport.Grpc.ConnectionManager : Shutdown connection[127.0.0.1:11800].
2026-02-03 10:15:56.210 +08:00 [grpcservice] [Information] SkyApm.Transport.Grpc.ConnectionManager : Connected server[127.0.0.1:11800].
2026-02-03 10:16:20.068 +08:00 [grpcservice] [Error] SkyApm.Transport.Grpc.V8.ServiceRegister : Report service instance properties fail.
Grpc.Core.RpcException: Status(StatusCode="Unavailable", Detail="Error connecting to subchannel.", DebugException="System.Net.Sockets.SocketException: 由于目标计算机积极拒绝，无法连接。")
 ---> System.Net.Sockets.SocketException (10061): 由于目标计算机积极拒绝，无法连接。
   at System.Net.Sockets.Socket.AwaitableSocketAsyncEventArgs.System.Threading.Tasks.Sources.IValueTaskSource.GetResult(Int16 token)
   at System.Net.Sockets.Socket.<ConnectAsync>g__WaitForConnectWithCancellation|285_0(AwaitableSocketAsyncEventArgs saea, ValueTask connectTask, CancellationToken cancellationToken)
   at Grpc.Net.Client.Balancer.Internal.SocketConnectivitySubchannelTransport.TryConnectAsync(ConnectContext context, Int32 attempt)
   --- End of inner exception stack trace ---
   at Grpc.Net.Client.Balancer.Internal.ConnectionManager.PickAsync(PickContext context, Boolean waitForReady, CancellationToken cancellationToken)
   at Grpc.Net.Client.Balancer.Internal.BalancerHttpHandler.SendAsync(HttpRequestMessage request, CancellationToken cancellationToken)
   at Grpc.Net.Client.Internal.GrpcCall`2.RunCall(HttpRequestMessage request, Nullable`1 timeout)
   at Grpc.Net.Client.Internal.GrpcCall`2.GetResponseHeadersCoreAsync()
   at SkyApm.Transport.Grpc.V8.ServiceRegister.<>c__DisplayClass9_0.<<ReportInstancePropertiesAsync>b__0>d.MoveNext()
--- End of stack trace from previous location ---
   at SkyApm.Transport.Grpc.Common.Call.Execute[T](Func`1 task, Func`1 errCallback, Func`1 errMessage)
2026-02-03 10:16:20.068 +08:00 [grpcservice] [Warning] SkyApm.Transport.Grpc.ConnectionManager : Connection state changed. Status(StatusCode="Unavailable", Detail="Error connecting to subchannel.", DebugException="System.Net.Sockets.SocketException: 由于目标计算机积极拒绝，无法连接。")
2026-02-03 10:16:26.222 +08:00 [grpcservice] [Information] SkyApm.Transport.Grpc.ConnectionManager : Shutdown connection[127.0.0.1:11800].
2026-02-03 10:16:26.222 +08:00 [grpcservice] [Information] SkyApm.Transport.Grpc.ConnectionManager : Connected server[127.0.0.1:11800].
2026-02-03 10:16:50.087 +08:00 [grpcservice] [Error] SkyApm.Transport.Grpc.V8.ServiceRegister : Report service instance properties fail.
Grpc.Core.RpcException: Status(StatusCode="Unavailable", Detail="Error connecting to subchannel.", DebugException="System.Net.Sockets.SocketException: 由于目标计算机积极拒绝，无法连接。")
 ---> System.Net.Sockets.SocketException (10061): 由于目标计算机积极拒绝，无法连接。
   at System.Net.Sockets.Socket.AwaitableSocketAsyncEventArgs.System.Threading.Tasks.Sources.IValueTaskSource.GetResult(Int16 token)
   at System.Net.Sockets.Socket.<ConnectAsync>g__WaitForConnectWithCancellation|285_0(AwaitableSocketAsyncEventArgs saea, ValueTask connectTask, CancellationToken cancellationToken)
   at Grpc.Net.Client.Balancer.Internal.SocketConnectivitySubchannelTransport.TryConnectAsync(ConnectContext context, Int32 attempt)
   --- End of inner exception stack trace ---
   at Grpc.Net.Client.Balancer.Internal.ConnectionManager.PickAsync(PickContext context, Boolean waitForReady, CancellationToken cancellationToken)
   at Grpc.Net.Client.Balancer.Internal.BalancerHttpHandler.SendAsync(HttpRequestMessage request, CancellationToken cancellationToken)
   at Grpc.Net.Client.Internal.GrpcCall`2.RunCall(HttpRequestMessage request, Nullable`1 timeout)
   at Grpc.Net.Client.Internal.GrpcCall`2.GetResponseHeadersCoreAsync()
   at SkyApm.Transport.Grpc.V8.ServiceRegister.<>c__DisplayClass9_0.<<ReportInstancePropertiesAsync>b__0>d.MoveNext()
--- End of stack trace from previous location ---
   at SkyApm.Transport.Grpc.Common.Call.Execute[T](Func`1 task, Func`1 errCallback, Func`1 errMessage)
2026-02-03 10:16:50.087 +08:00 [grpcservice] [Warning] SkyApm.Transport.Grpc.ConnectionManager : Connection state changed. Status(StatusCode="Unavailable", Detail="Error connecting to subchannel.", DebugException="System.Net.Sockets.SocketException: 由于目标计算机积极拒绝，无法连接。")
2026-02-03 10:16:56.221 +08:00 [grpcservice] [Information] SkyApm.Transport.Grpc.ConnectionManager : Shutdown connection[127.0.0.1:11800].
2026-02-03 10:16:56.221 +08:00 [grpcservice] [Information] SkyApm.Transport.Grpc.ConnectionManager : Connected server[127.0.0.1:11800].
2026-02-03 10:17:20.077 +08:00 [grpcservice] [Error] SkyApm.Transport.Grpc.V8.ServiceRegister : Report service instance properties fail.
Grpc.Core.RpcException: Status(StatusCode="Unavailable", Detail="Error connecting to subchannel.", DebugException="System.Net.Sockets.SocketException: 由于目标计算机积极拒绝，无法连接。")
 ---> System.Net.Sockets.SocketException (10061): 由于目标计算机积极拒绝，无法连接。
   at System.Net.Sockets.Socket.AwaitableSocketAsyncEventArgs.System.Threading.Tasks.Sources.IValueTaskSource.GetResult(Int16 token)
   at System.Net.Sockets.Socket.<ConnectAsync>g__WaitForConnectWithCancellation|285_0(AwaitableSocketAsyncEventArgs saea, ValueTask connectTask, CancellationToken cancellationToken)
   at Grpc.Net.Client.Balancer.Internal.SocketConnectivitySubchannelTransport.TryConnectAsync(ConnectContext context, Int32 attempt)
   --- End of inner exception stack trace ---
   at Grpc.Net.Client.Balancer.Internal.ConnectionManager.PickAsync(PickContext context, Boolean waitForReady, CancellationToken cancellationToken)
   at Grpc.Net.Client.Balancer.Internal.BalancerHttpHandler.SendAsync(HttpRequestMessage request, CancellationToken cancellationToken)
   at Grpc.Net.Client.Internal.GrpcCall`2.RunCall(HttpRequestMessage request, Nullable`1 timeout)
   at Grpc.Net.Client.Internal.GrpcCall`2.GetResponseHeadersCoreAsync()
   at SkyApm.Transport.Grpc.V8.ServiceRegister.<>c__DisplayClass9_0.<<ReportInstancePropertiesAsync>b__0>d.MoveNext()
--- End of stack trace from previous location ---
   at SkyApm.Transport.Grpc.Common.Call.Execute[T](Func`1 task, Func`1 errCallback, Func`1 errMessage)
2026-02-03 10:17:20.077 +08:00 [grpcservice] [Warning] SkyApm.Transport.Grpc.ConnectionManager : Connection state changed. Status(StatusCode="Unavailable", Detail="Error connecting to subchannel.", DebugException="System.Net.Sockets.SocketException: 由于目标计算机积极拒绝，无法连接。")
2026-02-03 10:17:26.222 +08:00 [grpcservice] [Information] SkyApm.Transport.Grpc.ConnectionManager : Shutdown connection[127.0.0.1:11800].
2026-02-03 10:17:26.222 +08:00 [grpcservice] [Information] SkyApm.Transport.Grpc.ConnectionManager : Connected server[127.0.0.1:11800].
2026-02-03 10:17:56.354 +08:00 [grpcservice] [Error] SkyApm.Transport.Grpc.V8.ServiceRegister : Report service instance properties fail.
Grpc.Core.RpcException: Status(StatusCode="Unavailable", Detail="Error connecting to subchannel.", DebugException="System.Net.Sockets.SocketException: 由于目标计算机积极拒绝，无法连接。")
 ---> System.Net.Sockets.SocketException (10061): 由于目标计算机积极拒绝，无法连接。
   at System.Net.Sockets.Socket.AwaitableSocketAsyncEventArgs.System.Threading.Tasks.Sources.IValueTaskSource.GetResult(Int16 token)
   at System.Net.Sockets.Socket.<ConnectAsync>g__WaitForConnectWithCancellation|285_0(AwaitableSocketAsyncEventArgs saea, ValueTask connectTask, CancellationToken cancellationToken)
   at Grpc.Net.Client.Balancer.Internal.SocketConnectivitySubchannelTransport.TryConnectAsync(ConnectContext context, Int32 attempt)
   --- End of inner exception stack trace ---
   at Grpc.Net.Client.Balancer.Internal.ConnectionManager.PickAsync(PickContext context, Boolean waitForReady, CancellationToken cancellationToken)
   at Grpc.Net.Client.Balancer.Internal.BalancerHttpHandler.SendAsync(HttpRequestMessage request, CancellationToken cancellationToken)
   at Grpc.Net.Client.Internal.GrpcCall`2.RunCall(HttpRequestMessage request, Nullable`1 timeout)
   at Grpc.Net.Client.Internal.GrpcCall`2.GetResponseHeadersCoreAsync()
   at SkyApm.Transport.Grpc.V8.ServiceRegister.<>c__DisplayClass9_0.<<ReportInstancePropertiesAsync>b__0>d.MoveNext()
--- End of stack trace from previous location ---
   at SkyApm.Transport.Grpc.Common.Call.Execute[T](Func`1 task, Func`1 errCallback, Func`1 errMessage)
2026-02-03 10:17:56.354 +08:00 [grpcservice] [Warning] SkyApm.Transport.Grpc.ConnectionManager : Connection state changed. Status(StatusCode="Unavailable", Detail="Error connecting to subchannel.", DebugException="System.Net.Sockets.SocketException: 由于目标计算机积极拒绝，无法连接。")
2026-02-03 10:18:11.212 +08:00 [grpcservice] [Information] SkyApm.Transport.Grpc.ConnectionManager : Shutdown connection[127.0.0.1:11800].
2026-02-03 10:18:11.213 +08:00 [grpcservice] [Information] SkyApm.Transport.Grpc.ConnectionManager : Connected server[127.0.0.1:11800].
2026-02-03 10:18:20.088 +08:00 [grpcservice] [Error] SkyApm.Transport.Grpc.V8.ServiceRegister : Report service instance properties fail.
Grpc.Core.RpcException: Status(StatusCode="Unavailable", Detail="Error connecting to subchannel.", DebugException="System.Net.Sockets.SocketException: 由于目标计算机积极拒绝，无法连接。")
 ---> System.Net.Sockets.SocketException (10061): 由于目标计算机积极拒绝，无法连接。
   at System.Net.Sockets.Socket.AwaitableSocketAsyncEventArgs.System.Threading.Tasks.Sources.IValueTaskSource.GetResult(Int16 token)
   at System.Net.Sockets.Socket.<ConnectAsync>g__WaitForConnectWithCancellation|285_0(AwaitableSocketAsyncEventArgs saea, ValueTask connectTask, CancellationToken cancellationToken)
   at Grpc.Net.Client.Balancer.Internal.SocketConnectivitySubchannelTransport.TryConnectAsync(ConnectContext context, Int32 attempt)
   --- End of inner exception stack trace ---
   at Grpc.Net.Client.Balancer.Internal.ConnectionManager.PickAsync(PickContext context, Boolean waitForReady, CancellationToken cancellationToken)
   at Grpc.Net.Client.Balancer.Internal.BalancerHttpHandler.SendAsync(HttpRequestMessage request, CancellationToken cancellationToken)
   at Grpc.Net.Client.Internal.GrpcCall`2.RunCall(HttpRequestMessage request, Nullable`1 timeout)
   at Grpc.Net.Client.Internal.GrpcCall`2.GetResponseHeadersCoreAsync()
   at SkyApm.Transport.Grpc.V8.ServiceRegister.<>c__DisplayClass9_0.<<ReportInstancePropertiesAsync>b__0>d.MoveNext()
--- End of stack trace from previous location ---
   at SkyApm.Transport.Grpc.Common.Call.Execute[T](Func`1 task, Func`1 errCallback, Func`1 errMessage)
2026-02-03 10:18:20.088 +08:00 [grpcservice] [Warning] SkyApm.Transport.Grpc.ConnectionManager : Connection state changed. Status(StatusCode="Unavailable", Detail="Error connecting to subchannel.", DebugException="System.Net.Sockets.SocketException: 由于目标计算机积极拒绝，无法连接。")
2026-02-03 10:18:26.215 +08:00 [grpcservice] [Information] SkyApm.Transport.Grpc.ConnectionManager : Shutdown connection[127.0.0.1:11800].
2026-02-03 10:18:26.216 +08:00 [grpcservice] [Information] SkyApm.Transport.Grpc.ConnectionManager : Connected server[127.0.0.1:11800].
2026-02-03 10:18:50.080 +08:00 [grpcservice] [Error] SkyApm.Transport.Grpc.V8.ServiceRegister : Report service instance properties fail.
Grpc.Core.RpcException: Status(StatusCode="Unavailable", Detail="Error connecting to subchannel.", DebugException="System.Net.Sockets.SocketException: 由于目标计算机积极拒绝，无法连接。")
 ---> System.Net.Sockets.SocketException (10061): 由于目标计算机积极拒绝，无法连接。
   at System.Net.Sockets.Socket.AwaitableSocketAsyncEventArgs.System.Threading.Tasks.Sources.IValueTaskSource.GetResult(Int16 token)
   at System.Net.Sockets.Socket.<ConnectAsync>g__WaitForConnectWithCancellation|285_0(AwaitableSocketAsyncEventArgs saea, ValueTask connectTask, CancellationToken cancellationToken)
   at Grpc.Net.Client.Balancer.Internal.SocketConnectivitySubchannelTransport.TryConnectAsync(ConnectContext context, Int32 attempt)
   --- End of inner exception stack trace ---
   at Grpc.Net.Client.Balancer.Internal.ConnectionManager.PickAsync(PickContext context, Boolean waitForReady, CancellationToken cancellationToken)
   at Grpc.Net.Client.Balancer.Internal.BalancerHttpHandler.SendAsync(HttpRequestMessage request, CancellationToken cancellationToken)
   at Grpc.Net.Client.Internal.GrpcCall`2.RunCall(HttpRequestMessage request, Nullable`1 timeout)
   at Grpc.Net.Client.Internal.GrpcCall`2.GetResponseHeadersCoreAsync()
   at SkyApm.Transport.Grpc.V8.ServiceRegister.<>c__DisplayClass9_0.<<ReportInstancePropertiesAsync>b__0>d.MoveNext()
--- End of stack trace from previous location ---
   at SkyApm.Transport.Grpc.Common.Call.Execute[T](Func`1 task, Func`1 errCallback, Func`1 errMessage)
2026-02-03 10:18:50.080 +08:00 [grpcservice] [Warning] SkyApm.Transport.Grpc.ConnectionManager : Connection state changed. Status(StatusCode="Unavailable", Detail="Error connecting to subchannel.", DebugException="System.Net.Sockets.SocketException: 由于目标计算机积极拒绝，无法连接。")
2026-02-03 10:18:56.209 +08:00 [grpcservice] [Information] SkyApm.Transport.Grpc.ConnectionManager : Shutdown connection[127.0.0.1:11800].
2026-02-03 10:18:56.210 +08:00 [grpcservice] [Information] SkyApm.Transport.Grpc.ConnectionManager : Connected server[127.0.0.1:11800].
2026-02-03 10:19:20.070 +08:00 [grpcservice] [Error] SkyApm.Transport.Grpc.V8.ServiceRegister : Report service instance properties fail.
Grpc.Core.RpcException: Status(StatusCode="Unavailable", Detail="Error connecting to subchannel.", DebugException="System.Net.Sockets.SocketException: 由于目标计算机积极拒绝，无法连接。")
 ---> System.Net.Sockets.SocketException (10061): 由于目标计算机积极拒绝，无法连接。
   at System.Net.Sockets.Socket.AwaitableSocketAsyncEventArgs.System.Threading.Tasks.Sources.IValueTaskSource.GetResult(Int16 token)
   at System.Net.Sockets.Socket.<ConnectAsync>g__WaitForConnectWithCancellation|285_0(AwaitableSocketAsyncEventArgs saea, ValueTask connectTask, CancellationToken cancellationToken)
   at Grpc.Net.Client.Balancer.Internal.SocketConnectivitySubchannelTransport.TryConnectAsync(ConnectContext context, Int32 attempt)
   --- End of inner exception stack trace ---
   at Grpc.Net.Client.Balancer.Internal.ConnectionManager.PickAsync(PickContext context, Boolean waitForReady, CancellationToken cancellationToken)
   at Grpc.Net.Client.Balancer.Internal.BalancerHttpHandler.SendAsync(HttpRequestMessage request, CancellationToken cancellationToken)
   at Grpc.Net.Client.Internal.GrpcCall`2.RunCall(HttpRequestMessage request, Nullable`1 timeout)
   at Grpc.Net.Client.Internal.GrpcCall`2.GetResponseHeadersCoreAsync()
   at SkyApm.Transport.Grpc.V8.ServiceRegister.<>c__DisplayClass9_0.<<ReportInstancePropertiesAsync>b__0>d.MoveNext()
--- End of stack trace from previous location ---
   at SkyApm.Transport.Grpc.Common.Call.Execute[T](Func`1 task, Func`1 errCallback, Func`1 errMessage)
2026-02-03 10:19:20.070 +08:00 [grpcservice] [Warning] SkyApm.Transport.Grpc.ConnectionManager : Connection state changed. Status(StatusCode="Unavailable", Detail="Error connecting to subchannel.", DebugException="System.Net.Sockets.SocketException: 由于目标计算机积极拒绝，无法连接。")
2026-02-03 10:19:26.221 +08:00 [grpcservice] [Information] SkyApm.Transport.Grpc.ConnectionManager : Shutdown connection[127.0.0.1:11800].
2026-02-03 10:19:26.221 +08:00 [grpcservice] [Information] SkyApm.Transport.Grpc.ConnectionManager : Connected server[127.0.0.1:11800].
2026-02-03 10:19:50.092 +08:00 [grpcservice] [Error] SkyApm.Transport.Grpc.V8.ServiceRegister : Report service instance properties fail.
Grpc.Core.RpcException: Status(StatusCode="Unavailable", Detail="Error connecting to subchannel.", DebugException="System.Net.Sockets.SocketException: 由于目标计算机积极拒绝，无法连接。")
 ---> System.Net.Sockets.SocketException (10061): 由于目标计算机积极拒绝，无法连接。
   at System.Net.Sockets.Socket.AwaitableSocketAsyncEventArgs.System.Threading.Tasks.Sources.IValueTaskSource.GetResult(Int16 token)
   at System.Net.Sockets.Socket.<ConnectAsync>g__WaitForConnectWithCancellation|285_0(AwaitableSocketAsyncEventArgs saea, ValueTask connectTask, CancellationToken cancellationToken)
   at Grpc.Net.Client.Balancer.Internal.SocketConnectivitySubchannelTransport.TryConnectAsync(ConnectContext context, Int32 attempt)
   --- End of inner exception stack trace ---
   at Grpc.Net.Client.Balancer.Internal.ConnectionManager.PickAsync(PickContext context, Boolean waitForReady, CancellationToken cancellationToken)
   at Grpc.Net.Client.Balancer.Internal.BalancerHttpHandler.SendAsync(HttpRequestMessage request, CancellationToken cancellationToken)
   at Grpc.Net.Client.Internal.GrpcCall`2.RunCall(HttpRequestMessage request, Nullable`1 timeout)
   at Grpc.Net.Client.Internal.GrpcCall`2.GetResponseHeadersCoreAsync()
   at SkyApm.Transport.Grpc.V8.ServiceRegister.<>c__DisplayClass9_0.<<ReportInstancePropertiesAsync>b__0>d.MoveNext()
--- End of stack trace from previous location ---
   at SkyApm.Transport.Grpc.Common.Call.Execute[T](Func`1 task, Func`1 errCallback, Func`1 errMessage)
2026-02-03 10:19:50.092 +08:00 [grpcservice] [Warning] SkyApm.Transport.Grpc.ConnectionManager : Connection state changed. Status(StatusCode="Unavailable", Detail="Error connecting to subchannel.", DebugException="System.Net.Sockets.SocketException: 由于目标计算机积极拒绝，无法连接。")
2026-02-03 10:19:56.213 +08:00 [grpcservice] [Information] SkyApm.Transport.Grpc.ConnectionManager : Shutdown connection[127.0.0.1:11800].
2026-02-03 10:19:56.213 +08:00 [grpcservice] [Information] SkyApm.Transport.Grpc.ConnectionManager : Connected server[127.0.0.1:11800].
2026-02-03 10:20:20.096 +08:00 [grpcservice] [Error] SkyApm.Transport.Grpc.V8.ServiceRegister : Report service instance properties fail.
Grpc.Core.RpcException: Status(StatusCode="Unavailable", Detail="Error connecting to subchannel.", DebugException="System.Net.Sockets.SocketException: 由于目标计算机积极拒绝，无法连接。")
 ---> System.Net.Sockets.SocketException (10061): 由于目标计算机积极拒绝，无法连接。
   at System.Net.Sockets.Socket.AwaitableSocketAsyncEventArgs.System.Threading.Tasks.Sources.IValueTaskSource.GetResult(Int16 token)
   at System.Net.Sockets.Socket.<ConnectAsync>g__WaitForConnectWithCancellation|285_0(AwaitableSocketAsyncEventArgs saea, ValueTask connectTask, CancellationToken cancellationToken)
   at Grpc.Net.Client.Balancer.Internal.SocketConnectivitySubchannelTransport.TryConnectAsync(ConnectContext context, Int32 attempt)
   --- End of inner exception stack trace ---
   at Grpc.Net.Client.Balancer.Internal.ConnectionManager.PickAsync(PickContext context, Boolean waitForReady, CancellationToken cancellationToken)
   at Grpc.Net.Client.Balancer.Internal.BalancerHttpHandler.SendAsync(HttpRequestMessage request, CancellationToken cancellationToken)
   at Grpc.Net.Client.Internal.GrpcCall`2.RunCall(HttpRequestMessage request, Nullable`1 timeout)
   at Grpc.Net.Client.Internal.GrpcCall`2.GetResponseHeadersCoreAsync()
   at SkyApm.Transport.Grpc.V8.ServiceRegister.<>c__DisplayClass9_0.<<ReportInstancePropertiesAsync>b__0>d.MoveNext()
--- End of stack trace from previous location ---
   at SkyApm.Transport.Grpc.Common.Call.Execute[T](Func`1 task, Func`1 errCallback, Func`1 errMessage)
2026-02-03 10:20:20.096 +08:00 [grpcservice] [Warning] SkyApm.Transport.Grpc.ConnectionManager : Connection state changed. Status(StatusCode="Unavailable", Detail="Error connecting to subchannel.", DebugException="System.Net.Sockets.SocketException: 由于目标计算机积极拒绝，无法连接。")
2026-02-03 10:20:26.211 +08:00 [grpcservice] [Information] SkyApm.Transport.Grpc.ConnectionManager : Shutdown connection[127.0.0.1:11800].
2026-02-03 10:20:26.211 +08:00 [grpcservice] [Information] SkyApm.Transport.Grpc.ConnectionManager : Connected server[127.0.0.1:11800].
2026-02-03 10:20:50.073 +08:00 [grpcservice] [Error] SkyApm.Transport.Grpc.V8.ServiceRegister : Report service instance properties fail.
Grpc.Core.RpcException: Status(StatusCode="Unavailable", Detail="Error connecting to subchannel.", DebugException="System.Net.Sockets.SocketException: 由于目标计算机积极拒绝，无法连接。")
 ---> System.Net.Sockets.SocketException (10061): 由于目标计算机积极拒绝，无法连接。
   at System.Net.Sockets.Socket.AwaitableSocketAsyncEventArgs.System.Threading.Tasks.Sources.IValueTaskSource.GetResult(Int16 token)
   at System.Net.Sockets.Socket.<ConnectAsync>g__WaitForConnectWithCancellation|285_0(AwaitableSocketAsyncEventArgs saea, ValueTask connectTask, CancellationToken cancellationToken)
   at Grpc.Net.Client.Balancer.Internal.SocketConnectivitySubchannelTransport.TryConnectAsync(ConnectContext context, Int32 attempt)
   --- End of inner exception stack trace ---
   at Grpc.Net.Client.Balancer.Internal.ConnectionManager.PickAsync(PickContext context, Boolean waitForReady, CancellationToken cancellationToken)
   at Grpc.Net.Client.Balancer.Internal.BalancerHttpHandler.SendAsync(HttpRequestMessage request, CancellationToken cancellationToken)
   at Grpc.Net.Client.Internal.GrpcCall`2.RunCall(HttpRequestMessage request, Nullable`1 timeout)
   at Grpc.Net.Client.Internal.GrpcCall`2.GetResponseHeadersCoreAsync()
   at SkyApm.Transport.Grpc.V8.ServiceRegister.<>c__DisplayClass9_0.<<ReportInstancePropertiesAsync>b__0>d.MoveNext()
--- End of stack trace from previous location ---
   at SkyApm.Transport.Grpc.Common.Call.Execute[T](Func`1 task, Func`1 errCallback, Func`1 errMessage)
2026-02-03 10:20:50.074 +08:00 [grpcservice] [Warning] SkyApm.Transport.Grpc.ConnectionManager : Connection state changed. Status(StatusCode="Unavailable", Detail="Error connecting to subchannel.", DebugException="System.Net.Sockets.SocketException: 由于目标计算机积极拒绝，无法连接。")
2026-02-03 10:20:56.212 +08:00 [grpcservice] [Information] SkyApm.Transport.Grpc.ConnectionManager : Shutdown connection[127.0.0.1:11800].
2026-02-03 10:20:56.212 +08:00 [grpcservice] [Information] SkyApm.Transport.Grpc.ConnectionManager : Connected server[127.0.0.1:11800].
2026-02-03 10:21:20.072 +08:00 [grpcservice] [Error] SkyApm.Transport.Grpc.V8.ServiceRegister : Report service instance properties fail.
Grpc.Core.RpcException: Status(StatusCode="Unavailable", Detail="Error connecting to subchannel.", DebugException="System.Net.Sockets.SocketException: 由于目标计算机积极拒绝，无法连接。")
 ---> System.Net.Sockets.SocketException (10061): 由于目标计算机积极拒绝，无法连接。
   at System.Net.Sockets.Socket.AwaitableSocketAsyncEventArgs.System.Threading.Tasks.Sources.IValueTaskSource.GetResult(Int16 token)
   at System.Net.Sockets.Socket.<ConnectAsync>g__WaitForConnectWithCancellation|285_0(AwaitableSocketAsyncEventArgs saea, ValueTask connectTask, CancellationToken cancellationToken)
   at Grpc.Net.Client.Balancer.Internal.SocketConnectivitySubchannelTransport.TryConnectAsync(ConnectContext context, Int32 attempt)
   --- End of inner exception stack trace ---
   at Grpc.Net.Client.Balancer.Internal.ConnectionManager.PickAsync(PickContext context, Boolean waitForReady, CancellationToken cancellationToken)
   at Grpc.Net.Client.Balancer.Internal.BalancerHttpHandler.SendAsync(HttpRequestMessage request, CancellationToken cancellationToken)
   at Grpc.Net.Client.Internal.GrpcCall`2.RunCall(HttpRequestMessage request, Nullable`1 timeout)
   at Grpc.Net.Client.Internal.GrpcCall`2.GetResponseHeadersCoreAsync()
   at SkyApm.Transport.Grpc.V8.ServiceRegister.<>c__DisplayClass9_0.<<ReportInstancePropertiesAsync>b__0>d.MoveNext()
--- End of stack trace from previous location ---
   at SkyApm.Transport.Grpc.Common.Call.Execute[T](Func`1 task, Func`1 errCallback, Func`1 errMessage)
2026-02-03 10:21:20.072 +08:00 [grpcservice] [Warning] SkyApm.Transport.Grpc.ConnectionManager : Connection state changed. Status(StatusCode="Unavailable", Detail="Error connecting to subchannel.", DebugException="System.Net.Sockets.SocketException: 由于目标计算机积极拒绝，无法连接。")
2026-02-03 10:21:26.214 +08:00 [grpcservice] [Information] SkyApm.Transport.Grpc.ConnectionManager : Shutdown connection[127.0.0.1:11800].
2026-02-03 10:21:26.214 +08:00 [grpcservice] [Information] SkyApm.Transport.Grpc.ConnectionManager : Connected server[127.0.0.1:11800].
2026-02-03 10:21:50.060 +08:00 [grpcservice] [Error] SkyApm.Transport.Grpc.V8.ServiceRegister : Report service instance properties fail.
Grpc.Core.RpcException: Status(StatusCode="Unavailable", Detail="Error connecting to subchannel.", DebugException="System.Net.Sockets.SocketException: 由于目标计算机积极拒绝，无法连接。")
 ---> System.Net.Sockets.SocketException (10061): 由于目标计算机积极拒绝，无法连接。
   at System.Net.Sockets.Socket.AwaitableSocketAsyncEventArgs.System.Threading.Tasks.Sources.IValueTaskSource.GetResult(Int16 token)
   at System.Net.Sockets.Socket.<ConnectAsync>g__WaitForConnectWithCancellation|285_0(AwaitableSocketAsyncEventArgs saea, ValueTask connectTask, CancellationToken cancellationToken)
   at Grpc.Net.Client.Balancer.Internal.SocketConnectivitySubchannelTransport.TryConnectAsync(ConnectContext context, Int32 attempt)
   --- End of inner exception stack trace ---
   at Grpc.Net.Client.Balancer.Internal.ConnectionManager.PickAsync(PickContext context, Boolean waitForReady, CancellationToken cancellationToken)
   at Grpc.Net.Client.Balancer.Internal.BalancerHttpHandler.SendAsync(HttpRequestMessage request, CancellationToken cancellationToken)
   at Grpc.Net.Client.Internal.GrpcCall`2.RunCall(HttpRequestMessage request, Nullable`1 timeout)
   at Grpc.Net.Client.Internal.GrpcCall`2.GetResponseHeadersCoreAsync()
   at SkyApm.Transport.Grpc.V8.ServiceRegister.<>c__DisplayClass9_0.<<ReportInstancePropertiesAsync>b__0>d.MoveNext()
--- End of stack trace from previous location ---
   at SkyApm.Transport.Grpc.Common.Call.Execute[T](Func`1 task, Func`1 errCallback, Func`1 errMessage)
2026-02-03 10:21:50.060 +08:00 [grpcservice] [Warning] SkyApm.Transport.Grpc.ConnectionManager : Connection state changed. Status(StatusCode="Unavailable", Detail="Error connecting to subchannel.", DebugException="System.Net.Sockets.SocketException: 由于目标计算机积极拒绝，无法连接。")
2026-02-03 10:21:56.215 +08:00 [grpcservice] [Information] SkyApm.Transport.Grpc.ConnectionManager : Shutdown connection[127.0.0.1:11800].
2026-02-03 10:21:56.215 +08:00 [grpcservice] [Information] SkyApm.Transport.Grpc.ConnectionManager : Connected server[127.0.0.1:11800].
2026-02-03 10:22:20.053 +08:00 [grpcservice] [Error] SkyApm.Transport.Grpc.V8.ServiceRegister : Report service instance properties fail.
Grpc.Core.RpcException: Status(StatusCode="Unavailable", Detail="Error connecting to subchannel.", DebugException="System.Net.Sockets.SocketException: 由于目标计算机积极拒绝，无法连接。")
 ---> System.Net.Sockets.SocketException (10061): 由于目标计算机积极拒绝，无法连接。
   at System.Net.Sockets.Socket.AwaitableSocketAsyncEventArgs.System.Threading.Tasks.Sources.IValueTaskSource.GetResult(Int16 token)
   at System.Net.Sockets.Socket.<ConnectAsync>g__WaitForConnectWithCancellation|285_0(AwaitableSocketAsyncEventArgs saea, ValueTask connectTask, CancellationToken cancellationToken)
   at Grpc.Net.Client.Balancer.Internal.SocketConnectivitySubchannelTransport.TryConnectAsync(ConnectContext context, Int32 attempt)
   --- End of inner exception stack trace ---
   at Grpc.Net.Client.Balancer.Internal.ConnectionManager.PickAsync(PickContext context, Boolean waitForReady, CancellationToken cancellationToken)
   at Grpc.Net.Client.Balancer.Internal.BalancerHttpHandler.SendAsync(HttpRequestMessage request, CancellationToken cancellationToken)
   at Grpc.Net.Client.Internal.GrpcCall`2.RunCall(HttpRequestMessage request, Nullable`1 timeout)
   at Grpc.Net.Client.Internal.GrpcCall`2.GetResponseHeadersCoreAsync()
   at SkyApm.Transport.Grpc.V8.ServiceRegister.<>c__DisplayClass9_0.<<ReportInstancePropertiesAsync>b__0>d.MoveNext()
--- End of stack trace from previous location ---
   at SkyApm.Transport.Grpc.Common.Call.Execute[T](Func`1 task, Func`1 errCallback, Func`1 errMessage)
2026-02-03 10:22:20.053 +08:00 [grpcservice] [Warning] SkyApm.Transport.Grpc.ConnectionManager : Connection state changed. Status(StatusCode="Unavailable", Detail="Error connecting to subchannel.", DebugException="System.Net.Sockets.SocketException: 由于目标计算机积极拒绝，无法连接。")
2026-02-03 10:22:36.255 +08:00 [grpcservice] [Information] SkyApm.Transport.Grpc.ConnectionManager : Shutdown connection[127.0.0.1:11800].
2026-02-03 10:22:36.256 +08:00 [grpcservice] [Information] SkyApm.Transport.Grpc.ConnectionManager : Connected server[127.0.0.1:11800].
2026-02-03 10:22:50.064 +08:00 [grpcservice] [Error] SkyApm.Transport.Grpc.V8.ServiceRegister : Report service instance properties fail.
Grpc.Core.RpcException: Status(StatusCode="Unavailable", Detail="Error connecting to subchannel.", DebugException="System.Net.Sockets.SocketException: 由于目标计算机积极拒绝，无法连接。")
 ---> System.Net.Sockets.SocketException (10061): 由于目标计算机积极拒绝，无法连接。
   at System.Net.Sockets.Socket.AwaitableSocketAsyncEventArgs.System.Threading.Tasks.Sources.IValueTaskSource.GetResult(Int16 token)
   at System.Net.Sockets.Socket.<ConnectAsync>g__WaitForConnectWithCancellation|285_0(AwaitableSocketAsyncEventArgs saea, ValueTask connectTask, CancellationToken cancellationToken)
   at Grpc.Net.Client.Balancer.Internal.SocketConnectivitySubchannelTransport.TryConnectAsync(ConnectContext context, Int32 attempt)
   --- End of inner exception stack trace ---
   at Grpc.Net.Client.Balancer.Internal.ConnectionManager.PickAsync(PickContext context, Boolean waitForReady, CancellationToken cancellationToken)
   at Grpc.Net.Client.Balancer.Internal.BalancerHttpHandler.SendAsync(HttpRequestMessage request, CancellationToken cancellationToken)
   at Grpc.Net.Client.Internal.GrpcCall`2.RunCall(HttpRequestMessage request, Nullable`1 timeout)
   at Grpc.Net.Client.Internal.GrpcCall`2.GetResponseHeadersCoreAsync()
   at SkyApm.Transport.Grpc.V8.ServiceRegister.<>c__DisplayClass9_0.<<ReportInstancePropertiesAsync>b__0>d.MoveNext()
--- End of stack trace from previous location ---
   at SkyApm.Transport.Grpc.Common.Call.Execute[T](Func`1 task, Func`1 errCallback, Func`1 errMessage)
2026-02-03 10:22:50.064 +08:00 [grpcservice] [Warning] SkyApm.Transport.Grpc.ConnectionManager : Connection state changed. Status(StatusCode="Unavailable", Detail="Error connecting to subchannel.", DebugException="System.Net.Sockets.SocketException: 由于目标计算机积极拒绝，无法连接。")
2026-02-03 10:22:56.213 +08:00 [grpcservice] [Information] SkyApm.Transport.Grpc.ConnectionManager : Shutdown connection[127.0.0.1:11800].
2026-02-03 10:22:56.213 +08:00 [grpcservice] [Information] SkyApm.Transport.Grpc.ConnectionManager : Connected server[127.0.0.1:11800].
2026-02-03 10:23:20.076 +08:00 [grpcservice] [Error] SkyApm.Transport.Grpc.V8.ServiceRegister : Report service instance properties fail.
Grpc.Core.RpcException: Status(StatusCode="Unavailable", Detail="Error connecting to subchannel.", DebugException="System.Net.Sockets.SocketException: 由于目标计算机积极拒绝，无法连接。")
 ---> System.Net.Sockets.SocketException (10061): 由于目标计算机积极拒绝，无法连接。
   at System.Net.Sockets.Socket.AwaitableSocketAsyncEventArgs.System.Threading.Tasks.Sources.IValueTaskSource.GetResult(Int16 token)
   at System.Net.Sockets.Socket.<ConnectAsync>g__WaitForConnectWithCancellation|285_0(AwaitableSocketAsyncEventArgs saea, ValueTask connectTask, CancellationToken cancellationToken)
   at Grpc.Net.Client.Balancer.Internal.SocketConnectivitySubchannelTransport.TryConnectAsync(ConnectContext context, Int32 attempt)
   --- End of inner exception stack trace ---
   at Grpc.Net.Client.Balancer.Internal.ConnectionManager.PickAsync(PickContext context, Boolean waitForReady, CancellationToken cancellationToken)
   at Grpc.Net.Client.Balancer.Internal.BalancerHttpHandler.SendAsync(HttpRequestMessage request, CancellationToken cancellationToken)
   at Grpc.Net.Client.Internal.GrpcCall`2.RunCall(HttpRequestMessage request, Nullable`1 timeout)
   at Grpc.Net.Client.Internal.GrpcCall`2.GetResponseHeadersCoreAsync()
   at SkyApm.Transport.Grpc.V8.ServiceRegister.<>c__DisplayClass9_0.<<ReportInstancePropertiesAsync>b__0>d.MoveNext()
--- End of stack trace from previous location ---
   at SkyApm.Transport.Grpc.Common.Call.Execute[T](Func`1 task, Func`1 errCallback, Func`1 errMessage)
2026-02-03 10:23:20.076 +08:00 [grpcservice] [Warning] SkyApm.Transport.Grpc.ConnectionManager : Connection state changed. Status(StatusCode="Unavailable", Detail="Error connecting to subchannel.", DebugException="System.Net.Sockets.SocketException: 由于目标计算机积极拒绝，无法连接。")
2026-02-03 10:23:26.214 +08:00 [grpcservice] [Information] SkyApm.Transport.Grpc.ConnectionManager : Shutdown connection[127.0.0.1:11800].
2026-02-03 10:23:26.214 +08:00 [grpcservice] [Information] SkyApm.Transport.Grpc.ConnectionManager : Connected server[127.0.0.1:11800].
2026-02-03 10:23:50.073 +08:00 [grpcservice] [Error] SkyApm.Transport.Grpc.V8.ServiceRegister : Report service instance properties fail.
Grpc.Core.RpcException: Status(StatusCode="Unavailable", Detail="Error connecting to subchannel.", DebugException="System.Net.Sockets.SocketException: 由于目标计算机积极拒绝，无法连接。")
 ---> System.Net.Sockets.SocketException (10061): 由于目标计算机积极拒绝，无法连接。
   at System.Net.Sockets.Socket.AwaitableSocketAsyncEventArgs.System.Threading.Tasks.Sources.IValueTaskSource.GetResult(Int16 token)
   at System.Net.Sockets.Socket.<ConnectAsync>g__WaitForConnectWithCancellation|285_0(AwaitableSocketAsyncEventArgs saea, ValueTask connectTask, CancellationToken cancellationToken)
   at Grpc.Net.Client.Balancer.Internal.SocketConnectivitySubchannelTransport.TryConnectAsync(ConnectContext context, Int32 attempt)
   --- End of inner exception stack trace ---
   at Grpc.Net.Client.Balancer.Internal.ConnectionManager.PickAsync(PickContext context, Boolean waitForReady, CancellationToken cancellationToken)
   at Grpc.Net.Client.Balancer.Internal.BalancerHttpHandler.SendAsync(HttpRequestMessage request, CancellationToken cancellationToken)
   at Grpc.Net.Client.Internal.GrpcCall`2.RunCall(HttpRequestMessage request, Nullable`1 timeout)
   at Grpc.Net.Client.Internal.GrpcCall`2.GetResponseHeadersCoreAsync()
   at SkyApm.Transport.Grpc.V8.ServiceRegister.<>c__DisplayClass9_0.<<ReportInstancePropertiesAsync>b__0>d.MoveNext()
--- End of stack trace from previous location ---
   at SkyApm.Transport.Grpc.Common.Call.Execute[T](Func`1 task, Func`1 errCallback, Func`1 errMessage)
2026-02-03 10:23:50.073 +08:00 [grpcservice] [Warning] SkyApm.Transport.Grpc.ConnectionManager : Connection state changed. Status(StatusCode="Unavailable", Detail="Error connecting to subchannel.", DebugException="System.Net.Sockets.SocketException: 由于目标计算机积极拒绝，无法连接。")
2026-02-03 10:23:56.217 +08:00 [grpcservice] [Information] SkyApm.Transport.Grpc.ConnectionManager : Shutdown connection[127.0.0.1:11800].
2026-02-03 10:23:56.217 +08:00 [grpcservice] [Information] SkyApm.Transport.Grpc.ConnectionManager : Connected server[127.0.0.1:11800].
2026-02-03 10:24:24.425 +08:00 [grpcservice] [Error] SkyApm.Transport.Grpc.V8.ServiceRegister : Report service instance properties fail.
Grpc.Core.RpcException: Status(StatusCode="Unavailable", Detail="Error connecting to subchannel.", DebugException="System.Net.Sockets.SocketException: 由于目标计算机积极拒绝，无法连接。")
 ---> System.Net.Sockets.SocketException (10061): 由于目标计算机积极拒绝，无法连接。
   at System.Net.Sockets.Socket.AwaitableSocketAsyncEventArgs.System.Threading.Tasks.Sources.IValueTaskSource.GetResult(Int16 token)
   at System.Net.Sockets.Socket.<ConnectAsync>g__WaitForConnectWithCancellation|285_0(AwaitableSocketAsyncEventArgs saea, ValueTask connectTask, CancellationToken cancellationToken)
   at Grpc.Net.Client.Balancer.Internal.SocketConnectivitySubchannelTransport.TryConnectAsync(ConnectContext context, Int32 attempt)
   --- End of inner exception stack trace ---
   at Grpc.Net.Client.Balancer.Internal.ConnectionManager.PickAsync(PickContext context, Boolean waitForReady, CancellationToken cancellationToken)
   at Grpc.Net.Client.Balancer.Internal.BalancerHttpHandler.SendAsync(HttpRequestMessage request, CancellationToken cancellationToken)
   at Grpc.Net.Client.Internal.GrpcCall`2.RunCall(HttpRequestMessage request, Nullable`1 timeout)
   at Grpc.Net.Client.Internal.GrpcCall`2.GetResponseHeadersCoreAsync()
   at SkyApm.Transport.Grpc.V8.ServiceRegister.<>c__DisplayClass9_0.<<ReportInstancePropertiesAsync>b__0>d.MoveNext()
--- End of stack trace from previous location ---
   at SkyApm.Transport.Grpc.Common.Call.Execute[T](Func`1 task, Func`1 errCallback, Func`1 errMessage)
2026-02-03 10:24:24.425 +08:00 [grpcservice] [Warning] SkyApm.Transport.Grpc.ConnectionManager : Connection state changed. Status(StatusCode="Unavailable", Detail="Error connecting to subchannel.", DebugException="System.Net.Sockets.SocketException: 由于目标计算机积极拒绝，无法连接。")
2026-02-03 10:24:26.605 +08:00 [grpcservice] [Information] SkyApm.Transport.Grpc.ConnectionManager : Shutdown connection[127.0.0.1:11800].
2026-02-03 10:24:26.605 +08:00 [grpcservice] [Information] SkyApm.Transport.Grpc.ConnectionManager : Connected server[127.0.0.1:11800].
2026-02-03 10:24:50.086 +08:00 [grpcservice] [Error] SkyApm.Transport.Grpc.V8.ServiceRegister : Report service instance properties fail.
Grpc.Core.RpcException: Status(StatusCode="Unavailable", Detail="Error connecting to subchannel.", DebugException="System.Net.Sockets.SocketException: 由于目标计算机积极拒绝，无法连接。")
 ---> System.Net.Sockets.SocketException (10061): 由于目标计算机积极拒绝，无法连接。
   at System.Net.Sockets.Socket.AwaitableSocketAsyncEventArgs.System.Threading.Tasks.Sources.IValueTaskSource.GetResult(Int16 token)
   at System.Net.Sockets.Socket.<ConnectAsync>g__WaitForConnectWithCancellation|285_0(AwaitableSocketAsyncEventArgs saea, ValueTask connectTask, CancellationToken cancellationToken)
   at Grpc.Net.Client.Balancer.Internal.SocketConnectivitySubchannelTransport.TryConnectAsync(ConnectContext context, Int32 attempt)
   --- End of inner exception stack trace ---
   at Grpc.Net.Client.Balancer.Internal.ConnectionManager.PickAsync(PickContext context, Boolean waitForReady, CancellationToken cancellationToken)
   at Grpc.Net.Client.Balancer.Internal.BalancerHttpHandler.SendAsync(HttpRequestMessage request, CancellationToken cancellationToken)
   at Grpc.Net.Client.Internal.GrpcCall`2.RunCall(HttpRequestMessage request, Nullable`1 timeout)
   at Grpc.Net.Client.Internal.GrpcCall`2.GetResponseHeadersCoreAsync()
   at SkyApm.Transport.Grpc.V8.ServiceRegister.<>c__DisplayClass9_0.<<ReportInstancePropertiesAsync>b__0>d.MoveNext()
--- End of stack trace from previous location ---
   at SkyApm.Transport.Grpc.Common.Call.Execute[T](Func`1 task, Func`1 errCallback, Func`1 errMessage)
2026-02-03 10:24:50.086 +08:00 [grpcservice] [Warning] SkyApm.Transport.Grpc.ConnectionManager : Connection state changed. Status(StatusCode="Unavailable", Detail="Error connecting to subchannel.", DebugException="System.Net.Sockets.SocketException: 由于目标计算机积极拒绝，无法连接。")
2026-02-03 10:24:56.210 +08:00 [grpcservice] [Information] SkyApm.Transport.Grpc.ConnectionManager : Shutdown connection[127.0.0.1:11800].
2026-02-03 10:24:56.210 +08:00 [grpcservice] [Information] SkyApm.Transport.Grpc.ConnectionManager : Connected server[127.0.0.1:11800].
2026-02-03 10:25:20.090 +08:00 [grpcservice] [Error] SkyApm.Transport.Grpc.V8.ServiceRegister : Report service instance properties fail.
Grpc.Core.RpcException: Status(StatusCode="Unavailable", Detail="Error connecting to subchannel.", DebugException="System.Net.Sockets.SocketException: 由于目标计算机积极拒绝，无法连接。")
 ---> System.Net.Sockets.SocketException (10061): 由于目标计算机积极拒绝，无法连接。
   at System.Net.Sockets.Socket.AwaitableSocketAsyncEventArgs.System.Threading.Tasks.Sources.IValueTaskSource.GetResult(Int16 token)
   at System.Net.Sockets.Socket.<ConnectAsync>g__WaitForConnectWithCancellation|285_0(AwaitableSocketAsyncEventArgs saea, ValueTask connectTask, CancellationToken cancellationToken)
   at Grpc.Net.Client.Balancer.Internal.SocketConnectivitySubchannelTransport.TryConnectAsync(ConnectContext context, Int32 attempt)
   --- End of inner exception stack trace ---
   at Grpc.Net.Client.Balancer.Internal.ConnectionManager.PickAsync(PickContext context, Boolean waitForReady, CancellationToken cancellationToken)
   at Grpc.Net.Client.Balancer.Internal.BalancerHttpHandler.SendAsync(HttpRequestMessage request, CancellationToken cancellationToken)
   at Grpc.Net.Client.Internal.GrpcCall`2.RunCall(HttpRequestMessage request, Nullable`1 timeout)
   at Grpc.Net.Client.Internal.GrpcCall`2.GetResponseHeadersCoreAsync()
   at SkyApm.Transport.Grpc.V8.ServiceRegister.<>c__DisplayClass9_0.<<ReportInstancePropertiesAsync>b__0>d.MoveNext()
--- End of stack trace from previous location ---
   at SkyApm.Transport.Grpc.Common.Call.Execute[T](Func`1 task, Func`1 errCallback, Func`1 errMessage)
2026-02-03 10:25:20.090 +08:00 [grpcservice] [Warning] SkyApm.Transport.Grpc.ConnectionManager : Connection state changed. Status(StatusCode="Unavailable", Detail="Error connecting to subchannel.", DebugException="System.Net.Sockets.SocketException: 由于目标计算机积极拒绝，无法连接。")
2026-02-03 10:25:26.216 +08:00 [grpcservice] [Information] SkyApm.Transport.Grpc.ConnectionManager : Shutdown connection[127.0.0.1:11800].
2026-02-03 10:25:26.216 +08:00 [grpcservice] [Information] SkyApm.Transport.Grpc.ConnectionManager : Connected server[127.0.0.1:11800].
2026-02-03 10:25:50.084 +08:00 [grpcservice] [Error] SkyApm.Transport.Grpc.V8.ServiceRegister : Report service instance properties fail.
Grpc.Core.RpcException: Status(StatusCode="Unavailable", Detail="Error connecting to subchannel.", DebugException="System.Net.Sockets.SocketException: 由于目标计算机积极拒绝，无法连接。")
 ---> System.Net.Sockets.SocketException (10061): 由于目标计算机积极拒绝，无法连接。
   at System.Net.Sockets.Socket.AwaitableSocketAsyncEventArgs.System.Threading.Tasks.Sources.IValueTaskSource.GetResult(Int16 token)
   at System.Net.Sockets.Socket.<ConnectAsync>g__WaitForConnectWithCancellation|285_0(AwaitableSocketAsyncEventArgs saea, ValueTask connectTask, CancellationToken cancellationToken)
   at Grpc.Net.Client.Balancer.Internal.SocketConnectivitySubchannelTransport.TryConnectAsync(ConnectContext context, Int32 attempt)
   --- End of inner exception stack trace ---
   at Grpc.Net.Client.Balancer.Internal.ConnectionManager.PickAsync(PickContext context, Boolean waitForReady, CancellationToken cancellationToken)
   at Grpc.Net.Client.Balancer.Internal.BalancerHttpHandler.SendAsync(HttpRequestMessage request, CancellationToken cancellationToken)
   at Grpc.Net.Client.Internal.GrpcCall`2.RunCall(HttpRequestMessage request, Nullable`1 timeout)
   at Grpc.Net.Client.Internal.GrpcCall`2.GetResponseHeadersCoreAsync()
   at SkyApm.Transport.Grpc.V8.ServiceRegister.<>c__DisplayClass9_0.<<ReportInstancePropertiesAsync>b__0>d.MoveNext()
--- End of stack trace from previous location ---
   at SkyApm.Transport.Grpc.Common.Call.Execute[T](Func`1 task, Func`1 errCallback, Func`1 errMessage)
2026-02-03 10:25:50.084 +08:00 [grpcservice] [Warning] SkyApm.Transport.Grpc.ConnectionManager : Connection state changed. Status(StatusCode="Unavailable", Detail="Error connecting to subchannel.", DebugException="System.Net.Sockets.SocketException: 由于目标计算机积极拒绝，无法连接。")
2026-02-03 10:25:56.210 +08:00 [grpcservice] [Information] SkyApm.Transport.Grpc.ConnectionManager : Shutdown connection[127.0.0.1:11800].
2026-02-03 10:25:56.210 +08:00 [grpcservice] [Information] SkyApm.Transport.Grpc.ConnectionManager : Connected server[127.0.0.1:11800].
2026-02-03 10:26:20.085 +08:00 [grpcservice] [Error] SkyApm.Transport.Grpc.V8.ServiceRegister : Report service instance properties fail.
Grpc.Core.RpcException: Status(StatusCode="Unavailable", Detail="Error connecting to subchannel.", DebugException="System.Net.Sockets.SocketException: 由于目标计算机积极拒绝，无法连接。")
 ---> System.Net.Sockets.SocketException (10061): 由于目标计算机积极拒绝，无法连接。
   at System.Net.Sockets.Socket.AwaitableSocketAsyncEventArgs.System.Threading.Tasks.Sources.IValueTaskSource.GetResult(Int16 token)
   at System.Net.Sockets.Socket.<ConnectAsync>g__WaitForConnectWithCancellation|285_0(AwaitableSocketAsyncEventArgs saea, ValueTask connectTask, CancellationToken cancellationToken)
   at Grpc.Net.Client.Balancer.Internal.SocketConnectivitySubchannelTransport.TryConnectAsync(ConnectContext context, Int32 attempt)
   --- End of inner exception stack trace ---
   at Grpc.Net.Client.Balancer.Internal.ConnectionManager.PickAsync(PickContext context, Boolean waitForReady, CancellationToken cancellationToken)
   at Grpc.Net.Client.Balancer.Internal.BalancerHttpHandler.SendAsync(HttpRequestMessage request, CancellationToken cancellationToken)
   at Grpc.Net.Client.Internal.GrpcCall`2.RunCall(HttpRequestMessage request, Nullable`1 timeout)
   at Grpc.Net.Client.Internal.GrpcCall`2.GetResponseHeadersCoreAsync()
   at SkyApm.Transport.Grpc.V8.ServiceRegister.<>c__DisplayClass9_0.<<ReportInstancePropertiesAsync>b__0>d.MoveNext()
--- End of stack trace from previous location ---
   at SkyApm.Transport.Grpc.Common.Call.Execute[T](Func`1 task, Func`1 errCallback, Func`1 errMessage)
2026-02-03 10:26:20.085 +08:00 [grpcservice] [Warning] SkyApm.Transport.Grpc.ConnectionManager : Connection state changed. Status(StatusCode="Unavailable", Detail="Error connecting to subchannel.", DebugException="System.Net.Sockets.SocketException: 由于目标计算机积极拒绝，无法连接。")
2026-02-03 10:26:26.209 +08:00 [grpcservice] [Information] SkyApm.Transport.Grpc.ConnectionManager : Shutdown connection[127.0.0.1:11800].
2026-02-03 10:26:26.210 +08:00 [grpcservice] [Information] SkyApm.Transport.Grpc.ConnectionManager : Connected server[127.0.0.1:11800].
2026-02-03 10:26:50.074 +08:00 [grpcservice] [Error] SkyApm.Transport.Grpc.V8.ServiceRegister : Report service instance properties fail.
Grpc.Core.RpcException: Status(StatusCode="Unavailable", Detail="Error connecting to subchannel.", DebugException="System.Net.Sockets.SocketException: 由于目标计算机积极拒绝，无法连接。")
 ---> System.Net.Sockets.SocketException (10061): 由于目标计算机积极拒绝，无法连接。
   at System.Net.Sockets.Socket.AwaitableSocketAsyncEventArgs.System.Threading.Tasks.Sources.IValueTaskSource.GetResult(Int16 token)
   at System.Net.Sockets.Socket.<ConnectAsync>g__WaitForConnectWithCancellation|285_0(AwaitableSocketAsyncEventArgs saea, ValueTask connectTask, CancellationToken cancellationToken)
   at Grpc.Net.Client.Balancer.Internal.SocketConnectivitySubchannelTransport.TryConnectAsync(ConnectContext context, Int32 attempt)
   --- End of inner exception stack trace ---
   at Grpc.Net.Client.Balancer.Internal.ConnectionManager.PickAsync(PickContext context, Boolean waitForReady, CancellationToken cancellationToken)
   at Grpc.Net.Client.Balancer.Internal.BalancerHttpHandler.SendAsync(HttpRequestMessage request, CancellationToken cancellationToken)
   at Grpc.Net.Client.Internal.GrpcCall`2.RunCall(HttpRequestMessage request, Nullable`1 timeout)
   at Grpc.Net.Client.Internal.GrpcCall`2.GetResponseHeadersCoreAsync()
   at SkyApm.Transport.Grpc.V8.ServiceRegister.<>c__DisplayClass9_0.<<ReportInstancePropertiesAsync>b__0>d.MoveNext()
--- End of stack trace from previous location ---
   at SkyApm.Transport.Grpc.Common.Call.Execute[T](Func`1 task, Func`1 errCallback, Func`1 errMessage)
2026-02-03 10:26:50.074 +08:00 [grpcservice] [Warning] SkyApm.Transport.Grpc.ConnectionManager : Connection state changed. Status(StatusCode="Unavailable", Detail="Error connecting to subchannel.", DebugException="System.Net.Sockets.SocketException: 由于目标计算机积极拒绝，无法连接。")
2026-02-03 10:26:56.208 +08:00 [grpcservice] [Information] SkyApm.Transport.Grpc.ConnectionManager : Shutdown connection[127.0.0.1:11800].
2026-02-03 10:26:56.209 +08:00 [grpcservice] [Information] SkyApm.Transport.Grpc.ConnectionManager : Connected server[127.0.0.1:11800].
2026-02-03 10:27:20.073 +08:00 [grpcservice] [Error] SkyApm.Transport.Grpc.V8.ServiceRegister : Report service instance properties fail.
Grpc.Core.RpcException: Status(StatusCode="Unavailable", Detail="Error connecting to subchannel.", DebugException="System.Net.Sockets.SocketException: 由于目标计算机积极拒绝，无法连接。")
 ---> System.Net.Sockets.SocketException (10061): 由于目标计算机积极拒绝，无法连接。
   at System.Net.Sockets.Socket.AwaitableSocketAsyncEventArgs.System.Threading.Tasks.Sources.IValueTaskSource.GetResult(Int16 token)
   at System.Net.Sockets.Socket.<ConnectAsync>g__WaitForConnectWithCancellation|285_0(AwaitableSocketAsyncEventArgs saea, ValueTask connectTask, CancellationToken cancellationToken)
   at Grpc.Net.Client.Balancer.Internal.SocketConnectivitySubchannelTransport.TryConnectAsync(ConnectContext context, Int32 attempt)
   --- End of inner exception stack trace ---
   at Grpc.Net.Client.Balancer.Internal.ConnectionManager.PickAsync(PickContext context, Boolean waitForReady, CancellationToken cancellationToken)
   at Grpc.Net.Client.Balancer.Internal.BalancerHttpHandler.SendAsync(HttpRequestMessage request, CancellationToken cancellationToken)
   at Grpc.Net.Client.Internal.GrpcCall`2.RunCall(HttpRequestMessage request, Nullable`1 timeout)
   at Grpc.Net.Client.Internal.GrpcCall`2.GetResponseHeadersCoreAsync()
   at SkyApm.Transport.Grpc.V8.ServiceRegister.<>c__DisplayClass9_0.<<ReportInstancePropertiesAsync>b__0>d.MoveNext()
--- End of stack trace from previous location ---
   at SkyApm.Transport.Grpc.Common.Call.Execute[T](Func`1 task, Func`1 errCallback, Func`1 errMessage)
2026-02-03 10:27:20.073 +08:00 [grpcservice] [Warning] SkyApm.Transport.Grpc.ConnectionManager : Connection state changed. Status(StatusCode="Unavailable", Detail="Error connecting to subchannel.", DebugException="System.Net.Sockets.SocketException: 由于目标计算机积极拒绝，无法连接。")
2026-02-03 10:27:26.214 +08:00 [grpcservice] [Information] SkyApm.Transport.Grpc.ConnectionManager : Shutdown connection[127.0.0.1:11800].
2026-02-03 10:27:26.215 +08:00 [grpcservice] [Information] SkyApm.Transport.Grpc.ConnectionManager : Connected server[127.0.0.1:11800].
2026-02-03 10:27:50.062 +08:00 [grpcservice] [Error] SkyApm.Transport.Grpc.V8.ServiceRegister : Report service instance properties fail.
Grpc.Core.RpcException: Status(StatusCode="Unavailable", Detail="Error connecting to subchannel.", DebugException="System.Net.Sockets.SocketException: 由于目标计算机积极拒绝，无法连接。")
 ---> System.Net.Sockets.SocketException (10061): 由于目标计算机积极拒绝，无法连接。
   at System.Net.Sockets.Socket.AwaitableSocketAsyncEventArgs.System.Threading.Tasks.Sources.IValueTaskSource.GetResult(Int16 token)
   at System.Net.Sockets.Socket.<ConnectAsync>g__WaitForConnectWithCancellation|285_0(AwaitableSocketAsyncEventArgs saea, ValueTask connectTask, CancellationToken cancellationToken)
   at Grpc.Net.Client.Balancer.Internal.SocketConnectivitySubchannelTransport.TryConnectAsync(ConnectContext context, Int32 attempt)
   --- End of inner exception stack trace ---
   at Grpc.Net.Client.Balancer.Internal.ConnectionManager.PickAsync(PickContext context, Boolean waitForReady, CancellationToken cancellationToken)
   at Grpc.Net.Client.Balancer.Internal.BalancerHttpHandler.SendAsync(HttpRequestMessage request, CancellationToken cancellationToken)
   at Grpc.Net.Client.Internal.GrpcCall`2.RunCall(HttpRequestMessage request, Nullable`1 timeout)
   at Grpc.Net.Client.Internal.GrpcCall`2.GetResponseHeadersCoreAsync()
   at SkyApm.Transport.Grpc.V8.ServiceRegister.<>c__DisplayClass9_0.<<ReportInstancePropertiesAsync>b__0>d.MoveNext()
--- End of stack trace from previous location ---
   at SkyApm.Transport.Grpc.Common.Call.Execute[T](Func`1 task, Func`1 errCallback, Func`1 errMessage)
2026-02-03 10:27:50.062 +08:00 [grpcservice] [Warning] SkyApm.Transport.Grpc.ConnectionManager : Connection state changed. Status(StatusCode="Unavailable", Detail="Error connecting to subchannel.", DebugException="System.Net.Sockets.SocketException: 由于目标计算机积极拒绝，无法连接。")
2026-02-03 10:27:56.215 +08:00 [grpcservice] [Information] SkyApm.Transport.Grpc.ConnectionManager : Shutdown connection[127.0.0.1:11800].
2026-02-03 10:27:56.215 +08:00 [grpcservice] [Information] SkyApm.Transport.Grpc.ConnectionManager : Connected server[127.0.0.1:11800].
2026-02-03 10:28:20.066 +08:00 [grpcservice] [Error] SkyApm.Transport.Grpc.V8.ServiceRegister : Report service instance properties fail.
Grpc.Core.RpcException: Status(StatusCode="Unavailable", Detail="Error connecting to subchannel.", DebugException="System.Net.Sockets.SocketException: 由于目标计算机积极拒绝，无法连接。")
 ---> System.Net.Sockets.SocketException (10061): 由于目标计算机积极拒绝，无法连接。
   at System.Net.Sockets.Socket.AwaitableSocketAsyncEventArgs.System.Threading.Tasks.Sources.IValueTaskSource.GetResult(Int16 token)
   at System.Net.Sockets.Socket.<ConnectAsync>g__WaitForConnectWithCancellation|285_0(AwaitableSocketAsyncEventArgs saea, ValueTask connectTask, CancellationToken cancellationToken)
   at Grpc.Net.Client.Balancer.Internal.SocketConnectivitySubchannelTransport.TryConnectAsync(ConnectContext context, Int32 attempt)
   --- End of inner exception stack trace ---
   at Grpc.Net.Client.Balancer.Internal.ConnectionManager.PickAsync(PickContext context, Boolean waitForReady, CancellationToken cancellationToken)
   at Grpc.Net.Client.Balancer.Internal.BalancerHttpHandler.SendAsync(HttpRequestMessage request, CancellationToken cancellationToken)
   at Grpc.Net.Client.Internal.GrpcCall`2.RunCall(HttpRequestMessage request, Nullable`1 timeout)
   at Grpc.Net.Client.Internal.GrpcCall`2.GetResponseHeadersCoreAsync()
   at SkyApm.Transport.Grpc.V8.ServiceRegister.<>c__DisplayClass9_0.<<ReportInstancePropertiesAsync>b__0>d.MoveNext()
--- End of stack trace from previous location ---
   at SkyApm.Transport.Grpc.Common.Call.Execute[T](Func`1 task, Func`1 errCallback, Func`1 errMessage)
2026-02-03 10:28:20.066 +08:00 [grpcservice] [Warning] SkyApm.Transport.Grpc.ConnectionManager : Connection state changed. Status(StatusCode="Unavailable", Detail="Error connecting to subchannel.", DebugException="System.Net.Sockets.SocketException: 由于目标计算机积极拒绝，无法连接。")
2026-02-03 10:28:26.220 +08:00 [grpcservice] [Information] SkyApm.Transport.Grpc.ConnectionManager : Shutdown connection[127.0.0.1:11800].
2026-02-03 10:28:26.220 +08:00 [grpcservice] [Information] SkyApm.Transport.Grpc.ConnectionManager : Connected server[127.0.0.1:11800].
2026-02-03 10:28:50.086 +08:00 [grpcservice] [Error] SkyApm.Transport.Grpc.V8.ServiceRegister : Report service instance properties fail.
Grpc.Core.RpcException: Status(StatusCode="Unavailable", Detail="Error connecting to subchannel.", DebugException="System.Net.Sockets.SocketException: 由于目标计算机积极拒绝，无法连接。")
 ---> System.Net.Sockets.SocketException (10061): 由于目标计算机积极拒绝，无法连接。
   at System.Net.Sockets.Socket.AwaitableSocketAsyncEventArgs.System.Threading.Tasks.Sources.IValueTaskSource.GetResult(Int16 token)
   at System.Net.Sockets.Socket.<ConnectAsync>g__WaitForConnectWithCancellation|285_0(AwaitableSocketAsyncEventArgs saea, ValueTask connectTask, CancellationToken cancellationToken)
   at Grpc.Net.Client.Balancer.Internal.SocketConnectivitySubchannelTransport.TryConnectAsync(ConnectContext context, Int32 attempt)
   --- End of inner exception stack trace ---
   at Grpc.Net.Client.Balancer.Internal.ConnectionManager.PickAsync(PickContext context, Boolean waitForReady, CancellationToken cancellationToken)
   at Grpc.Net.Client.Balancer.Internal.BalancerHttpHandler.SendAsync(HttpRequestMessage request, CancellationToken cancellationToken)
   at Grpc.Net.Client.Internal.GrpcCall`2.RunCall(HttpRequestMessage request, Nullable`1 timeout)
   at Grpc.Net.Client.Internal.GrpcCall`2.GetResponseHeadersCoreAsync()
   at SkyApm.Transport.Grpc.V8.ServiceRegister.<>c__DisplayClass9_0.<<ReportInstancePropertiesAsync>b__0>d.MoveNext()
--- End of stack trace from previous location ---
   at SkyApm.Transport.Grpc.Common.Call.Execute[T](Func`1 task, Func`1 errCallback, Func`1 errMessage)
2026-02-03 10:28:50.086 +08:00 [grpcservice] [Warning] SkyApm.Transport.Grpc.ConnectionManager : Connection state changed. Status(StatusCode="Unavailable", Detail="Error connecting to subchannel.", DebugException="System.Net.Sockets.SocketException: 由于目标计算机积极拒绝，无法连接。")
2026-02-03 10:28:56.214 +08:00 [grpcservice] [Information] SkyApm.Transport.Grpc.ConnectionManager : Shutdown connection[127.0.0.1:11800].
2026-02-03 10:28:56.214 +08:00 [grpcservice] [Information] SkyApm.Transport.Grpc.ConnectionManager : Connected server[127.0.0.1:11800].
2026-02-03 10:29:20.075 +08:00 [grpcservice] [Error] SkyApm.Transport.Grpc.V8.ServiceRegister : Report service instance properties fail.
Grpc.Core.RpcException: Status(StatusCode="Unavailable", Detail="Error connecting to subchannel.", DebugException="System.Net.Sockets.SocketException: 由于目标计算机积极拒绝，无法连接。")
 ---> System.Net.Sockets.SocketException (10061): 由于目标计算机积极拒绝，无法连接。
   at System.Net.Sockets.Socket.AwaitableSocketAsyncEventArgs.System.Threading.Tasks.Sources.IValueTaskSource.GetResult(Int16 token)
   at System.Net.Sockets.Socket.<ConnectAsync>g__WaitForConnectWithCancellation|285_0(AwaitableSocketAsyncEventArgs saea, ValueTask connectTask, CancellationToken cancellationToken)
   at Grpc.Net.Client.Balancer.Internal.SocketConnectivitySubchannelTransport.TryConnectAsync(ConnectContext context, Int32 attempt)
   --- End of inner exception stack trace ---
   at Grpc.Net.Client.Balancer.Internal.ConnectionManager.PickAsync(PickContext context, Boolean waitForReady, CancellationToken cancellationToken)
   at Grpc.Net.Client.Balancer.Internal.BalancerHttpHandler.SendAsync(HttpRequestMessage request, CancellationToken cancellationToken)
   at Grpc.Net.Client.Internal.GrpcCall`2.RunCall(HttpRequestMessage request, Nullable`1 timeout)
   at Grpc.Net.Client.Internal.GrpcCall`2.GetResponseHeadersCoreAsync()
   at SkyApm.Transport.Grpc.V8.ServiceRegister.<>c__DisplayClass9_0.<<ReportInstancePropertiesAsync>b__0>d.MoveNext()
--- End of stack trace from previous location ---
   at SkyApm.Transport.Grpc.Common.Call.Execute[T](Func`1 task, Func`1 errCallback, Func`1 errMessage)
2026-02-03 10:29:20.075 +08:00 [grpcservice] [Warning] SkyApm.Transport.Grpc.ConnectionManager : Connection state changed. Status(StatusCode="Unavailable", Detail="Error connecting to subchannel.", DebugException="System.Net.Sockets.SocketException: 由于目标计算机积极拒绝，无法连接。")
2026-02-03 10:29:26.209 +08:00 [grpcservice] [Information] SkyApm.Transport.Grpc.ConnectionManager : Shutdown connection[127.0.0.1:11800].
2026-02-03 10:29:26.209 +08:00 [grpcservice] [Information] SkyApm.Transport.Grpc.ConnectionManager : Connected server[127.0.0.1:11800].
2026-02-03 10:29:50.080 +08:00 [grpcservice] [Error] SkyApm.Transport.Grpc.V8.ServiceRegister : Report service instance properties fail.
Grpc.Core.RpcException: Status(StatusCode="Unavailable", Detail="Error connecting to subchannel.", DebugException="System.Net.Sockets.SocketException: 由于目标计算机积极拒绝，无法连接。")
 ---> System.Net.Sockets.SocketException (10061): 由于目标计算机积极拒绝，无法连接。
   at System.Net.Sockets.Socket.AwaitableSocketAsyncEventArgs.System.Threading.Tasks.Sources.IValueTaskSource.GetResult(Int16 token)
   at System.Net.Sockets.Socket.<ConnectAsync>g__WaitForConnectWithCancellation|285_0(AwaitableSocketAsyncEventArgs saea, ValueTask connectTask, CancellationToken cancellationToken)
   at Grpc.Net.Client.Balancer.Internal.SocketConnectivitySubchannelTransport.TryConnectAsync(ConnectContext context, Int32 attempt)
   --- End of inner exception stack trace ---
   at Grpc.Net.Client.Balancer.Internal.ConnectionManager.PickAsync(PickContext context, Boolean waitForReady, CancellationToken cancellationToken)
   at Grpc.Net.Client.Balancer.Internal.BalancerHttpHandler.SendAsync(HttpRequestMessage request, CancellationToken cancellationToken)
   at Grpc.Net.Client.Internal.GrpcCall`2.RunCall(HttpRequestMessage request, Nullable`1 timeout)
   at Grpc.Net.Client.Internal.GrpcCall`2.GetResponseHeadersCoreAsync()
   at SkyApm.Transport.Grpc.V8.ServiceRegister.<>c__DisplayClass9_0.<<ReportInstancePropertiesAsync>b__0>d.MoveNext()
--- End of stack trace from previous location ---
   at SkyApm.Transport.Grpc.Common.Call.Execute[T](Func`1 task, Func`1 errCallback, Func`1 errMessage)
2026-02-03 10:29:50.080 +08:00 [grpcservice] [Warning] SkyApm.Transport.Grpc.ConnectionManager : Connection state changed. Status(StatusCode="Unavailable", Detail="Error connecting to subchannel.", DebugException="System.Net.Sockets.SocketException: 由于目标计算机积极拒绝，无法连接。")
2026-02-03 10:29:56.209 +08:00 [grpcservice] [Information] SkyApm.Transport.Grpc.ConnectionManager : Shutdown connection[127.0.0.1:11800].
2026-02-03 10:29:56.209 +08:00 [grpcservice] [Information] SkyApm.Transport.Grpc.ConnectionManager : Connected server[127.0.0.1:11800].
2026-02-03 10:30:20.076 +08:00 [grpcservice] [Error] SkyApm.Transport.Grpc.V8.ServiceRegister : Report service instance properties fail.
Grpc.Core.RpcException: Status(StatusCode="Unavailable", Detail="Error connecting to subchannel.", DebugException="System.Net.Sockets.SocketException: 由于目标计算机积极拒绝，无法连接。")
 ---> System.Net.Sockets.SocketException (10061): 由于目标计算机积极拒绝，无法连接。
   at System.Net.Sockets.Socket.AwaitableSocketAsyncEventArgs.System.Threading.Tasks.Sources.IValueTaskSource.GetResult(Int16 token)
   at System.Net.Sockets.Socket.<ConnectAsync>g__WaitForConnectWithCancellation|285_0(AwaitableSocketAsyncEventArgs saea, ValueTask connectTask, CancellationToken cancellationToken)
   at Grpc.Net.Client.Balancer.Internal.SocketConnectivitySubchannelTransport.TryConnectAsync(ConnectContext context, Int32 attempt)
   --- End of inner exception stack trace ---
   at Grpc.Net.Client.Balancer.Internal.ConnectionManager.PickAsync(PickContext context, Boolean waitForReady, CancellationToken cancellationToken)
   at Grpc.Net.Client.Balancer.Internal.BalancerHttpHandler.SendAsync(HttpRequestMessage request, CancellationToken cancellationToken)
   at Grpc.Net.Client.Internal.GrpcCall`2.RunCall(HttpRequestMessage request, Nullable`1 timeout)
   at Grpc.Net.Client.Internal.GrpcCall`2.GetResponseHeadersCoreAsync()
   at SkyApm.Transport.Grpc.V8.ServiceRegister.<>c__DisplayClass9_0.<<ReportInstancePropertiesAsync>b__0>d.MoveNext()
--- End of stack trace from previous location ---
   at SkyApm.Transport.Grpc.Common.Call.Execute[T](Func`1 task, Func`1 errCallback, Func`1 errMessage)
2026-02-03 10:30:20.077 +08:00 [grpcservice] [Warning] SkyApm.Transport.Grpc.ConnectionManager : Connection state changed. Status(StatusCode="Unavailable", Detail="Error connecting to subchannel.", DebugException="System.Net.Sockets.SocketException: 由于目标计算机积极拒绝，无法连接。")
2026-02-03 10:30:26.210 +08:00 [grpcservice] [Information] SkyApm.Transport.Grpc.ConnectionManager : Shutdown connection[127.0.0.1:11800].
2026-02-03 10:30:26.210 +08:00 [grpcservice] [Information] SkyApm.Transport.Grpc.ConnectionManager : Connected server[127.0.0.1:11800].
2026-02-03 10:30:50.082 +08:00 [grpcservice] [Error] SkyApm.Transport.Grpc.V8.ServiceRegister : Report service instance properties fail.
Grpc.Core.RpcException: Status(StatusCode="Unavailable", Detail="Error connecting to subchannel.", DebugException="System.Net.Sockets.SocketException: 由于目标计算机积极拒绝，无法连接。")
 ---> System.Net.Sockets.SocketException (10061): 由于目标计算机积极拒绝，无法连接。
   at System.Net.Sockets.Socket.AwaitableSocketAsyncEventArgs.System.Threading.Tasks.Sources.IValueTaskSource.GetResult(Int16 token)
   at System.Net.Sockets.Socket.<ConnectAsync>g__WaitForConnectWithCancellation|285_0(AwaitableSocketAsyncEventArgs saea, ValueTask connectTask, CancellationToken cancellationToken)
   at Grpc.Net.Client.Balancer.Internal.SocketConnectivitySubchannelTransport.TryConnectAsync(ConnectContext context, Int32 attempt)
   --- End of inner exception stack trace ---
   at Grpc.Net.Client.Balancer.Internal.ConnectionManager.PickAsync(PickContext context, Boolean waitForReady, CancellationToken cancellationToken)
   at Grpc.Net.Client.Balancer.Internal.BalancerHttpHandler.SendAsync(HttpRequestMessage request, CancellationToken cancellationToken)
   at Grpc.Net.Client.Internal.GrpcCall`2.RunCall(HttpRequestMessage request, Nullable`1 timeout)
   at Grpc.Net.Client.Internal.GrpcCall`2.GetResponseHeadersCoreAsync()
   at SkyApm.Transport.Grpc.V8.ServiceRegister.<>c__DisplayClass9_0.<<ReportInstancePropertiesAsync>b__0>d.MoveNext()
--- End of stack trace from previous location ---
   at SkyApm.Transport.Grpc.Common.Call.Execute[T](Func`1 task, Func`1 errCallback, Func`1 errMessage)
2026-02-03 10:30:50.082 +08:00 [grpcservice] [Warning] SkyApm.Transport.Grpc.ConnectionManager : Connection state changed. Status(StatusCode="Unavailable", Detail="Error connecting to subchannel.", DebugException="System.Net.Sockets.SocketException: 由于目标计算机积极拒绝，无法连接。")
2026-02-03 10:30:56.215 +08:00 [grpcservice] [Information] SkyApm.Transport.Grpc.ConnectionManager : Shutdown connection[127.0.0.1:11800].
2026-02-03 10:30:56.216 +08:00 [grpcservice] [Information] SkyApm.Transport.Grpc.ConnectionManager : Connected server[127.0.0.1:11800].
2026-02-03 10:31:20.078 +08:00 [grpcservice] [Error] SkyApm.Transport.Grpc.V8.ServiceRegister : Report service instance properties fail.
Grpc.Core.RpcException: Status(StatusCode="Unavailable", Detail="Error connecting to subchannel.", DebugException="System.Net.Sockets.SocketException: 由于目标计算机积极拒绝，无法连接。")
 ---> System.Net.Sockets.SocketException (10061): 由于目标计算机积极拒绝，无法连接。
   at System.Net.Sockets.Socket.AwaitableSocketAsyncEventArgs.System.Threading.Tasks.Sources.IValueTaskSource.GetResult(Int16 token)
   at System.Net.Sockets.Socket.<ConnectAsync>g__WaitForConnectWithCancellation|285_0(AwaitableSocketAsyncEventArgs saea, ValueTask connectTask, CancellationToken cancellationToken)
   at Grpc.Net.Client.Balancer.Internal.SocketConnectivitySubchannelTransport.TryConnectAsync(ConnectContext context, Int32 attempt)
   --- End of inner exception stack trace ---
   at Grpc.Net.Client.Balancer.Internal.ConnectionManager.PickAsync(PickContext context, Boolean waitForReady, CancellationToken cancellationToken)
   at Grpc.Net.Client.Balancer.Internal.BalancerHttpHandler.SendAsync(HttpRequestMessage request, CancellationToken cancellationToken)
   at Grpc.Net.Client.Internal.GrpcCall`2.RunCall(HttpRequestMessage request, Nullable`1 timeout)
   at Grpc.Net.Client.Internal.GrpcCall`2.GetResponseHeadersCoreAsync()
   at SkyApm.Transport.Grpc.V8.ServiceRegister.<>c__DisplayClass9_0.<<ReportInstancePropertiesAsync>b__0>d.MoveNext()
--- End of stack trace from previous location ---
   at SkyApm.Transport.Grpc.Common.Call.Execute[T](Func`1 task, Func`1 errCallback, Func`1 errMessage)
2026-02-03 10:31:20.079 +08:00 [grpcservice] [Warning] SkyApm.Transport.Grpc.ConnectionManager : Connection state changed. Status(StatusCode="Unavailable", Detail="Error connecting to subchannel.", DebugException="System.Net.Sockets.SocketException: 由于目标计算机积极拒绝，无法连接。")
2026-02-03 10:31:26.206 +08:00 [grpcservice] [Information] SkyApm.Transport.Grpc.ConnectionManager : Shutdown connection[127.0.0.1:11800].
2026-02-03 10:31:26.207 +08:00 [grpcservice] [Information] SkyApm.Transport.Grpc.ConnectionManager : Connected server[127.0.0.1:11800].
2026-02-03 10:31:50.055 +08:00 [grpcservice] [Error] SkyApm.Transport.Grpc.V8.ServiceRegister : Report service instance properties fail.
Grpc.Core.RpcException: Status(StatusCode="Unavailable", Detail="Error connecting to subchannel.", DebugException="System.Net.Sockets.SocketException: 由于目标计算机积极拒绝，无法连接。")
 ---> System.Net.Sockets.SocketException (10061): 由于目标计算机积极拒绝，无法连接。
   at System.Net.Sockets.Socket.AwaitableSocketAsyncEventArgs.System.Threading.Tasks.Sources.IValueTaskSource.GetResult(Int16 token)
   at System.Net.Sockets.Socket.<ConnectAsync>g__WaitForConnectWithCancellation|285_0(AwaitableSocketAsyncEventArgs saea, ValueTask connectTask, CancellationToken cancellationToken)
   at Grpc.Net.Client.Balancer.Internal.SocketConnectivitySubchannelTransport.TryConnectAsync(ConnectContext context, Int32 attempt)
   --- End of inner exception stack trace ---
   at Grpc.Net.Client.Balancer.Internal.ConnectionManager.PickAsync(PickContext context, Boolean waitForReady, CancellationToken cancellationToken)
   at Grpc.Net.Client.Balancer.Internal.BalancerHttpHandler.SendAsync(HttpRequestMessage request, CancellationToken cancellationToken)
   at Grpc.Net.Client.Internal.GrpcCall`2.RunCall(HttpRequestMessage request, Nullable`1 timeout)
   at Grpc.Net.Client.Internal.GrpcCall`2.GetResponseHeadersCoreAsync()
   at SkyApm.Transport.Grpc.V8.ServiceRegister.<>c__DisplayClass9_0.<<ReportInstancePropertiesAsync>b__0>d.MoveNext()
--- End of stack trace from previous location ---
   at SkyApm.Transport.Grpc.Common.Call.Execute[T](Func`1 task, Func`1 errCallback, Func`1 errMessage)
2026-02-03 10:31:50.055 +08:00 [grpcservice] [Warning] SkyApm.Transport.Grpc.ConnectionManager : Connection state changed. Status(StatusCode="Unavailable", Detail="Error connecting to subchannel.", DebugException="System.Net.Sockets.SocketException: 由于目标计算机积极拒绝，无法连接。")
2026-02-03 10:31:56.217 +08:00 [grpcservice] [Information] SkyApm.Transport.Grpc.ConnectionManager : Shutdown connection[127.0.0.1:11800].
2026-02-03 10:31:56.218 +08:00 [grpcservice] [Information] SkyApm.Transport.Grpc.ConnectionManager : Connected server[127.0.0.1:11800].
2026-02-03 10:32:20.063 +08:00 [grpcservice] [Error] SkyApm.Transport.Grpc.V8.ServiceRegister : Report service instance properties fail.
Grpc.Core.RpcException: Status(StatusCode="Unavailable", Detail="Error connecting to subchannel.", DebugException="System.Net.Sockets.SocketException: 由于目标计算机积极拒绝，无法连接。")
 ---> System.Net.Sockets.SocketException (10061): 由于目标计算机积极拒绝，无法连接。
   at System.Net.Sockets.Socket.AwaitableSocketAsyncEventArgs.System.Threading.Tasks.Sources.IValueTaskSource.GetResult(Int16 token)
   at System.Net.Sockets.Socket.<ConnectAsync>g__WaitForConnectWithCancellation|285_0(AwaitableSocketAsyncEventArgs saea, ValueTask connectTask, CancellationToken cancellationToken)
   at Grpc.Net.Client.Balancer.Internal.SocketConnectivitySubchannelTransport.TryConnectAsync(ConnectContext context, Int32 attempt)
   --- End of inner exception stack trace ---
   at Grpc.Net.Client.Balancer.Internal.ConnectionManager.PickAsync(PickContext context, Boolean waitForReady, CancellationToken cancellationToken)
   at Grpc.Net.Client.Balancer.Internal.BalancerHttpHandler.SendAsync(HttpRequestMessage request, CancellationToken cancellationToken)
   at Grpc.Net.Client.Internal.GrpcCall`2.RunCall(HttpRequestMessage request, Nullable`1 timeout)
   at Grpc.Net.Client.Internal.GrpcCall`2.GetResponseHeadersCoreAsync()
   at SkyApm.Transport.Grpc.V8.ServiceRegister.<>c__DisplayClass9_0.<<ReportInstancePropertiesAsync>b__0>d.MoveNext()
--- End of stack trace from previous location ---
   at SkyApm.Transport.Grpc.Common.Call.Execute[T](Func`1 task, Func`1 errCallback, Func`1 errMessage)
2026-02-03 10:32:20.063 +08:00 [grpcservice] [Warning] SkyApm.Transport.Grpc.ConnectionManager : Connection state changed. Status(StatusCode="Unavailable", Detail="Error connecting to subchannel.", DebugException="System.Net.Sockets.SocketException: 由于目标计算机积极拒绝，无法连接。")
2026-02-03 10:32:26.213 +08:00 [grpcservice] [Information] SkyApm.Transport.Grpc.ConnectionManager : Shutdown connection[127.0.0.1:11800].
2026-02-03 10:32:26.213 +08:00 [grpcservice] [Information] SkyApm.Transport.Grpc.ConnectionManager : Connected server[127.0.0.1:11800].
2026-02-03 10:32:50.064 +08:00 [grpcservice] [Error] SkyApm.Transport.Grpc.V8.ServiceRegister : Report service instance properties fail.
Grpc.Core.RpcException: Status(StatusCode="Unavailable", Detail="Error connecting to subchannel.", DebugException="System.Net.Sockets.SocketException: 由于目标计算机积极拒绝，无法连接。")
 ---> System.Net.Sockets.SocketException (10061): 由于目标计算机积极拒绝，无法连接。
   at System.Net.Sockets.Socket.AwaitableSocketAsyncEventArgs.System.Threading.Tasks.Sources.IValueTaskSource.GetResult(Int16 token)
   at System.Net.Sockets.Socket.<ConnectAsync>g__WaitForConnectWithCancellation|285_0(AwaitableSocketAsyncEventArgs saea, ValueTask connectTask, CancellationToken cancellationToken)
   at Grpc.Net.Client.Balancer.Internal.SocketConnectivitySubchannelTransport.TryConnectAsync(ConnectContext context, Int32 attempt)
   --- End of inner exception stack trace ---
   at Grpc.Net.Client.Balancer.Internal.ConnectionManager.PickAsync(PickContext context, Boolean waitForReady, CancellationToken cancellationToken)
   at Grpc.Net.Client.Balancer.Internal.BalancerHttpHandler.SendAsync(HttpRequestMessage request, CancellationToken cancellationToken)
   at Grpc.Net.Client.Internal.GrpcCall`2.RunCall(HttpRequestMessage request, Nullable`1 timeout)
   at Grpc.Net.Client.Internal.GrpcCall`2.GetResponseHeadersCoreAsync()
   at SkyApm.Transport.Grpc.V8.ServiceRegister.<>c__DisplayClass9_0.<<ReportInstancePropertiesAsync>b__0>d.MoveNext()
--- End of stack trace from previous location ---
   at SkyApm.Transport.Grpc.Common.Call.Execute[T](Func`1 task, Func`1 errCallback, Func`1 errMessage)
2026-02-03 10:32:50.064 +08:00 [grpcservice] [Warning] SkyApm.Transport.Grpc.ConnectionManager : Connection state changed. Status(StatusCode="Unavailable", Detail="Error connecting to subchannel.", DebugException="System.Net.Sockets.SocketException: 由于目标计算机积极拒绝，无法连接。")
2026-02-03 10:32:56.209 +08:00 [grpcservice] [Information] SkyApm.Transport.Grpc.ConnectionManager : Shutdown connection[127.0.0.1:11800].
2026-02-03 10:32:56.210 +08:00 [grpcservice] [Information] SkyApm.Transport.Grpc.ConnectionManager : Connected server[127.0.0.1:11800].
2026-02-03 10:33:20.058 +08:00 [grpcservice] [Error] SkyApm.Transport.Grpc.V8.ServiceRegister : Report service instance properties fail.
Grpc.Core.RpcException: Status(StatusCode="Unavailable", Detail="Error connecting to subchannel.", DebugException="System.Net.Sockets.SocketException: 由于目标计算机积极拒绝，无法连接。")
 ---> System.Net.Sockets.SocketException (10061): 由于目标计算机积极拒绝，无法连接。
   at System.Net.Sockets.Socket.AwaitableSocketAsyncEventArgs.System.Threading.Tasks.Sources.IValueTaskSource.GetResult(Int16 token)
   at System.Net.Sockets.Socket.<ConnectAsync>g__WaitForConnectWithCancellation|285_0(AwaitableSocketAsyncEventArgs saea, ValueTask connectTask, CancellationToken cancellationToken)
   at Grpc.Net.Client.Balancer.Internal.SocketConnectivitySubchannelTransport.TryConnectAsync(ConnectContext context, Int32 attempt)
   --- End of inner exception stack trace ---
   at Grpc.Net.Client.Balancer.Internal.ConnectionManager.PickAsync(PickContext context, Boolean waitForReady, CancellationToken cancellationToken)
   at Grpc.Net.Client.Balancer.Internal.BalancerHttpHandler.SendAsync(HttpRequestMessage request, CancellationToken cancellationToken)
   at Grpc.Net.Client.Internal.GrpcCall`2.RunCall(HttpRequestMessage request, Nullable`1 timeout)
   at Grpc.Net.Client.Internal.GrpcCall`2.GetResponseHeadersCoreAsync()
   at SkyApm.Transport.Grpc.V8.ServiceRegister.<>c__DisplayClass9_0.<<ReportInstancePropertiesAsync>b__0>d.MoveNext()
--- End of stack trace from previous location ---
   at SkyApm.Transport.Grpc.Common.Call.Execute[T](Func`1 task, Func`1 errCallback, Func`1 errMessage)
2026-02-03 10:33:20.058 +08:00 [grpcservice] [Warning] SkyApm.Transport.Grpc.ConnectionManager : Connection state changed. Status(StatusCode="Unavailable", Detail="Error connecting to subchannel.", DebugException="System.Net.Sockets.SocketException: 由于目标计算机积极拒绝，无法连接。")
2026-02-03 10:33:26.212 +08:00 [grpcservice] [Information] SkyApm.Transport.Grpc.ConnectionManager : Shutdown connection[127.0.0.1:11800].
2026-02-03 10:33:26.212 +08:00 [grpcservice] [Information] SkyApm.Transport.Grpc.ConnectionManager : Connected server[127.0.0.1:11800].
2026-02-03 10:33:50.073 +08:00 [grpcservice] [Error] SkyApm.Transport.Grpc.V8.ServiceRegister : Report service instance properties fail.
Grpc.Core.RpcException: Status(StatusCode="Unavailable", Detail="Error connecting to subchannel.", DebugException="System.Net.Sockets.SocketException: 由于目标计算机积极拒绝，无法连接。")
 ---> System.Net.Sockets.SocketException (10061): 由于目标计算机积极拒绝，无法连接。
   at System.Net.Sockets.Socket.AwaitableSocketAsyncEventArgs.System.Threading.Tasks.Sources.IValueTaskSource.GetResult(Int16 token)
   at System.Net.Sockets.Socket.<ConnectAsync>g__WaitForConnectWithCancellation|285_0(AwaitableSocketAsyncEventArgs saea, ValueTask connectTask, CancellationToken cancellationToken)
   at Grpc.Net.Client.Balancer.Internal.SocketConnectivitySubchannelTransport.TryConnectAsync(ConnectContext context, Int32 attempt)
   --- End of inner exception stack trace ---
   at Grpc.Net.Client.Balancer.Internal.ConnectionManager.PickAsync(PickContext context, Boolean waitForReady, CancellationToken cancellationToken)
   at Grpc.Net.Client.Balancer.Internal.BalancerHttpHandler.SendAsync(HttpRequestMessage request, CancellationToken cancellationToken)
   at Grpc.Net.Client.Internal.GrpcCall`2.RunCall(HttpRequestMessage request, Nullable`1 timeout)
   at Grpc.Net.Client.Internal.GrpcCall`2.GetResponseHeadersCoreAsync()
   at SkyApm.Transport.Grpc.V8.ServiceRegister.<>c__DisplayClass9_0.<<ReportInstancePropertiesAsync>b__0>d.MoveNext()
--- End of stack trace from previous location ---
   at SkyApm.Transport.Grpc.Common.Call.Execute[T](Func`1 task, Func`1 errCallback, Func`1 errMessage)
2026-02-03 10:33:50.073 +08:00 [grpcservice] [Warning] SkyApm.Transport.Grpc.ConnectionManager : Connection state changed. Status(StatusCode="Unavailable", Detail="Error connecting to subchannel.", DebugException="System.Net.Sockets.SocketException: 由于目标计算机积极拒绝，无法连接。")
2026-02-03 10:33:56.209 +08:00 [grpcservice] [Information] SkyApm.Transport.Grpc.ConnectionManager : Shutdown connection[127.0.0.1:11800].
2026-02-03 10:33:56.209 +08:00 [grpcservice] [Information] SkyApm.Transport.Grpc.ConnectionManager : Connected server[127.0.0.1:11800].
2026-02-03 10:34:20.069 +08:00 [grpcservice] [Error] SkyApm.Transport.Grpc.V8.ServiceRegister : Report service instance properties fail.
Grpc.Core.RpcException: Status(StatusCode="Unavailable", Detail="Error connecting to subchannel.", DebugException="System.Net.Sockets.SocketException: 由于目标计算机积极拒绝，无法连接。")
 ---> System.Net.Sockets.SocketException (10061): 由于目标计算机积极拒绝，无法连接。
   at System.Net.Sockets.Socket.AwaitableSocketAsyncEventArgs.System.Threading.Tasks.Sources.IValueTaskSource.GetResult(Int16 token)
   at System.Net.Sockets.Socket.<ConnectAsync>g__WaitForConnectWithCancellation|285_0(AwaitableSocketAsyncEventArgs saea, ValueTask connectTask, CancellationToken cancellationToken)
   at Grpc.Net.Client.Balancer.Internal.SocketConnectivitySubchannelTransport.TryConnectAsync(ConnectContext context, Int32 attempt)
   --- End of inner exception stack trace ---
   at Grpc.Net.Client.Balancer.Internal.ConnectionManager.PickAsync(PickContext context, Boolean waitForReady, CancellationToken cancellationToken)
   at Grpc.Net.Client.Balancer.Internal.BalancerHttpHandler.SendAsync(HttpRequestMessage request, CancellationToken cancellationToken)
   at Grpc.Net.Client.Internal.GrpcCall`2.RunCall(HttpRequestMessage request, Nullable`1 timeout)
   at Grpc.Net.Client.Internal.GrpcCall`2.GetResponseHeadersCoreAsync()
   at SkyApm.Transport.Grpc.V8.ServiceRegister.<>c__DisplayClass9_0.<<ReportInstancePropertiesAsync>b__0>d.MoveNext()
--- End of stack trace from previous location ---
   at SkyApm.Transport.Grpc.Common.Call.Execute[T](Func`1 task, Func`1 errCallback, Func`1 errMessage)
2026-02-03 10:34:20.069 +08:00 [grpcservice] [Warning] SkyApm.Transport.Grpc.ConnectionManager : Connection state changed. Status(StatusCode="Unavailable", Detail="Error connecting to subchannel.", DebugException="System.Net.Sockets.SocketException: 由于目标计算机积极拒绝，无法连接。")
2026-02-03 10:34:26.209 +08:00 [grpcservice] [Information] SkyApm.Transport.Grpc.ConnectionManager : Shutdown connection[127.0.0.1:11800].
2026-02-03 10:34:26.210 +08:00 [grpcservice] [Information] SkyApm.Transport.Grpc.ConnectionManager : Connected server[127.0.0.1:11800].
2026-02-03 10:34:50.061 +08:00 [grpcservice] [Error] SkyApm.Transport.Grpc.V8.ServiceRegister : Report service instance properties fail.
Grpc.Core.RpcException: Status(StatusCode="Unavailable", Detail="Error connecting to subchannel.", DebugException="System.Net.Sockets.SocketException: 由于目标计算机积极拒绝，无法连接。")
 ---> System.Net.Sockets.SocketException (10061): 由于目标计算机积极拒绝，无法连接。
   at System.Net.Sockets.Socket.AwaitableSocketAsyncEventArgs.System.Threading.Tasks.Sources.IValueTaskSource.GetResult(Int16 token)
   at System.Net.Sockets.Socket.<ConnectAsync>g__WaitForConnectWithCancellation|285_0(AwaitableSocketAsyncEventArgs saea, ValueTask connectTask, CancellationToken cancellationToken)
   at Grpc.Net.Client.Balancer.Internal.SocketConnectivitySubchannelTransport.TryConnectAsync(ConnectContext context, Int32 attempt)
   --- End of inner exception stack trace ---
   at Grpc.Net.Client.Balancer.Internal.ConnectionManager.PickAsync(PickContext context, Boolean waitForReady, CancellationToken cancellationToken)
   at Grpc.Net.Client.Balancer.Internal.BalancerHttpHandler.SendAsync(HttpRequestMessage request, CancellationToken cancellationToken)
   at Grpc.Net.Client.Internal.GrpcCall`2.RunCall(HttpRequestMessage request, Nullable`1 timeout)
   at Grpc.Net.Client.Internal.GrpcCall`2.GetResponseHeadersCoreAsync()
   at SkyApm.Transport.Grpc.V8.ServiceRegister.<>c__DisplayClass9_0.<<ReportInstancePropertiesAsync>b__0>d.MoveNext()
--- End of stack trace from previous location ---
   at SkyApm.Transport.Grpc.Common.Call.Execute[T](Func`1 task, Func`1 errCallback, Func`1 errMessage)
2026-02-03 10:34:50.061 +08:00 [grpcservice] [Warning] SkyApm.Transport.Grpc.ConnectionManager : Connection state changed. Status(StatusCode="Unavailable", Detail="Error connecting to subchannel.", DebugException="System.Net.Sockets.SocketException: 由于目标计算机积极拒绝，无法连接。")
2026-02-03 10:34:56.222 +08:00 [grpcservice] [Information] SkyApm.Transport.Grpc.ConnectionManager : Shutdown connection[127.0.0.1:11800].
2026-02-03 10:34:56.222 +08:00 [grpcservice] [Information] SkyApm.Transport.Grpc.ConnectionManager : Connected server[127.0.0.1:11800].
2026-02-03 10:35:20.062 +08:00 [grpcservice] [Error] SkyApm.Transport.Grpc.V8.ServiceRegister : Report service instance properties fail.
Grpc.Core.RpcException: Status(StatusCode="Unavailable", Detail="Error connecting to subchannel.", DebugException="System.Net.Sockets.SocketException: 由于目标计算机积极拒绝，无法连接。")
 ---> System.Net.Sockets.SocketException (10061): 由于目标计算机积极拒绝，无法连接。
   at System.Net.Sockets.Socket.AwaitableSocketAsyncEventArgs.System.Threading.Tasks.Sources.IValueTaskSource.GetResult(Int16 token)
   at System.Net.Sockets.Socket.<ConnectAsync>g__WaitForConnectWithCancellation|285_0(AwaitableSocketAsyncEventArgs saea, ValueTask connectTask, CancellationToken cancellationToken)
   at Grpc.Net.Client.Balancer.Internal.SocketConnectivitySubchannelTransport.TryConnectAsync(ConnectContext context, Int32 attempt)
   --- End of inner exception stack trace ---
   at Grpc.Net.Client.Balancer.Internal.ConnectionManager.PickAsync(PickContext context, Boolean waitForReady, CancellationToken cancellationToken)
   at Grpc.Net.Client.Balancer.Internal.BalancerHttpHandler.SendAsync(HttpRequestMessage request, CancellationToken cancellationToken)
   at Grpc.Net.Client.Internal.GrpcCall`2.RunCall(HttpRequestMessage request, Nullable`1 timeout)
   at Grpc.Net.Client.Internal.GrpcCall`2.GetResponseHeadersCoreAsync()
   at SkyApm.Transport.Grpc.V8.ServiceRegister.<>c__DisplayClass9_0.<<ReportInstancePropertiesAsync>b__0>d.MoveNext()
--- End of stack trace from previous location ---
   at SkyApm.Transport.Grpc.Common.Call.Execute[T](Func`1 task, Func`1 errCallback, Func`1 errMessage)
2026-02-03 10:35:20.062 +08:00 [grpcservice] [Warning] SkyApm.Transport.Grpc.ConnectionManager : Connection state changed. Status(StatusCode="Unavailable", Detail="Error connecting to subchannel.", DebugException="System.Net.Sockets.SocketException: 由于目标计算机积极拒绝，无法连接。")
2026-02-03 10:35:26.217 +08:00 [grpcservice] [Information] SkyApm.Transport.Grpc.ConnectionManager : Shutdown connection[127.0.0.1:11800].
2026-02-03 10:35:26.217 +08:00 [grpcservice] [Information] SkyApm.Transport.Grpc.ConnectionManager : Connected server[127.0.0.1:11800].
2026-02-03 10:35:50.069 +08:00 [grpcservice] [Error] SkyApm.Transport.Grpc.V8.ServiceRegister : Report service instance properties fail.
Grpc.Core.RpcException: Status(StatusCode="Unavailable", Detail="Error connecting to subchannel.", DebugException="System.Net.Sockets.SocketException: 由于目标计算机积极拒绝，无法连接。")
 ---> System.Net.Sockets.SocketException (10061): 由于目标计算机积极拒绝，无法连接。
   at System.Net.Sockets.Socket.AwaitableSocketAsyncEventArgs.System.Threading.Tasks.Sources.IValueTaskSource.GetResult(Int16 token)
   at System.Net.Sockets.Socket.<ConnectAsync>g__WaitForConnectWithCancellation|285_0(AwaitableSocketAsyncEventArgs saea, ValueTask connectTask, CancellationToken cancellationToken)
   at Grpc.Net.Client.Balancer.Internal.SocketConnectivitySubchannelTransport.TryConnectAsync(ConnectContext context, Int32 attempt)
   --- End of inner exception stack trace ---
   at Grpc.Net.Client.Balancer.Internal.ConnectionManager.PickAsync(PickContext context, Boolean waitForReady, CancellationToken cancellationToken)
   at Grpc.Net.Client.Balancer.Internal.BalancerHttpHandler.SendAsync(HttpRequestMessage request, CancellationToken cancellationToken)
   at Grpc.Net.Client.Internal.GrpcCall`2.RunCall(HttpRequestMessage request, Nullable`1 timeout)
   at Grpc.Net.Client.Internal.GrpcCall`2.GetResponseHeadersCoreAsync()
   at SkyApm.Transport.Grpc.V8.ServiceRegister.<>c__DisplayClass9_0.<<ReportInstancePropertiesAsync>b__0>d.MoveNext()
--- End of stack trace from previous location ---
   at SkyApm.Transport.Grpc.Common.Call.Execute[T](Func`1 task, Func`1 errCallback, Func`1 errMessage)
2026-02-03 10:35:50.069 +08:00 [grpcservice] [Warning] SkyApm.Transport.Grpc.ConnectionManager : Connection state changed. Status(StatusCode="Unavailable", Detail="Error connecting to subchannel.", DebugException="System.Net.Sockets.SocketException: 由于目标计算机积极拒绝，无法连接。")
2026-02-03 10:35:56.218 +08:00 [grpcservice] [Information] SkyApm.Transport.Grpc.ConnectionManager : Shutdown connection[127.0.0.1:11800].
2026-02-03 10:35:56.218 +08:00 [grpcservice] [Information] SkyApm.Transport.Grpc.ConnectionManager : Connected server[127.0.0.1:11800].
2026-02-03 10:36:20.080 +08:00 [grpcservice] [Error] SkyApm.Transport.Grpc.V8.ServiceRegister : Report service instance properties fail.
Grpc.Core.RpcException: Status(StatusCode="Unavailable", Detail="Error connecting to subchannel.", DebugException="System.Net.Sockets.SocketException: 由于目标计算机积极拒绝，无法连接。")
 ---> System.Net.Sockets.SocketException (10061): 由于目标计算机积极拒绝，无法连接。
   at System.Net.Sockets.Socket.AwaitableSocketAsyncEventArgs.System.Threading.Tasks.Sources.IValueTaskSource.GetResult(Int16 token)
   at System.Net.Sockets.Socket.<ConnectAsync>g__WaitForConnectWithCancellation|285_0(AwaitableSocketAsyncEventArgs saea, ValueTask connectTask, CancellationToken cancellationToken)
   at Grpc.Net.Client.Balancer.Internal.SocketConnectivitySubchannelTransport.TryConnectAsync(ConnectContext context, Int32 attempt)
   --- End of inner exception stack trace ---
   at Grpc.Net.Client.Balancer.Internal.ConnectionManager.PickAsync(PickContext context, Boolean waitForReady, CancellationToken cancellationToken)
   at Grpc.Net.Client.Balancer.Internal.BalancerHttpHandler.SendAsync(HttpRequestMessage request, CancellationToken cancellationToken)
   at Grpc.Net.Client.Internal.GrpcCall`2.RunCall(HttpRequestMessage request, Nullable`1 timeout)
   at Grpc.Net.Client.Internal.GrpcCall`2.GetResponseHeadersCoreAsync()
   at SkyApm.Transport.Grpc.V8.ServiceRegister.<>c__DisplayClass9_0.<<ReportInstancePropertiesAsync>b__0>d.MoveNext()
--- End of stack trace from previous location ---
   at SkyApm.Transport.Grpc.Common.Call.Execute[T](Func`1 task, Func`1 errCallback, Func`1 errMessage)
2026-02-03 10:36:20.080 +08:00 [grpcservice] [Warning] SkyApm.Transport.Grpc.ConnectionManager : Connection state changed. Status(StatusCode="Unavailable", Detail="Error connecting to subchannel.", DebugException="System.Net.Sockets.SocketException: 由于目标计算机积极拒绝，无法连接。")
2026-02-03 10:36:26.221 +08:00 [grpcservice] [Information] SkyApm.Transport.Grpc.ConnectionManager : Shutdown connection[127.0.0.1:11800].
2026-02-03 10:36:26.221 +08:00 [grpcservice] [Information] SkyApm.Transport.Grpc.ConnectionManager : Connected server[127.0.0.1:11800].
2026-02-03 10:36:50.054 +08:00 [grpcservice] [Error] SkyApm.Transport.Grpc.V8.ServiceRegister : Report service instance properties fail.
Grpc.Core.RpcException: Status(StatusCode="Unavailable", Detail="Error connecting to subchannel.", DebugException="System.Net.Sockets.SocketException: 由于目标计算机积极拒绝，无法连接。")
 ---> System.Net.Sockets.SocketException (10061): 由于目标计算机积极拒绝，无法连接。
   at System.Net.Sockets.Socket.AwaitableSocketAsyncEventArgs.System.Threading.Tasks.Sources.IValueTaskSource.GetResult(Int16 token)
   at System.Net.Sockets.Socket.<ConnectAsync>g__WaitForConnectWithCancellation|285_0(AwaitableSocketAsyncEventArgs saea, ValueTask connectTask, CancellationToken cancellationToken)
   at Grpc.Net.Client.Balancer.Internal.SocketConnectivitySubchannelTransport.TryConnectAsync(ConnectContext context, Int32 attempt)
   --- End of inner exception stack trace ---
   at Grpc.Net.Client.Balancer.Internal.ConnectionManager.PickAsync(PickContext context, Boolean waitForReady, CancellationToken cancellationToken)
   at Grpc.Net.Client.Balancer.Internal.BalancerHttpHandler.SendAsync(HttpRequestMessage request, CancellationToken cancellationToken)
   at Grpc.Net.Client.Internal.GrpcCall`2.RunCall(HttpRequestMessage request, Nullable`1 timeout)
   at Grpc.Net.Client.Internal.GrpcCall`2.GetResponseHeadersCoreAsync()
   at SkyApm.Transport.Grpc.V8.ServiceRegister.<>c__DisplayClass9_0.<<ReportInstancePropertiesAsync>b__0>d.MoveNext()
--- End of stack trace from previous location ---
   at SkyApm.Transport.Grpc.Common.Call.Execute[T](Func`1 task, Func`1 errCallback, Func`1 errMessage)
2026-02-03 10:36:50.055 +08:00 [grpcservice] [Warning] SkyApm.Transport.Grpc.ConnectionManager : Connection state changed. Status(StatusCode="Unavailable", Detail="Error connecting to subchannel.", DebugException="System.Net.Sockets.SocketException: 由于目标计算机积极拒绝，无法连接。")
2026-02-03 10:36:56.222 +08:00 [grpcservice] [Information] SkyApm.Transport.Grpc.ConnectionManager : Shutdown connection[127.0.0.1:11800].
2026-02-03 10:36:56.223 +08:00 [grpcservice] [Information] SkyApm.Transport.Grpc.ConnectionManager : Connected server[127.0.0.1:11800].
2026-02-03 10:37:20.062 +08:00 [grpcservice] [Error] SkyApm.Transport.Grpc.V8.ServiceRegister : Report service instance properties fail.
Grpc.Core.RpcException: Status(StatusCode="Unavailable", Detail="Error connecting to subchannel.", DebugException="System.Net.Sockets.SocketException: 由于目标计算机积极拒绝，无法连接。")
 ---> System.Net.Sockets.SocketException (10061): 由于目标计算机积极拒绝，无法连接。
   at System.Net.Sockets.Socket.AwaitableSocketAsyncEventArgs.System.Threading.Tasks.Sources.IValueTaskSource.GetResult(Int16 token)
   at System.Net.Sockets.Socket.<ConnectAsync>g__WaitForConnectWithCancellation|285_0(AwaitableSocketAsyncEventArgs saea, ValueTask connectTask, CancellationToken cancellationToken)
   at Grpc.Net.Client.Balancer.Internal.SocketConnectivitySubchannelTransport.TryConnectAsync(ConnectContext context, Int32 attempt)
   --- End of inner exception stack trace ---
   at Grpc.Net.Client.Balancer.Internal.ConnectionManager.PickAsync(PickContext context, Boolean waitForReady, CancellationToken cancellationToken)
   at Grpc.Net.Client.Balancer.Internal.BalancerHttpHandler.SendAsync(HttpRequestMessage request, CancellationToken cancellationToken)
   at Grpc.Net.Client.Internal.GrpcCall`2.RunCall(HttpRequestMessage request, Nullable`1 timeout)
   at Grpc.Net.Client.Internal.GrpcCall`2.GetResponseHeadersCoreAsync()
   at SkyApm.Transport.Grpc.V8.ServiceRegister.<>c__DisplayClass9_0.<<ReportInstancePropertiesAsync>b__0>d.MoveNext()
--- End of stack trace from previous location ---
   at SkyApm.Transport.Grpc.Common.Call.Execute[T](Func`1 task, Func`1 errCallback, Func`1 errMessage)
2026-02-03 10:37:20.062 +08:00 [grpcservice] [Warning] SkyApm.Transport.Grpc.ConnectionManager : Connection state changed. Status(StatusCode="Unavailable", Detail="Error connecting to subchannel.", DebugException="System.Net.Sockets.SocketException: 由于目标计算机积极拒绝，无法连接。")
2026-02-03 10:37:26.208 +08:00 [grpcservice] [Information] SkyApm.Transport.Grpc.ConnectionManager : Shutdown connection[127.0.0.1:11800].
2026-02-03 10:37:26.208 +08:00 [grpcservice] [Information] SkyApm.Transport.Grpc.ConnectionManager : Connected server[127.0.0.1:11800].
2026-02-03 10:37:50.078 +08:00 [grpcservice] [Error] SkyApm.Transport.Grpc.V8.ServiceRegister : Report service instance properties fail.
Grpc.Core.RpcException: Status(StatusCode="Unavailable", Detail="Error connecting to subchannel.", DebugException="System.Net.Sockets.SocketException: 由于目标计算机积极拒绝，无法连接。")
 ---> System.Net.Sockets.SocketException (10061): 由于目标计算机积极拒绝，无法连接。
   at System.Net.Sockets.Socket.AwaitableSocketAsyncEventArgs.System.Threading.Tasks.Sources.IValueTaskSource.GetResult(Int16 token)
   at System.Net.Sockets.Socket.<ConnectAsync>g__WaitForConnectWithCancellation|285_0(AwaitableSocketAsyncEventArgs saea, ValueTask connectTask, CancellationToken cancellationToken)
   at Grpc.Net.Client.Balancer.Internal.SocketConnectivitySubchannelTransport.TryConnectAsync(ConnectContext context, Int32 attempt)
   --- End of inner exception stack trace ---
   at Grpc.Net.Client.Balancer.Internal.ConnectionManager.PickAsync(PickContext context, Boolean waitForReady, CancellationToken cancellationToken)
   at Grpc.Net.Client.Balancer.Internal.BalancerHttpHandler.SendAsync(HttpRequestMessage request, CancellationToken cancellationToken)
   at Grpc.Net.Client.Internal.GrpcCall`2.RunCall(HttpRequestMessage request, Nullable`1 timeout)
   at Grpc.Net.Client.Internal.GrpcCall`2.GetResponseHeadersCoreAsync()
   at SkyApm.Transport.Grpc.V8.ServiceRegister.<>c__DisplayClass9_0.<<ReportInstancePropertiesAsync>b__0>d.MoveNext()
--- End of stack trace from previous location ---
   at SkyApm.Transport.Grpc.Common.Call.Execute[T](Func`1 task, Func`1 errCallback, Func`1 errMessage)
2026-02-03 10:37:50.078 +08:00 [grpcservice] [Warning] SkyApm.Transport.Grpc.ConnectionManager : Connection state changed. Status(StatusCode="Unavailable", Detail="Error connecting to subchannel.", DebugException="System.Net.Sockets.SocketException: 由于目标计算机积极拒绝，无法连接。")
2026-02-03 10:37:56.211 +08:00 [grpcservice] [Information] SkyApm.Transport.Grpc.ConnectionManager : Shutdown connection[127.0.0.1:11800].
2026-02-03 10:37:56.211 +08:00 [grpcservice] [Information] SkyApm.Transport.Grpc.ConnectionManager : Connected server[127.0.0.1:11800].
2026-02-03 10:38:20.065 +08:00 [grpcservice] [Error] SkyApm.Transport.Grpc.V8.ServiceRegister : Report service instance properties fail.
Grpc.Core.RpcException: Status(StatusCode="Unavailable", Detail="Error connecting to subchannel.", DebugException="System.Net.Sockets.SocketException: 由于目标计算机积极拒绝，无法连接。")
 ---> System.Net.Sockets.SocketException (10061): 由于目标计算机积极拒绝，无法连接。
   at System.Net.Sockets.Socket.AwaitableSocketAsyncEventArgs.System.Threading.Tasks.Sources.IValueTaskSource.GetResult(Int16 token)
   at System.Net.Sockets.Socket.<ConnectAsync>g__WaitForConnectWithCancellation|285_0(AwaitableSocketAsyncEventArgs saea, ValueTask connectTask, CancellationToken cancellationToken)
   at Grpc.Net.Client.Balancer.Internal.SocketConnectivitySubchannelTransport.TryConnectAsync(ConnectContext context, Int32 attempt)
   --- End of inner exception stack trace ---
   at Grpc.Net.Client.Balancer.Internal.ConnectionManager.PickAsync(PickContext context, Boolean waitForReady, CancellationToken cancellationToken)
   at Grpc.Net.Client.Balancer.Internal.BalancerHttpHandler.SendAsync(HttpRequestMessage request, CancellationToken cancellationToken)
   at Grpc.Net.Client.Internal.GrpcCall`2.RunCall(HttpRequestMessage request, Nullable`1 timeout)
   at Grpc.Net.Client.Internal.GrpcCall`2.GetResponseHeadersCoreAsync()
   at SkyApm.Transport.Grpc.V8.ServiceRegister.<>c__DisplayClass9_0.<<ReportInstancePropertiesAsync>b__0>d.MoveNext()
--- End of stack trace from previous location ---
   at SkyApm.Transport.Grpc.Common.Call.Execute[T](Func`1 task, Func`1 errCallback, Func`1 errMessage)
2026-02-03 10:38:20.065 +08:00 [grpcservice] [Warning] SkyApm.Transport.Grpc.ConnectionManager : Connection state changed. Status(StatusCode="Unavailable", Detail="Error connecting to subchannel.", DebugException="System.Net.Sockets.SocketException: 由于目标计算机积极拒绝，无法连接。")
2026-02-03 10:38:26.215 +08:00 [grpcservice] [Information] SkyApm.Transport.Grpc.ConnectionManager : Shutdown connection[127.0.0.1:11800].
2026-02-03 10:38:26.216 +08:00 [grpcservice] [Information] SkyApm.Transport.Grpc.ConnectionManager : Connected server[127.0.0.1:11800].
2026-02-03 10:38:50.071 +08:00 [grpcservice] [Error] SkyApm.Transport.Grpc.V8.ServiceRegister : Report service instance properties fail.
Grpc.Core.RpcException: Status(StatusCode="Unavailable", Detail="Error connecting to subchannel.", DebugException="System.Net.Sockets.SocketException: 由于目标计算机积极拒绝，无法连接。")
 ---> System.Net.Sockets.SocketException (10061): 由于目标计算机积极拒绝，无法连接。
   at System.Net.Sockets.Socket.AwaitableSocketAsyncEventArgs.System.Threading.Tasks.Sources.IValueTaskSource.GetResult(Int16 token)
   at System.Net.Sockets.Socket.<ConnectAsync>g__WaitForConnectWithCancellation|285_0(AwaitableSocketAsyncEventArgs saea, ValueTask connectTask, CancellationToken cancellationToken)
   at Grpc.Net.Client.Balancer.Internal.SocketConnectivitySubchannelTransport.TryConnectAsync(ConnectContext context, Int32 attempt)
   --- End of inner exception stack trace ---
   at Grpc.Net.Client.Balancer.Internal.ConnectionManager.PickAsync(PickContext context, Boolean waitForReady, CancellationToken cancellationToken)
   at Grpc.Net.Client.Balancer.Internal.BalancerHttpHandler.SendAsync(HttpRequestMessage request, CancellationToken cancellationToken)
   at Grpc.Net.Client.Internal.GrpcCall`2.RunCall(HttpRequestMessage request, Nullable`1 timeout)
   at Grpc.Net.Client.Internal.GrpcCall`2.GetResponseHeadersCoreAsync()
   at SkyApm.Transport.Grpc.V8.ServiceRegister.<>c__DisplayClass9_0.<<ReportInstancePropertiesAsync>b__0>d.MoveNext()
--- End of stack trace from previous location ---
   at SkyApm.Transport.Grpc.Common.Call.Execute[T](Func`1 task, Func`1 errCallback, Func`1 errMessage)
2026-02-03 10:38:50.071 +08:00 [grpcservice] [Warning] SkyApm.Transport.Grpc.ConnectionManager : Connection state changed. Status(StatusCode="Unavailable", Detail="Error connecting to subchannel.", DebugException="System.Net.Sockets.SocketException: 由于目标计算机积极拒绝，无法连接。")
2026-02-03 10:38:56.217 +08:00 [grpcservice] [Information] SkyApm.Transport.Grpc.ConnectionManager : Shutdown connection[127.0.0.1:11800].
2026-02-03 10:38:56.218 +08:00 [grpcservice] [Information] SkyApm.Transport.Grpc.ConnectionManager : Connected server[127.0.0.1:11800].
2026-02-03 10:39:20.075 +08:00 [grpcservice] [Error] SkyApm.Transport.Grpc.V8.ServiceRegister : Report service instance properties fail.
Grpc.Core.RpcException: Status(StatusCode="Unavailable", Detail="Error connecting to subchannel.", DebugException="System.Net.Sockets.SocketException: 由于目标计算机积极拒绝，无法连接。")
 ---> System.Net.Sockets.SocketException (10061): 由于目标计算机积极拒绝，无法连接。
   at System.Net.Sockets.Socket.AwaitableSocketAsyncEventArgs.System.Threading.Tasks.Sources.IValueTaskSource.GetResult(Int16 token)
   at System.Net.Sockets.Socket.<ConnectAsync>g__WaitForConnectWithCancellation|285_0(AwaitableSocketAsyncEventArgs saea, ValueTask connectTask, CancellationToken cancellationToken)
   at Grpc.Net.Client.Balancer.Internal.SocketConnectivitySubchannelTransport.TryConnectAsync(ConnectContext context, Int32 attempt)
   --- End of inner exception stack trace ---
   at Grpc.Net.Client.Balancer.Internal.ConnectionManager.PickAsync(PickContext context, Boolean waitForReady, CancellationToken cancellationToken)
   at Grpc.Net.Client.Balancer.Internal.BalancerHttpHandler.SendAsync(HttpRequestMessage request, CancellationToken cancellationToken)
   at Grpc.Net.Client.Internal.GrpcCall`2.RunCall(HttpRequestMessage request, Nullable`1 timeout)
   at Grpc.Net.Client.Internal.GrpcCall`2.GetResponseHeadersCoreAsync()
   at SkyApm.Transport.Grpc.V8.ServiceRegister.<>c__DisplayClass9_0.<<ReportInstancePropertiesAsync>b__0>d.MoveNext()
--- End of stack trace from previous location ---
   at SkyApm.Transport.Grpc.Common.Call.Execute[T](Func`1 task, Func`1 errCallback, Func`1 errMessage)
2026-02-03 10:39:20.075 +08:00 [grpcservice] [Warning] SkyApm.Transport.Grpc.ConnectionManager : Connection state changed. Status(StatusCode="Unavailable", Detail="Error connecting to subchannel.", DebugException="System.Net.Sockets.SocketException: 由于目标计算机积极拒绝，无法连接。")
2026-02-03 10:39:26.211 +08:00 [grpcservice] [Information] SkyApm.Transport.Grpc.ConnectionManager : Shutdown connection[127.0.0.1:11800].
2026-02-03 10:39:26.212 +08:00 [grpcservice] [Information] SkyApm.Transport.Grpc.ConnectionManager : Connected server[127.0.0.1:11800].
2026-02-03 10:39:50.093 +08:00 [grpcservice] [Error] SkyApm.Transport.Grpc.V8.ServiceRegister : Report service instance properties fail.
Grpc.Core.RpcException: Status(StatusCode="Unavailable", Detail="Error connecting to subchannel.", DebugException="System.Net.Sockets.SocketException: 由于目标计算机积极拒绝，无法连接。")
 ---> System.Net.Sockets.SocketException (10061): 由于目标计算机积极拒绝，无法连接。
   at System.Net.Sockets.Socket.AwaitableSocketAsyncEventArgs.System.Threading.Tasks.Sources.IValueTaskSource.GetResult(Int16 token)
   at System.Net.Sockets.Socket.<ConnectAsync>g__WaitForConnectWithCancellation|285_0(AwaitableSocketAsyncEventArgs saea, ValueTask connectTask, CancellationToken cancellationToken)
   at Grpc.Net.Client.Balancer.Internal.SocketConnectivitySubchannelTransport.TryConnectAsync(ConnectContext context, Int32 attempt)
   --- End of inner exception stack trace ---
   at Grpc.Net.Client.Balancer.Internal.ConnectionManager.PickAsync(PickContext context, Boolean waitForReady, CancellationToken cancellationToken)
   at Grpc.Net.Client.Balancer.Internal.BalancerHttpHandler.SendAsync(HttpRequestMessage request, CancellationToken cancellationToken)
   at Grpc.Net.Client.Internal.GrpcCall`2.RunCall(HttpRequestMessage request, Nullable`1 timeout)
   at Grpc.Net.Client.Internal.GrpcCall`2.GetResponseHeadersCoreAsync()
   at SkyApm.Transport.Grpc.V8.ServiceRegister.<>c__DisplayClass9_0.<<ReportInstancePropertiesAsync>b__0>d.MoveNext()
--- End of stack trace from previous location ---
   at SkyApm.Transport.Grpc.Common.Call.Execute[T](Func`1 task, Func`1 errCallback, Func`1 errMessage)
2026-02-03 10:39:50.093 +08:00 [grpcservice] [Warning] SkyApm.Transport.Grpc.ConnectionManager : Connection state changed. Status(StatusCode="Unavailable", Detail="Error connecting to subchannel.", DebugException="System.Net.Sockets.SocketException: 由于目标计算机积极拒绝，无法连接。")
2026-02-03 10:39:56.219 +08:00 [grpcservice] [Information] SkyApm.Transport.Grpc.ConnectionManager : Shutdown connection[127.0.0.1:11800].
2026-02-03 10:39:56.220 +08:00 [grpcservice] [Information] SkyApm.Transport.Grpc.ConnectionManager : Connected server[127.0.0.1:11800].
2026-02-03 10:40:20.082 +08:00 [grpcservice] [Error] SkyApm.Transport.Grpc.V8.ServiceRegister : Report service instance properties fail.
Grpc.Core.RpcException: Status(StatusCode="Unavailable", Detail="Error connecting to subchannel.", DebugException="System.Net.Sockets.SocketException: 由于目标计算机积极拒绝，无法连接。")
 ---> System.Net.Sockets.SocketException (10061): 由于目标计算机积极拒绝，无法连接。
   at System.Net.Sockets.Socket.AwaitableSocketAsyncEventArgs.System.Threading.Tasks.Sources.IValueTaskSource.GetResult(Int16 token)
   at System.Net.Sockets.Socket.<ConnectAsync>g__WaitForConnectWithCancellation|285_0(AwaitableSocketAsyncEventArgs saea, ValueTask connectTask, CancellationToken cancellationToken)
   at Grpc.Net.Client.Balancer.Internal.SocketConnectivitySubchannelTransport.TryConnectAsync(ConnectContext context, Int32 attempt)
   --- End of inner exception stack trace ---
   at Grpc.Net.Client.Balancer.Internal.ConnectionManager.PickAsync(PickContext context, Boolean waitForReady, CancellationToken cancellationToken)
   at Grpc.Net.Client.Balancer.Internal.BalancerHttpHandler.SendAsync(HttpRequestMessage request, CancellationToken cancellationToken)
   at Grpc.Net.Client.Internal.GrpcCall`2.RunCall(HttpRequestMessage request, Nullable`1 timeout)
   at Grpc.Net.Client.Internal.GrpcCall`2.GetResponseHeadersCoreAsync()
   at SkyApm.Transport.Grpc.V8.ServiceRegister.<>c__DisplayClass9_0.<<ReportInstancePropertiesAsync>b__0>d.MoveNext()
--- End of stack trace from previous location ---
   at SkyApm.Transport.Grpc.Common.Call.Execute[T](Func`1 task, Func`1 errCallback, Func`1 errMessage)
2026-02-03 10:40:20.082 +08:00 [grpcservice] [Warning] SkyApm.Transport.Grpc.ConnectionManager : Connection state changed. Status(StatusCode="Unavailable", Detail="Error connecting to subchannel.", DebugException="System.Net.Sockets.SocketException: 由于目标计算机积极拒绝，无法连接。")
2026-02-03 10:40:26.221 +08:00 [grpcservice] [Information] SkyApm.Transport.Grpc.ConnectionManager : Shutdown connection[127.0.0.1:11800].
2026-02-03 10:40:26.221 +08:00 [grpcservice] [Information] SkyApm.Transport.Grpc.ConnectionManager : Connected server[127.0.0.1:11800].
2026-02-03 10:40:50.062 +08:00 [grpcservice] [Error] SkyApm.Transport.Grpc.V8.ServiceRegister : Report service instance properties fail.
Grpc.Core.RpcException: Status(StatusCode="Unavailable", Detail="Error connecting to subchannel.", DebugException="System.Net.Sockets.SocketException: 由于目标计算机积极拒绝，无法连接。")
 ---> System.Net.Sockets.SocketException (10061): 由于目标计算机积极拒绝，无法连接。
   at System.Net.Sockets.Socket.AwaitableSocketAsyncEventArgs.System.Threading.Tasks.Sources.IValueTaskSource.GetResult(Int16 token)
   at System.Net.Sockets.Socket.<ConnectAsync>g__WaitForConnectWithCancellation|285_0(AwaitableSocketAsyncEventArgs saea, ValueTask connectTask, CancellationToken cancellationToken)
   at Grpc.Net.Client.Balancer.Internal.SocketConnectivitySubchannelTransport.TryConnectAsync(ConnectContext context, Int32 attempt)
   --- End of inner exception stack trace ---
   at Grpc.Net.Client.Balancer.Internal.ConnectionManager.PickAsync(PickContext context, Boolean waitForReady, CancellationToken cancellationToken)
   at Grpc.Net.Client.Balancer.Internal.BalancerHttpHandler.SendAsync(HttpRequestMessage request, CancellationToken cancellationToken)
   at Grpc.Net.Client.Internal.GrpcCall`2.RunCall(HttpRequestMessage request, Nullable`1 timeout)
   at Grpc.Net.Client.Internal.GrpcCall`2.GetResponseHeadersCoreAsync()
   at SkyApm.Transport.Grpc.V8.ServiceRegister.<>c__DisplayClass9_0.<<ReportInstancePropertiesAsync>b__0>d.MoveNext()
--- End of stack trace from previous location ---
   at SkyApm.Transport.Grpc.Common.Call.Execute[T](Func`1 task, Func`1 errCallback, Func`1 errMessage)
2026-02-03 10:40:50.062 +08:00 [grpcservice] [Warning] SkyApm.Transport.Grpc.ConnectionManager : Connection state changed. Status(StatusCode="Unavailable", Detail="Error connecting to subchannel.", DebugException="System.Net.Sockets.SocketException: 由于目标计算机积极拒绝，无法连接。")
2026-02-03 10:40:56.214 +08:00 [grpcservice] [Information] SkyApm.Transport.Grpc.ConnectionManager : Shutdown connection[127.0.0.1:11800].
2026-02-03 10:40:56.215 +08:00 [grpcservice] [Information] SkyApm.Transport.Grpc.ConnectionManager : Connected server[127.0.0.1:11800].
2026-02-03 10:41:20.078 +08:00 [grpcservice] [Error] SkyApm.Transport.Grpc.V8.ServiceRegister : Report service instance properties fail.
Grpc.Core.RpcException: Status(StatusCode="Unavailable", Detail="Error connecting to subchannel.", DebugException="System.Net.Sockets.SocketException: 由于目标计算机积极拒绝，无法连接。")
 ---> System.Net.Sockets.SocketException (10061): 由于目标计算机积极拒绝，无法连接。
   at System.Net.Sockets.Socket.AwaitableSocketAsyncEventArgs.System.Threading.Tasks.Sources.IValueTaskSource.GetResult(Int16 token)
   at System.Net.Sockets.Socket.<ConnectAsync>g__WaitForConnectWithCancellation|285_0(AwaitableSocketAsyncEventArgs saea, ValueTask connectTask, CancellationToken cancellationToken)
   at Grpc.Net.Client.Balancer.Internal.SocketConnectivitySubchannelTransport.TryConnectAsync(ConnectContext context, Int32 attempt)
   --- End of inner exception stack trace ---
   at Grpc.Net.Client.Balancer.Internal.ConnectionManager.PickAsync(PickContext context, Boolean waitForReady, CancellationToken cancellationToken)
   at Grpc.Net.Client.Balancer.Internal.BalancerHttpHandler.SendAsync(HttpRequestMessage request, CancellationToken cancellationToken)
   at Grpc.Net.Client.Internal.GrpcCall`2.RunCall(HttpRequestMessage request, Nullable`1 timeout)
   at Grpc.Net.Client.Internal.GrpcCall`2.GetResponseHeadersCoreAsync()
   at SkyApm.Transport.Grpc.V8.ServiceRegister.<>c__DisplayClass9_0.<<ReportInstancePropertiesAsync>b__0>d.MoveNext()
--- End of stack trace from previous location ---
   at SkyApm.Transport.Grpc.Common.Call.Execute[T](Func`1 task, Func`1 errCallback, Func`1 errMessage)
2026-02-03 10:41:20.078 +08:00 [grpcservice] [Warning] SkyApm.Transport.Grpc.ConnectionManager : Connection state changed. Status(StatusCode="Unavailable", Detail="Error connecting to subchannel.", DebugException="System.Net.Sockets.SocketException: 由于目标计算机积极拒绝，无法连接。")
2026-02-03 10:41:26.210 +08:00 [grpcservice] [Information] SkyApm.Transport.Grpc.ConnectionManager : Shutdown connection[127.0.0.1:11800].
2026-02-03 10:41:26.210 +08:00 [grpcservice] [Information] SkyApm.Transport.Grpc.ConnectionManager : Connected server[127.0.0.1:11800].
2026-02-03 10:41:50.078 +08:00 [grpcservice] [Error] SkyApm.Transport.Grpc.V8.ServiceRegister : Report service instance properties fail.
Grpc.Core.RpcException: Status(StatusCode="Unavailable", Detail="Error connecting to subchannel.", DebugException="System.Net.Sockets.SocketException: 由于目标计算机积极拒绝，无法连接。")
 ---> System.Net.Sockets.SocketException (10061): 由于目标计算机积极拒绝，无法连接。
   at System.Net.Sockets.Socket.AwaitableSocketAsyncEventArgs.System.Threading.Tasks.Sources.IValueTaskSource.GetResult(Int16 token)
   at System.Net.Sockets.Socket.<ConnectAsync>g__WaitForConnectWithCancellation|285_0(AwaitableSocketAsyncEventArgs saea, ValueTask connectTask, CancellationToken cancellationToken)
   at Grpc.Net.Client.Balancer.Internal.SocketConnectivitySubchannelTransport.TryConnectAsync(ConnectContext context, Int32 attempt)
   --- End of inner exception stack trace ---
   at Grpc.Net.Client.Balancer.Internal.ConnectionManager.PickAsync(PickContext context, Boolean waitForReady, CancellationToken cancellationToken)
   at Grpc.Net.Client.Balancer.Internal.BalancerHttpHandler.SendAsync(HttpRequestMessage request, CancellationToken cancellationToken)
   at Grpc.Net.Client.Internal.GrpcCall`2.RunCall(HttpRequestMessage request, Nullable`1 timeout)
   at Grpc.Net.Client.Internal.GrpcCall`2.GetResponseHeadersCoreAsync()
   at SkyApm.Transport.Grpc.V8.ServiceRegister.<>c__DisplayClass9_0.<<ReportInstancePropertiesAsync>b__0>d.MoveNext()
--- End of stack trace from previous location ---
   at SkyApm.Transport.Grpc.Common.Call.Execute[T](Func`1 task, Func`1 errCallback, Func`1 errMessage)
2026-02-03 10:41:50.078 +08:00 [grpcservice] [Warning] SkyApm.Transport.Grpc.ConnectionManager : Connection state changed. Status(StatusCode="Unavailable", Detail="Error connecting to subchannel.", DebugException="System.Net.Sockets.SocketException: 由于目标计算机积极拒绝，无法连接。")
2026-02-03 10:41:56.213 +08:00 [grpcservice] [Information] SkyApm.Transport.Grpc.ConnectionManager : Shutdown connection[127.0.0.1:11800].
2026-02-03 10:41:56.213 +08:00 [grpcservice] [Information] SkyApm.Transport.Grpc.ConnectionManager : Connected server[127.0.0.1:11800].
2026-02-03 10:42:20.057 +08:00 [grpcservice] [Error] SkyApm.Transport.Grpc.V8.ServiceRegister : Report service instance properties fail.
Grpc.Core.RpcException: Status(StatusCode="Unavailable", Detail="Error connecting to subchannel.", DebugException="System.Net.Sockets.SocketException: 由于目标计算机积极拒绝，无法连接。")
 ---> System.Net.Sockets.SocketException (10061): 由于目标计算机积极拒绝，无法连接。
   at System.Net.Sockets.Socket.AwaitableSocketAsyncEventArgs.System.Threading.Tasks.Sources.IValueTaskSource.GetResult(Int16 token)
   at System.Net.Sockets.Socket.<ConnectAsync>g__WaitForConnectWithCancellation|285_0(AwaitableSocketAsyncEventArgs saea, ValueTask connectTask, CancellationToken cancellationToken)
   at Grpc.Net.Client.Balancer.Internal.SocketConnectivitySubchannelTransport.TryConnectAsync(ConnectContext context, Int32 attempt)
   --- End of inner exception stack trace ---
   at Grpc.Net.Client.Balancer.Internal.ConnectionManager.PickAsync(PickContext context, Boolean waitForReady, CancellationToken cancellationToken)
   at Grpc.Net.Client.Balancer.Internal.BalancerHttpHandler.SendAsync(HttpRequestMessage request, CancellationToken cancellationToken)
   at Grpc.Net.Client.Internal.GrpcCall`2.RunCall(HttpRequestMessage request, Nullable`1 timeout)
   at Grpc.Net.Client.Internal.GrpcCall`2.GetResponseHeadersCoreAsync()
   at SkyApm.Transport.Grpc.V8.ServiceRegister.<>c__DisplayClass9_0.<<ReportInstancePropertiesAsync>b__0>d.MoveNext()
--- End of stack trace from previous location ---
   at SkyApm.Transport.Grpc.Common.Call.Execute[T](Func`1 task, Func`1 errCallback, Func`1 errMessage)
2026-02-03 10:42:20.057 +08:00 [grpcservice] [Warning] SkyApm.Transport.Grpc.ConnectionManager : Connection state changed. Status(StatusCode="Unavailable", Detail="Error connecting to subchannel.", DebugException="System.Net.Sockets.SocketException: 由于目标计算机积极拒绝，无法连接。")
2026-02-03 10:42:26.211 +08:00 [grpcservice] [Information] SkyApm.Transport.Grpc.ConnectionManager : Shutdown connection[127.0.0.1:11800].
2026-02-03 10:42:26.212 +08:00 [grpcservice] [Information] SkyApm.Transport.Grpc.ConnectionManager : Connected server[127.0.0.1:11800].
2026-02-03 10:42:50.094 +08:00 [grpcservice] [Error] SkyApm.Transport.Grpc.V8.ServiceRegister : Report service instance properties fail.
Grpc.Core.RpcException: Status(StatusCode="Unavailable", Detail="Error connecting to subchannel.", DebugException="System.Net.Sockets.SocketException: 由于目标计算机积极拒绝，无法连接。")
 ---> System.Net.Sockets.SocketException (10061): 由于目标计算机积极拒绝，无法连接。
   at System.Net.Sockets.Socket.AwaitableSocketAsyncEventArgs.System.Threading.Tasks.Sources.IValueTaskSource.GetResult(Int16 token)
   at System.Net.Sockets.Socket.<ConnectAsync>g__WaitForConnectWithCancellation|285_0(AwaitableSocketAsyncEventArgs saea, ValueTask connectTask, CancellationToken cancellationToken)
   at Grpc.Net.Client.Balancer.Internal.SocketConnectivitySubchannelTransport.TryConnectAsync(ConnectContext context, Int32 attempt)
   --- End of inner exception stack trace ---
   at Grpc.Net.Client.Balancer.Internal.ConnectionManager.PickAsync(PickContext context, Boolean waitForReady, CancellationToken cancellationToken)
   at Grpc.Net.Client.Balancer.Internal.BalancerHttpHandler.SendAsync(HttpRequestMessage request, CancellationToken cancellationToken)
   at Grpc.Net.Client.Internal.GrpcCall`2.RunCall(HttpRequestMessage request, Nullable`1 timeout)
   at Grpc.Net.Client.Internal.GrpcCall`2.GetResponseHeadersCoreAsync()
   at SkyApm.Transport.Grpc.V8.ServiceRegister.<>c__DisplayClass9_0.<<ReportInstancePropertiesAsync>b__0>d.MoveNext()
--- End of stack trace from previous location ---
   at SkyApm.Transport.Grpc.Common.Call.Execute[T](Func`1 task, Func`1 errCallback, Func`1 errMessage)
2026-02-03 10:42:50.094 +08:00 [grpcservice] [Warning] SkyApm.Transport.Grpc.ConnectionManager : Connection state changed. Status(StatusCode="Unavailable", Detail="Error connecting to subchannel.", DebugException="System.Net.Sockets.SocketException: 由于目标计算机积极拒绝，无法连接。")
2026-02-03 10:42:56.207 +08:00 [grpcservice] [Information] SkyApm.Transport.Grpc.ConnectionManager : Shutdown connection[127.0.0.1:11800].
2026-02-03 10:42:56.208 +08:00 [grpcservice] [Information] SkyApm.Transport.Grpc.ConnectionManager : Connected server[127.0.0.1:11800].
2026-02-03 10:43:20.080 +08:00 [grpcservice] [Error] SkyApm.Transport.Grpc.V8.ServiceRegister : Report service instance properties fail.
Grpc.Core.RpcException: Status(StatusCode="Unavailable", Detail="Error connecting to subchannel.", DebugException="System.Net.Sockets.SocketException: 由于目标计算机积极拒绝，无法连接。")
 ---> System.Net.Sockets.SocketException (10061): 由于目标计算机积极拒绝，无法连接。
   at System.Net.Sockets.Socket.AwaitableSocketAsyncEventArgs.System.Threading.Tasks.Sources.IValueTaskSource.GetResult(Int16 token)
   at System.Net.Sockets.Socket.<ConnectAsync>g__WaitForConnectWithCancellation|285_0(AwaitableSocketAsyncEventArgs saea, ValueTask connectTask, CancellationToken cancellationToken)
   at Grpc.Net.Client.Balancer.Internal.SocketConnectivitySubchannelTransport.TryConnectAsync(ConnectContext context, Int32 attempt)
   --- End of inner exception stack trace ---
   at Grpc.Net.Client.Balancer.Internal.ConnectionManager.PickAsync(PickContext context, Boolean waitForReady, CancellationToken cancellationToken)
   at Grpc.Net.Client.Balancer.Internal.BalancerHttpHandler.SendAsync(HttpRequestMessage request, CancellationToken cancellationToken)
   at Grpc.Net.Client.Internal.GrpcCall`2.RunCall(HttpRequestMessage request, Nullable`1 timeout)
   at Grpc.Net.Client.Internal.GrpcCall`2.GetResponseHeadersCoreAsync()
   at SkyApm.Transport.Grpc.V8.ServiceRegister.<>c__DisplayClass9_0.<<ReportInstancePropertiesAsync>b__0>d.MoveNext()
--- End of stack trace from previous location ---
   at SkyApm.Transport.Grpc.Common.Call.Execute[T](Func`1 task, Func`1 errCallback, Func`1 errMessage)
2026-02-03 10:43:20.080 +08:00 [grpcservice] [Warning] SkyApm.Transport.Grpc.ConnectionManager : Connection state changed. Status(StatusCode="Unavailable", Detail="Error connecting to subchannel.", DebugException="System.Net.Sockets.SocketException: 由于目标计算机积极拒绝，无法连接。")
2026-02-03 10:43:26.212 +08:00 [grpcservice] [Information] SkyApm.Transport.Grpc.ConnectionManager : Shutdown connection[127.0.0.1:11800].
2026-02-03 10:43:26.212 +08:00 [grpcservice] [Information] SkyApm.Transport.Grpc.ConnectionManager : Connected server[127.0.0.1:11800].
2026-02-03 10:43:50.059 +08:00 [grpcservice] [Error] SkyApm.Transport.Grpc.V8.ServiceRegister : Report service instance properties fail.
Grpc.Core.RpcException: Status(StatusCode="Unavailable", Detail="Error connecting to subchannel.", DebugException="System.Net.Sockets.SocketException: 由于目标计算机积极拒绝，无法连接。")
 ---> System.Net.Sockets.SocketException (10061): 由于目标计算机积极拒绝，无法连接。
   at System.Net.Sockets.Socket.AwaitableSocketAsyncEventArgs.System.Threading.Tasks.Sources.IValueTaskSource.GetResult(Int16 token)
   at System.Net.Sockets.Socket.<ConnectAsync>g__WaitForConnectWithCancellation|285_0(AwaitableSocketAsyncEventArgs saea, ValueTask connectTask, CancellationToken cancellationToken)
   at Grpc.Net.Client.Balancer.Internal.SocketConnectivitySubchannelTransport.TryConnectAsync(ConnectContext context, Int32 attempt)
   --- End of inner exception stack trace ---
   at Grpc.Net.Client.Balancer.Internal.ConnectionManager.PickAsync(PickContext context, Boolean waitForReady, CancellationToken cancellationToken)
   at Grpc.Net.Client.Balancer.Internal.BalancerHttpHandler.SendAsync(HttpRequestMessage request, CancellationToken cancellationToken)
   at Grpc.Net.Client.Internal.GrpcCall`2.RunCall(HttpRequestMessage request, Nullable`1 timeout)
   at Grpc.Net.Client.Internal.GrpcCall`2.GetResponseHeadersCoreAsync()
   at SkyApm.Transport.Grpc.V8.ServiceRegister.<>c__DisplayClass9_0.<<ReportInstancePropertiesAsync>b__0>d.MoveNext()
--- End of stack trace from previous location ---
   at SkyApm.Transport.Grpc.Common.Call.Execute[T](Func`1 task, Func`1 errCallback, Func`1 errMessage)
2026-02-03 10:43:50.059 +08:00 [grpcservice] [Warning] SkyApm.Transport.Grpc.ConnectionManager : Connection state changed. Status(StatusCode="Unavailable", Detail="Error connecting to subchannel.", DebugException="System.Net.Sockets.SocketException: 由于目标计算机积极拒绝，无法连接。")
2026-02-03 10:43:56.206 +08:00 [grpcservice] [Information] SkyApm.Transport.Grpc.ConnectionManager : Shutdown connection[127.0.0.1:11800].
2026-02-03 10:43:56.206 +08:00 [grpcservice] [Information] SkyApm.Transport.Grpc.ConnectionManager : Connected server[127.0.0.1:11800].
2026-02-03 10:44:20.070 +08:00 [grpcservice] [Error] SkyApm.Transport.Grpc.V8.ServiceRegister : Report service instance properties fail.
Grpc.Core.RpcException: Status(StatusCode="Unavailable", Detail="Error connecting to subchannel.", DebugException="System.Net.Sockets.SocketException: 由于目标计算机积极拒绝，无法连接。")
 ---> System.Net.Sockets.SocketException (10061): 由于目标计算机积极拒绝，无法连接。
   at System.Net.Sockets.Socket.AwaitableSocketAsyncEventArgs.System.Threading.Tasks.Sources.IValueTaskSource.GetResult(Int16 token)
   at System.Net.Sockets.Socket.<ConnectAsync>g__WaitForConnectWithCancellation|285_0(AwaitableSocketAsyncEventArgs saea, ValueTask connectTask, CancellationToken cancellationToken)
   at Grpc.Net.Client.Balancer.Internal.SocketConnectivitySubchannelTransport.TryConnectAsync(ConnectContext context, Int32 attempt)
   --- End of inner exception stack trace ---
   at Grpc.Net.Client.Balancer.Internal.ConnectionManager.PickAsync(PickContext context, Boolean waitForReady, CancellationToken cancellationToken)
   at Grpc.Net.Client.Balancer.Internal.BalancerHttpHandler.SendAsync(HttpRequestMessage request, CancellationToken cancellationToken)
   at Grpc.Net.Client.Internal.GrpcCall`2.RunCall(HttpRequestMessage request, Nullable`1 timeout)
   at Grpc.Net.Client.Internal.GrpcCall`2.GetResponseHeadersCoreAsync()
   at SkyApm.Transport.Grpc.V8.ServiceRegister.<>c__DisplayClass9_0.<<ReportInstancePropertiesAsync>b__0>d.MoveNext()
--- End of stack trace from previous location ---
   at SkyApm.Transport.Grpc.Common.Call.Execute[T](Func`1 task, Func`1 errCallback, Func`1 errMessage)
2026-02-03 10:44:20.070 +08:00 [grpcservice] [Warning] SkyApm.Transport.Grpc.ConnectionManager : Connection state changed. Status(StatusCode="Unavailable", Detail="Error connecting to subchannel.", DebugException="System.Net.Sockets.SocketException: 由于目标计算机积极拒绝，无法连接。")
2026-02-03 10:44:26.221 +08:00 [grpcservice] [Information] SkyApm.Transport.Grpc.ConnectionManager : Shutdown connection[127.0.0.1:11800].
2026-02-03 10:44:26.221 +08:00 [grpcservice] [Information] SkyApm.Transport.Grpc.ConnectionManager : Connected server[127.0.0.1:11800].
2026-02-03 10:44:50.068 +08:00 [grpcservice] [Error] SkyApm.Transport.Grpc.V8.ServiceRegister : Report service instance properties fail.
Grpc.Core.RpcException: Status(StatusCode="Unavailable", Detail="Error connecting to subchannel.", DebugException="System.Net.Sockets.SocketException: 由于目标计算机积极拒绝，无法连接。")
 ---> System.Net.Sockets.SocketException (10061): 由于目标计算机积极拒绝，无法连接。
   at System.Net.Sockets.Socket.AwaitableSocketAsyncEventArgs.System.Threading.Tasks.Sources.IValueTaskSource.GetResult(Int16 token)
   at System.Net.Sockets.Socket.<ConnectAsync>g__WaitForConnectWithCancellation|285_0(AwaitableSocketAsyncEventArgs saea, ValueTask connectTask, CancellationToken cancellationToken)
   at Grpc.Net.Client.Balancer.Internal.SocketConnectivitySubchannelTransport.TryConnectAsync(ConnectContext context, Int32 attempt)
   --- End of inner exception stack trace ---
   at Grpc.Net.Client.Balancer.Internal.ConnectionManager.PickAsync(PickContext context, Boolean waitForReady, CancellationToken cancellationToken)
   at Grpc.Net.Client.Balancer.Internal.BalancerHttpHandler.SendAsync(HttpRequestMessage request, CancellationToken cancellationToken)
   at Grpc.Net.Client.Internal.GrpcCall`2.RunCall(HttpRequestMessage request, Nullable`1 timeout)
   at Grpc.Net.Client.Internal.GrpcCall`2.GetResponseHeadersCoreAsync()
   at SkyApm.Transport.Grpc.V8.ServiceRegister.<>c__DisplayClass9_0.<<ReportInstancePropertiesAsync>b__0>d.MoveNext()
--- End of stack trace from previous location ---
   at SkyApm.Transport.Grpc.Common.Call.Execute[T](Func`1 task, Func`1 errCallback, Func`1 errMessage)
2026-02-03 10:44:50.068 +08:00 [grpcservice] [Warning] SkyApm.Transport.Grpc.ConnectionManager : Connection state changed. Status(StatusCode="Unavailable", Detail="Error connecting to subchannel.", DebugException="System.Net.Sockets.SocketException: 由于目标计算机积极拒绝，无法连接。")
2026-02-03 10:44:56.214 +08:00 [grpcservice] [Information] SkyApm.Transport.Grpc.ConnectionManager : Shutdown connection[127.0.0.1:11800].
2026-02-03 10:44:56.214 +08:00 [grpcservice] [Information] SkyApm.Transport.Grpc.ConnectionManager : Connected server[127.0.0.1:11800].
2026-02-03 10:45:20.063 +08:00 [grpcservice] [Error] SkyApm.Transport.Grpc.V8.ServiceRegister : Report service instance properties fail.
Grpc.Core.RpcException: Status(StatusCode="Unavailable", Detail="Error connecting to subchannel.", DebugException="System.Net.Sockets.SocketException: 由于目标计算机积极拒绝，无法连接。")
 ---> System.Net.Sockets.SocketException (10061): 由于目标计算机积极拒绝，无法连接。
   at System.Net.Sockets.Socket.AwaitableSocketAsyncEventArgs.System.Threading.Tasks.Sources.IValueTaskSource.GetResult(Int16 token)
   at System.Net.Sockets.Socket.<ConnectAsync>g__WaitForConnectWithCancellation|285_0(AwaitableSocketAsyncEventArgs saea, ValueTask connectTask, CancellationToken cancellationToken)
   at Grpc.Net.Client.Balancer.Internal.SocketConnectivitySubchannelTransport.TryConnectAsync(ConnectContext context, Int32 attempt)
   --- End of inner exception stack trace ---
   at Grpc.Net.Client.Balancer.Internal.ConnectionManager.PickAsync(PickContext context, Boolean waitForReady, CancellationToken cancellationToken)
   at Grpc.Net.Client.Balancer.Internal.BalancerHttpHandler.SendAsync(HttpRequestMessage request, CancellationToken cancellationToken)
   at Grpc.Net.Client.Internal.GrpcCall`2.RunCall(HttpRequestMessage request, Nullable`1 timeout)
   at Grpc.Net.Client.Internal.GrpcCall`2.GetResponseHeadersCoreAsync()
   at SkyApm.Transport.Grpc.V8.ServiceRegister.<>c__DisplayClass9_0.<<ReportInstancePropertiesAsync>b__0>d.MoveNext()
--- End of stack trace from previous location ---
   at SkyApm.Transport.Grpc.Common.Call.Execute[T](Func`1 task, Func`1 errCallback, Func`1 errMessage)
2026-02-03 10:45:20.064 +08:00 [grpcservice] [Warning] SkyApm.Transport.Grpc.ConnectionManager : Connection state changed. Status(StatusCode="Unavailable", Detail="Error connecting to subchannel.", DebugException="System.Net.Sockets.SocketException: 由于目标计算机积极拒绝，无法连接。")
2026-02-03 10:45:26.218 +08:00 [grpcservice] [Information] SkyApm.Transport.Grpc.ConnectionManager : Shutdown connection[127.0.0.1:11800].
2026-02-03 10:45:26.218 +08:00 [grpcservice] [Information] SkyApm.Transport.Grpc.ConnectionManager : Connected server[127.0.0.1:11800].
2026-02-03 10:45:50.072 +08:00 [grpcservice] [Error] SkyApm.Transport.Grpc.V8.ServiceRegister : Report service instance properties fail.
Grpc.Core.RpcException: Status(StatusCode="Unavailable", Detail="Error connecting to subchannel.", DebugException="System.Net.Sockets.SocketException: 由于目标计算机积极拒绝，无法连接。")
 ---> System.Net.Sockets.SocketException (10061): 由于目标计算机积极拒绝，无法连接。
   at System.Net.Sockets.Socket.AwaitableSocketAsyncEventArgs.System.Threading.Tasks.Sources.IValueTaskSource.GetResult(Int16 token)
   at System.Net.Sockets.Socket.<ConnectAsync>g__WaitForConnectWithCancellation|285_0(AwaitableSocketAsyncEventArgs saea, ValueTask connectTask, CancellationToken cancellationToken)
   at Grpc.Net.Client.Balancer.Internal.SocketConnectivitySubchannelTransport.TryConnectAsync(ConnectContext context, Int32 attempt)
   --- End of inner exception stack trace ---
   at Grpc.Net.Client.Balancer.Internal.ConnectionManager.PickAsync(PickContext context, Boolean waitForReady, CancellationToken cancellationToken)
   at Grpc.Net.Client.Balancer.Internal.BalancerHttpHandler.SendAsync(HttpRequestMessage request, CancellationToken cancellationToken)
   at Grpc.Net.Client.Internal.GrpcCall`2.RunCall(HttpRequestMessage request, Nullable`1 timeout)
   at Grpc.Net.Client.Internal.GrpcCall`2.GetResponseHeadersCoreAsync()
   at SkyApm.Transport.Grpc.V8.ServiceRegister.<>c__DisplayClass9_0.<<ReportInstancePropertiesAsync>b__0>d.MoveNext()
--- End of stack trace from previous location ---
   at SkyApm.Transport.Grpc.Common.Call.Execute[T](Func`1 task, Func`1 errCallback, Func`1 errMessage)
2026-02-03 10:45:50.073 +08:00 [grpcservice] [Warning] SkyApm.Transport.Grpc.ConnectionManager : Connection state changed. Status(StatusCode="Unavailable", Detail="Error connecting to subchannel.", DebugException="System.Net.Sockets.SocketException: 由于目标计算机积极拒绝，无法连接。")
2026-02-03 10:45:56.217 +08:00 [grpcservice] [Information] SkyApm.Transport.Grpc.ConnectionManager : Shutdown connection[127.0.0.1:11800].
2026-02-03 10:45:56.217 +08:00 [grpcservice] [Information] SkyApm.Transport.Grpc.ConnectionManager : Connected server[127.0.0.1:11800].
2026-02-03 10:46:20.066 +08:00 [grpcservice] [Error] SkyApm.Transport.Grpc.V8.ServiceRegister : Report service instance properties fail.
Grpc.Core.RpcException: Status(StatusCode="Unavailable", Detail="Error connecting to subchannel.", DebugException="System.Net.Sockets.SocketException: 由于目标计算机积极拒绝，无法连接。")
 ---> System.Net.Sockets.SocketException (10061): 由于目标计算机积极拒绝，无法连接。
   at System.Net.Sockets.Socket.AwaitableSocketAsyncEventArgs.System.Threading.Tasks.Sources.IValueTaskSource.GetResult(Int16 token)
   at System.Net.Sockets.Socket.<ConnectAsync>g__WaitForConnectWithCancellation|285_0(AwaitableSocketAsyncEventArgs saea, ValueTask connectTask, CancellationToken cancellationToken)
   at Grpc.Net.Client.Balancer.Internal.SocketConnectivitySubchannelTransport.TryConnectAsync(ConnectContext context, Int32 attempt)
   --- End of inner exception stack trace ---
   at Grpc.Net.Client.Balancer.Internal.ConnectionManager.PickAsync(PickContext context, Boolean waitForReady, CancellationToken cancellationToken)
   at Grpc.Net.Client.Balancer.Internal.BalancerHttpHandler.SendAsync(HttpRequestMessage request, CancellationToken cancellationToken)
   at Grpc.Net.Client.Internal.GrpcCall`2.RunCall(HttpRequestMessage request, Nullable`1 timeout)
   at Grpc.Net.Client.Internal.GrpcCall`2.GetResponseHeadersCoreAsync()
   at SkyApm.Transport.Grpc.V8.ServiceRegister.<>c__DisplayClass9_0.<<ReportInstancePropertiesAsync>b__0>d.MoveNext()
--- End of stack trace from previous location ---
   at SkyApm.Transport.Grpc.Common.Call.Execute[T](Func`1 task, Func`1 errCallback, Func`1 errMessage)
2026-02-03 10:46:20.066 +08:00 [grpcservice] [Warning] SkyApm.Transport.Grpc.ConnectionManager : Connection state changed. Status(StatusCode="Unavailable", Detail="Error connecting to subchannel.", DebugException="System.Net.Sockets.SocketException: 由于目标计算机积极拒绝，无法连接。")
2026-02-03 10:46:26.216 +08:00 [grpcservice] [Information] SkyApm.Transport.Grpc.ConnectionManager : Shutdown connection[127.0.0.1:11800].
2026-02-03 10:46:26.217 +08:00 [grpcservice] [Information] SkyApm.Transport.Grpc.ConnectionManager : Connected server[127.0.0.1:11800].
2026-02-03 10:46:50.071 +08:00 [grpcservice] [Error] SkyApm.Transport.Grpc.V8.ServiceRegister : Report service instance properties fail.
Grpc.Core.RpcException: Status(StatusCode="Unavailable", Detail="Error connecting to subchannel.", DebugException="System.Net.Sockets.SocketException: 由于目标计算机积极拒绝，无法连接。")
 ---> System.Net.Sockets.SocketException (10061): 由于目标计算机积极拒绝，无法连接。
   at System.Net.Sockets.Socket.AwaitableSocketAsyncEventArgs.System.Threading.Tasks.Sources.IValueTaskSource.GetResult(Int16 token)
   at System.Net.Sockets.Socket.<ConnectAsync>g__WaitForConnectWithCancellation|285_0(AwaitableSocketAsyncEventArgs saea, ValueTask connectTask, CancellationToken cancellationToken)
   at Grpc.Net.Client.Balancer.Internal.SocketConnectivitySubchannelTransport.TryConnectAsync(ConnectContext context, Int32 attempt)
   --- End of inner exception stack trace ---
   at Grpc.Net.Client.Balancer.Internal.ConnectionManager.PickAsync(PickContext context, Boolean waitForReady, CancellationToken cancellationToken)
   at Grpc.Net.Client.Balancer.Internal.BalancerHttpHandler.SendAsync(HttpRequestMessage request, CancellationToken cancellationToken)
   at Grpc.Net.Client.Internal.GrpcCall`2.RunCall(HttpRequestMessage request, Nullable`1 timeout)
   at Grpc.Net.Client.Internal.GrpcCall`2.GetResponseHeadersCoreAsync()
   at SkyApm.Transport.Grpc.V8.ServiceRegister.<>c__DisplayClass9_0.<<ReportInstancePropertiesAsync>b__0>d.MoveNext()
--- End of stack trace from previous location ---
   at SkyApm.Transport.Grpc.Common.Call.Execute[T](Func`1 task, Func`1 errCallback, Func`1 errMessage)
2026-02-03 10:46:50.071 +08:00 [grpcservice] [Warning] SkyApm.Transport.Grpc.ConnectionManager : Connection state changed. Status(StatusCode="Unavailable", Detail="Error connecting to subchannel.", DebugException="System.Net.Sockets.SocketException: 由于目标计算机积极拒绝，无法连接。")
2026-02-03 10:46:56.215 +08:00 [grpcservice] [Information] SkyApm.Transport.Grpc.ConnectionManager : Shutdown connection[127.0.0.1:11800].
2026-02-03 10:46:56.215 +08:00 [grpcservice] [Information] SkyApm.Transport.Grpc.ConnectionManager : Connected server[127.0.0.1:11800].
2026-02-03 10:47:20.084 +08:00 [grpcservice] [Error] SkyApm.Transport.Grpc.V8.ServiceRegister : Report service instance properties fail.
Grpc.Core.RpcException: Status(StatusCode="Unavailable", Detail="Error connecting to subchannel.", DebugException="System.Net.Sockets.SocketException: 由于目标计算机积极拒绝，无法连接。")
 ---> System.Net.Sockets.SocketException (10061): 由于目标计算机积极拒绝，无法连接。
   at System.Net.Sockets.Socket.AwaitableSocketAsyncEventArgs.System.Threading.Tasks.Sources.IValueTaskSource.GetResult(Int16 token)
   at System.Net.Sockets.Socket.<ConnectAsync>g__WaitForConnectWithCancellation|285_0(AwaitableSocketAsyncEventArgs saea, ValueTask connectTask, CancellationToken cancellationToken)
   at Grpc.Net.Client.Balancer.Internal.SocketConnectivitySubchannelTransport.TryConnectAsync(ConnectContext context, Int32 attempt)
   --- End of inner exception stack trace ---
   at Grpc.Net.Client.Balancer.Internal.ConnectionManager.PickAsync(PickContext context, Boolean waitForReady, CancellationToken cancellationToken)
   at Grpc.Net.Client.Balancer.Internal.BalancerHttpHandler.SendAsync(HttpRequestMessage request, CancellationToken cancellationToken)
   at Grpc.Net.Client.Internal.GrpcCall`2.RunCall(HttpRequestMessage request, Nullable`1 timeout)
   at Grpc.Net.Client.Internal.GrpcCall`2.GetResponseHeadersCoreAsync()
   at SkyApm.Transport.Grpc.V8.ServiceRegister.<>c__DisplayClass9_0.<<ReportInstancePropertiesAsync>b__0>d.MoveNext()
--- End of stack trace from previous location ---
   at SkyApm.Transport.Grpc.Common.Call.Execute[T](Func`1 task, Func`1 errCallback, Func`1 errMessage)
2026-02-03 10:47:20.085 +08:00 [grpcservice] [Warning] SkyApm.Transport.Grpc.ConnectionManager : Connection state changed. Status(StatusCode="Unavailable", Detail="Error connecting to subchannel.", DebugException="System.Net.Sockets.SocketException: 由于目标计算机积极拒绝，无法连接。")
2026-02-03 10:47:26.221 +08:00 [grpcservice] [Information] SkyApm.Transport.Grpc.ConnectionManager : Shutdown connection[127.0.0.1:11800].
2026-02-03 10:47:26.221 +08:00 [grpcservice] [Information] SkyApm.Transport.Grpc.ConnectionManager : Connected server[127.0.0.1:11800].
2026-02-03 10:47:50.081 +08:00 [grpcservice] [Error] SkyApm.Transport.Grpc.V8.ServiceRegister : Report service instance properties fail.
Grpc.Core.RpcException: Status(StatusCode="Unavailable", Detail="Error connecting to subchannel.", DebugException="System.Net.Sockets.SocketException: 由于目标计算机积极拒绝，无法连接。")
 ---> System.Net.Sockets.SocketException (10061): 由于目标计算机积极拒绝，无法连接。
   at System.Net.Sockets.Socket.AwaitableSocketAsyncEventArgs.System.Threading.Tasks.Sources.IValueTaskSource.GetResult(Int16 token)
   at System.Net.Sockets.Socket.<ConnectAsync>g__WaitForConnectWithCancellation|285_0(AwaitableSocketAsyncEventArgs saea, ValueTask connectTask, CancellationToken cancellationToken)
   at Grpc.Net.Client.Balancer.Internal.SocketConnectivitySubchannelTransport.TryConnectAsync(ConnectContext context, Int32 attempt)
   --- End of inner exception stack trace ---
   at Grpc.Net.Client.Balancer.Internal.ConnectionManager.PickAsync(PickContext context, Boolean waitForReady, CancellationToken cancellationToken)
   at Grpc.Net.Client.Balancer.Internal.BalancerHttpHandler.SendAsync(HttpRequestMessage request, CancellationToken cancellationToken)
   at Grpc.Net.Client.Internal.GrpcCall`2.RunCall(HttpRequestMessage request, Nullable`1 timeout)
   at Grpc.Net.Client.Internal.GrpcCall`2.GetResponseHeadersCoreAsync()
   at SkyApm.Transport.Grpc.V8.ServiceRegister.<>c__DisplayClass9_0.<<ReportInstancePropertiesAsync>b__0>d.MoveNext()
--- End of stack trace from previous location ---
   at SkyApm.Transport.Grpc.Common.Call.Execute[T](Func`1 task, Func`1 errCallback, Func`1 errMessage)
2026-02-03 10:47:50.082 +08:00 [grpcservice] [Warning] SkyApm.Transport.Grpc.ConnectionManager : Connection state changed. Status(StatusCode="Unavailable", Detail="Error connecting to subchannel.", DebugException="System.Net.Sockets.SocketException: 由于目标计算机积极拒绝，无法连接。")
2026-02-03 10:47:56.217 +08:00 [grpcservice] [Information] SkyApm.Transport.Grpc.ConnectionManager : Shutdown connection[127.0.0.1:11800].
2026-02-03 10:47:56.217 +08:00 [grpcservice] [Information] SkyApm.Transport.Grpc.ConnectionManager : Connected server[127.0.0.1:11800].
2026-02-03 10:48:20.076 +08:00 [grpcservice] [Error] SkyApm.Transport.Grpc.V8.ServiceRegister : Report service instance properties fail.
Grpc.Core.RpcException: Status(StatusCode="Unavailable", Detail="Error connecting to subchannel.", DebugException="System.Net.Sockets.SocketException: 由于目标计算机积极拒绝，无法连接。")
 ---> System.Net.Sockets.SocketException (10061): 由于目标计算机积极拒绝，无法连接。
   at System.Net.Sockets.Socket.AwaitableSocketAsyncEventArgs.System.Threading.Tasks.Sources.IValueTaskSource.GetResult(Int16 token)
   at System.Net.Sockets.Socket.<ConnectAsync>g__WaitForConnectWithCancellation|285_0(AwaitableSocketAsyncEventArgs saea, ValueTask connectTask, CancellationToken cancellationToken)
   at Grpc.Net.Client.Balancer.Internal.SocketConnectivitySubchannelTransport.TryConnectAsync(ConnectContext context, Int32 attempt)
   --- End of inner exception stack trace ---
   at Grpc.Net.Client.Balancer.Internal.ConnectionManager.PickAsync(PickContext context, Boolean waitForReady, CancellationToken cancellationToken)
   at Grpc.Net.Client.Balancer.Internal.BalancerHttpHandler.SendAsync(HttpRequestMessage request, CancellationToken cancellationToken)
   at Grpc.Net.Client.Internal.GrpcCall`2.RunCall(HttpRequestMessage request, Nullable`1 timeout)
   at Grpc.Net.Client.Internal.GrpcCall`2.GetResponseHeadersCoreAsync()
   at SkyApm.Transport.Grpc.V8.ServiceRegister.<>c__DisplayClass9_0.<<ReportInstancePropertiesAsync>b__0>d.MoveNext()
--- End of stack trace from previous location ---
   at SkyApm.Transport.Grpc.Common.Call.Execute[T](Func`1 task, Func`1 errCallback, Func`1 errMessage)
2026-02-03 10:48:20.077 +08:00 [grpcservice] [Warning] SkyApm.Transport.Grpc.ConnectionManager : Connection state changed. Status(StatusCode="Unavailable", Detail="Error connecting to subchannel.", DebugException="System.Net.Sockets.SocketException: 由于目标计算机积极拒绝，无法连接。")
2026-02-03 10:48:26.217 +08:00 [grpcservice] [Information] SkyApm.Transport.Grpc.ConnectionManager : Shutdown connection[127.0.0.1:11800].
2026-02-03 10:48:26.217 +08:00 [grpcservice] [Information] SkyApm.Transport.Grpc.ConnectionManager : Connected server[127.0.0.1:11800].
2026-02-03 10:52:10.277 +08:00 [grpcservice] [Information] SkyApm.InstrumentStartup : Initializing ...
2026-02-03 10:52:10.348 +08:00 [grpcservice] [Information] SkyApm.Service.RegisterService : Loaded instrument service [SkyApm.Service.RegisterService].
2026-02-03 10:52:10.349 +08:00 [grpcservice] [Information] SkyApm.Service.LogReportService : Loaded instrument service [SkyApm.Service.LogReportService].
2026-02-03 10:52:10.349 +08:00 [grpcservice] [Information] SkyApm.Service.PingService : Loaded instrument service [SkyApm.Service.PingService].
2026-02-03 10:52:10.350 +08:00 [grpcservice] [Information] SkyApm.Service.SegmentReportService : Loaded instrument service [SkyApm.Service.SegmentReportService].
2026-02-03 10:52:10.350 +08:00 [grpcservice] [Information] SkyApm.Service.CLRStatsService : Loaded instrument service [SkyApm.Service.CLRStatsService].
2026-02-03 10:52:10.350 +08:00 [grpcservice] [Information] SkyApm.Sampling.SimpleCountSamplingInterceptor : Loaded instrument service [SkyApm.Sampling.SimpleCountSamplingInterceptor].
2026-02-03 10:52:10.350 +08:00 [grpcservice] [Information] SkyApm.Transport.Grpc.ConnectService : Loaded instrument service [SkyApm.Transport.Grpc.ConnectService].
2026-02-03 10:52:10.403 +08:00 [grpcservice] [Information] SkyApm.Transport.Grpc.ConnectionManager : Connected server[127.0.0.1:11800].
2026-02-03 10:52:10.413 +08:00 [grpcservice] [Information] SkyApm.Diagnostics.TracingDiagnosticProcessorObserver : Loaded diagnostic listener [HttpHandlerDiagnosticListener].
2026-02-03 10:52:10.414 +08:00 [grpcservice] [Information] SkyApm.InstrumentStartup : Started SkyAPM .NET Core Agent.
2026-02-03 10:52:10.945 +08:00 [grpcservice] [Information] SkyApm.Diagnostics.TracingDiagnosticProcessorObserver : Loaded diagnostic listener [Grpc.Net.Client].
2026-02-03 10:52:13.232 +08:00 [grpcservice] [Error] SkyApm.Transport.Grpc.V8.ServiceRegister : Report service instance properties fail.
Grpc.Core.RpcException: Status(StatusCode="Unavailable", Detail="Error connecting to subchannel.", DebugException="System.Net.Sockets.SocketException: 由于目标计算机积极拒绝，无法连接。")
 ---> System.Net.Sockets.SocketException (10061): 由于目标计算机积极拒绝，无法连接。
   at System.Net.Sockets.Socket.AwaitableSocketAsyncEventArgs.ThrowException(SocketError error, CancellationToken cancellationToken)
   at System.Net.Sockets.Socket.AwaitableSocketAsyncEventArgs.System.Threading.Tasks.Sources.IValueTaskSource.GetResult(Int16 token)
   at System.Net.Sockets.Socket.<ConnectAsync>g__WaitForConnectWithCancellation|285_0(AwaitableSocketAsyncEventArgs saea, ValueTask connectTask, CancellationToken cancellationToken)
   at Grpc.Net.Client.Balancer.Internal.SocketConnectivitySubchannelTransport.TryConnectAsync(ConnectContext context, Int32 attempt)
   --- End of inner exception stack trace ---
   at Grpc.Net.Client.Balancer.Internal.ConnectionManager.PickAsync(PickContext context, Boolean waitForReady, CancellationToken cancellationToken)
   at Grpc.Net.Client.Balancer.Internal.BalancerHttpHandler.SendAsync(HttpRequestMessage request, CancellationToken cancellationToken)
   at Grpc.Net.Client.Internal.GrpcCall`2.RunCall(HttpRequestMessage request, Nullable`1 timeout)
   at Grpc.Net.Client.Internal.GrpcCall`2.GetResponseHeadersCoreAsync()
   at SkyApm.Transport.Grpc.V8.ServiceRegister.<>c__DisplayClass9_0.<<ReportInstancePropertiesAsync>b__0>d.MoveNext()
--- End of stack trace from previous location ---
   at SkyApm.Transport.Grpc.Common.Call.Execute[T](Func`1 task, Func`1 errCallback, Func`1 errMessage)
2026-02-03 10:52:13.232 +08:00 [grpcservice] [Warning] SkyApm.Transport.Grpc.ConnectionManager : Connection state changed. Status(StatusCode="Unavailable", Detail="Error connecting to subchannel.", DebugException="System.Net.Sockets.SocketException: 由于目标计算机积极拒绝，无法连接。")
2026-02-03 10:52:25.357 +08:00 [grpcservice] [Information] SkyApm.Transport.Grpc.ConnectionManager : Shutdown connection[127.0.0.1:11800].
2026-02-03 10:52:25.357 +08:00 [grpcservice] [Information] SkyApm.Transport.Grpc.ConnectionManager : Connected server[127.0.0.1:11800].
2026-02-03 10:52:34.971 +08:00 [grpcservice] [Information] SkyApm.Diagnostics.TracingDiagnosticProcessorObserver : Loaded diagnostic listener [Microsoft.EntityFrameworkCore].
2026-02-03 10:52:34.972 +08:00 [grpcservice] [Information] SkyApm.Diagnostics.TracingDiagnosticProcessorObserver : Loaded diagnostic listener [Microsoft.EntityFrameworkCore].
2026-02-03 10:52:34.972 +08:00 [grpcservice] [Information] SkyApm.Diagnostics.TracingDiagnosticProcessorObserver : Loaded diagnostic listener [Microsoft.EntityFrameworkCore].
2026-02-03 10:52:34.972 +08:00 [grpcservice] [Information] SkyApm.Diagnostics.TracingDiagnosticProcessorObserver : Loaded diagnostic listener [Microsoft.EntityFrameworkCore].
2026-02-03 10:52:34.972 +08:00 [grpcservice] [Information] SkyApm.Diagnostics.TracingDiagnosticProcessorObserver : Loaded diagnostic listener [Microsoft.EntityFrameworkCore].
2026-02-03 10:52:34.972 +08:00 [grpcservice] [Information] SkyApm.Diagnostics.TracingDiagnosticProcessorObserver : Loaded diagnostic listener [Microsoft.EntityFrameworkCore].
2026-02-03 10:52:42.411 +08:00 [grpcservice] [Error] SkyApm.Transport.Grpc.V8.ServiceRegister : Report service instance properties fail.
Grpc.Core.RpcException: Status(StatusCode="Unavailable", Detail="Error connecting to subchannel.", DebugException="System.Net.Sockets.SocketException: 由于目标计算机积极拒绝，无法连接。")
 ---> System.Net.Sockets.SocketException (10061): 由于目标计算机积极拒绝，无法连接。
   at System.Net.Sockets.Socket.AwaitableSocketAsyncEventArgs.ThrowException(SocketError error, CancellationToken cancellationToken)
   at System.Net.Sockets.Socket.AwaitableSocketAsyncEventArgs.System.Threading.Tasks.Sources.IValueTaskSource.GetResult(Int16 token)
   at System.Net.Sockets.Socket.<ConnectAsync>g__WaitForConnectWithCancellation|285_0(AwaitableSocketAsyncEventArgs saea, ValueTask connectTask, CancellationToken cancellationToken)
   at Grpc.Net.Client.Balancer.Internal.SocketConnectivitySubchannelTransport.TryConnectAsync(ConnectContext context, Int32 attempt)
   --- End of inner exception stack trace ---
   at Grpc.Net.Client.Balancer.Internal.ConnectionManager.PickAsync(PickContext context, Boolean waitForReady, CancellationToken cancellationToken)
   at Grpc.Net.Client.Balancer.Internal.BalancerHttpHandler.SendAsync(HttpRequestMessage request, CancellationToken cancellationToken)
   at Grpc.Net.Client.Internal.GrpcCall`2.RunCall(HttpRequestMessage request, Nullable`1 timeout)
   at Grpc.Net.Client.Internal.GrpcCall`2.GetResponseHeadersCoreAsync()
   at SkyApm.Transport.Grpc.V8.ServiceRegister.<>c__DisplayClass9_0.<<ReportInstancePropertiesAsync>b__0>d.MoveNext()
--- End of stack trace from previous location ---
   at SkyApm.Transport.Grpc.Common.Call.Execute[T](Func`1 task, Func`1 errCallback, Func`1 errMessage)
2026-02-03 10:52:42.411 +08:00 [grpcservice] [Warning] SkyApm.Transport.Grpc.ConnectionManager : Connection state changed. Status(StatusCode="Unavailable", Detail="Error connecting to subchannel.", DebugException="System.Net.Sockets.SocketException: 由于目标计算机积极拒绝，无法连接。")
2026-02-03 10:52:55.364 +08:00 [grpcservice] [Information] SkyApm.Transport.Grpc.ConnectionManager : Shutdown connection[127.0.0.1:11800].
2026-02-03 10:52:55.364 +08:00 [grpcservice] [Information] SkyApm.Transport.Grpc.ConnectionManager : Connected server[127.0.0.1:11800].
